0.000000000000000000e+00 9.639222166052545671e-01 1.088623705881812640e+02
1.758671226184660430e-02 9.634932829037088364e-01 1.075595799587666335e+02
3.517342452369320860e-02 9.622709649587898317e-01 1.040095295224663090e+02
5.276013678553980596e-02 9.604392673713476603e-01 9.910027128437481281e+01
7.034684904738641720e-02 9.582747253805166121e-01 9.385450215583658462e+01
8.793356130923302150e-02 9.561057171343438910e-01 8.911681957669703991e+01
1.055202735710796119e-01 9.542639072592142835e-01 8.544657667102495680e+01
1.231069858329262301e-01 9.530348234850748446e-01 8.315746182022408561e+01
1.406936980947728344e-01 9.526147581576432932e-01 8.240233281853821268e+01
1.582804103566194109e-01 9.530803470164800340e-01 8.324010897948726040e+01
1.758671226184660430e-01 9.543754089329415935e-01 8.566034466019056026e+01
1.934538348803126473e-01 9.563171726436967557e-01 8.955799845958453886e+01
2.110405471421592238e-01 9.586212197952860281e-01 9.465734072772468721e+01
2.286272594040058559e-01 9.609417458209065233e-01 1.004011713314976930e+02
2.462139716658524602e-01 9.629214831535048980e-01 1.058697346182529202e+02
2.638006839276990645e-01 9.642441765911169416e-01 1.098607866870129897e+02
2.813873961895456688e-01 9.646820584594707482e-01 1.112478948344039082e+02
2.989741084513922731e-01 9.641314018541472519e-01 1.095090264645977385e+02
3.165608207132388219e-01 9.626308413446569290e-01 1.050306196587032588e+02
3.341475329750854817e-01 9.603595171539288655e-01 9.889683288962636709e+01
3.517342452369320860e-01 9.576148992217040634e-01 9.236195796192073715e+01
3.693209574987786903e-01 9.547730066463141485e-01 8.643118747769258903e+01
3.869076697606252946e-01 9.522362726723015980e-01 8.173332314644369490e+01
4.044943820224718434e-01 9.503761683492721879e-01 7.859370810274026553e+01
4.220810942843184477e-01 9.494786188078646605e-01 7.716143930651762162e+01
4.396678065461651075e-01 9.497000679472868967e-01 7.751006869627144624e+01
4.572545188080117118e-01 9.510407554938374863e-01 7.968805818236958771e+01
4.748412310698583161e-01 9.533395063145495563e-01 8.371367986409308060e+01
4.924279433317049204e-01 9.562913856612297314e-01 8.950396821658770818e+01
5.100146555935515247e-01 9.594863510780416993e-01 9.672181940398769484e+01
5.276013678553981290e-01 9.624639951091860102e-01 1.045547866277664042e+02
5.451880801172446223e-01 9.647770706020134535e-01 1.115534244010251257e+02
5.627747923790913376e-01 9.660550816865803858e-01 1.158293287756324048e+02
5.803615046409379419e-01 9.660590213768893708e-01 1.158430078060443833e+02
5.979482169027845462e-01 9.647193772808291268e-01 1.113677043576396528e+02
6.155349291646311505e-01 9.621516704944728104e-01 1.036753359093129916e+02
6.331216414264776438e-01 9.586467523693741333e-01 9.471703267249003488e+01
6.507083536883243591e-01 9.546364706669865363e-01 8.616495510213755438e+01
6.682950659501709634e-01 9.506386919990081896e-01 7.902247515292698665e+01
6.858817782120175677e-01 9.471885934577302102e-01 7.372764972376634773e+01
7.034684904738641720e-01 9.447652219898968751e-01 7.040393829847856466e+01
7.210552027357106653e-01 9.437232638118441264e-01 6.906284778072793529e+01
7.386419149975573806e-01 9.442395950742323851e-01 6.972114768841352372e+01
7.562286272594039849e-01 9.462824878059303835e-01 7.244980960884325327e+01
7.738153395212505892e-01 9.496084917471110387e-01 7.736552795282442219e+01
7.914020517830971935e-01 9.537883497926638032e-01 8.454643145095197099e+01
8.089887640449436867e-01 9.582593205630930422e-01 9.381911813732963878e+01
8.265754763067904021e-01 9.623975384785001808e-01 1.043664330867428731e+02
8.441621885686368953e-01 9.656010874621565598e-01 1.142739948318655934e+02
8.617489008304836107e-01 9.673727406178614929e-01 1.205885811129058709e+02
8.793356130923302150e-01 9.673910869828249437e-01 1.206575610750566767e+02
8.969223253541767082e-01 9.655600720048891361e-01 1.141354998939077916e+02
9.145090376160234236e-01 9.620296494605087290e-01 1.033356762973880052e+02
9.320957498778699168e-01 9.571839290995318716e-01 9.141192523816611981e+01
9.496824621397166322e-01 9.515974348112139491e-01 8.062784552212255562e+01
9.672691744015632365e-01 9.459643320379776954e-01 7.201129241357681110e+01
9.848558866634098408e-01 9.410092091369196554e-01 6.579199457789049177e+01
1.002442598925256334e+00 9.373907244222989821e-01 6.187213474620381248e+01
1.020029311187103049e+00 9.356107756813053511e-01 6.010555839528891653e+01
1.037616023448949543e+00 9.359415739275459556e-01 6.042644628325240319e+01
1.055202735710796258e+00 9.383810590584851230e-01 6.289920620400223328e+01
1.072789447972642973e+00 9.426436537455038511e-01 6.772468360611321714e+01
1.090376160234489245e+00 9.481888104714373267e-01 7.519010057665504121e+01
1.107962872496335960e+00 9.542847522777886393e-01 8.548646093666128820e+01
1.125549584758182675e+00 9.600999393805340620e-01 9.824029513487421639e+01
1.143136297020029168e+00 9.648108121757018596e-01 1.116623237984160397e+02
1.160723009281875884e+00 9.677118513889514384e-01 1.218762594449343339e+02
1.178309721543722377e+00 9.683133305482409803e-01 1.242280006243950652e+02
1.195896433805569092e+00 9.664134199669979219e-01 1.170866454314326290e+02
1.213483146067415586e+00 9.621343704875977565e-01 1.036270461772991496e+02
1.231069858329262301e+00 9.559169655264797560e-01 8.872658464722334770e+01
1.248656570591109016e+00 9.484727247108846182e-01 7.561556457506142692e+01
1.266243282852955288e+00 9.406988249957856096e-01 6.543700722154852656e+01
1.283829995114802003e+00 9.335657071979588384e-01 5.819268370490787845e+01
1.301416707376648718e+00 9.279912284862795735e-01 5.353010716069501029e+01
1.319003419638495433e+00 9.247174749163367125e-01 5.111361632435885838e+01
1.336590131900341927e+00 9.242065952998537171e-01 5.075533810348125030e+01
1.354176844162188420e+00 9.265701169488940181e-01 5.245467105150603970e+01
1.371763556424035135e+00 9.315422896031101407e-01 5.641250688530622170e+01
1.389350268685881629e+00 9.385025041263483914e-01 6.302743269998698850e+01
1.406936980947728344e+00 9.465454357777624006e-01 7.281617248737836690e+01
1.424523693209575059e+00 9.545911281311476593e-01 8.607689548207406460e+01
1.442110405471421331e+00 9.615216632097930427e-01 1.019447879180167291e+02
1.459697117733268046e+00 9.663271503242517602e-01 1.167815019490085149e+02
1.477283829995114761e+00 9.682420723875718727e-01 1.239447348799484416e+02
1.494870542256961254e+00 9.668538045082230026e-01 1.186690730097260342e+02
1.512457254518807970e+00 9.621682829261506420e-01 1.037217479664966930e+02
1.530043966780654463e+00 9.546229675728039599e-01 8.613871238017014775e+01
1.547630679042501178e+00 9.450437842850413217e-01 7.077108536495256885e+01
1.565217391304347672e+00 9.345498679547349363e-01 5.909831097576577008e+01
1.582804103566194387e+00 9.244167920167604136e-01 5.090216219241511197e+01
1.600390815828041102e+00 9.159147041155720759e-01 4.554878851216184188e+01
1.617977528089887373e+00 9.101416277148600686e-01 4.249095987230492000e+01
1.635564240351734089e+00 9.078735578391727845e-01 4.139442976856221179e+01
1.653150952613580804e+00 9.094515779946463763e-01 4.215153513648780859e+01
1.670737664875427519e+00 9.147221052492532367e-01 4.488319306567792211e+01
1.688324377137273791e+00 9.230399572102986339e-01 4.995500506279294939e+01
1.705911089399120506e+00 9.333359958604126039e-01 5.798515057542000761e+01
1.723497801660967221e+00 9.442426536960062400e-01 6.972508361598897864e+01
1.741084513922813715e+00 9.542628080504513832e-01 8.544447448519281352e+01
1.758671226184660430e+00 9.619613059466426419e-01 1.031463862246436918e+02
1.776257938446506923e+00 9.661548158166733957e-01 1.161765964993660987e+02
1.793844650708353416e+00 9.660751348358856960e-01 1.158989885450658903e+02
1.811431362970200132e+00 9.614837617122465874e-01 1.018424826406709371e+02
1.829018075232046847e+00 9.527211929306301785e-01 8.259239588641824525e+01
1.846604787493893340e+00 9.406823677942386386e-01 6.541828875197755622e+01
1.864191499755739834e+00 9.267190102155927756e-01 5.256539164939754727e+01
1.881778212017586771e+00 9.124791249906918367e-01 4.368048867147290792e+01
1.899364924279433264e+00 8.997023766709573156e-01 3.785488726727382414e+01
1.916951636541279536e+00 8.899963877191782169e-01 3.433331603215950878e+01
1.934538348803126473e+00 8.846222747654720608e-01 3.263809785716889422e+01
1.952125061064972966e+00 8.843175068158141139e-01 3.254667628101015708e+01
1.969711773326819682e+00 8.891803591290908804e-01 3.406532937809270578e+01
1.987298485588666175e+00 8.986332231053514308e-01 3.743394708512340685e+01
2.004885197850512668e+00 9.114725677388902936e-01 4.316056525558458645e+01
2.022471910112359605e+00 9.260024872482779390e-01 5.203665372756580609e+01
2.040058622374206099e+00 9.402377828778619717e-01 6.491651668009394882e+01
2.057645334636052592e+00 9.521527976642306657e-01 8.158719736941883127e+01
2.075232046897899085e+00 9.599451125379272476e-01 9.785274993953298406e+01
2.092818759159745579e+00 9.622798786228513590e-01 1.040345852842926604e+02
2.110405471421592516e+00 9.584817401335276044e-01 9.433255069734234155e+01
2.127992183683439009e+00 9.486471021656854852e-01 7.587921221656125681e+01
2.145578895945285947e+00 9.336592808278599831e-01 5.827763481450119798e+01
2.163165608207132440e+00 9.151015075005892729e-01 4.509291221155879725e+01
2.180752320468978489e+00 8.950760546352160008e-01 3.609514705961899494e+01
2.198339032730825426e+00 8.759500279384937471e-01 3.021197027377382938e+01
2.215925744992671920e+00 8.600580361209815283e-01 2.654560657255449030e+01
2.233512457254518857e+00 8.493979464085579245e-01 2.451927855781144316e+01
2.251099169516365350e+00 8.453577790386290758e-01 2.382418306147793174e+01
2.268685881778211844e+00 8.485094366557691670e-01 2.436323949354237328e+01
2.286272594040058337e+00 8.584985804922166119e-01 2.623014357703963739e+01
2.303859306301904830e+00 8.740498454286409480e-01 2.972495363497989018e+01
2.321446018563751768e+00 8.930932304609315864e-01 3.538751986370042601e+01
2.339032730825598261e+00 9.130018952909486618e-01 4.395526271878141245e+01
2.356619443087444754e+00 9.309154927279069680e-01 5.588220696058099435e+01
2.374206155349291691e+00 9.441091209002603346e-01 6.955365060308648140e+01
2.391792867611138185e+00 9.503588990276621296e-01 7.856566191037391889e+01
2.409379579872984678e+00 9.482534549503734977e-01 7.528656412539672260e+01
2.426966292134831171e+00 9.374071775762287118e-01 6.188893281554014436e+01
2.444553004396677665e+00 9.185448016578748875e-01 4.708551129318728101e+01
2.462139716658524602e+00 8.934448180744568591e-01 3.551107463220166238e+01
2.479726428920371095e+00 8.647476341774673614e-01 2.753803062957627645e+01
2.497313141182218033e+00 8.356502433520385242e-01 2.229348228140258925e+01
2.514899853444064526e+00 8.095209199310358095e-01 1.894690235118510202e+01
2.532486565705910575e+00 7.894754112481008335e-01 1.694112791947588192e+01
2.550073277967757512e+00 7.779614470823770223e-01 1.595220225063816777e+01
2.567659990229604006e+00 7.764018228858357018e-01 1.582604652283067992e+01
2.585246702491450943e+00 7.849467845230522212e-01 1.653958638945006854e+01
2.602833414753297436e+00 8.023809176958370815e-01 1.818597286788284251e+01
2.620420127015143930e+00 8.262145742576265661e-01 2.096920084982820853e+01
2.638006839276990867e+00 8.529635220248754646e-01 2.516439497544483572e+01
2.655593551538836916e+00 8.785863411460509420e-01 3.091287347244144357e+01
2.673180263800683854e+00 8.990159863263178508e-01 3.758362258737291484e+01
2.690766976062530347e+00 9.107013107805322916e-01 4.277010982876948475e+01
2.708353688324376840e+00 9.110744512380160032e-01 4.295817013133350315e+01
2.725940400586223777e+00 8.988808178324909637e-01 3.753063705631478086e+01
2.743527112848070271e+00 8.743410362483448051e-01 2.979863133735768344e+01
2.761113825109916764e+00 8.391449666487758030e-01 2.282329631066407316e+01
2.778700537371763257e+00 7.962955726807851020e-01 1.757940914922659559e+01
2.796287249633609751e+00 7.498214305096457810e-01 1.391672371702209965e+01
2.813873961895456688e+00 7.043672832075731360e-01 1.144291186172910457e+01
2.831460674157303181e+00 6.646664730287817902e-01 9.826658543547772240e+00
2.849047386419150119e+00 6.349140939900220770e-01 8.843244775538018132e+00
2.866634098680996612e+00 6.181045438865080399e-01 8.354372887359215127e+00
2.884220810942842661e+00 6.154600828397440715e-01 8.281286860982543629e+00
2.901807523204689598e+00 6.261184264743050454e-01 8.582052610906927725e+00
2.919394235466536092e+00 6.472166329452671008e-01 9.230061394605204583e+00
2.936980947728383029e+00 6.743873706954337521e-01 1.018636535192967330e+01
2.954567659990229522e+00 7.025220508871043990e-01 1.135833372219185655e+01
2.972154372252076016e+00 7.265494127255992529e-01 1.254817846724236574e+01
2.989741084513922509e+00 7.419946128015473263e-01 1.342908701928969073e+01
3.007327796775769002e+00 7.452061652085740784e-01 1.362557558854836337e+01
3.024914509037615939e+00 7.332930557218977352e-01 1.292033736669887922e+01
3.042501221299462433e+00 7.039445181536894136e-01 1.142344174139521051e+01
3.060087933561308926e+00 6.554064555696165195e-01 9.502644650228610601e+00
3.077674645823155863e+00 5.869693191280469513e-01 7.552097030026209801e+00
3.095261358085002357e+00 5.002739119740782225e-01 5.832945009639947997e+00
3.112848070346848850e+00 4.012041232303248384e-01 4.455637966343768852e+00
3.130434782608695343e+00 3.008257963215498765e-01 3.429442267056061588e+00
3.148021494870541837e+00 2.129377156998882581e-01 2.713687663904546632e+00
3.165608207132388774e+00 1.481788432381216936e-01 2.251715552008184407e+00
3.183194919394235267e+00 1.092618739250035415e-01 1.987517431076818442e+00
3.200781631656082205e+00 9.156882859207002290e-02 1.867808721253758630e+00
3.218368343917928698e+00 8.747626800575375450e-02 1.839956543839184278e+00
3.235955056179774747e+00 9.012623476887872409e-02 1.858001554157862056e+00
3.253541768441621684e+00 9.488093453452177417e-02 1.890288227942718891e+00
3.271128480703468178e+00 9.917989338151618484e-02 1.919402851675099386e+00
3.288715192965315115e+00 1.018855894468995438e-01 1.937699709587119568e+00
3.306301905227161608e+00 1.026811187921402857e-01 1.943076256862820816e+00
3.323888617489008102e+00 1.016630244049862020e-01 1.936195285475704297e+00
3.341475329750855039e+00 9.910398735854082652e-02 1.918889282207161262e+00
3.359062042012701088e+00 9.532742885163549007e-02 1.893315094839500334e+00
3.376648754274547581e+00 9.064713290038947657e-02 1.861544005732496343e+00
3.394235466536394519e+00 8.534191684264175182e-02 1.825391067061884920e+00
3.411822178798241012e+00 7.964809873942678420e-02 1.786368878458578280e+00
3.429408891060087949e+00 7.376040394121051447e-02 1.745701376239144897e+00
3.446995603321934443e+00 6.783644561781028426e-02 1.704362984958772476e+00
3.464582315583780492e+00 6.200235334292402561e-02 1.663125482228140051e+00
3.482169027845627429e+00 5.635840687364619683e-02 1.622604313491916583e+00
3.499755740107473923e+00 5.098418673272446522e-02 1.583301067905241499e+00
3.517342452369320860e+00 4.594307116429393462e-02 1.545641275845946350e+00
3.534929164631167353e+00 4.128604540602311135e-02 1.510007646449599950e+00
3.552515876893013846e+00 3.705482127218653887e-02 1.476768803304777444e+00
3.570102589154860784e+00 3.328422512611948353e-02 1.446302581655772634e+00
3.587689301416706833e+00 3.000370501243047189e-02 1.419010839399835300e+00
3.605276013678553770e+00 2.723762057937869144e-02 1.395319277134642766e+00
3.622862725940400264e+00 2.500369850216448489e-02 1.375651223471286988e+00
3.640449438202246757e+00 2.330868622466827564e-02 1.360360554027650881e+00
3.658036150464093694e+00 2.213998215837863909e-02 1.349610537904341490e+00
3.675622862725940188e+00 2.145236173236617430e-02 1.343199662282848150e+00
3.693209574987786681e+00 2.115091278456171162e-02 1.340367986989798199e+00
3.710796287249633174e+00 2.107628778385168405e-02 1.339664945110975669e+00
3.728382999511479667e+00 2.100600748814838298e-02 1.339002082832877916e+00
3.745969711773326605e+00 2.068944525783794619e-02 1.336007214910467589e+00
3.763556424035173542e+00 1.992115185888229320e-02 1.328674499660754238e+00
3.781143136297020035e+00 1.862333109938963532e-02 1.316067544986508020e+00
3.798729848558866529e+00 1.688280343219717913e-02 1.298675776327514519e+00
3.816316560820713022e+00 1.491202514661083868e-02 1.278202215004866638e+00
3.833903273082559071e+00 1.296278645258847409e-02 1.256965022322995340e+00
3.851489985344406453e+00 1.124946391639973509e-02 1.237295353399494591e+00
3.869076697606252946e+00 9.913889418938731310e-03 1.221157340664127844e+00
3.886663409868099439e+00 9.026892599729640851e-03 1.209969074542699863e+00
3.904250122129945932e+00 8.606564239757101900e-03 1.204516452895136203e+00
3.921836834391792426e+00 8.637642636495565518e-03 1.204923176130843210e+00
3.939423546653639363e+00 9.085255925031492791e-03 1.210718157968093456e+00
3.957010258915485856e+00 9.901952200038730695e-03 1.221009436074640631e+00
3.974596971177332350e+00 1.102911611093960499e-02 1.234685806631190763e+00
3.992183683439178843e+00 1.239425994086491324e-02 1.250552959686720422e+00
4.009770395701025336e+00 1.390575372859584845e-02 1.267374876534268946e+00
4.027357107962872718e+00 1.544718581377057046e-02 1.283852510325895979e+00
4.044943820224719211e+00 1.687512748324011824e-02 1.298597732264569427e+00
4.062530532486565704e+00 1.802628462495801248e-02 1.310167741090465965e+00
4.080117244748412197e+00 1.874091424634697495e-02 1.317221772273319047e+00
4.097703957010258691e+00 1.890494328658075956e-02 1.318827804602828113e+00
4.115290669272105184e+00 1.850027011723213641e-02 1.314856873552296079e+00
4.132877381533951677e+00 1.763680002448530029e-02 1.306282675346686295e+00
4.150464093795798171e+00 1.653851935039839585e-02 1.295162946299448503e+00
4.168050806057644664e+00 1.548147858021967430e-02 1.284212161519038276e+00
4.185637518319491157e+00 1.471564215302276213e-02 1.276110520988404273e+00
4.203224230581338539e+00 1.441074827501168110e-02 1.272842919431488751e+00
4.220810942843185032e+00 1.464294762903786511e-02 1.275333687598579235e+00
4.238397655105031525e+00 1.541167629931204305e-02 1.283479796858130184e+00
4.255984367366878018e+00 1.666674843641259909e-02 1.296474282285658752e+00
4.273571079628724512e+00 1.833143758150895808e-02 1.313191402547333908e+00
4.291157791890571893e+00 2.031637330770881544e-02 1.332458121831773701e+00
4.308744504152418386e+00 2.252478384856571036e-02 1.353169821777455262e+00
4.326331216414264880e+00 2.485168826271489870e-02 1.374293568524269427e+00
4.343917928676111373e+00 2.717999753212436975e-02 1.394818300464120364e+00
4.361504640937956978e+00 2.937670760689669106e-02 1.413699229596736551e+00
4.379091353199804360e+00 3.129314354068138404e-02 1.429834523666234647e+00
4.396678065461650853e+00 3.277424642531948096e-02 1.442111542775009303e+00
4.414264777723497346e+00 3.368162849093910699e-02 1.449556145442688626e+00
4.431851489985343839e+00 3.393083331346941761e-02 1.451591004010519104e+00
4.449438202247190333e+00 3.353321152917247000e-02 1.448342293391681634e+00
4.467024914509037714e+00 3.262122200921829113e-02 1.440850444667856056e+00
4.484611626770884207e+00 3.143483429503293042e-02 1.431016015353925530e+00
4.502198339032730701e+00 3.026533497022984576e-02 1.421217664993581264e+00
4.519785051294577194e+00 2.938068700504208736e-02 1.413733044918385362e+00
4.537371763556423687e+00 2.896803440788479900e-02 1.410219282242402672e+00
4.554958475818271069e+00 2.911357282928192167e-02 1.411460221012803551e+00
4.572545188080116674e+00 2.981511307263386840e-02 1.417416616375538174e+00
4.590131900341963167e+00 3.100945680350441699e-02 1.427464396518074219e+00
4.607718612603809660e+00 3.259874158897915070e-02 1.440665040918210904e+00
4.625305324865656154e+00 3.446823882364675323e-02 1.455965274236179496e+00
4.642892037127503535e+00 3.649491343809023458e-02 1.472299182956397390e+00
4.660478749389350028e+00 3.854936040584223955e-02 1.488614310724116097e+00
4.678065461651196522e+00 4.049475262585058855e-02 1.503859324655394625e+00
4.695652173913043015e+00 4.218674146658069057e-02 1.516971031256875380e+00
4.713238886174889508e+00 4.347855730642437300e-02 1.526896044239818062e+00
4.730825598436736890e+00 4.423545354373320526e-02 1.532678713931666437e+00
4.748412310698583383e+00 4.436064082217977544e-02 1.533632897237778625e+00
4.765999022960429876e+00 4.382921048976128053e-02 1.529577944777164245e+00
4.783585735222276369e+00 4.271767873226327977e-02 1.521058894859533606e+00
4.801172447484122863e+00 4.121038173825804229e-02 1.509421004054434912e+00
4.818759159745969356e+00 3.956925216565514158e-02 1.496630221973970887e+00
4.836345872007815849e+00 3.807282802886304690e-02 1.484850479862539485e+00
4.853932584269662343e+00 3.695034777085136335e-02 1.475936167370752061e+00
4.871519296531508836e+00 3.633916038557075123e-02 1.471052639156362307e+00
4.889106008793355329e+00 3.627674851426528069e-02 1.470552739902568185e+00
4.906692721055202711e+00 3.671892728447642001e-02 1.474089583614945242e+00
4.924279433317049204e+00 3.756769117216701703e-02 1.480847443323400681e+00
4.941866145578895697e+00 3.869583131143505134e-02 1.489768793489919974e+00
4.959452857840742190e+00 3.996304848065215798e-02 1.499711282900515474e+00
4.977039570102588684e+00 4.122406770158798528e-02 1.509527134853447583e+00
4.994626282364436065e+00 4.233201508276916020e-02 1.518090765505958561e+00
5.012212994626282558e+00 4.314114960568976587e-02 1.524310615127375090e+00
5.029799706888129052e+00 4.351307551236371918e-02 1.527160275776868747e+00
5.047386419149974657e+00 4.332999895297996729e-02 1.525758285610984810e+00
5.064973131411821150e+00 4.251666055131283345e-02 1.519512633584511496e+00
5.082559843673668531e+00 4.106813437605314615e-02 1.508317402800603668e+00
5.100146555935515025e+00 3.907387366895590658e-02 1.492743390376237711e+00
5.117733268197361518e+00 3.672284384437089072e-02 1.474120860575332648e+00
5.135319980459208011e+00 3.427716767429187655e-02 1.454412177815959550e+00
5.152906692721054505e+00 3.201609267514649027e-02 1.435847133448471480e+00
5.170493404982901886e+00 3.017059488711513332e-02 1.420419181915103746e+00
5.188080117244748379e+00 2.887588931249225610e-02 1.409432653439737892e+00
5.205666829506594873e+00 2.815759280627981240e-02 1.403274922983558826e+00
5.223253541768441366e+00 2.794781580625706197e-02 1.401467784265682637e+00
5.240840254030287859e+00 2.811557851881549969e-02 1.402913310926999557e+00
5.258426966292135241e+00 2.849655262502794051e-02 1.406186458251357463e+00
5.276013678553981734e+00 2.891446822786834792e-02 1.409762085841379964e+00
5.293600390815827339e+00 2.919359525426025101e-02 1.412141756966540207e+00
5.311187103077673832e+00 2.916564976365594933e-02 1.411903812978715145e+00
5.328773815339520326e+00 2.867573802292853330e-02 1.407721431728141459e+00
5.346360527601367707e+00 2.759173365278084697e-02 1.398390957728284034e+00
5.363947239863214200e+00 2.582026462914957174e-02 1.382900835549692342e+00
5.381533952125060694e+00 2.332981458661903193e-02 1.360553280206383997e+00
5.399120664386907187e+00 2.017661678505562953e-02 1.331123012404803685e+00
5.416707376648753680e+00 1.652264218793939032e-02 1.295000329604541811e+00
5.434294088910601062e+00 1.263073966619653390e-02 1.253233128145459174e+00
5.451880801172447555e+00 8.826049161619746106e-03 1.207376523914628130e+00
5.469467513434294048e+00 5.428060298752120441e-03 1.159070305901493070e+00
5.487054225696140541e+00 2.676441135550354251e-03 1.109113582895275174e+00
5.504640937957987035e+00 6.805384026589672130e-04 1.053571796425918139e+00
5.522227650219833528e+00 5.903412721218813212e-04 1.049803963004865892e+00
5.539814362481680021e+00 1.280846032642098641e-03 1.074234593855326381e+00
5.557401074743526515e+00 1.606867779250445091e-03 1.083519450905006565e+00
5.574987787005373008e+00 1.814932241690822958e-03 1.088995428291797740e+00
5.592574499267219501e+00 2.153255115792573199e-03 1.097322430288693917e+00
5.610161211529066883e+00 2.854821944742255355e-03 1.112893000954478628e+00
5.627747923790913376e+00 4.127692618788233840e-03 1.137316428209753649e+00
5.645334636052759869e+00 6.146349521126939948e-03 1.170135727990025076e+00
5.662921348314606362e+00 9.038753903093032713e-03 1.210121466844435334e+00
5.680508060576452856e+00 1.286605266830288460e-02 1.255881538027286526e+00
5.698094772838300237e+00 1.759584363044954317e-02 1.305872422135898159e+00
5.715681485100146730e+00 2.307595307721618805e-02 1.358233920021740593e+00
5.733268197361993224e+00 2.902255916276855890e-02 1.410684404277009696e+00
5.750854909623839717e+00 3.503968132812793068e-02 1.460596294240736892e+00
5.768441621885685322e+00 4.067999174188416389e-02 1.505301265377795517e+00
5.786028334147532703e+00 4.553757751574773194e-02 1.542573340489077127e+00
5.803615046409379197e+00 4.934161267789462235e-02 1.571122785392225607e+00
5.821201758671225690e+00 5.201380102087617419e-02 1.590892873914910188e+00
5.838788470933072183e+00 5.367007273701326908e-02 1.603041470435378812e+00
5.856375183194918677e+00 5.457545374455140264e-02 1.609650667003530211e+00
5.873961895456766058e+00 5.507896043043205431e-02 1.613316923030215788e+00
5.891548607718612551e+00 5.555408193974652187e-02 1.616770554531121729e+00
5.909135319980459045e+00 5.635748582186083516e-02 1.622597642185087174e+00
5.926722032242305538e+00 5.780568344349504978e-02 1.633062211308105027e+00
5.944308744504152031e+00 6.016233811195033365e-02 1.649989827435358825e+00
5.961895456765999413e+00 6.362742034599574992e-02 1.674672005527750862e+00
5.979482169027845018e+00 6.832125478145055497e-02 1.707764569704434576e+00
5.997068881289691511e+00 7.426029137551877490e-02 1.749168915218726195e+00
6.014655593551538004e+00 8.132712081769995216e-02 1.797903654663665751e+00
6.032242305813384498e+00 8.924487590293164740e-02 1.852004396067572056e+00
6.049829018075231879e+00 9.757372026487996786e-02 1.908532151565265345e+00
6.067415730337078372e+00 1.057490335418558858e-01 1.963800576242704654e+00
6.085002442598924866e+00 1.131700423071088368e-01 2.013898081106950677e+00
6.102589154860771359e+00 1.193231298731869949e-01 2.055449388297165836e+00
6.120175867122617852e+00 1.238988394313207814e-01 2.086384838693405186e+00
6.137762579384465234e+00 1.268567040031427229e-01 2.106407605638974445e+00
6.155349291646311727e+00 1.284159230244010796e-01 2.116972214045004019e+00
6.172936003908158220e+00 1.289860121490264133e-01 2.120836738909463559e+00
6.190522716170004713e+00 1.290737013435361014e-01 2.121431258011496013e+00
6.208109428431851207e+00 1.291998822654451817e-01 2.122286788099499333e+00
6.225696140693697700e+00 1.298429768050382849e-01 2.126647888826294519e+00
6.243282852955544193e+00 1.314078284972489685e-01 2.137265616552315617e+00
6.260869565217390686e+00 1.342099121582329135e-01 2.156300192164323892e+00
6.278456277479237180e+00 1.384630724652785860e-01 2.185252358117192539e+00
6.296042989741083673e+00 1.442620387491583556e-01 2.224862028189852570e+00
6.313629702002931054e+00 1.515564910952838795e-01 2.274944190226224183e+00
6.331216414264777548e+00 1.601209393416955507e-01 2.334173242808126325e+00
6.348803126526624041e+00 1.695336480621648101e-01 2.399884019600909912e+00
6.366389838788470534e+00 1.791854913091116830e-01 2.468026107172844874e+00
6.383976551050317028e+00 1.883394987294842171e-01 2.533450221265284075e+00
6.401563263312164409e+00 1.962468655898254588e-01 2.590648743190404169e+00
6.419149975574010902e+00 2.022962683445386212e-01 2.634867224502629224e+00
6.436736687835857396e+00 2.061464584966613001e-01 2.663228712457843539e+00
6.454323400097703001e+00 2.077902560222035233e-01 2.675390705710110506e+00
6.471910112359549494e+00 2.075283651349422442e-01 2.673450881107124921e+00
6.489496824621396875e+00 2.058735268969698884e-01 2.661212488924665109e+00
6.507083536883243369e+00 2.034299059498599072e-01 2.643199904709938597e+00
6.524670249145089862e+00 2.007882024113775143e-01 2.623805280202948786e+00
6.542256961406936355e+00 1.984556596639945325e-01 2.606746506016809128e+00
6.559843673668782849e+00 1.968196598560614519e-01 2.594818114729592562e+00
6.577430385930630230e+00 1.961330745614800752e-01 2.589820886167861325e+00
6.595017098192476723e+00 1.965085343029058795e-01 2.592552983923581245e+00
6.612603810454323217e+00 1.979132585917386944e-01 2.602788465502956505e+00
6.630190522716169710e+00 2.001628199188350554e-01 2.619225594194433793e+00
6.647777234978016203e+00 2.029195267458715479e-01 2.639446576144556911e+00
6.665363947239863585e+00 2.057074378351456123e-01 2.659985974209319703e+00
6.682950659501710078e+00 2.079582493908035401e-01 2.676635466474784231e+00
6.700537371763555683e+00 2.090959213039803866e-01 2.685074117201865729e+00
6.718124084025402176e+00 2.086507879988478420e-01 2.681770485856023623e+00
6.735710796287248670e+00 2.063722148942221946e-01 2.664897108318948327e+00
6.753297508549095163e+00 2.022979223164935447e-01 2.634879371022937455e+00
6.770884220810942544e+00 1.967510594354771325e-01 2.594318582072220991e+00
6.788470933072789038e+00 1.902684149356747012e-01 2.547342613844202575e+00
6.806057645334635531e+00 1.834928127056301428e-01 2.498709216078791151e+00
6.823644357596482024e+00 1.770704307050262327e-01 2.453023023820127158e+00
6.841231069858328517e+00 1.715795671805473710e-01 2.414260643840715925e+00
6.858817782120175899e+00 1.674959416918474497e-01 2.385599545100187235e+00
6.876404494382022392e+00 1.651843521881900534e-01 2.369435593179424870e+00
6.893991206643868885e+00 1.649012797567086519e-01 2.367459084170146166e+00
6.911577918905715379e+00 1.667949265518478830e-01 2.380693158916606933e+00
6.929164631167560984e+00 1.708942783970699431e-01 2.409441221108973519e+00
6.946751343429408365e+00 1.770851963233729676e-01 2.453127621409521453e+00
6.964338055691254858e+00 1.850791685777566919e-01 2.510054547542906356e+00
6.981924767953101352e+00 1.943890230960571286e-01 2.577150130205318579e+00
6.999511480214947845e+00 2.043330469109845837e-01 2.649849034849281804e+00
7.017098192476794338e+00 2.140886194801426834e-01 2.722295287855200474e+00
7.034684904738641720e+00 2.228022666368150995e-01 2.788017609069274094e+00
7.052271617000488213e+00 2.297359343792759467e-01 2.841040577771135389e+00
7.069858329262334706e+00 2.344034969355391906e-01 2.877113709242918205e+00
7.087445041524181200e+00 2.366475088898681856e-01 2.894568527257358248e+00
7.105031753786027693e+00 2.366313981106809572e-01 2.894442948068627786e+00
7.122618466047875074e+00 2.347604715242396223e-01 2.879885480964634148e+00
7.140205178309721568e+00 2.315704805772783870e-01 2.855181688289378350e+00
7.157791890571568061e+00 2.276229593245527039e-01 2.824811981465455535e+00
7.175378602833413666e+00 2.234298493466976010e-01 2.792789784867317326e+00
7.192965315095260159e+00 2.194111062957477265e-01 2.762322022173806957e+00
7.210552027357107541e+00 2.158774261245144932e-01 2.735707051765703834e+00
7.228138739618954034e+00 2.130270681857957260e-01 2.714355336612452874e+00
7.245725451880800527e+00 2.109479913794827244e-01 2.698845531737205317e+00
7.263312164142647021e+00 2.096210460198845438e-01 2.688974517257436858e+00
7.280898876404493514e+00 2.089248904095855064e-01 2.683804498148446793e+00
7.298485588666340895e+00 2.086474054377672749e-01 2.681745390817564800e+00
7.316072300928187389e+00 2.085101383967404576e-01 2.680727130996035878e+00
7.333659013190033882e+00 2.082097936506762947e-01 2.678499940765439735e+00
7.351245725451880375e+00 2.074732468406605967e-01 2.673042725185136970e+00
7.368832437713726868e+00 2.061128476833181122e-01 2.662980372032317966e+00
7.386419149975573362e+00 2.040635115874365746e-01 2.647863656956885858e+00
7.404005862237419855e+00 2.013879120289948366e-01 2.628201143855425137e+00
7.421592574499266348e+00 1.982493753498932032e-01 2.605240810114427319e+00
7.439179286761112841e+00 1.948651012039386565e-01 2.580605625808829462e+00
7.456765999022959335e+00 1.914569673619827550e-01 2.555921950548501353e+00
7.474352711284806716e+00 1.882126872007294505e-01 2.532538237697538275e+00
7.491939423546653209e+00 1.852618367491502271e-01 2.511362543911261902e+00
7.509526135808499703e+00 1.826648229758162101e-01 2.492797311447943365e+00
7.527112848070347084e+00 1.804104080413250488e-01 2.476733911269945576e+00
7.544699560332192689e+00 1.784182219009844417e-01 2.462578771354205553e+00
7.562286272594040071e+00 1.765451405431215648e-01 2.449303224150869873e+00
7.579872984855885676e+00 1.745970578992208089e-01 2.435529619468729035e+00
7.597459697117733057e+00 1.723492915265341097e-01 2.419678633343522289e+00
7.615046409379580439e+00 1.695784509816705699e-01 2.400198474271898696e+00
7.632633121641426044e+00 1.661050080897754355e-01 2.375868269125250176e+00
7.650219833903272537e+00 1.618392369169344980e-01 2.346118163955746461e+00
7.667806546165118142e+00 1.568165451343744021e-01 2.311262051561137731e+00
7.685393258426965524e+00 1.512067899210599586e-01 2.272536010446329691e+00
7.702979970688812905e+00 1.452897758098763703e-01 2.231899936544704754e+00
7.720566682950658510e+00 1.394031602191052599e-01 2.191662489665878510e+00
7.738153395212505892e+00 1.338806548173598621e-01 2.154061995132743768e+00
7.755740107474351497e+00 1.290000292326730358e-01 2.120931770914333381e+00
7.773326819736198878e+00 1.249522648782460249e-01 2.093513238571289570e+00
7.790913531998046260e+00 1.218321671381770721e-01 2.072407343384445433e+00
7.808500244259891865e+00 1.196434699690472198e-01 2.057613878071137936e+00
7.826086956521739246e+00 1.183099558061660173e-01 2.048604556293635692e+00
7.843673668783584851e+00 1.176866018191061042e-01 2.044394002261356480e+00
7.861260381045431345e+00 1.175686765545358864e-01 2.043597512368099167e+00
7.878847093307278726e+00 1.177003934339990454e-01 2.044487154629375691e+00
7.896433805569124331e+00 1.177874301918950817e-01 2.045075030500501878e+00
7.914020517830971713e+00 1.175187391930902214e-01 2.043260231100903379e+00
7.931607230092817318e+00 1.166016222171042532e-01 2.037066471186463890e+00
7.949193942354664699e+00 1.148090637751944670e-01 2.024962880463266224e+00
7.966780654616512081e+00 1.120303540484516303e-01 2.006204916261518534e+00
7.984367366878357686e+00 1.083087112334469165e-01 1.981083039087186304e+00
8.001954079140205067e+00 1.038488507883830042e-01 1.950966204711007901e+00
8.019540791402050672e+00 9.898682822136321835e-02 1.918096568620388798e+00
8.037127503663898054e+00 9.413021256111450685e-02 1.885197171247546599e+00
8.054714215925745435e+00 8.968881562521947848e-02 1.855025693609717585e+00
8.072300928187591040e+00 8.601706733084533985e-02 1.830001782001336785e+00
8.089887640449438422e+00 8.337975995667042117e-02 1.811972680436349181e+00
8.107474352711284027e+00 8.194091546867578180e-02 1.802114282796627220e+00
8.125061064973131408e+00 8.176780157051631581e-02 1.800927042193292582e+00
8.142647777234978790e+00 8.284049716203484293e-02 1.808279797560058189e+00
8.160234489496824395e+00 8.505998534293116031e-02 1.823464773474598344e+00
8.177821201758671776e+00 8.825194351670029302e-02 1.845242778336557032e+00
8.195407914020517381e+00 9.216764285497722198e-02 1.871876581149466423e+00
8.212994626282362987e+00 9.648703807158097445e-02 1.901172828512041058e+00
8.230581338544210368e+00 1.008316234900110686e-01 1.930574495628378129e+00
8.248168050806055973e+00 1.047946375300345540e-01 1.957354935864140222e+00
8.265754763067903355e+00 1.079919163391674652e-01 1.978944383378121952e+00
8.283341475329748960e+00 1.101275582241998813e-01 1.993360985355115744e+00
8.300928187591596341e+00 1.110576408948903138e-01 1.999639076035284457e+00
8.318514899853443723e+00 1.108295141892159941e-01 1.998099220013190180e+00
8.336101612115289328e+00 1.096799803376802274e-01 1.990339766465119009e+00
8.353688324377136709e+00 1.079918272543088503e-01 1.978943781964761728e+00
8.371275036638982314e+00 1.062249785917896844e-01 1.967014528606972457e+00
8.388861748900829696e+00 1.048454716680404242e-01 1.957698280766969390e+00
8.406448461162677077e+00 1.042701242802705208e-01 1.953812045602082215e+00
8.424035173424522682e+00 1.048331346296487027e-01 1.957614954032078858e+00
8.441621885686370064e+00 1.067707535866096596e-01 1.970699736366982258e+00
8.459208597948215669e+00 1.102154891979328227e-01 1.993954527436986313e+00
8.476795310210063050e+00 1.151917237729372379e-01 2.027546415881226860e+00
8.494382022471910432e+00 1.216081369363557624e-01 2.070892705487230145e+00
8.511968734733756037e+00 1.292472865281172056e-01 2.122608210990872379e+00
8.529555446995603418e+00 1.377581339091829005e-01 2.180448277364270382e+00
8.547142159257449023e+00 1.466620600658636309e-01 2.241306319662825342e+00
8.564728871519296405e+00 1.553847106665931233e-01 2.301357888146749353e+00
8.582315583781143786e+00 1.633216015869845550e-01 2.356440602657971617e+00
8.599902296042989391e+00 1.699330617484172135e-01 2.402687939820153495e+00
8.617489008304836773e+00 1.748473162490916111e-01 2.437297143628781360e+00
8.635075720566682378e+00 1.779391609473527647e-01 2.459180360614003913e+00
8.652662432828529759e+00 1.793558911628039820e-01 2.469236624116423862e+00
8.670249145090377141e+00 1.794824129991308137e-01 2.470135607099896990e+00
8.687835857352222746e+00 1.788617361028509156e-01 2.465726898708708426e+00
8.705422569614068351e+00 1.781003643629494870e-01 2.460323686621483930e+00
8.723009281875913956e+00 1.777849977002590731e-01 2.458087189037769349e+00
8.740595994137761338e+00 1.784236019075782498e-01 2.462616948552334151e+00
8.758182706399608719e+00 1.804102637835466039e-01 2.476732884929792711e+00
8.775769418661454324e+00 1.840054391254825061e-01 2.502372736959373345e+00
8.793356130923301706e+00 1.893219949040093886e-01 2.540521551320926275e+00
8.810942843185147311e+00 1.963109098674804542e-01 2.591114743013379407e+00
8.828529555446994692e+00 2.047465441658405660e-01 2.652896481086589819e+00
8.846116267708842074e+00 2.142184159452152625e-01 2.723267084254834991e+00
8.863702979970687679e+00 2.241424531836244960e-01 2.798214913079718702e+00
8.881289692232535060e+00 2.338063996501429376e-01 2.872481610599872059e+00
8.898876404494380665e+00 2.424574185679385097e-01 2.940107631908186470e+00
8.916463116756228047e+00 2.494236066386903705e-01 2.995391507880942328e+00
8.934049829018075428e+00 2.542408397162939648e-01 3.034071818480656102e+00
8.951636541279921033e+00 2.567448432782001855e-01 3.054327616215783969e+00
8.969223253541768415e+00 2.570966411629915793e-01 3.057181767431847774e+00
8.986809965803614020e+00 2.557355740175324965e-01 3.046150794481988111e+00
9.004396678065461401e+00 2.532820567798893530e-01 3.026343196022882598e+00
9.021983390327308783e+00 2.504255455028321364e-01 3.003405813967706006e+00
9.039570102589154388e+00 2.478276330051727150e-01 2.982658653615504196e+00
9.057156814851001769e+00 2.460542084588348277e-01 2.968557240801332764e+00
9.074743527112847374e+00 2.455354533895563462e-01 2.964441663810657435e+00
9.092330239374694756e+00 2.465443021992109185e-01 2.972449293210487120e+00
9.109916951636542137e+00 2.491832047543009743e-01 2.993470966554880874e+00
9.127503663898387742e+00 2.533732068083757727e-01 3.027077297830886415e+00
9.145090376160233347e+00 2.588460289517627300e-01 3.071405376548987043e+00
9.162677088422078953e+00 2.651469064690258337e-01 3.123066742977874899e+00
9.180263800683926334e+00 2.716609325744990810e-01 3.177205625864178096e+00
9.197850512945773716e+00 2.776749663057705431e-01 3.227871556195028191e+00
9.215437225207619321e+00 2.824775952620742214e-01 3.268817819490060117e+00
9.233023937469466702e+00 2.854820377546035681e-01 3.294658140610825736e+00
9.250610649731312307e+00 2.863393773807658138e-01 3.302064133614365904e+00
9.268197361993159689e+00 2.850047514232166845e-01 3.290541414790581154e+00
9.285784074255007070e+00 2.817340210683551005e-01 3.262449493819058688e+00
9.303370786516852675e+00 2.770159193917827167e-01 3.222286656230000101e+00
9.320957498778700057e+00 2.714677628774391227e-01 3.175589235468462501e+00
9.338544211040545662e+00 2.657289345879093601e-01 3.127873468229803056e+00
9.356130923302393043e+00 2.603762901739384295e-01 3.083889634039821637e+00
9.373717635564240425e+00 2.558695198929312742e-01 3.047235014479300119e+00
9.391304347826086030e+00 2.525219703699779772e-01 3.020226902613920572e+00
9.408891060087933411e+00 2.504873173175343193e-01 3.003900440217706524e+00
9.426477772349779016e+00 2.497537729555535935e-01 2.998030668427666523e+00
9.444064484611626398e+00 2.501425384124048024e-01 3.001140469883169182e+00
9.461651196873473779e+00 2.513135247880245449e-01 3.010522037367732828e+00
9.479237909135319384e+00 2.527867458553603730e-01 3.022356441220880097e+00
9.496824621397166766e+00 2.539895286166262145e-01 3.032044577695645948e+00
9.514411333659012371e+00 2.543348234932199525e-01 3.034830219670896501e+00
9.531998045920859752e+00 2.533234240144162097e-01 3.026676341611444609e+00
9.549584758182707134e+00 2.506470928406133170e-01 3.005180096894775499e+00
9.567171470444552739e+00 2.462603072505577251e-01 2.970193505137098455e+00
9.584758182706400120e+00 2.403947875906352893e-01 2.923882266853027545e+00
9.602344894968245725e+00 2.335123871300695542e-01 2.870202647454025868e+00
9.619931607230093107e+00 2.262156769758430774e-01 2.814037878315887919e+00
9.637518319491938712e+00 2.191471640473452998e-01 2.760328449690667707e+00
9.655105031753784317e+00 2.129030473248990085e-01 2.713428636726674448e+00
9.672691744015631699e+00 2.079727022614615006e-01 2.676742572104462869e+00
9.690278456277477304e+00 2.047009528415484059e-01 2.652560377712060991e+00
9.707865168539324685e+00 2.032627257926688247e-01 2.641970128820456232e+00
9.725451880801172067e+00 2.036396212677355488e-01 2.644743028594776391e+00
9.743038593063017672e+00 2.055935250582247020e-01 2.659144953632293085e+00
9.760625305324865053e+00 2.086417960114030634e-01 2.681703775091188291e+00
9.778212017586710658e+00 2.120498175194756862e-01 2.707058402912073891e+00
9.795798729848558040e+00 2.148656868304699152e-01 2.728116435579555965e+00
9.813385442110405421e+00 2.160207551380547153e-01 2.736783440586642246e+00
9.830972154372251026e+00 2.145002100332871753e-01 2.725377632212625745e+00
9.848558866634098408e+00 2.095506693911204366e-01 2.688451594881492213e+00
9.866145578895944013e+00 2.008562283259498205e-01 2.624303703069947424e+00
9.883732291157791394e+00 1.886110434662084390e-01 2.535403625920344961e+00
9.901319003419638776e+00 1.734582902000303128e-01 2.427493674922439837e+00
9.918905715681484381e+00 1.563271970949076384e-01 2.307875607979032129e+00
9.936492427943331762e+00 1.382384972037853099e-01 2.183721658115612474e+00
9.954079140205177367e+00 1.201432871269619979e-01 2.060991402949581275e+00
9.971665852467024749e+00 1.028263932531526953e-01 1.944057955811489435e+00
9.989252564728872130e+00 8.687151966301906447e-02 1.835832584173149318e+00
1.000683927699071774e+01 7.266801075387280262e-02 1.738113345978722135e+00
1.002442598925256512e+01 6.043755085700834584e-02 1.651958898421612698e+00
1.004201270151441072e+01 5.026565135999369605e-02 1.577984100685688285e+00
1.005959941377625810e+01 4.213046311439869185e-02 1.516537001164589560e+00
1.007718612603810371e+01 3.592701788355534553e-02 1.467747275028858933e+00
1.009477283829994931e+01 3.148784841637828485e-02 1.431457684979877687e+00
1.011235955056179669e+01 2.860165805626579960e-02 1.407087179063076565e+00
1.012994626282364230e+01 2.703118662837711295e-02 1.393523043595244371e+00
1.014753297508548968e+01 2.653044280266495664e-02 1.389148535461981471e+00
1.016511968734733706e+01 2.686062681279264425e-02 1.392035820362969689e+00
1.018270639960918267e+01 2.780367264745257916e-02 1.400223700405593297e+00
1.020029311187103005e+01 2.917245160681079114e-02 1.411961733954876896e+00
1.021787982413287565e+01 3.081715043239698082e-02 1.425854199341855422e+00
1.023546653639472304e+01 3.262792575685821705e-02 1.440905725862373865e+00
1.025305324865657042e+01 3.453442489263374576e-02 1.456502712007838207e+00
1.027063996091841602e+01 3.650302811999524971e-02 1.472364088927583747e+00
1.028822667318026340e+01 3.853269063587749094e-02 1.488482848725424912e+00
1.030581338544210901e+01 4.065009381234901964e-02 1.505068643743858736e+00
1.032340009770395639e+01 4.290452942814106108e-02 1.522494615724798273e+00
1.034098680996580377e+01 4.536260034484655007e-02 1.541247550627467655e+00
1.035857352222764938e+01 4.810246639005744118e-02 1.561878147081129597e+00
1.037616023448949676e+01 5.120701881117638299e-02 1.584946776144426694e+00
1.039374694675134236e+01 5.475506351431178031e-02 1.610959236748754408e+00
1.041133365901318975e+01 5.880941514466877379e-02 1.640286772895532597e+00
1.042892037127503713e+01 6.340093614891827156e-02 1.673065719385796735e+00
1.044650708353688273e+01 6.850832769810139000e-02 1.709076190051121102e+00
1.046409379579873011e+01 7.403533053628512384e-02 1.747608808831605964e+00
1.048168050806057572e+01 7.979020837606459748e-02 1.787346142133756866e+00
1.049926722032242310e+01 8.547646646036682894e-02 1.826310179398166200e+00
1.051685393258427048e+01 9.070657411837575179e-02 1.861948154896320373e+00
1.053444064484611609e+01 9.504814080793963504e-02 1.891421840114795749e+00
1.055202735710796347e+01 9.810120536352676113e-02 1.912103059203003941e+00
1.056961406936980907e+01 9.958807995737611884e-02 1.922164315824800518e+00
1.058720078163165468e+01 9.942381634523908551e-02 1.921053093451001503e+00
1.060478749389350206e+01 9.773832314288243006e-02 1.909646554028270993e+00
1.062237420615534766e+01 9.484227334749786853e-02 1.890026100263591191e+00
1.063996091841719505e+01 9.115444461765433160e-02 1.864992705981798560e+00
1.065754763067904065e+01 8.712078929993727350e-02 1.837532709504082762e+00
1.067513434294088803e+01 8.315030199902039010e-02 1.810401625410266613e+00
1.069272105520273541e+01 7.957814174553969055e-02 1.785887727830939742e+00
1.071030776746458102e+01 7.665358378824213559e-02 1.765730854137578465e+00
1.072789447972642840e+01 7.454433235480129039e-02 1.751137897358170825e+00
1.074548119198827401e+01 7.334852842941883000e-02 1.742842100823330354e+00
1.076306790425012139e+01 7.310829370549107309e-02 1.741173419329695049e+00
1.078065461651196877e+01 7.382144065101081676e-02 1.746124924843370119e+00
1.079824132877381437e+01 7.545000969385005918e-02 1.757409907321347609e+00
1.081582804103566176e+01 7.792546094636412790e-02 1.774507414507251912e+00
1.083341475329750736e+01 8.115091700604362690e-02 1.796694308056631106e+00
1.085100146555935474e+01 8.500114585293416791e-02 1.823062682545445456e+00
1.086858817782120212e+01 8.932124585381055748e-02 1.852524221502882540e+00
1.088617489008304773e+01 9.392541284423894243e-02 1.883807912675909080e+00
1.090376160234489511e+01 9.859777428719507242e-02 1.915463902357889880e+00
1.092134831460674071e+01 1.030979154285649735e-01 1.945892676139966193e+00
1.093893502686858810e+01 1.071739558905476924e-01 1.973422078772733235e+00
1.095652173913043548e+01 1.105851314839223082e-01 1.996449632532155016e+00
1.097410845139228108e+01 1.131330880061573868e-01 2.013648623992147613e+00
1.099169516365412846e+01 1.146965859135878479e-01 2.024203505206102705e+00
1.100928187591597407e+01 1.152597800690964014e-01 2.028005911184336707e+00
1.102686858817781967e+01 1.149228937353694441e-01 2.025731393640085365e+00
1.104445530043966706e+01 1.138885220740573356e-01 2.018748247149600328e+00
1.106204201270151266e+01 1.124259600470899623e-01 2.008875307540000765e+00
1.107962872496336004e+01 1.108247987280000652e-01 1.998067390610937855e+00
1.109721543722520565e+01 1.093521610675807360e-01 1.988126899752334698e+00
1.111480214948705303e+01 1.082240867401149387e-01 1.980511752319885632e+00
1.113238886174890041e+01 1.075941619311505115e-01 1.976259082429865810e+00
1.114997557401074602e+01 1.075561574607027671e-01 1.976002502476483791e+00
1.116756228627259340e+01 1.081545920876350458e-01 1.980042601501253774e+00
1.118514899853443900e+01 1.093974155429839057e-01 1.988432381596613174e+00
1.120273571079628638e+01 1.112667885498596354e-01 2.001050822840390264e+00
1.122032242305813377e+01 1.137258335898625738e-01 2.017649980534151677e+00
1.123790913531997937e+01 1.167206200824261603e-01 2.037870070603625905e+00
1.125549584758182675e+01 1.201775421726277715e-01 2.061222897576015178e+00
1.127308255984367236e+01 1.239969745988631772e-01 2.087048793711335559e+00
1.129066927210551974e+01 1.280450450928982964e-01 2.114458644112505059e+00
1.130825598436736712e+01 1.321467810087037231e-01 2.142282490275601692e+00
1.132584269662921272e+01 1.360855649608999351e-01 2.169058681782052300e+00
1.134342940889106011e+01 1.396147556008563717e-01 2.193105852281446388e+00
1.136101612115290571e+01 1.424856610251387101e-01 2.212710659733815977e+00
1.137860283341475309e+01 1.444902243964863442e-01 2.226424144129038662e+00
1.139618954567660047e+01 1.455078480605815905e-01 2.233394025838634445e+00
1.141377625793844608e+01 1.455390015835643092e-01 2.233607490827633768e+00
1.143136297020029346e+01 1.447103068082097044e-01 2.227931051439820287e+00
1.144894968246213907e+01 1.432479148756150289e-01 2.217922866379741453e+00
1.146653639472398645e+01 1.414306459684404604e-01 2.205501463635907822e+00
1.148412310698583383e+01 1.395414177042814119e-01 2.192605566195933164e+00
1.150170981924767943e+01 1.378316648292887414e-01 2.180949278284149973e+00
1.151929653150952504e+01 1.365039080786465131e-01 2.171906313722611337e+00
1.153688324377137064e+01 1.357094402926865284e-01 2.166499059766516577e+00
1.155446995603321803e+01 1.355545244988324849e-01 2.165444991344751990e+00
1.157205666829506541e+01 1.361087426224011077e-01 2.169216431024950431e+00
1.158964338055691101e+01 1.374110090855536759e-01 2.178083476709808508e+00
1.160723009281875839e+01 1.394707137113570805e-01 2.192123271674978113e+00
1.162481680508060400e+01 1.422630167137112212e-01 2.211188804856914825e+00
1.164240351734245138e+01 1.457187609536522988e-01 2.234839312455228821e+00
1.165999022960429876e+01 1.497113232504338476e-01 2.262246135893265286e+00
1.167757694186614437e+01 1.540452870458863532e-01 2.292105387869449284e+00
1.169516365412799175e+01 1.584545373533208235e-01 2.322609522906336821e+00
1.171275036638983735e+01 1.626183721434503182e-01 2.351541606788161598e+00
1.173033707865168473e+01 1.662007058356364808e-01 2.376537297993347675e+00
1.174792379091353212e+01 1.689080611201225490e-01 2.395494993900365799e+00
1.176551050317537772e+01 1.705501968981243399e-01 2.407022896485520036e+00
1.178309721543722510e+01 1.710811288890183302e-01 2.410754888889854008e+00
1.180068392769907071e+01 1.706046622403179780e-01 2.407405631638676269e+00
1.181827063996091809e+01 1.693447273672701314e-01 2.398558239646302770e+00
1.183585735222276547e+01 1.675957236729775368e-01 2.386298237651083287e+00
1.185344406448461108e+01 1.656724546709161805e-01 2.372845163627354204e+00
1.187103077674645846e+01 1.638731837596484608e-01 2.360285788871694823e+00
1.188861748900830406e+01 1.624596236623610246e-01 2.350436213608430247e+00
1.190620420127015144e+01 1.616504184683993650e-01 2.344804509132636827e+00
1.192379091353199883e+01 1.616217591924458408e-01 2.344605142878066761e+00
1.194137762579384443e+01 1.625090029741805553e-01 2.350780030014186561e+00
1.195896433805569004e+01 1.644047601344149345e-01 2.363993717438451991e+00
1.197655105031753564e+01 1.673508568250325623e-01 2.384583776198330618e+00
1.199413776257938302e+01 1.713237605586430401e-01 2.412461170736845517e+00
1.201172447484123040e+01 1.762158129300172293e-01 2.446972385962070007e+00
1.202931118710307601e+01 1.818180904438193024e-01 2.486758406425816137e+00
1.204689789936492339e+01 1.878141247833137739e-01 2.529672982244842050e+00
1.206448461162676900e+01 1.937949053577925629e-01 2.572841296132363453e+00
1.208207132388861638e+01 1.993017342260742508e-01 2.612927090917188888e+00
1.209965803615046376e+01 2.038935433068357062e-01 2.646612119529343499e+00
1.211724474841230936e+01 2.072227522634644548e-01 2.671188249826825789e+00
1.213483146067415674e+01 2.090963831302553866e-01 2.685077545972896829e+00
1.215241817293600235e+01 2.095032756769150128e-01 2.688099477469890086e+00
1.217000488519784973e+01 2.086023763058142411e-01 2.681411335322574363e+00
1.218759159745969711e+01 2.066822860966834596e-01 2.667189600915738090e+00
1.220517830972154272e+01 2.041098014226016832e-01 2.648204564113420645e+00
1.222276502198339010e+01 2.012830631527392222e-01 2.627432306812563567e+00
1.224035173424523570e+01 1.985973504293229719e-01 2.607781000311817365e+00
1.225793844650708309e+01 1.964239076684664853e-01 2.591937048710296843e+00
1.227552515876893047e+01 1.950974205562984454e-01 2.582292748018394146e+00
1.229311187103077607e+01 1.949061014928997193e-01 2.580903330814359631e+00
1.231069858329262345e+01 1.960788525342815891e-01 2.589426457748133181e+00
1.232828529555446906e+01 1.987657955935833720e-01 2.609011122235873614e+00
1.234587200781631644e+01 2.030112963017677574e-01 2.640121226604055682e+00
1.236345872007816382e+01 2.087224658034033120e-01 2.682302292238881058e+00
1.238104543234000943e+01 2.156407020215253267e-01 2.733929849139094426e+00
1.239863214460185681e+01 2.233278625281002461e-01 2.792013909937285376e+00
1.241621885686370241e+01 2.311797403071713941e-01 2.852165768976312687e+00
1.243380556912554979e+01 2.384750708218110471e-01 2.908838797178854740e+00
1.245139228138739540e+01 2.444578016088648775e-01 2.955905424126938907e+00
1.246897899364924100e+01 2.484372946229713719e-01 2.987517832356568093e+00
1.248656570591108839e+01 2.498822659902898702e-01 2.999058238786585839e+00
1.250415241817293399e+01 2.484853207883749027e-01 2.987900864772718101e+00
1.252173913043478137e+01 2.441859118636346970e-01 2.953754588100903522e+00
1.253932584269662875e+01 2.371543284148585895e-01 2.898521003463474965e+00
1.255691255495847436e+01 2.277502726992782778e-01 2.825788040955420577e+00
1.257449926722032174e+01 2.164727303635686773e-01 2.740179460917091969e+00
1.259208597948216735e+01 2.039142217528925605e-01 2.646764364317347074e+00
1.260967269174401473e+01 1.907258524309270176e-01 2.550642794721281525e+00
1.262725940400586211e+01 1.775932509223097089e-01 2.456727815538488624e+00
1.264484611626770771e+01 1.652191615938091440e-01 2.369678687569368503e+00
1.266243282852955510e+01 1.543063630902041516e-01 2.293907924567980317e+00
1.268001954079140070e+01 1.455343446706254262e-01 2.233575581164103596e+00
1.269760625305324808e+01 1.395245364003095678e-01 2.192490411292165486e+00
1.271519296531509546e+01 1.367918967990015278e-01 2.173867067890037141e+00
1.273277967757694107e+01 1.376853943570875982e-01 2.179952692147863580e+00
1.275036638983878845e+01 1.423259333371533486e-01 2.211618837315690644e+00
1.276795310210063406e+01 1.505560367388891763e-01 2.268056684098782583e+00
1.278553981436248144e+01 1.619184439255247909e-01 2.346669304873471695e+00
1.280312652662432882e+01 1.756779035925183086e-01 2.443167388240498727e+00
1.282071323888617442e+01 1.908908508817961924e-01 2.551833709826000440e+00
1.283829995114802180e+01 2.065138490697547291e-01 2.665944129789909134e+00
1.285588666340986741e+01 2.215292816088417771e-01 2.778353989909728039e+00
1.287347337567171479e+01 2.350615991246216840e-01 2.882225064202212028e+00
1.289106008793356040e+01 2.464617468412509671e-01 2.971793421100877630e+00
1.290864680019540600e+01 2.553485845345592753e-01 3.043019990026559096e+00
1.292623351245725338e+01 2.616085932351214227e-01 3.093972006546317655e+00
1.294382022471909899e+01 2.653639918377239670e-01 3.124858866221932985e+00
1.296140693698094637e+01 2.669225646721487544e-01 3.137749763314708229e+00
1.297899364924279375e+01 2.667209382229694392e-01 3.136079711193243913e+00
1.299658036150463936e+01 2.652690446783387834e-01 3.124074939472737178e+00
1.301416707376648674e+01 2.630992650694365387e-01 3.106203063756835636e+00
1.303175378602833234e+01 2.607206297836504594e-01 3.086704320174804117e+00
1.304934049829017972e+01 2.585770329019276836e-01 3.069214928246110308e+00
1.306692721055202711e+01 2.570087312901609966e-01 3.056468357507629019e+00
1.308451392281387271e+01 2.562181792379120693e-01 3.050058619220778144e+00
1.310210063507572009e+01 2.562439062894770192e-01 3.050267048689550009e+00
1.311968734733756570e+01 2.569486414915438388e-01 3.055980788392714143e+00
1.313727405959941308e+01 2.580287404990737055e-01 3.064753924823483189e+00
1.315486077186126046e+01 2.590497218164272142e-01 3.073064869185566206e+00
1.317244748412310607e+01 2.595069070214722218e-01 3.076792123408085278e+00
1.319003419638495345e+01 2.589022985552533740e-01 3.071863736950942947e+00
1.320762090864679905e+01 2.568223196309618594e-01 3.054956008058073991e+00
1.322520762090864643e+01 2.529994666984923257e-01 3.024068140420555384e+00
1.324279433317049381e+01 2.473456064685543299e-01 2.978820919341968576e+00
1.326038104543233942e+01 2.399534918736747069e-01 2.920419245848397072e+00
1.327796775769418680e+01 2.310718744718104345e-01 2.851333591786474830e+00
1.329555446995603241e+01 2.210647612504507975e-01 2.774833059587761053e+00
1.331314118221787979e+01 2.103657924846574767e-01 2.694511950685557267e+00
1.333072789447972717e+01 1.994356674930699291e-01 2.613906211235537125e+00
1.334831460674157277e+01 1.887262405283237632e-01 2.536232543547164209e+00
1.336590131900342016e+01 1.786511984471628178e-01 2.464232246095772183e+00
1.338348803126526576e+01 1.695610723615682824e-01 2.400076498366617184e+00
1.340107474352711137e+01 1.617199619715486703e-01 2.345288309002101279e+00
1.341866145578895875e+01 1.552826363709779722e-01 2.300652357324604047e+00
1.343624816805080435e+01 1.502732961043879711e-01 2.266111307200126657e+00
1.345383488031265173e+01 1.465705825597090617e-01 2.240678956151009871e+00
1.347142159257449734e+01 1.439061429464237318e-01 2.222426186500665590e+00
1.348900830483634472e+01 1.418843604881047382e-01 2.208601128536553659e+00
1.350659501709819033e+01 1.400271050891317703e-01 2.195919233630632128e+00
1.352418172936003771e+01 1.378396309320246149e-01 2.181003556558845702e+00
1.354176844162188509e+01 1.348849533435182990e-01 2.160890276185435166e+00
1.355935515388373069e+01 1.308489831309100349e-01 2.133472809593411235e+00
1.357694186614557808e+01 1.255809026341368484e-01 2.097768479260101682e+00
1.359452857840742368e+01 1.191019955653397772e-01 2.053955311429766617e+00
1.361211529066927106e+01 1.115866618778040831e-01 2.003209971342356344e+00
1.362970200293111844e+01 1.033264220149250345e-01 1.947436631513336902e+00
1.364728871519296405e+01 9.468901943042588865e-02 1.888986961585959801e+00
1.366487542745481143e+01 8.608144417482012367e-02 1.830441259854531877e+00
1.368246213971665703e+01 7.792064618760834172e-02 1.774474221382159822e+00
1.370004885197850442e+01 7.061128272067646039e-02 1.723785671744574310e+00
1.371763556424035180e+01 6.452718561925040175e-02 1.681044277724600855e+00
1.373522227650219740e+01 5.999249769809483768e-02 1.648773880509099010e+00
1.375280898876404478e+01 5.725940497212617109e-02 1.629120632978402705e+00
1.377039570102589039e+01 5.648185789454473332e-02 1.623498300623379187e+00
1.378798241328773777e+01 5.768829041981453354e-02 1.632215763284973420e+00
1.380556912554958515e+01 6.076025559396738829e-02 1.654265776001067945e+00
1.382315583781143076e+01 6.542643133444470127e-02 1.687398726612674205e+00
1.384074255007327636e+01 7.128050292513483932e-02 1.728453728797886058e+00
1.385832926233512197e+01 7.782579785236286296e-02 1.773820286229952581e+00
1.387591597459696935e+01 8.454056033235392287e-02 1.819914326441757879e+00
1.389350268685881673e+01 9.094949511101022011e-02 1.863599619434649135e+00
1.391108939912066234e+01 9.668429310133834498e-02 1.902508990116116072e+00
1.392867611138250972e+01 1.015200458357256585e-01 1.935228769329664589e+00
1.394626282364435532e+01 1.053832667900539838e-01 1.961330457069310640e+00
1.396384953590620270e+01 1.083358591164080009e-01 1.981266309313828744e+00
1.398143624816805008e+01 1.105440928615537971e-01 1.996172620569935052e+00
1.399902296042989569e+01 1.122417345149434170e-01 2.007631757114639814e+00
1.401660967269174307e+01 1.136935222322273537e-01 2.017431856843813875e+00
1.403419638495358868e+01 1.151614620369753317e-01 2.027342099097209527e+00
1.405178309721543606e+01 1.168736135739404797e-01 2.038903267274255082e+00
1.406936980947728344e+01 1.189939761805670765e-01 2.053225514127221096e+00
1.408695652173912904e+01 1.215930370633332841e-01 2.070790620867181353e+00
1.410454323400097643e+01 1.246213657085291221e-01 2.091273791091563972e+00
1.412212994626282203e+01 1.278925712716697805e-01 2.113425396805694412e+00
1.413971665852466941e+01 1.310851224117148550e-01 2.135075321155507133e+00
1.415730337078651679e+01 1.337720191439739081e-01 2.153323614237276473e+00
1.417489008304836240e+01 1.354805849783513039e-01 2.164941931814214460e+00
1.419247679531020978e+01 1.357725455202232201e-01 2.166928465120232072e+00
1.421006350757205539e+01 1.343230333957885769e-01 2.157069256703439297e+00
1.422765021983390277e+01 1.309743862834568950e-01 2.134323808617089036e+00
1.424523693209575015e+01 1.257500812839889293e-01 2.098913823472846385e+00
1.426282364435759575e+01 1.188305839470480407e-01 2.052121641887546755e+00
1.428041035661944314e+01 1.105062702475483882e-01 1.995917316589061574e+00
1.429799706888128874e+01 1.011264225399744893e-01 1.932567698177597881e+00
1.431558378114313612e+01 9.105849080793829153e-02 1.864340513470005067e+00
1.433317049340498173e+01 8.066359915907207745e-02 1.793348283199857063e+00
1.435075720566682733e+01 7.028731341469808547e-02 1.721523680734190487e+00
1.436834391792867471e+01 6.026072250309758016e-02 1.650693920722096975e+00
1.438593063019052032e+01 5.090544258679183948e-02 1.582719151593368512e+00
1.440351734245236770e+01 4.253611500642588694e-02 1.519662356654524871e+00
1.442110405471421508e+01 3.545470374467470792e-02 1.463946896591990177e+00
1.443869076697606069e+01 2.993258419737339707e-02 1.418409977560757929e+00
1.445627747923790807e+01 2.617973884594471806e-02 1.386069766441202278e+00
1.447386419149975367e+01 2.430567727635450301e-02 1.369395320992374598e+00
1.449145090376160105e+01 2.428282149329469286e-02 1.369189532201779524e+00
1.450903761602344844e+01 2.592685372366741042e-02 1.383841876101661761e+00
1.452662432828529404e+01 2.890610358707179986e-02 1.409690669668117069e+00
1.454421104054714142e+01 3.278240520252417162e-02 1.442178734322123734e+00
1.456179775280898703e+01 3.707317353894401535e-02 1.476915004246344587e+00
1.457938446507083441e+01 4.131613633197200181e-02 1.510240876898601092e+00
1.459697117733268179e+01 4.511904718716200358e-02 1.539400209756737636e+00
1.461455788959452740e+01 4.818523166330191537e-02 1.562497216953641965e+00
1.463214460185637478e+01 5.031603088195707452e-02 1.578357413561140676e+00
1.464973131411822038e+01 5.139789824364683624e-02 1.586355318908741152e+00
1.466731802638006776e+01 5.138359627263173329e-02 1.586249818996313898e+00
1.468490473864191515e+01 5.027514078475195380e-02 1.578054423470081957e+00
1.470249145090376075e+01 4.811305808896507163e-02 1.561957384154855744e+00
1.472007816316560813e+01 4.497354740748159968e-02 1.538295504887204457e+00
1.473766487542745374e+01 4.097262173301224886e-02 1.507575857499596772e+00
1.475525158768930112e+01 3.627406058091159347e-02 1.470531205300741551e+00
1.477283829995114672e+01 3.109602797296302443e-02 1.428188329985657479e+00
1.479042501221299233e+01 2.571010334639499753e-02 1.381926996840441957e+00
1.480801172447483971e+01 2.042743703048240447e-02 1.333516940594877687e+00
1.482559843673668531e+01 1.557067418154112898e-02 1.285146283262315281e+00
1.484318514899853270e+01 1.143641055455430801e-02 1.239494083037053329e+00
1.486077186126038008e+01 8.258250335304919212e-03 1.199917299526641612e+00
1.487835857352222568e+01 6.181464094643527619e-03 1.170662447014836793e+00
1.489594528578407306e+01 5.255679596402397166e-03 1.156325085907929262e+00
1.491353199804591867e+01 5.444647444094704962e-03 1.159332512872868426e+00
1.493111871030776605e+01 6.646255770414402630e-03 1.177521508037098874e+00
1.494870542256961343e+01 8.714250430099631031e-03 1.205923266975406749e+00
1.496629213483145904e+01 1.147512532293374840e-02 1.239947703380926303e+00
1.498387884709330642e+01 1.473724716715628033e-02 1.276341130029285953e+00
1.500146555935515380e+01 1.829260307353055767e-02 1.312807570868319562e+00
1.501905227161699941e+01 2.191388744723473531e-02 1.347509866534967182e+00
1.503663898387884501e+01 2.535111055683749240e-02 1.378744455279686809e+00
1.505422569614069417e+01 2.833278372022616717e-02 1.404781040523480851e+00
1.507181240840253977e+01 3.057685119229149040e-02 1.423838092393549415e+00
1.508939912066438538e+01 3.181513071175293833e-02 1.434179673209263539e+00
1.510698583292623454e+01 3.183115161533821291e-02 1.434312713901244818e+00
1.512457254518808014e+01 3.050494573343615415e-02 1.423233921237575750e+00
1.514215925744992575e+01 2.785178361287197341e-02 1.400639155271796499e+00
1.515974596971177135e+01 2.403940729541437574e-02 1.366994070898234437e+00
1.517733268197362051e+01 1.937362215178088307e-02 1.323390814971869611e+00
1.519491939423546611e+01 1.425404440943527085e-02 1.271153731810499066e+00
1.521250610649731172e+01 9.113734652162334623e-03 1.211082987919460008e+00
1.523009281875916088e+01 4.361098040423773588e-03 1.141416146208572790e+00
1.524767953102100648e+01 3.378762842780207490e-04 1.037451229208395720e+00
1.526526624328285209e+01 2.702408704820032960e-03 1.109670585821447952e+00
1.528285295554469947e+01 4.599547136146375260e-03 1.145508288890659365e+00
1.530043966780654507e+01 5.283184542252654901e-03 1.156765627032832366e+00
1.531802638006839068e+01 4.768419332852282498e-03 1.148351726611460455e+00
1.533561309233023628e+01 3.155296781706146570e-03 1.119030226180037557e+00
1.535319980459208544e+01 6.333718312946934326e-04 1.051633205979906949e+00
1.537078651685393105e+01 2.511351111152754310e-03 1.105514451167465051e+00
1.538837322911577665e+01 5.893510284734409035e-03 1.166305546835007423e+00
1.540595994137762581e+01 9.038696107711062869e-03 1.210120724489329280e+00
1.542354665363947142e+01 1.141622245529833220e-02 1.239257307801666874e+00
1.544113336590131702e+01 1.249868981510706724e-02 1.251738864403760143e+00
1.545872007816316618e+01 1.184210031934549053e-02 1.244219097291211495e+00
1.547630679042501178e+01 9.167571262708822805e-03 1.211771441825459927e+00
1.549389350268685739e+01 4.418611283039400317e-03 1.142411755949163332e+00
1.551148021494870299e+01 2.226545671067622825e-03 1.099046196013868659e+00
1.552906692721055215e+01 1.039082125567138311e-02 1.227011231321861739e+00
1.554665363947239776e+01 1.956670787595854791e-02 1.325259776836386960e+00
1.556424035173424336e+01 2.919212009113145156e-02 1.412129198253268658e+00
1.558182706399609252e+01 3.871222380178782063e-02 1.489897929519973907e+00
1.559941377625793812e+01 4.761722827908340672e-02 1.558243928254523514e+00
1.561700048851978373e+01 5.545755852203525932e-02 1.616069392513175496e+00
1.563458720078163289e+01 6.184467550391498092e-02 1.662002473730248120e+00
1.565217391304347849e+01 6.644776626233402095e-02 1.694599395601344094e+00
1.566976062530532410e+01 6.899532511229651555e-02 1.712488231568079833e+00
1.568734733756716970e+01 6.928782563230087566e-02 1.714535905077145594e+00
1.570493404982901708e+01 6.722368963104556616e-02 1.700058529101964089e+00
1.572252076209086269e+01 6.283534259571675606e-02 1.669050263640246667e+00
1.574010747435270829e+01 5.632548915483592822e-02 1.622365873075993115e+00
1.575769418661455745e+01 4.808774875461926251e-02 1.561768037306763501e+00
1.577528089887640306e+01 3.869441233473328717e-02 1.489757614482282388e+00
1.579286761113824866e+01 2.884131339248943368e-02 1.409137292898205773e+00
1.581045432340009782e+01 1.925551927206394995e-02 1.322244540311410255e+00
1.582804103566194343e+01 1.058870865036181698e-02 1.229409469651914222e+00
1.584562774792378903e+01 3.327082022151482341e-03 1.122423203222327359e+00
1.586321446018563464e+01 2.258302890808251175e-03 1.099785159823988723e+00
1.588080117244748379e+01 6.114249075471891309e-03 1.169653127446047769e+00
1.589838788470932940e+01 8.371551740175347742e-03 1.201421684116489308e+00
1.591597459697117500e+01 9.292964485112197720e-03 1.213368804216089947e+00
1.593356130923302416e+01 9.219766247908944140e-03 1.212437383253451184e+00
1.595114802149486977e+01 8.526730278856239909e-03 1.203468977797582218e+00
1.596873473375671537e+01 7.587981014936955038e-03 1.190842104271119029e+00
1.598632144601856453e+01 6.751330726493472850e-03 1.179044413040565287e+00
1.600390815828041013e+01 6.316810752965145055e-03 1.172681148787576122e+00
1.602149487054225574e+01 6.515812884897579857e-03 1.175617084353069108e+00
1.603908158280410134e+01 7.489881622171062382e-03 1.189487204334052972e+00
1.605666829506595050e+01 9.271937301864445827e-03 1.213101537441776401e+00
1.607425500732779611e+01 1.177620052393236333e-02 1.243455792584750697e+00
1.609184171958964171e+01 1.480429291168448326e-02 1.277055990022688992e+00
1.610942843185149087e+01 1.807207650232798071e-02 1.310622595418369452e+00
1.612701514411333648e+01 2.125489790390033135e-02 1.341346268034732558e+00
1.614460185637518208e+01 2.404117645013598842e-02 1.367010052975613510e+00
1.616218856863703124e+01 2.618037471895934276e-02 1.386075360054062733e+00
1.617977528089887684e+01 2.751392605601313615e-02 1.397717055451050294e+00
1.619736199316072245e+01 2.798498917124436769e-02 1.401788311619831084e+00
1.621494870542256805e+01 2.763047442365157425e-02 1.398726283613202392e+00
1.623253541768441721e+01 2.656293900866261992e-02 1.389433181755439506e+00
1.625012212994626282e+01 2.494988548921979118e-02 1.375170896918147312e+00
1.626770884220810842e+01 2.299522901718443341e-02 1.357494687446021642e+00
1.628529555446995758e+01 2.092423395320650026e-02 1.338229896481543335e+00
1.630288226673180318e+01 1.897040465014021918e-02 1.319467419656269458e+00
1.632046897899364879e+01 1.736124996935552167e-02 1.303516111220573981e+00
1.633805569125549795e+01 1.629984522584081510e-02 1.292712554189044072e+00
1.635564240351734355e+01 1.594101631484009379e-02 1.289004533906631611e+00
1.637322911577918916e+01 1.636480332475132374e-02 1.293380706224920962e+00
1.639081582804103476e+01 1.755452126463960191e-02 1.305458167037476080e+00
1.640840254030288037e+01 1.938944714555649804e-02 1.323544228160390857e+00
1.642598925256472597e+01 2.165967783654106429e-02 1.345139511600114579e+00
1.644357596482657158e+01 2.410243802352067186e-02 1.367563244587536309e+00
1.646116267708842074e+01 2.644931892126082054e-02 1.388437476060628395e+00
1.647874938935026634e+01 2.846918577890902163e-02 1.405951771215737001e+00
1.649633610161211195e+01 2.999492897745389963e-02 1.418936717764423205e+00
1.651392281387396110e+01 3.093076001623653454e-02 1.426805808794207264e+00
1.653150952613580671e+01 3.124445439851197825e-02 1.429428176414496043e+00
1.654909623839765231e+01 3.095220354498809390e-02 1.426985310214440528e+00
1.656668295065949792e+01 3.010283976807546016e-02 1.419847686389510200e+00
1.658426966292134708e+01 2.876540477381958616e-02 1.408488485569359794e+00
1.660185637518319268e+01 2.702130588946150686e-02 1.393436964800677691e+00
1.661944308744503829e+01 2.496047698991011449e-02 1.375265460554143004e+00
1.663702979970688745e+01 2.268004134311714035e-02 1.354600316604108956e+00
1.665461651196873305e+01 2.028370124109912451e-02 1.332146277486170760e+00
1.667220322423057866e+01 1.788025498298375857e-02 1.308714546064817519e+00
1.668978993649242781e+01 1.558018283809071459e-02 1.285245751881648246e+00
1.670737664875427342e+01 1.349007943529406846e-02 1.262819213390605544e+00
1.672496336101611902e+01 1.170565536116842213e-02 1.242636888561575059e+00
1.674255007327796463e+01 1.030476271946197640e-02 1.225962772540852841e+00
1.676013678553981379e+01 9.342094045217333789e-03 1.213992342003819447e+00
1.677772349780165939e+01 8.846750474410270196e-03 1.207644814796241306e+00
1.679531021006350500e+01 8.822984318819830640e-03 1.207336782093150873e+00
1.681289692232535415e+01 9.253512007579567378e-03 1.212867145973751226e+00
1.683048363458719976e+01 1.010423807089655228e-02 1.223506517587014564e+00
1.684807034684904536e+01 1.132916343478533594e-02 1.238234409418600634e+00
1.686565705911089452e+01 1.287456180220758993e-02 1.255976967355557861e+00
1.688324377137274013e+01 1.468197545830680559e-02 1.275750922742937554e+00
1.690083048363458573e+01 1.669001605704138400e-02 1.296711847661674133e+00
1.691841719589643134e+01 1.883526221545943694e-02 1.318146129883940310e+00
1.693600390815828050e+01 2.105271474987776073e-02 1.339442692947834690e+00
1.695359062042012610e+01 2.327633456521675109e-02 1.360065344191298653e+00
1.697117733268197171e+01 2.544018195032445029e-02 1.379535386546971276e+00
1.698876404494382086e+01 2.748061406942830728e-02 1.397428360397374281e+00
1.700635075720566647e+01 2.933987044563297897e-02 1.413386138455015928e+00
1.702393746946751207e+01 3.097115886492270501e-02 1.427143953446106561e+00
1.704152418172936123e+01 3.234502235400411874e-02 1.438570041458997251e+00
1.705911089399120684e+01 3.345632326678701224e-02 1.447712868014003673e+00
1.707669760625305244e+01 3.433067595710998648e-02 1.454847350029575548e+00
1.709428431851489805e+01 3.502871441779672329e-02 1.460507610645401577e+00
1.711187103077674720e+01 3.564636947867236977e-02 1.465490716065191990e+00
1.712945774303859281e+01 3.630952980023285231e-02 1.470815335933054246e+00
1.714704445530043841e+01 3.716217561832699245e-02 1.477623759548996274e+00
1.716463116756228757e+01 3.834826214673449363e-02 1.487027425921458645e+00
1.718221787982413318e+01 3.998908612467285545e-02 1.499914732440486453e+00
1.719980459208597878e+01 4.215928188357722511e-02 1.516759274859791118e+00
1.721739130434782794e+01 4.486563547436290406e-02 1.537475652387448433e+00
1.723497801660967355e+01 4.803330083159678549e-02 1.561360621738238308e+00
1.725256472887151915e+01 5.150353294931415277e-02 1.587134356034496818e+00
1.727015144113336476e+01 5.504555965331279360e-02 1.613073919073722884e+00
1.728773815339521391e+01 5.838268072988594959e-02 1.637218023883321605e+00
1.730532486565705952e+01 6.122943720157947300e-02 1.657615984640893991e+00
1.732291157791890512e+01 6.333355760423743652e-02 1.672587672131447212e+00
1.734049829018075428e+01 6.451454073315873727e-02 1.680954824020497451e+00
1.735808500244259989e+01 6.469116497452122305e-02 1.682204064025150325e+00
1.737567171470444549e+01 6.389305174605255933e-02 1.676554749912856135e+00
1.739325842696629110e+01 6.225565984894132487e-02 1.664928568790576380e+00
1.741084513922813670e+01 6.000208833071170311e-02 1.648842559272499342e+00
1.742843185148998231e+01 5.741739247029560567e-02 1.630261275238319651e+00
1.744601856375182791e+01 5.482126900830647243e-02 1.611441374400691684e+00
1.746360527601367707e+01 5.254340898926724429e-02 1.594785878357378506e+00
1.748119198827552268e+01 5.090350184876653306e-02 1.582704807242218292e+00
1.749877870053736828e+01 5.019567756326533126e-02 1.577465462962919673e+00
1.751636541279921744e+01 5.067559244336970747e-02 1.581019490966874441e+00
1.753395212506106304e+01 5.254753596874551375e-02 1.594816183252886432e+00
1.755153883732290865e+01 5.594883145416291309e-02 1.619635660714028536e+00
1.756912554958475781e+01 6.092943354783567772e-02 1.655474308963153618e+00
1.758671226184660341e+01 6.742616132429872511e-02 1.701481485784485104e+00
1.760429897410844902e+01 7.523373900529287117e-02 1.755913029295530281e+00
1.762188568637029462e+01 8.397888756892539497e-02 1.816072888992646073e+00
1.763947239863214378e+01 9.310854596425734153e-02 1.878264921456300085e+00
1.765705911089398938e+01 1.019069149287886444e-01 1.937843853353994783e+00
1.767464582315583499e+01 1.095548404781701568e-01 1.989495043513575423e+00
1.769223253541768415e+01 1.152354257334485960e-01 2.027841477723111741e+00
1.770981924767952975e+01 1.182715673503719617e-01 2.048345239594655975e+00
1.772740595994137536e+01 1.182613764251642524e-01 2.048276399525569502e+00
1.774499267220322452e+01 1.151688275989339177e-01 2.027391828758536185e+00
1.776257938446507012e+01 1.093387967619161849e-01 1.988036686372075312e+00
1.778016609672691573e+01 1.014340059934202010e-01 1.934647130218098754e+00
1.779775280898876133e+01 9.231995658001891647e-02 1.872911004792183309e+00
1.781533952125061049e+01 8.293673490999488307e-02 1.808939002902713034e+00
1.783292623351245609e+01 7.419005914711393479e-02 1.748681917683148290e+00
1.785051294577430170e+01 6.687668241962547999e-02 1.697618289029048988e+00
1.786809965803615086e+01 6.164263147838291296e-02 1.660562773845860374e+00
1.788568637029799646e+01 5.896310111816816663e-02 1.641390981545903349e+00
1.790327308255984207e+01 5.913048236958295262e-02 1.642593001692243648e+00
1.792085979482169122e+01 6.223935233879867440e-02 1.664812525797382037e+00
1.793844650708353683e+01 6.816170169259397338e-02 1.706645483960677723e+00
1.795603321934538243e+01 7.651088117285914647e-02 1.764745090061144994e+00
1.797361993160722804e+01 8.659844651398590498e-02 1.833969648857267654e+00
1.799120664386907720e+01 9.739431769220921464e-02 1.907317453519087103e+00
1.800879335613092280e+01 1.075069337248898416e-01 1.975670176168320635e+00
1.802638006839276841e+01 1.152046149152921861e-01 2.027633452643998524e+00
1.804396678065461757e+01 1.184989829082626622e-01 2.049881477585242084e+00
1.806155349291646317e+01 1.153024930088821648e-01 2.028294297830719906e+00
1.807914020517830878e+01 1.036534566935727320e-01 1.949646158361545423e+00
1.809672691744015438e+01 8.197705996423529373e-02 1.802362135686276234e+00
1.811431362970200354e+01 4.932960796269505316e-02 1.571033466739182538e+00
1.813190034196384914e+01 5.567660936732490504e-03 1.161266721152725223e+00
1.814948705422569475e+01 4.859954774487729862e-02 1.565592749551018681e+00
1.816707376648754391e+01 1.116821911964303304e-01 2.003854796924047221e+00
1.818466047874938951e+01 1.815785186814556917e-01 2.485051022376488561e+00
1.820224719101123512e+01 2.557904834174655195e-01 3.046595220680623939e+00
1.821983390327308427e+01 3.316357253817136530e-01 3.715626734732113245e+00
1.823742061553492988e+01 4.064206351105119075e-01 4.517413101598134695e+00
1.825500732779677548e+01 4.775604900984371515e-01 5.473696892051295393e+00
1.827259404005862109e+01 5.426506639356826200e-01 6.594405966874831826e+00
1.829018075232046669e+01 5.995033608236298717e-01 7.860379089894871107e+00
1.830776746458231230e+01 6.461674420402088170e-01 9.196039729601286794e+00
1.832535417684415791e+01 6.809471088979002218e-01 1.044133305369966358e+01
1.834294088910600706e+01 7.024310370568137563e-01 1.135418890249277446e+01
1.836052760136785267e+01 7.095386837526044266e-01 1.168562172622195128e+01
1.837811431362969827e+01 7.015855767218540651e-01 1.131580587627669132e+01
1.839570102589154743e+01 6.783644289849067865e-01 1.033972098748540525e+01
1.841328773815339304e+01 6.402336623748435818e-01 9.007306617622916178e+00
1.843087445041523864e+01 5.881993287691178462e-01 7.581537940037242684e+00
1.844846116267708425e+01 5.239710638832376643e-01 6.242662472407376484e+00
1.846604787493893340e+01 4.499690500488969236e-01 5.075284760867653233e+00
1.848363458720077901e+01 3.692592898386601874e-01 4.097711506805966408e+00
1.850122129946262461e+01 2.854012766349605656e-01 3.293961240741413832e+00
1.851880801172447377e+01 2.022067013565607696e-01 2.634209505131233087e+00
1.853639472398631938e+01 1.234286338461022120e-01 2.083203871973312804e+00
1.855398143624816498e+01 5.242237436615880541e-02 1.593896892074708749e+00
1.857156814851001414e+01 8.166107123242258986e-03 1.198687750698677057e+00
1.858915486077185975e+01 5.662783227291964816e-02 1.624554919285929655e+00
1.860674157303370535e+01 9.229456858469339831e-02 1.872738592285901005e+00
1.862432828529555096e+01 1.155069214655099069e-01 2.029674566719985584e+00
1.864191499755740011e+01 1.274651706181310906e-01 2.110529463144913631e+00
1.865950170981924572e+01 1.300029952837671587e-01 2.127733253926502144e+00
1.867708842208109132e+01 1.253318138381496749e-01 2.096082278164468349e+00
1.869467513434294048e+01 1.157975380455106146e-01 2.031636827086334751e+00
1.871226184660478609e+01 1.036773671201548230e-01 1.949807696108073918e+00
1.872984855886663169e+01 9.102825105673478800e-02 1.864134965976997016e+00
1.874743527112848085e+01 7.958566608114840679e-02 1.785939480921843403e+00
1.876502198339032645e+01 7.070357803964823218e-02 1.724429825205071154e+00
1.878260869565217206e+01 6.532395622281507441e-02 1.686675292079601984e+00
1.880019540791401766e+01 6.396580779637323078e-02 1.677070209496084541e+00
1.881778212017586682e+01 6.672796625770607837e-02 1.696571895708126609e+00
1.883536883243771243e+01 7.330534083112860699e-02 1.742542169777036465e+00
1.885295554469955803e+01 8.302352700883371128e-02 1.809533445155198095e+00
1.887054225696140719e+01 9.489985954543200819e-02 1.890416539744534496e+00
1.888812896922325280e+01 1.077382552159148743e-01 1.977231891163334865e+00
1.890571568148509840e+01 1.202591562391273211e-01 2.061774451273509001e+00
1.892330239374694756e+01 1.312549506542506628e-01 2.136227946664527977e+00
1.894088910600879316e+01 1.397487144178650997e-01 2.194019739126413349e+00
1.895847581827063877e+01 1.451257808152343343e-01 2.230776520809212737e+00
1.897606253053248437e+01 1.472090493760056240e-01 2.245058625339930725e+00
1.899364924279433353e+01 1.462615707593828973e-01 2.238560064665184868e+00
1.901123595505617914e+01 1.429192394861935334e-01 2.215675053485429924e+00
1.902882266731802474e+01 1.380740219994900930e-01 2.182600743761089479e+00
1.904640937957987390e+01 1.327369035440127965e-01 2.146290362769986526e+00
1.906399609184171950e+01 1.279077120651099242e-01 2.113527996099034301e+00
1.908158280410356511e+01 1.244695035534679056e-01 2.090246115073024047e+00
1.909916951636541427e+01 1.231138277966174061e-01 2.081074474476554581e+00
1.911675622862725987e+01 1.242944259780930372e-01 2.089061406684864508e+00
1.913434294088910548e+01 1.282026895861872740e-01 2.115527004810037415e+00
1.915192965315095108e+01 1.347583051295825063e-01 2.160028965592267980e+00
1.916951636541280024e+01 1.436116013944149505e-01 2.220410775812772908e+00
1.918710307767464585e+01 1.541586119491274720e-01 2.292887757463046849e+00
1.920468978993649145e+01 1.655741318514489802e-01 2.372158193308045782e+00
1.922227650219834061e+01 1.768702945300042184e-01 2.451605481690245281e+00
1.923986321446018621e+01 1.869865129941263304e-01 2.523728436396993402e+00
1.925744992672203182e+01 1.949096683367180227e-01 2.580929230693224330e+00
1.927503663898387742e+01 1.998117962841108319e-01 2.616656984204676739e+00
1.929262335124572303e+01 2.011800794948238047e-01 2.626677269361978873e+00
1.931021006350756863e+01 1.989073184062384592e-01 2.610044880920881827e+00
1.932779677576941424e+01 1.933161946557015731e-01 2.569372202860539023e+00
1.934538348803126340e+01 1.851080689045487837e-01 2.510261466543307396e+00
1.936297020029310900e+01 1.752497822397868776e-01 2.440140840565458991e+00
1.938055691255495461e+01 1.648291534254003321e-01 2.366955573070854690e+00
1.939814362481680377e+01 1.549140526917081873e-01 2.298105310621129771e+00
1.941573033707864937e+01 1.464413292769295161e-01 2.239792602211077011e+00
1.943331704934049498e+01 1.401469674761059991e-01 2.196737183514583247e+00
1.945090376160234413e+01 1.365351736906039171e-01 2.172119166528110323e+00
1.946849047386418974e+01 1.358760558188444878e-01 2.167632846603195773e+00
1.948607718612603534e+01 1.382196338934329471e-01 2.183593096630952690e+00
1.950366389838788095e+01 1.434162841185725734e-01 2.219074562016264185e+00
1.952125061064973011e+01 1.511381074769783117e-01 2.272063125448286147e+00
1.953883732291157571e+01 1.609004443110081117e-01 2.339589365138115884e+00
1.955642403517342132e+01 1.720867790100500117e-01 2.417830273488775994e+00
1.957401074743527047e+01 1.839827795216281148e-01 2.502210744424219424e+00
1.959159745969711608e+01 1.958252714015038809e-01 2.587582253675374755e+00
1.960918417195896168e+01 2.068686451419605721e-01 2.668567987156419630e+00
1.962677088422081084e+01 2.164644091385785341e-01 2.740116913775286100e+00
1.964435759648265645e+01 2.241410640200327820e-01 2.798204330540836171e+00
1.966194430874450205e+01 2.296651347470972937e-01 2.840495791446630225e+00
1.967953102100634766e+01 2.330646334343924042e-01 2.866734395735377472e+00
1.969711773326819682e+01 2.346053509146028282e-01 2.878680800877813084e+00
1.971470444553004242e+01 2.347249567176243890e-01 2.879609638998848808e+00
1.973229115779188803e+01 2.339428186377956465e-01 2.873539452210151168e+00
1.974987787005373718e+01 2.327684835767579730e-01 2.864442037349760550e+00
1.976746458231558279e+01 2.316276569825161946e-01 2.855623185420540722e+00
1.978505129457742839e+01 2.308150875855614070e-01 2.849353164468806376e+00
1.980263800683927755e+01 2.304744068164524540e-01 2.846727162694369984e+00
1.982022471910112316e+01 2.305992491699027647e-01 2.847689269262235978e+00
1.983781143136296876e+01 2.310485552330884818e-01 2.851153707270915216e+00
1.985539814362481437e+01 2.315705624007682317e-01 2.855182320069769464e+00
1.987298485588666352e+01 2.318328211487201695e-01 2.857207778632381956e+00
1.989057156814850913e+01 2.314581287371727802e-01 2.854314280613294397e+00
1.990815828041035473e+01 2.300674768124712777e-01 2.843592657929522538e+00
1.992574499267220389e+01 2.273302317035852671e-01 2.822568612255227372e+00
1.994333170493404950e+01 2.230185053325026978e-01 2.789661301929857729e+00
1.996091841719589510e+01 2.170576360874860167e-01 2.744578183358817647e+00
1.997850512945774426e+01 2.095599631680594155e-01 2.688520647351695381e+00
1.999609184171958987e+01 2.008280297329868291e-01 2.624097086833867998e+00
2.001367855398143547e+01 1.913189367400389973e-01 2.554924845748929751e+00
2.003126526624328108e+01 1.815734637990371880e-01 2.485015003045048854e+00
2.004885197850513023e+01 1.721267365278702499e-01 2.418111577728116579e+00
2.006643869076697584e+01 1.634243743097124058e-01 2.357156875281063879e+00
2.008402540302882144e+01 1.557649889731016202e-01 2.303986962555814255e+00
2.010161211529067060e+01 1.492788170625240496e-01 2.259272714661161974e+00
2.011919882755251621e+01 1.439397705628525648e-01 2.222656313740261513e+00
2.013678553981436181e+01 1.396002008412341733e-01 2.193006562665273051e+00
2.015437225207620742e+01 1.360360232578907147e-01 2.168721504121102317e+00
2.017195896433805302e+01 1.329927151231777571e-01 2.148028134302122805e+00
2.018954567659989863e+01 1.302270303561082199e-01 2.129252970980339388e+00
2.020713238886174423e+01 1.275427604774870272e-01 2.111055147632072249e+00
2.022471910112359339e+01 1.248204911178720927e-01 2.092621391967985023e+00
2.024230581338543900e+01 1.220409863763976671e-01 2.073819232773788990e+00
2.025989252564728460e+01 1.193000286897004658e-01 2.055293303377902170e+00
2.027747923790913376e+01 1.168100815121404373e-01 2.038474218973363783e+00
2.029506595017097936e+01 1.148823625641747781e-01 2.025457749818906361e+00
2.031265266243282497e+01 1.138836599989007520e-01 2.018715424366500866e+00
2.033023937469467413e+01 1.141671959414143900e-01 2.020629534822324658e+00
2.034782608695651973e+01 1.159860799404289489e-01 2.032909914504510862e+00
2.036541279921836534e+01 1.194081977902675396e-01 2.056024163447776054e+00
2.038299951148021094e+01 1.242566919936461955e-01 2.088806079534374138e+00
2.040058622374206010e+01 1.300952926020765288e-01 2.128359322187028280e+00
2.041817293600390570e+01 1.362631801340319082e-01 2.170267604692068364e+00
2.043575964826575131e+01 1.419471789680782081e-01 2.209030369998600918e+00
2.045334636052760047e+01 1.462690890772789243e-01 2.238611611359703435e+00
2.047093307278944607e+01 1.483670817127882013e-01 2.253008303843957005e+00
2.048851978505129168e+01 1.474593950390185870e-01 2.246776546582480716e+00
2.050610649731314084e+01 1.428896249907050664e-01 2.215472547221762234e+00
2.052369320957498644e+01 1.341605924855612808e-01 2.155964903964381119e+00
2.054127992183683205e+01 1.209663037732097712e-01 2.066553899152725471e+00
2.055886663409867765e+01 1.032295484584291878e-01 1.946782094989933043e+00
2.057645334636052681e+01 8.114752419177340137e-02 1.796671019407443115e+00
2.059404005862237241e+01 5.524064314710413343e-02 1.614492827145129983e+00
2.061162677088421802e+01 2.639149421344670621e-02 1.387930229299381812e+00
2.062921348314606718e+01 4.146168519667935842e-03 1.137644531887981536e+00
2.064680019540791278e+01 3.479105670636239295e-02 1.458583951635699760e+00
2.066438690766975839e+01 6.374693465267271264e-02 1.675519257454585853e+00
2.068197361993160754e+01 8.918313219542380044e-02 1.851584102659260989e+00
2.069956033219345315e+01 1.094569825271405339e-01 1.988834476234476734e+00
2.071714704445529875e+01 1.233300384087939877e-01 2.082536932915231009e+00
2.073473375671714436e+01 1.301235477836473753e-01 2.128550987537870753e+00
2.075232046897899352e+01 1.297745591481253846e-01 2.126183854950339569e+00
2.076990718124083912e+01 1.227859368012644281e-01 2.078856802936576820e+00
2.078749389350268473e+01 1.100957266143480218e-01 1.993146118708849945e+00
2.080508060576453389e+01 9.290915559888103525e-02 1.876911480341896921e+00
2.082266731802637949e+01 7.253554387451868757e-02 1.737192195784289517e+00
2.084025403028822510e+01 5.025828253866228279e-02 1.577929491014109065e+00
2.085784074255007425e+01 2.724843499022547647e-02 1.395413262243370589e+00
2.087542745481191986e+01 4.518737528655889131e-03 1.144131880265391032e+00
2.089301416707376546e+01 1.709254420238338554e-02 1.300803500011741942e+00
2.091060087933561107e+01 3.692011881207227925e-02 1.475695132770464602e+00
2.092818759159746023e+01 5.446287183476155452e-02 1.608830008930304256e+00
2.094577430385930583e+01 6.937455224177324631e-02 1.715142803964176954e+00
2.096336101612115144e+01 8.145667496476818870e-02 1.798792659772181945e+00
2.098094772838300059e+01 9.065253334820291831e-02 1.861580724890060212e+00
2.099853444064484620e+01 9.703827489457898803e-02 1.904906452097030689e+00
2.101612115290669180e+01 1.008058343619408909e-01 1.930400120014827969e+00
2.103370786516854096e+01 1.022339565532703609e-01 1.940054285834899916e+00
2.105129457743038657e+01 1.016475939062649742e-01 1.936090979453173322e+00
2.106888128969223217e+01 9.937121424866106334e-02 1.920697231715400743e+00
2.108646800195407778e+01 9.568545158853265786e-02 1.895741649194369272e+00
2.110405471421592694e+01 9.079685454963150326e-02 1.862561949243464410e+00
2.112164142647777254e+01 8.482694028051609991e-02 1.821872070721378911e+00
2.113922813873961815e+01 7.782124748532585901e-02 1.773788911303061822e+00
2.115681485100146375e+01 6.977430125733433131e-02 1.717938792523008740e+00
2.117440156326330936e+01 6.066406802645291779e-02 1.653578395092170972e+00
2.119198827552515496e+01 5.048958345090517191e-02 1.579642838002091931e+00
2.120957498778700412e+01 3.930680212612992080e-02 1.494572531624676071e+00
2.122716170004884972e+01 2.725902266382276146e-02 1.395505265917119209e+00
2.124474841231069533e+01 1.459872094066398326e-02 1.274860385618268088e+00
2.126233512457254093e+01 1.697264522765562804e-03 1.085936126117357237e+00
2.127992183683439009e+01 1.096159655756787261e-02 1.233882202490583113e+00
2.129750854909623570e+01 2.280834212367560329e-02 1.355780056928501232e+00
2.131509526135808130e+01 3.323618270155755117e-02 1.445908530246154733e+00
2.133268197361993046e+01 4.166872356575572478e-02 1.512970646232674410e+00
2.135026868588177607e+01 4.763778312087821321e-02 1.558398039842883165e+00
2.136785539814362167e+01 5.085647491715945823e-02 1.582357187650250463e+00
2.138544211040547083e+01 5.127027261972600530e-02 1.585413660726572527e+00
2.140302882266731643e+01 4.907218528830965820e-02 1.569117039703889604e+00
2.142061553492916204e+01 4.467705289813501263e-02 1.536041814536749373e+00
2.143820224719100764e+01 3.866096845542091320e-02 1.489494106016947983e+00
2.145578895945285680e+01 3.168030381586149635e-02 1.433059291883817199e+00
2.147337567171470241e+01 2.438760530594876602e-02 1.370132483591748773e+00
2.149096238397654801e+01 1.735869477325287930e-02 1.303490385509452842e+00
2.150854909623839717e+01 1.103918628759680345e-02 1.234805498278915836e+00
2.152613580850024277e+01 5.712476696496853433e-03 1.163520919086108663e+00
2.154372252076208838e+01 1.487225661550763394e-03 1.080222890551112647e+00
2.156130923302393754e+01 1.699037047001267491e-03 1.085982916417754351e+00
2.157889594528578314e+01 4.062896671118667452e-03 1.136160711419847757e+00
2.159648265754762875e+01 5.945870655284284101e-03 1.167104265440504607e+00
2.161406936980947435e+01 7.773201789298900960e-03 1.193381120320473165e+00
2.163165608207132351e+01 1.000103276870883441e-02 1.222234972197163705e+00
2.164924279433316912e+01 1.305447595545614070e-02 1.257989237474761879e+00
2.166682950659501472e+01 1.726276143190662651e-02 1.302523571760234811e+00
2.168441621885686388e+01 2.280159334279393060e-02 1.355718054506037662e+00
2.170200293111870948e+01 2.965498374078307312e-02 1.416060689368440428e+00
2.171958964338055509e+01 3.760717093845093034e-02 1.481160806705154265e+00
2.173717635564240425e+01 4.626920138713420255e-02 1.548104289237852482e+00
2.175476306790424985e+01 5.513608404556104986e-02 1.613732454075662570e+00
2.177234978016609546e+01 6.366256008780490916e-02 1.674921142385462858e+00
2.178993649242794106e+01 7.134172864256348168e-02 1.728880501268271974e+00
2.180752320468979022e+01 7.777219187329335870e-02 1.773450658097183608e+00
2.182510991695163582e+01 8.270462343500041558e-02 1.807348970251261511e+00
2.184269662921348143e+01 8.606492453693830036e-02 1.830328488814344290e+00
2.186028334147533059e+01 8.795594038588719354e-02 1.843225947374205420e+00
2.187787005373717619e+01 8.864196528418999410e-02 1.847899411885828957e+00
2.189545676599902180e+01 8.852023581932354224e-02 1.847070347889757436e+00
2.191304347826087096e+01 8.808232931425484524e-02 1.844087168743442140e+00
2.193063019052271656e+01 8.786701126719381749e-02 1.842619921181968934e+00
2.194821690278456217e+01 8.840553368681340618e-02 1.846289065244185679e+00
2.196580361504640777e+01 9.016120935755302102e-02 1.858239449507666619e+00
2.198339032730825693e+01 9.346733134787595099e-02 1.880699876695121731e+00
2.200097703957010253e+01 9.847063871276177938e-02 1.914603501647936801e+00
2.201856375183194814e+01 1.050903603975338885e-01 1.959352264089227136e+00
2.203615046409379374e+01 1.130037499416162300e-01 2.012775541828883963e+00
2.205373717635563935e+01 1.216664670834007311e-01 2.071287058121482616e+00
2.207132388861748495e+01 1.303697894577930394e-01 2.130221449538118872e+00
2.208891060087933411e+01 1.383278931015151092e-01 2.184330951119525466e+00
2.210649731314117972e+01 1.447803731991812171e-01 2.228410851737049558e+00
2.212408402540302532e+01 1.490910633565824817e-01 2.257982281618874598e+00
2.214167073766487093e+01 1.508257526466743048e-01 2.269912901645791070e+00
2.215925744992672008e+01 1.497977433410298542e-01 2.262840396986351088e+00
2.217684416218856569e+01 1.460785115826757907e-01 2.237305081398218931e+00
2.219443087445041130e+01 1.399778731238730811e-01 2.195583290905137819e+00
2.221201758671226045e+01 1.320020532577664829e-01 2.141299753762143876e+00
2.222960429897410606e+01 1.227986703647752503e-01 2.078942921251309528e+00
2.224719101123595166e+01 1.130958948908892397e-01 2.013397555341450484e+00
2.226477772349780082e+01 1.036404142861574312e-01 1.949558044059352735e+00
2.228236443575964643e+01 9.513658840957504859e-02 1.892021446465899537e+00
2.229995114802149203e+01 8.818810210976217590e-02 1.844807836536330292e+00
2.231753786028333764e+01 8.324378931352487132e-02 1.811041764641665885e+00
2.233512457254518679e+01 8.055093468625645903e-02 1.792574410068714208e+00
2.235271128480703240e+01 8.012161894246733196e-02 1.789624479050223815e+00
2.237029799706887800e+01 8.171947193883546956e-02 1.800595545873408199e+00
2.238788470933072716e+01 8.487415039888705770e-02 1.822194750748062697e+00
2.240547142159257277e+01 8.892778076203046445e-02 1.849845678769724611e+00
2.242305813385441837e+01 9.311130587801717817e-02 1.878283654221341692e+00
2.244064484611626753e+01 9.664060254797732230e-02 1.902213051576204794e+00
2.245823155837811314e+01 9.881537402477401366e-02 1.916936418396340658e+00
2.247581827063995874e+01 9.910139210634263951e-02 1.918871722814666780e+00
2.249340498290180435e+01 9.718026419930418658e-02 1.905868005393363429e+00
2.251099169516365350e+01 9.295934516919072965e-02 1.877252178681433126e+00
2.252857840742549911e+01 8.654429071636232651e-02 1.833600134269602888e+00
2.254616511968734471e+01 7.818436357619869270e-02 1.776291959594188619e+00
2.256375183194919387e+01 6.820387950287792878e-02 1.706941351199642520e+00
2.258133854421103948e+01 5.693229887052200788e-02 1.626757124019202250e+00
2.259892525647288508e+01 4.464217105679017111e-02 1.535776446066954737e+00
2.261651196873473424e+01 3.150049387504646331e-02 1.431563005197736382e+00
2.263409868099657984e+01 1.753654383503987571e-02 1.305277838332507656e+00
2.265168539325842545e+01 2.628431808595368697e-03 1.108077405534415139e+00
2.266927210552027105e+01 1.348874702491096624e-02 1.262804528240687452e+00
2.268685881778212021e+01 3.118926733588208225e-02 1.428967380667053311e+00
2.270444553004396582e+01 5.089386291950058483e-02 1.582633562454963005e+00
2.272203224230581142e+01 7.297698241769477734e-02 1.740261025512240156e+00
2.273961895456766058e+01 9.765133754931766552e-02 1.909057650543798390e+00
2.275720566682950619e+01 1.248484907547022238e-01 2.092810890230324627e+00
2.277479237909135179e+01 1.541256251363025964e-01 2.292660015258196626e+00
2.279237909135320095e+01 1.846323144136003402e-01 2.506856232410842988e+00
2.280996580361504655e+01 2.151601845501836530e-01 2.730324571307182424e+00
2.282755251587689216e+01 2.442730772010489604e-01 2.954444001801114883e+00
2.284513922813873776e+01 2.704863710717029246e-01 3.167387646231331733e+00
2.286272594040058692e+01 2.924472054406009880e-01 3.355247812960771014e+00
2.288031265266243253e+01 3.090717802392825009e-01 3.503918644272027372e+00
2.289789936492427813e+01 3.196175583470060033e-01 3.601374739269878500e+00
2.291548607718612729e+01 3.236937007512631914e-01 3.639734571419435127e+00
2.293307278944797289e+01 3.212302413601348383e-01 3.616504350412929725e+00
2.295065950170981850e+01 3.124311193090642536e-01 3.534688599199407921e+00
2.296824621397166766e+01 2.977311490737556965e-01 3.401868192099807509e+00
2.298583292623351326e+01 2.777676851773730471e-01 3.228657927889436507e+00
2.300341963849535887e+01 2.533682240584306800e-01 3.027037164380744994e+00
2.302100635075720447e+01 2.255473537258242400e-01 2.808930777478635843e+00
2.303859306301905008e+01 1.955008612854452765e-01 2.585223958493652052e+00
2.305617977528089568e+01 1.645819475095429418e-01 2.365230144687711089e+00
2.307376648754274129e+01 1.342455389786879894e-01 2.156542398716772002e+00
2.309135319980459045e+01 1.059530898677313177e-01 1.965178554424380275e+00
2.310893991206643605e+01 8.104234341753441262e-02 1.795948997857412799e+00
2.312652662432828166e+01 6.058166673288244847e-02 1.652989384288132468e+00
2.314411333659013081e+01 4.524074978683748083e-02 1.540323604784890055e+00
2.316170004885197642e+01 3.521158573093791794e-02 1.461985418490310273e+00
2.317928676111382202e+01 3.020228042663606824e-02 1.420686312920398819e+00
2.319687347337566763e+01 2.950510750775708207e-02 1.414789644591465168e+00
2.321446018563751679e+01 3.211889345520067135e-02 1.436698969395066250e+00
2.323204689789936239e+01 3.689374280726116784e-02 1.475484777941323378e+00
2.324963361016120800e+01 4.266690993103059576e-02 1.520668538803425118e+00
2.326722032242305715e+01 4.836901169417227864e-02 1.563871029310358374e+00
2.328480703468490276e+01 5.309310948526585472e-02 1.598818179765603587e+00
2.330239374694674837e+01 5.612985810611915982e-02 1.620948270048307993e+00
2.331998045920859752e+01 5.697751347477426898e-02 1.627083972939396883e+00
2.333756717147044313e+01 5.533651345515554210e-02 1.615189769926851815e+00
2.335515388373228873e+01 5.109631029720400341e-02 1.584129333934260364e+00
2.337274059599413434e+01 4.431890560050782274e-02 1.533314859341988079e+00
2.339032730825598350e+01 3.522039077873259649e-02 1.462056521057630842e+00
2.340791402051782910e+01 2.414948692633710897e-02 1.367987794039854377e+00
2.342550073277967471e+01 1.156101839208445274e-02 1.240952040314760696e+00
2.344308744504152386e+01 2.017393716313355123e-03 1.094055346546769281e+00
2.346067415730336947e+01 1.602548902130225897e-02 1.289880089260545981e+00
2.347826086956521507e+01 2.991500692012536225e-02 1.418261412580771319e+00
2.349584758182706423e+01 4.319405464150256890e-02 1.524716323023870945e+00
2.351343429408890984e+01 5.546510636420111384e-02 1.616124229715778515e+00
2.353102100635075544e+01 6.645091291980013970e-02 1.694621553885696574e+00
2.354860771861260105e+01 7.600471510505925343e-02 1.761246832111399208e+00
2.356619443087445021e+01 8.410428510950319902e-02 1.816930720502292207e+00
2.358378114313629581e+01 9.083236367795054222e-02 1.862803355529593752e+00
2.360136785539814142e+01 9.634806300281457958e-02 1.900231361444148614e+00
2.361895456765999057e+01 1.008543734163832306e-01 1.930728320108600515e+00
2.363654127992183618e+01 1.045662704334770626e-01 1.955812450223404442e+00
2.365412799218368178e+01 1.076826693213992076e-01 1.976856619090612055e+00
2.367171470444553094e+01 1.103642549490944369e-01 1.994958706622571576e+00
2.368930141670737655e+01 1.127184356629738066e-01 2.010849581608807224e+00
2.370688812896922215e+01 1.147923895955001022e-01 2.024850306979843140e+00
2.372447484123106776e+01 1.165750916713015894e-01 2.036887310970496578e+00
2.374206155349291691e+01 1.180087848812121087e-01 2.046570179763960606e+00
2.375964826575476252e+01 1.190090679630184806e-01 2.053327475706977712e+00
2.377723497801660812e+01 1.194905423994875177e-01 2.056580549052401619e+00
2.379482169027845728e+01 1.193925473895849632e-01 2.055918418124667912e+00
2.381240840254030289e+01 1.186983596023001991e-01 2.051228367812179876e+00
2.382999511480214849e+01 1.174425951555684161e-01 2.042745953631725619e+00
2.384758182706399765e+01 1.157053301256031896e-01 2.031014225531629691e+00
2.386516853932584326e+01 1.135959320034017339e-01 2.016773059526330680e+00
2.388275525158768886e+01 1.112325298614948305e-01 2.000819576626225338e+00
2.390034196384953447e+01 1.087232771056408087e-01 1.983881650137552244e+00
2.391792867611138007e+01 1.061535921482545664e-01 1.966532487368626514e+00
2.393551538837322568e+01 1.035808718888479307e-01 1.949155772986042034e+00
2.395310210063507128e+01 1.010360422364259131e-01 1.931956637776777841e+00
2.397068881289692044e+01 9.853022972553281134e-02 1.915006794719801952e+00
2.398827552515876604e+01 9.606461997046621126e-02 1.898311005683324337e+00
2.400586223742061165e+01 9.364175637595471835e-02 1.881883438222994531e+00
2.402344894968246081e+01 9.127673135629481294e-02 1.865823814766225386e+00
2.404103566194430641e+01 8.900673480462879816e-02 1.850383234984196656e+00
2.405862237420615202e+01 8.689726013479234790e-02 1.836008163629239798e+00
2.407620908646799762e+01 8.504310666155352749e-02 1.823349432285676919e+00
2.409379579872984678e+01 8.356245040157077308e-02 1.813223236361203528e+00
2.411138251099169239e+01 8.258298739107802766e-02 1.806515555800104478e+00
2.412896922325353799e+01 8.222063974630398897e-02 1.804032149541457741e+00
2.414655593551538715e+01 8.255338294980889280e-02 1.806312696919432748e+00
2.416414264777723275e+01 8.359482498894216240e-02 1.813444820773670418e+00
2.418172936003907836e+01 8.527341322972777082e-02 1.824923068347820365e+00
2.419931607230092752e+01 8.742287306800312907e-02 1.839592520712153956e+00
2.421690278456277312e+01 8.978756709222514287e-02 1.855697612985110379e+00
2.423448949682461873e+01 9.204347981212197827e-02 1.871033259111719582e+00
2.425207620908646433e+01 9.383246284868518305e-02 1.883177328606181922e+00
2.426966292134831349e+01 9.480507563702342266e-02 1.889773889592373246e+00
2.428724963361015909e+01 9.466617632964188789e-02 1.888832065897988910e+00
2.430483634587200470e+01 9.321720462803291529e-02 1.879002410781715593e+00
2.432242305813385386e+01 9.038950763580810843e-02 1.859792162551867856e+00
2.434000977039569946e+01 8.626387644807392840e-02 1.831686509157018028e+00
2.435759648265754507e+01 8.107270568385566145e-02 1.796157431775545099e+00
2.437518319491939423e+01 7.518297372697246850e-02 1.755561590769925129e+00
2.439276990718123983e+01 6.906052560002869101e-02 1.712944780437516412e+00
2.441035661944308544e+01 6.321857166781749693e-02 1.671771660500213086e+00
2.442794333170493104e+01 5.815530580027828550e-02 1.635581258311305186e+00
2.444553004396678020e+01 5.428655358942478804e-02 1.607544081798871316e+00
2.446311675622862580e+01 5.187922068444777296e-02 1.589902324011028156e+00
2.448070346849047141e+01 5.099042216228146657e-02 1.583347139490087319e+00
2.449829018075232057e+01 5.141641531529456133e-02 1.586491902911849383e+00
2.451587689301416617e+01 5.265585658200550717e-02 1.595611422080109643e+00
2.453346360527601178e+01 5.389413597482370366e-02 1.604679143762972826e+00
2.455105031753786093e+01 5.401934731539840412e-02 1.605593724018609558e+00
2.456863702979970654e+01 5.168401837939850391e-02 1.588464641628741347e+00
2.458622374206155214e+01 4.542636933899449336e-02 1.541730859303167778e+00
2.460381045432339775e+01 3.385581122817647032e-02 1.450978851381366619e+00
2.462139716658524691e+01 1.588667662738484435e-02 1.288440434053484962e+00
2.463898387884709251e+01 9.024486983833049716e-03 1.209938157894068667e+00
2.465657059110893812e+01 4.070567872763382333e-02 1.505501089879028864e+00
2.467415730337078728e+01 7.822614631643531879e-02 1.776579894471152610e+00
2.469174401563263288e+01 1.200126184643059007e-01 2.060108366257975998e+00
2.470933072789447849e+01 1.640966177844445928e-01 2.361844053422641920e+00
2.472691744015632764e+01 2.084161822519411400e-01 2.680030287009461443e+00
2.474450415241817325e+01 2.510840125692899716e-01 3.008681521612321497e+00
2.476209086468001885e+01 2.905613462206658171e-01 3.338747028859291532e+00
2.477967757694186446e+01 3.257210607981696482e-01 3.658961397126920811e+00
2.479726428920371362e+01 3.558195718695196796e-01 3.956704884564564484e+00
2.481485100146555922e+01 3.804130256755297590e-01 4.218884141773494356e+00
2.483243771372740483e+01 3.992516153774659515e-01 4.432769015493801312e+00
2.485002442598925398e+01 4.121755677922800398e-01 4.586732769693957934e+00
2.486761113825109959e+01 4.190254236904518703e-01 4.670890942144973579e+00
2.488519785051294519e+01 4.195718614721269946e-01 4.677683627648769438e+00
2.490278456277479080e+01 4.134676371593638544e-01 4.602468324943810529e+00
2.492037127503663640e+01 4.002259937315725824e-01 4.444164480201702183e+00
2.493795798729848201e+01 3.792355943804146534e-01 4.205907615582450632e+00
2.495554469956032762e+01 3.498308293897533505e-01 3.895541215140779556e+00
2.497313141182217677e+01 3.114457832441678842e-01 3.525637167705782282e+00
2.499071812408402238e+01 2.638832663423164027e-01 3.112651227961006128e+00
2.500830483634586798e+01 2.077121079262267134e-01 2.674811776753589054e+00
2.502589154860771714e+01 1.447443035914634524e-01 2.228163851140511742e+00
2.504347826086956275e+01 7.842741255725163563e-02 1.777966628258532245e+00
2.506106497313140835e+01 1.386120014345396112e-02 1.266888998497018415e+00
2.507865168539325751e+01 4.285136962891993029e-02 1.522086299583949476e+00
2.509623839765510311e+01 8.592740033313371606e-02 1.829389610637961461e+00
2.511382510991694872e+01 1.114228468562857149e-01 2.002104217313689372e+00
2.513141182217879432e+01 1.181905634162273150e-01 2.047798059027865047e+00
2.514899853444064348e+01 1.078146961155708045e-01 1.977747956172949184e+00
2.516658524670248909e+01 8.370438000077563834e-02 1.814194599076145442e+00
2.518417195896433469e+01 4.993910116173271019e-02 1.575562437764727264e+00
2.520175867122618385e+01 1.037574346617981501e-02 1.226827780602653739e+00
2.521934538348802946e+01 3.180223794830674966e-02 1.434072595436189257e+00
2.523693209574987506e+01 7.417015620423408895e-02 1.748543898091025062e+00
2.525451880801172422e+01 1.149430715285480187e-01 2.025867623287456620e+00
2.527210552027356982e+01 1.527881863183531141e-01 2.283432246687255862e+00
2.528969223253541543e+01 1.866506355145352847e-01 2.521317872911483349e+00
2.530727894479726103e+01 2.156326899349286230e-01 2.733869711050162632e+00
2.532486565705911019e+01 2.389424426434638149e-01 2.912496177270122999e+00
2.534245236932095580e+01 2.559143230984196049e-01 3.047597738717113369e+00
2.536003908158280140e+01 2.660911178366229257e-01 3.130867584681842342e+00
2.537762579384465056e+01 2.693410350478128712e-01 3.157837892771210075e+00
2.539521250610649616e+01 2.659668396484743957e-01 3.129839935349350011e+00
2.541279921836834177e+01 2.567573848743048837e-01 3.054429331267784598e+00
2.543038593063019093e+01 2.429454557332633713e-01 2.943956180303140435e+00
2.544797264289203653e+01 2.260696632587262112e-01 2.812921567102661058e+00
2.546555935515388214e+01 2.077766241577051198e-01 2.675289714193286983e+00
2.548314606741572774e+01 1.896210386219991939e-01 2.542675827685166201e+00
2.550073277967757690e+01 1.729146206880907699e-01 2.423661144633828535e+00
2.551831949193942251e+01 1.586479422854479848e-01 2.323950608879468582e+00
2.553590620420126811e+01 1.474800631803668827e-01 2.246918391495062561e+00
2.555349291646311727e+01 1.397730504455927669e-01 2.194185772216300290e+00
2.557107962872496287e+01 1.356450205259695507e-01 2.166060726654674529e+00
2.558866634098680848e+01 1.350213517392636620e-01 2.161817968698174663e+00
2.560625305324865764e+01 1.376729348978469325e-01 2.179867806392760343e+00
2.562383976551050324e+01 1.432387151718367280e-01 2.217859941928309819e+00
2.564142647777234885e+01 1.512359290744227369e-01 2.272736645061280925e+00
2.565901319003419445e+01 1.610653948778228428e-01 2.340736037029501837e+00
2.567659990229604361e+01 1.720212062975328138e-01 2.417368665721841836e+00
2.569418661455788921e+01 1.833140111829333341e-01 2.497431999176043860e+00
2.571177332681973482e+01 1.941142031248077049e-01 2.575156529230798519e+00
2.572936003908158398e+01 2.036156468003111064e-01 2.644566594130233650e+00
2.574694675134342958e+01 2.111130490756547573e-01 2.700074893981456725e+00
2.576453346360527519e+01 2.160793502989389325e-01 2.737223561069023425e+00
2.578212017586712079e+01 2.182267325310766615e-01 2.753383501360816332e+00
2.579970688812896640e+01 2.175379197025259503e-01 2.748193406416698625e+00
2.581729360039081200e+01 2.142624105296845327e-01 2.723596523502737288e+00
2.583488031265265761e+01 2.088815459788509743e-01 2.683482794514264747e+00
2.585246702491450677e+01 2.020527654081755442e-01 2.633079319435521093e+00
2.587005373717635237e+01 1.945448114253180427e-01 2.578280612162307417e+00
2.588764044943819798e+01 1.871725388149378111e-01 2.525064015331959677e+00
2.590522716170004713e+01 1.807348305732592586e-01 2.479042551754306878e+00
2.592281387396189274e+01 1.759547723428368793e-01 2.445125545454453597e+00
2.594040058622373834e+01 1.734197790786877469e-01 2.427222111256362336e+00
2.595798729848558750e+01 1.735216532337297834e-01 2.427940511506625043e+00
2.597557401074743311e+01 1.764019554882138296e-01 2.448289702527060019e+00
2.599316072300927871e+01 1.819142735623502094e-01 2.487444039873570656e+00
2.601074743527112432e+01 1.896182215545847982e-01 2.542655529559307848e+00
2.602833414753297347e+01 1.988165800204677591e-01 2.609382053189401418e+00
2.604592085979481908e+01 2.086359587192268827e-01 2.681660469257960422e+00
2.606350757205666469e+01 2.181366362406395587e-01 2.752704289814356109e+00
2.608109428431851384e+01 2.264262930888119307e-01 2.815648607679491988e+00
2.609868099658035945e+01 2.327514590990312215e-01 2.864310297110232550e+00
2.611626770884220505e+01 2.365500367418185146e-01 2.893808816496230563e+00
2.613385442110405421e+01 2.374626718457547303e-01 2.900927503332585200e+00
2.615144113336589982e+01 2.353128643966041766e-01 2.884178258662775107e+00
2.616902784562774542e+01 2.300714018096151892e-01 2.843622880264283115e+00
2.618661455788959103e+01 2.218201199892471664e-01 2.780559923604228878e+00
2.620420127015144018e+01 2.107258249869531364e-01 2.697191350117946307e+00
2.622178798241328579e+01 1.970301670388583115e-01 2.596351303542287159e+00
2.623937469467513139e+01 1.810568024762713724e-01 2.481334734760112681e+00
2.625696140693698055e+01 1.632334580502864396e-01 2.355826351872738034e+00
2.627454811919882616e+01 1.441230270128062707e-01 2.223910516295687145e+00
2.629213483146067176e+01 1.244542218439333575e-01 2.090142704390087758e+00
2.630972154372252092e+01 1.051390530636763798e-01 1.959681125875927021e+00
2.632730825598436653e+01 8.726312541099665032e-02 1.838503324978259634e+00
2.634489496824621213e+01 7.203781899554949353e-02 1.733729122910649290e+00
2.636248168050805774e+01 6.071246255889953258e-02 1.653924258328131724e+00
2.638006839276990689e+01 5.445826270780706330e-02 1.608796403956006982e+00
2.639765510503175250e+01 5.424864463209581877e-02 1.607267496686107355e+00
2.641524181729359810e+01 6.076546496690215377e-02 1.654302998134230096e+00
2.643282852955544726e+01 7.435299976067652472e-02 1.749811676332248878e+00
2.645041524181729287e+01 9.502444298009181389e-02 1.891261182027978105e+00
2.646800195407913847e+01 1.225074600911570805e-01 2.076973525612142435e+00
2.648558866634098763e+01 1.563047076220631104e-01 2.307720013012084515e+00
2.650317537860283323e+01 1.957454412748660943e-01 2.587001823221651176e+00
2.652076209086467884e+01 2.400128245620455625e-01 2.920884682131716925e+00
2.653834880312652444e+01 2.881432264453053227e-01 3.317693666665089580e+00
2.655593551538837360e+01 3.390045351203070378e-01 3.787448760969764017e+00
2.657352222765021921e+01 3.912683670390291746e-01 4.340660461396333325e+00
2.659110893991206481e+01 4.433954244559643598e-01 4.985863250401738611e+00
2.660869565217391397e+01 4.936536130806858935e-01 5.725059844053573599e+00
2.662628236443575958e+01 5.401838723768391803e-01 6.546373070735050703e+00
2.664386907669760518e+01 5.811182530580422112e-01 7.414361041127457419e+00
2.666145578895945434e+01 6.147396712579048517e-01 8.261547202541331458e+00
2.667904250122129994e+01 6.396570440918546430e-01 8.989292668692975496e+00
2.669662921348314555e+01 6.549595489910775559e-01 9.487441147371573180e+00
2.671421592574499115e+01 6.603151810335081695e-01 9.672233179816833726e+00
2.673180263800684031e+01 6.559926416452075415e-01 9.522645418722353483e+00
2.674938935026868592e+01 6.428067371389581952e-01 9.088388998165688903e+00
2.676697606253053152e+01 6.220070767584992000e-01 8.464062116767808064e+00
2.678456277479237713e+01 5.951404353682000492e-01 7.750952730959662418e+00
2.680214948705422273e+01 5.639162731179617749e-01 7.030309229949460281e+00
2.681973619931606834e+01 5.300953909092048777e-01 6.355009792602203333e+00
2.683732291157791749e+01 4.954088345007402472e-01 5.753399451010903221e+00
2.685490962383976310e+01 4.615026779507260812e-01 5.237133650276998509e+00
2.687249633610160870e+01 4.298969495699333510e-01 4.808301749154614946e+00
2.689008304836345431e+01 4.019446611264417824e-01 4.464347365196220885e+00
2.690766976062530347e+01 3.787797082965883577e-01 4.200895201580532756e+00
2.692525647288714907e+01 3.612499134313490456e-01 4.013042583191453794e+00
2.694284318514899468e+01 3.498423711561866600e-01 3.895658135855840865e+00
2.696042989741084384e+01 3.446194261623387045e-01 3.843118683160298588e+00
2.697801660967268944e+01 3.451900213803401618e-01 3.848822689732951385e+00
2.699560332193453505e+01 3.507377470666519503e-01 3.904739657875370362e+00
2.701319003419638065e+01 3.601123390973871574e-01 4.001170381548803334e+00
2.703077674645822981e+01 3.719706994889452334e-01 4.126811775997852649e+00
2.704836345872007541e+01 3.849365953675730201e-01 4.269156236844704466e+00
2.706595017098192102e+01 3.977435630800913446e-01 4.415198706692905262e+00
2.708353688324377018e+01 4.093346494671780689e-01 4.552357726186607501e+00
2.710112359550561578e+01 4.189094483816347969e-01 4.669450792245592119e+00
2.711871030776746139e+01 4.259248505933797002e-01 4.757536046551590125e+00
2.713629702002931054e+01 4.300652868495600800e-01 4.810467736362729063e+00
2.715388373229115615e+01 4.312000891302540384e-01 4.825100329951346190e+00
2.717147044455300176e+01 4.293422874251904275e-01 4.801173358049122264e+00
2.718905715681484736e+01 4.246177566594155350e-01 4.740973158030325152e+00
2.720664386907669652e+01 4.172482253286625697e-01 4.648880405803365257e+00
2.722423058133854212e+01 4.075470724657400678e-01 4.530883753060494179e+00
2.724181729360038773e+01 3.959231232743421480e-01 4.394095639614858051e+00
2.725940400586223689e+01 3.828848017289215866e-01 4.246271243797564487e+00
2.727699071812408249e+01 3.690354678666941113e-01 4.095319350797081093e+00
2.729457743038592810e+01 3.550515311151380971e-01 3.948804699178392497e+00
2.731216414264777725e+01 3.416388983758985032e-01 3.813464343101620191e+00
2.732975085490962286e+01 3.294702725772566954e-01 3.694780698191992840e+00
2.734733756717146846e+01 3.191136214782694935e-01 3.596659518244919251e+00
2.736492427943331407e+01 3.109672057640066045e-01 3.521248768683538977e+00
2.738251099169516323e+01 3.052159167777763193e-01 3.468909221238093643e+00
2.740009770395700883e+01 3.018172233299645235e-01 3.438319004886635444e+00
2.741768441621885444e+01 3.005159326611471782e-01 3.426672192840499953e+00
2.743527112848070360e+01 3.008796252124831261e-01 3.429923686655083959e+00
2.745285784074254920e+01 3.023438587386222953e-01 3.443042763945906248e+00
2.747044455300439481e+01 3.042580555118539754e-01 3.460262685514259307e+00
2.748803126526624396e+01 3.059273550894524019e-01 3.475344224762260570e+00
2.750561797752808957e+01 3.066502306299224712e-01 3.481893995320801682e+00
2.752320468978993517e+01 3.057547005531776052e-01 3.473781540090093767e+00
2.754079140205178078e+01 3.026368851161683748e-01 3.445673692387126064e+00
2.755837811431362994e+01 2.968045049082508879e-01 3.393650653769960890e+00
2.757596482657547554e+01 2.879250978974494668e-01 3.315800260930720889e+00
2.759355153883732115e+01 2.758749112015450033e-01 3.212636684835534329e+00
2.761113825109917030e+01 2.607806051599504960e-01 3.087194774839588707e+00
2.762872496336101591e+01 2.430434186243611017e-01 2.944729132627026846e+00
2.764631167562286151e+01 2.233356320213752688e-01 2.792073012196769177e+00
2.766389838788470712e+01 2.025627681450395678e-01 2.636824765772942669e+00
2.768148510014655272e+01 1.817914850460740084e-01 2.486568767625603638e+00
2.769907181240839833e+01 1.621506533759383695e-01 2.348285342161521072e+00
2.771665852467024393e+01 1.447190856337718379e-01 2.227991165587889011e+00
2.773424523693209309e+01 1.304157624817519345e-01 2.130533345472094719e+00
2.775183194919393870e+01 1.199067431939164208e-01 2.059392900321571851e+00
2.776941866145578430e+01 1.135385359141298928e-01 2.016385600939218925e+00
2.778700537371763346e+01 1.113026916073952127e-01 2.001293168589993510e+00
2.780459208597947907e+01 1.128325860151877802e-01 2.011620128597066959e+00
2.782217879824132467e+01 1.174314177629247752e-01 2.042670462029674283e+00
2.783976551050317383e+01 1.241297918479972728e-01 2.087947434419078707e+00
2.785735222276501943e+01 1.317705935330567568e-01 2.139728244148967562e+00
2.787493893502686504e+01 1.391170048583547647e-01 2.189710862273830383e+00
2.789252564728871064e+01 1.449760889570065880e-01 2.229751213803623511e+00
2.791011235955055980e+01 1.483261130030860131e-01 2.252726928344940482e+00
2.792769907181240541e+01 1.484323736339178135e-01 2.253456752902616600e+00
2.794528578407425101e+01 1.449355840021687436e-01 2.229473798034360854e+00
2.796287249633610017e+01 1.378999154627892354e-01 2.181414323753786633e+00
2.798045920859794577e+01 1.278140739432369333e-01 2.112893482581009952e+00
2.799804592085979138e+01 1.155464060133475496e-01 2.029941164322784708e+00
2.801563263312164054e+01 1.022615073883923753e-01 1.940240488605532221e+00
2.803321934538348614e+01 8.930934673579114802e-02 1.852443230232730720e+00
2.805080605764533175e+01 7.809818995059945868e-02 1.775698062094759777e+00
2.806839276990717735e+01 6.996076620223934395e-02 1.719242220873457905e+00
2.808597948216902651e+01 6.602112463488131466e-02 1.691593557846814422e+00
2.810356619443087212e+01 6.706933787585221685e-02 1.698973324344840163e+00
2.812115290669271772e+01 7.345350098191859300e-02 1.743571024029231697e+00
2.813873961895456688e+01 8.500270676158737382e-02 1.823073349631444406e+00
2.815632633121641248e+01 1.009985225557839539e-01 1.931702962109112409e+00
2.817391304347825809e+01 1.202124664286566974e-01 2.061458916786605755e+00
2.819149975574010725e+01 1.410199129134676876e-01 2.202696318749254978e+00
2.820908646800195285e+01 1.615860705900948047e-01 2.344356886119721484e+00
2.822667318026379846e+01 1.801006826425253227e-01 2.474530781040325866e+00
2.824425989252564406e+01 1.950221402530875614e-01 2.581745992264190104e+00
2.826184660478749322e+01 2.052863328440318047e-01 2.656877711692130273e+00
2.827943331704933883e+01 2.104440901373263173e-01 2.695094514375626638e+00
2.829702002931118443e+01 2.107100967975607531e-01 2.697074265979563457e+00
2.831460674157303359e+01 2.069274187293970169e-01 2.669002786263586113e+00
2.833219345383487919e+01 2.004669588877795727e-01 2.621452254216197542e+00
2.834978016609672480e+01 1.930860999482032769e-01 2.567705636319482565e+00
2.836736687835857396e+01 1.867665292020365686e-01 2.522149503915902535e+00
2.838495359062041956e+01 1.835421952885587793e-01 2.499062020934612605e+00
2.840254030288226517e+01 1.853196895907243957e-01 2.511776868212066027e+00
2.842012701514411077e+01 1.936892466134771118e-01 2.572075403614765055e+00
2.843771372740595993e+01 2.097275425035584062e-01 2.689765937507039517e+00
2.845530043966780553e+01 2.338041369886026954e-01 2.872464067383577735e+00
2.847288715192965114e+01 2.654197213028535729e-01 3.125319067399431106e+00
2.849047386419150030e+01 3.031206007193180119e-01 3.450020749655436703e+00
2.850806057645334590e+01 3.445406279394864213e-01 3.842331653635560507e+00
2.852564728871519151e+01 3.866089433648163820e-01 4.287911639805709996e+00
2.854323400097704067e+01 4.259251450202516942e-01 4.757539785285027634e+00
2.856082071323888627e+01 4.592516405868772855e-01 5.205034362699799466e+00
2.857840742550073188e+01 4.840278979758481093e-01 5.572917909926678348e+00
2.859599413776257748e+01 4.987973378941037983e-01 5.808646432533457471e+00
2.861358085002442664e+01 5.034645875746904808e-01 5.885923310134161035e+00
2.863116756228627224e+01 4.993558594795873273e-01 5.817821363064798135e+00
2.864875427454811785e+01 4.891109023527365207e-01 5.652577437001679250e+00
2.866634098680996345e+01 4.764673125498447570e-01 5.457156000818589092e+00
2.868392769907180906e+01 4.659991457195157838e-01 5.302017262446382162e+00
2.870151441133365466e+01 4.628495369306945828e-01 5.256460999629899433e+00
2.871910112359550382e+01 4.724658287006302526e-01 5.397164732191551906e+00
2.873668783585734943e+01 5.003181012614897893e-01 5.833674308762537564e+00
2.875427454811919503e+01 5.515657659632350329e-01 6.772264494509648181e+00
2.877186126038104064e+01 6.306363678972737308e-01 8.714687696892013946e+00
2.878944797264288979e+01 7.406990552317533894e-01 1.335119143166879141e+01
2.880703468490473540e+01 8.830541341135168532e-01 3.217277761371502010e+01
2.882462139716658100e+01 1.056516792512734781e+00 -7.276168133021648998e+01
2.884220810942843016e+01 1.256934092300380446e+00 -1.751108812725392028e+01
2.885979482169027577e+01 1.477012821871712234e+00 -1.028832124300341810e+01
2.887738153395212137e+01 1.706617878684934198e+00 -7.527929525031935576e+00
2.889496824621397053e+01 1.933605483540511871e+00 -6.121095532399401407e+00
2.891255495847581614e+01 2.145099204562062045e+00 -5.304632662840328194e+00
2.893014167073766174e+01 2.328960772153528591e+00 -4.801607025297792930e+00
2.894772838299950735e+01 2.475130193883600338e+00 -4.488850896975922211e+00
2.896531509526135650e+01 2.576554911744792786e+00 -4.304883393079466103e+00
2.898290180752320211e+01 2.629572847876639141e+00 -4.217525102298306017e+00
2.900048851978504771e+01 2.633785016769051968e+00 -4.210819046812710909e+00
2.901807523204689687e+01 2.591574996875476433e+00 -4.279565150769960802e+00
2.903566194430874248e+01 2.507470982209377919e+00 -4.427594468055004562e+00
2.905324865657058808e+01 2.387513704017804717e+00 -4.668660195824982928e+00
2.907083536883243724e+01 2.238726085613611083e+00 -5.030329769023635933e+00
2.908842208109428285e+01 2.068711869499278766e+00 -5.563066623706088620e+00
2.910600879335612845e+01 1.885359977706525969e+00 -6.360721449849621401e+00
2.912359550561797406e+01 1.696604683598813557e+00 -7.610744487007425896e+00
2.914118221787982321e+01 1.510186975790775543e+00 -9.737567815427036422e+00
2.915876893014166882e+01 1.333375712898615673e+00 -1.392666985479403330e+01
2.917635564240351442e+01 1.172633744734841832e+00 -2.513064896905300571e+01
2.919394235466536358e+01 1.033248148019683343e+00 -1.222992761798715406e+02
2.921152906692720919e+01 9.189763452372285979e-01 4.734717823942366266e+01
2.922911577918905479e+01 8.317801588458919593e-01 2.173239364150389719e+01
2.924670249145090395e+01 7.717181898874849733e-01 1.545750856642205484e+01
2.926428920371274955e+01 7.370404006310500300e-01 1.313533162908261964e+01
2.928187591597459516e+01 7.244846590336325720e-01 1.243784806589991732e+01
2.929946262823644076e+01 7.297287381198434009e-01 1.272133761373424576e+01
2.931704934049828992e+01 7.479194346808377691e-01 1.379545519306535084e+01
2.933463605276013553e+01 7.741926921285067209e-01 1.565032209340538394e+01
2.935222276502198113e+01 8.041137326142540065e-01 1.836556261998937600e+01
2.936980947728383029e+01 8.339947023875464716e-01 2.205026564328688110e+01
2.938739618954567590e+01 8.610773778629952080e-01 2.675563146293553629e+01
2.940498290180752150e+01 8.835913959018082409e-01 3.233079093886357924e+01
2.942256961406937066e+01 9.007110126110406956e-01 3.826030493154199519e+01
2.944015632633121626e+01 9.124368872523060947e-01 4.365843120647718933e+01
2.945774303859306187e+01 9.194274290893678092e-01 4.762368825642952430e+01
2.947532975085490747e+01 9.228005304512592044e-01 4.979374467828242246e+01
2.949291646311675663e+01 9.239235279664776979e-01 5.055889479586581103e+01
2.951050317537860224e+01 9.242078514609136652e-01 5.075621312412379638e+01
2.952808988764044784e+01 9.249244857716432122e-01 5.126018001921011091e+01
2.954567659990229345e+01 9.270556997267751509e-01 5.281742809297656294e+01
2.956326331216413905e+01 9.311960353732102735e-01 5.611836528500160171e+01
2.958085002442598466e+01 9.375105185725133294e-01 6.199464240515689539e+01
2.959843673668783381e+01 9.457507996326625088e-01 7.171986257471724002e+01
2.961602344894967942e+01 9.553219012562581547e-01 8.751789825527143307e+01
2.963361016121152502e+01 9.653854211365406890e-01 1.135494387003210477e+02
2.965119687347337063e+01 9.749811157268370998e-01 1.578728976670384156e+02
2.966878358573521979e+01 9.831485487074260732e-01 2.353640307389119926e+02
2.968637029799706539e+01 9.890335438260084988e-01 3.627458855213367883e+02
2.970395701025891100e+01 9.919693010956834867e-01 4.960866372355725389e+02
2.972154372252076016e+01 9.915276919873881045e-01 4.701242396549050682e+02
2.973913043478260576e+01 9.875411649170526829e-01 3.190541695183405864e+02
2.975671714704445137e+01 9.800991334665006827e-01 1.989912475174828614e+02
2.977430385930630052e+01 9.695245188766974387e-01 1.292453177748753035e+02
2.979189057156814613e+01 9.563365119163378392e-01 8.959856099436854038e+01
2.980947728382999173e+01 9.412050312010414865e-01 6.601788469599394205e+01
2.982706399609183734e+01 9.249012193773532564e-01 5.124366712341838337e+01
2.984465070835368650e+01 9.082469780061421805e-01 4.157123924319550667e+01
2.986223742061553210e+01 8.920652168475133870e-01 3.503086947346169211e+01
2.987982413287737771e+01 8.771312961832051780e-01 3.052231315847664206e+01
2.989741084513922686e+01 8.641251132093309417e-01 2.740235375971199971e+01
2.991499755740107247e+01 8.535824399905050930e-01 2.527956993236681171e+01
2.993258426966291808e+01 8.458434988181469105e-01 2.390582608268415044e+01
2.995017098192476723e+01 8.409964859549218241e-01 2.311341179509617660e+01
2.996775769418661284e+01 8.388141326300725398e-01 2.277215816835568063e+01
2.998534440644845844e+01 8.386830526175341749e-01 2.275195457837085300e+01
3.000293111871030760e+01 8.395297149254723479e-01 2.288303280746795565e+01
3.002051783097215321e+01 8.397552245863506570e-01 2.291817877842121476e+01
3.003810454323399881e+01 8.372060313560487632e-01 2.252654278919114716e+01
3.005569125549584442e+01 8.292307532561230543e-01 2.137664119837084442e+01
3.007327796775769002e+01 8.129012552928357449e-01 1.932734501515500369e+01
3.009086468001953563e+01 7.854927858513423011e-01 1.658710369097950021e+01
3.010845139228138834e+01 7.452846491399505169e-01 1.363043900465416414e+01
3.012603810454323394e+01 6.926037775548842257e-01 1.092095456368507378e+01
3.014362481680507955e+01 6.307697594599231961e-01 8.718652218452781710e+00
3.016121152906692515e+01 5.663391582728214413e-01 7.082607041747281507e+00
3.017879824132877076e+01 5.081025029415116023e-01 5.964105739147780305e+00
3.019638495359061636e+01 4.648905914655469540e-01 5.285925199881647885e+00
3.021397166585246907e+01 4.430851728884038776e-01 4.981691818046388498e+00
3.023155837811431468e+01 4.450263196068377503e-01 5.007863036362246056e+00
3.024914509037616028e+01 4.689135985133521256e-01 5.344627379666064826e+00
3.026673180263800589e+01 5.098879743125205311e-01 5.994582116089920198e+00
3.028431851489985149e+01 5.615357761196871911e-01 6.979473868527439784e+00
3.030190522716169710e+01 6.172144861876969202e-01 8.329663368911724319e+00
3.031949193942354270e+01 6.709847815322946829e-01 1.005806968954988712e+01
3.033707865168539541e+01 7.182083186107451889e-01 1.211232263716430246e+01
3.035466536394724102e+01 7.559584419364797636e-01 1.432082257727090102e+01
3.037225207620908662e+01 7.833585024219513748e-01 1.640271778913640333e+01
3.038983878847093223e+01 8.018869945003206379e-01 1.813535587336660981e+01
3.040742550073277783e+01 8.156138245036896883e-01 1.964269082107282216e+01
3.042501221299462344e+01 8.312773741354233525e-01 2.166138437247700566e+01
3.044259892525646904e+01 8.580896251166756361e-01 2.614856152532759381e+01
3.046018563751832176e+01 9.071762141350068198e-01 4.106805329693595041e+01
3.047777234978016736e+01 9.906224706446955519e-01 4.245492285059943356e+02
3.049535906204201297e+01 1.120192579523451970e+00 -3.525155719178179936e+01
3.051294577430385857e+01 1.305886933260990590e+00 -1.501010548075100992e+01
3.053053248656570418e+01 1.554564783519536642e+00 -9.103009567078681030e+00
3.054811919882754978e+01 1.868858812155833604e+00 -6.448669166317581691e+00
3.056570591108939894e+01 2.246545181730289276e+00 -5.009237672454488255e+00
3.058329262335124454e+01 2.680433959667759769e+00 -4.138716728933020228e+00
3.060087933561309015e+01 3.158748711568453604e+00 -3.573052510802282811e+00
3.061846604787493575e+01 3.665899428103510882e+00 -3.186619521854222370e+00
3.063605276013678136e+01 4.183527938635312360e+00 -2.913202894619669969e+00
3.065363947239862696e+01 4.691709435053496691e+00 -2.715213764461370527e+00
3.067122618466047257e+01 5.170210324876006069e+00 -2.570093302281931891e+00
3.068881289692232528e+01 5.599717667530615728e+00 -2.463729951352977121e+00
3.070639960918417088e+01 5.962964106705515022e+00 -2.387041310954863160e+00
3.072398632144601649e+01 6.245677623197910755e+00 -2.334102332041966932e+00
3.074157303370786209e+01 6.437294221695755603e+00 -2.301081822998435999e+00
3.075915974596970770e+01 6.531389091544456349e+00 -2.285629411093988317e+00
3.077674645823155331e+01 6.525808659759822383e+00 -2.286532508080035164e+00
3.079433317049339891e+01 6.422518232491754908e+00 -2.303552565488804493e+00
3.081191988275525162e+01 6.227210570957319113e+00 -2.337400858176803098e+00
3.082950659501709723e+01 5.948742746581813456e+00 -2.389849759503122950e+00
3.084709330727894283e+01 5.598477559570256723e+00 -2.464010718119853394e+00
3.086468001954078844e+01 5.189601104113188867e+00 -2.564860004045751651e+00
3.088226673180263404e+01 4.736472579356135526e+00 -2.700183147873145284e+00
3.089985344406447965e+01 4.254041021350966290e+00 -2.882295061119068524e+00
3.091744015632633236e+01 3.757341412606281850e+00 -3.131318434075062829e+00
3.093502686858817796e+01 3.261063812651410210e+00 -3.481877392813934602e+00
3.095261358085002357e+01 2.779176450177325286e+00 -3.998113217285810261e+00
3.097020029311186917e+01 2.324578367259604761e+00 -4.812015756123112276e+00
3.098778700537371478e+01 1.908759301737200875e+00 -6.241384709372850281e+00
3.100537371763556038e+01 1.541453277561123825e+00 -9.279764336582145390e+00
3.102296042989740599e+01 1.230286360264904122e+00 -1.931791289661426347e+01
3.104054714215925870e+01 9.804359695273069386e-01 2.024519083190370168e+02
3.105813385442110430e+01 7.943359380431767036e-01 1.739169412255694525e+01
3.107572056668294991e+01 6.714744090184726621e-01 1.007636951788014557e+01
3.109330727894479551e+01 6.083368040008633182e-01 8.089235378123387221e+00
3.111089399120664112e+01 5.985404575828560114e-01 7.836028429343848245e+00
3.112848070346848672e+01 6.331900867788711196e-01 8.791079013250945096e+00
3.114606741573033233e+01 7.014558306150224798e-01 1.130993459781542576e+01
3.116365412799218504e+01 7.913427664026109198e-01 1.711175633424128861e+01
3.118124084025403064e+01 8.905889998303254673e-01 3.453043529162436442e+01
3.119882755251587625e+01 9.876051317924086081e-01 3.207110837264386305e+02
3.121641426477772185e+01 1.072355947814882970e+00 -5.726479284556720017e+01
3.123400097703956746e+01 1.137087665269342240e+00 -3.114630270784519439e+01
3.125158768930141306e+01 1.176820397598280499e+00 -2.458114289498998062e+01
3.126917440156326577e+01 1.189553063570057301e+00 -2.305890318914267212e+01
3.128676111382511138e+01 1.176163062404761428e+00 -2.466569346569609777e+01
3.130434782608695699e+01 1.140021238350364063e+00 -3.053434486490871436e+01
3.132193453834880259e+01 1.086378897176121017e+00 -4.828689717581606544e+01
3.133952125061064820e+01 1.021612315205519428e+00 -1.870743168419596145e+02
3.135710796287249380e+01 9.524259780316721713e-01 8.206731529962505078e+01
3.137469467513433941e+01 8.851151770006854269e-01 3.278697985227403677e+01
3.139228138739618856e+01 8.249714396359176805e-01 2.080534856895034324e+01
3.140986809965803417e+01 7.758844810647066437e-01 1.578458555890036408e+01
3.142745481191987977e+01 7.401589747466474911e-01 1.331894691858458302e+01
3.144504152418172538e+01 7.185313948105175319e-01 1.212872752209908533e+01
3.146262823644357098e+01 7.103478081859696536e-01 1.172437350944820267e+01
3.148021494870541659e+01 7.138508426094448689e-01 1.189465227735750830e+01
3.149780166096726219e+01 7.265226681628795813e-01 1.254673879843629614e+01
3.151538837322911490e+01 7.454377427796456956e-01 1.363993433884742323e+01
3.153297508549096051e+01 7.675903553200345009e-01 1.514496113504693575e+01
3.155056179775280611e+01 7.901741042489872635e-01 1.700461635935948479e+01
3.156814851001465172e+01 8.108009738472441441e-01 1.908937270093513305e+01
3.158573522227649732e+01 8.276555122911859463e-01 2.116207513906485360e+01
3.160332193453834293e+01 8.395847186338398771e-01 2.289159611359054480e+01
3.162090864680019564e+01 8.461271742837197518e-01 2.395374611165719614e+01
3.163849535906204125e+01 8.474865060232331659e-01 2.418584097637078045e+01
3.165608207132388685e+01 8.444551974546753437e-01 2.367382262657146441e+01
3.167366878358573246e+01 8.382956507898283727e-01 2.269243471197869866e+01
3.169125549584757806e+01 8.305866087540496601e-01 2.156451193583191639e+01
3.170884220810942367e+01 8.230447625030901104e-01 2.055593891331295708e+01
3.172642892037126927e+01 8.173336282214771487e-01 1.984746129216007660e+01
3.174401563263312198e+01 8.148744352660366452e-01 1.955582069872101059e+01
3.176160234489496759e+01 8.166764418217120625e-01 1.976876034315084141e+01
3.177918905715681319e+01 8.232060162933045877e-01 2.057660541678418298e+01
3.179677576941865880e+01 8.343138051674946487e-01 2.209676795681350825e+01
3.181436248168050440e+01 8.492359154218473982e-01 2.449068599323248208e+01
3.183194919394235001e+01 8.666771324265020171e-01 2.796659803967257218e+01
3.184953590620419561e+01 8.849717810932903328e-01 3.274353539084268050e+01
3.186712261846604832e+01 9.023028531916449380e-01 3.891715820892316913e+01
3.188470933072789393e+01 9.169463924072119854e-01 4.613999151524570408e+01
3.190229604298973953e+01 9.275006254051387788e-01 5.315407649726592609e+01
3.191988275525158514e+01 9.330614435827586650e-01 5.773897382133554146e+01
3.193746946751343074e+01 9.333177669713317304e-01 5.796874286866516002e+01
3.195505617977527635e+01 9.285584222120959463e-01 5.397127649663372750e+01
3.197264289203712906e+01 9.196004996186013525e-01 4.773060202580509070e+01
3.199022960429897466e+01 9.076622019595865787e-01 4.129498895900692190e+01
3.200781631656082027e+01 8.942081416165688079e-01 3.578214606266747921e+01
3.202540302882266587e+01 8.807923886625084187e-01 3.152318169552699345e+01
3.204298974108451148e+01 8.689171403789200943e-01 2.847993744523187587e+01
3.206057645334635708e+01 8.599161200562361884e-01 2.651660825193757631e+01
3.207816316560820269e+01 8.548644449546519697e-01 2.552125865594829435e+01
3.209574987787005540e+01 8.545121837406025600e-01 2.545442527717842296e+01
3.211333659013190100e+01 8.592374557763616805e-01 2.637874102388398612e+01
3.213092330239374661e+01 8.690162608706828440e-01 2.850305785240829692e+01
3.214851001465559222e+01 8.834094097684551672e-01 3.227710431686421089e+01
3.216609672691743782e+01 9.015708183601059966e-01 3.861245635920985109e+01
3.218368343917928343e+01 9.222846088460913139e-01 4.944963351032496490e+01
3.220127015144112903e+01 9.440392526329117739e-01 6.946427779252267953e+01
3.221885686370298174e+01 9.651438010523935018e-01 1.127483366032684415e+02
3.223644357596482735e+01 9.838833506630878523e-01 2.461864841242855277e+02
3.225403028822667295e+01 9.986994113475762269e-01 3.073530121985618734e+03
3.227161700048851856e+01 1.008369310841092936e+00 -4.799345202375731105e+02
3.228920371275036416e+01 1.012152279343515815e+00 -3.311533374189153278e+02
3.230679042501220977e+01 1.009872703495040547e+00 -4.071550574764603994e+02
3.232437713727406248e+01 1.001923883313972974e+00 -2.081127692675519029e+03
3.234196384953590808e+01 9.891943437768166980e-01 3.681737838079485527e+02
3.235955056179775369e+01 9.729362339114742131e-01 1.457922309292307830e+02
3.237713727405959929e+01 9.546052939726907827e-01 8.610438803380719719e+01
3.239472398632144490e+01 9.357019548347504934e-01 6.019367639679931870e+01
3.241231069858329050e+01 9.176354638036112732e-01 4.654310537935847236e+01
3.242989741084513611e+01 9.016220548313197414e-01 3.863363552312308258e+01
3.244748412310698882e+01 8.886184246721446911e-01 3.388306911874716576e+01
3.246507083536883442e+01 8.792856035999147002e-01 3.110391399665306622e+01
3.248265754763068003e+01 8.739761305298066052e-01 2.970635607973624204e+01
3.250024425989252563e+01 8.727383138474633650e-01 2.939728139486254221e+01
3.251783097215437124e+01 8.753338202567381154e-01 3.005241161792401172e+01
3.253541768441621684e+01 8.812674714786032926e-01 3.165757914189417477e+01
3.255300439667806245e+01 8.898298403079043517e-01 3.427829913053356137e+01
3.257059110893991516e+01 9.001533477631737945e-01 3.803514183637204127e+01
3.258817782120176076e+01 9.112809235983674316e-01 4.306291027793943726e+01
3.260576453346360637e+01 9.222433701080724466e-01 4.942232496088240623e+01
3.262335124572545197e+01 9.321384046204934659e-01 5.692593409145462147e+01
3.264093795798729758e+01 9.402022699343645096e-01 6.487675741083504022e+01
3.265852467024914318e+01 9.458648672602451013e-01 7.187525652626206352e+01
3.267611138251099590e+01 9.487818777417474925e-01 7.608421408162796240e+01
3.269369809477284150e+01 9.488416048039496342e-01 7.617540792506022740e+01
3.271128480703468711e+01 9.461489009540844375e-01 7.226505460793529778e+01
3.272887151929653271e+01 9.409920915813707598e-01 6.577231989818716329e+01
3.274645823155837832e+01 9.338003845569190497e-01 5.840619025227628924e+01
3.276404494382022392e+01 9.250987894098885445e-01 5.138421500600011882e+01
3.278163165608206953e+01 9.154656654602258969e-01 4.529597453893714487e+01
3.279921836834391513e+01 9.054955648160232240e-01 4.030124270169471146e+01
3.281680508060576074e+01 8.957678468441792052e-01 3.634836267221175632e+01
3.283439179286760634e+01 8.868201466636538299e-01 3.331195975288227373e+01
3.285197850512945195e+01 8.791253856220058172e-01 3.105994699579403573e+01
3.286956521739129755e+01 8.730715326702506163e-01 2.947989170038710682e+01
3.288715192965314316e+01 8.689444449823694461e-01 2.848630291073241594e+01
3.290473864191498876e+01 8.669153454934401815e-01 2.802036896419964052e+01
3.292232535417684147e+01 8.670352788757550444e-01 2.804751388775620313e+01
3.293991206643868708e+01 8.692387791617122161e-01 2.855508898466425194e+01
3.295749877870053268e+01 8.733578494252041136e-01 2.955122104744057765e+01
3.297508549096237829e+01 8.791454978085780914e-01 3.106545978866322955e+01
3.299267220322422389e+01 8.863061458781851254e-01 3.315203669287742372e+01
3.301025891548606950e+01 8.945289381069088108e-01 3.589723730437664528e+01
3.302784562774792221e+01 9.035197707301177994e-01 3.943391241226362354e+01
3.304543234000976781e+01 9.130286968977241457e-01 4.396943891846441232e+01
3.306301905227161342e+01 9.228708330568523577e-01 4.984099159638912369e+01
3.308060576453345902e+01 9.329404266090866038e-01 5.763110406817340703e+01
3.309819247679530463e+01 9.432188991099375031e-01 6.843136157456302726e+01
3.311577918905715023e+01 9.537782493858235622e-01 8.452751403706261613e+01
3.313336590131899584e+01 9.647812125593401289e-01 1.115667811460797765e+02
3.315095261358084855e+01 9.764791798677512347e-01 1.680561468266660370e+02
3.316853932584269415e+01 9.892082721633872477e-01 3.686515571039366819e+02
3.318612603810453976e+01 1.003383270007670802e+00 -1.184287294284058817e+03
3.320371275036638536e+01 1.019488419728973305e+00 -2.072452697598068312e+02
3.322129946262823097e+01 1.038063495433609873e+00 -1.070782247061584656e+02
3.323888617489007657e+01 1.059682919981611793e+00 -6.900635811843744705e+01
3.325647288715192218e+01 1.084925266070553063e+00 -4.907986016910518856e+01
3.327405959941377489e+01 1.114330159022527633e+00 -3.695933732840426700e+01
3.329164631167562050e+01 1.148339676842204948e+00 -2.893057345540767145e+01
3.330923302393746610e+01 1.187222144546460800e+00 -2.332211627169568757e+01
3.332681973619931171e+01 1.230978317033358582e+00 -1.926573722978291769e+01
3.334440644846115731e+01 1.279234112674040524e+00 -1.626340962619311270e+01
3.336199316072300292e+01 1.331131098690729431e+00 -1.400842208562703206e+01
3.337957987298485563e+01 1.385236133842759676e+00 -1.230195408857069062e+01
3.339716658524670123e+01 1.439503694033807957e+00 -1.101035130256209094e+01
3.341475329750854684e+01 1.491334239675498274e+00 -1.004151099509206801e+01
3.343234000977039244e+01 1.537771520457711816e+00 -9.330932651991892257e+00
3.344992672203223805e+01 1.575860849061177626e+00 -8.832909520075101995e+00
3.346751343429408365e+01 1.603143309622019341e+00 -8.514475981058684084e+00
3.348510014655592926e+01 1.618196119812449041e+00 -8.350687928568993001e+00
3.350268685881778197e+01 1.621075514271718587e+00 -8.320252000623028721e+00
3.352027357107962757e+01 1.613513874520407843e+00 -8.400783435141702782e+00
3.353786028334147318e+01 1.598787530293274139e+00 -8.563389643045466570e+00
3.355544699560331878e+01 1.581283072460279104e+00 -8.767268276675757477e+00
3.357303370786516439e+01 1.565890409136816208e+00 -8.956860170908255370e+00
3.359062042012700999e+01 1.557387968882891105e+00 -9.066028108980260569e+00
3.360820713238885560e+01 1.559949840243925134e+00 -9.032789217568943485e+00
3.362579384465070831e+01 1.576828975568584035e+00 -8.821099858802149640e+00
3.364338055691255391e+01 1.610198948645107819e+00 -8.436709464708012973e+00
3.366096726917439952e+01 1.661095892680561681e+00 -7.924366394302463590e+00
3.367855398143624512e+01 1.729395266019510879e+00 -7.347901737755152318e+00
3.369614069369809073e+01 1.813774847056669914e+00 -6.767601673501504322e+00
3.371372740595993633e+01 1.911644629166088460e+00 -6.227085857366690291e+00
3.373131411822178904e+01 2.019059329974340233e+00 -5.751315265070236826e+00
3.374890083048363465e+01 2.130666450779833632e+00 -5.350850340795303417e+00
3.376648754274548025e+01 2.239776665560337943e+00 -5.027480773598442809e+00
3.378407425500732586e+01 2.338660966238963468e+00 -4.778803114989766954e+00
3.380166096726917146e+01 2.419159445687400378e+00 -4.601236969565086099e+00
3.381924767953101707e+01 2.473609938046618328e+00 -4.491794338638189998e+00
3.383683439179286268e+01 2.495973440223904660e+00 -4.449078623449546299e+00
3.385442110405471539e+01 2.482893636094675394e+00 -4.473910703575058712e+00
3.387200781631656099e+01 2.434363936943944484e+00 -4.569867822844165595e+00
3.388959452857840660e+01 2.353756826956868053e+00 -4.743945402491489105e+00
3.390718124084025220e+01 2.247184218377356490e+00 -5.007525232383819969e+00
3.392476795310209781e+01 2.122395894455272991e+00 -5.377857244848772922e+00
3.394235466536394341e+01 1.987556210605436080e+00 -5.880344283827968255e+00
3.395994137762578902e+01 1.850212548948753311e+00 -6.552082678843658137e+00
3.397752808988764173e+01 1.716630528688798396e+00 -7.447401788604544493e+00
3.399511480214948733e+01 1.591515027770543433e+00 -8.646644699346369478e+00
3.401270151441133294e+01 1.478032022818097646e+00 -1.027027185459117931e+01
3.403028822667317854e+01 1.378010836851466747e+00 -1.250171821093982416e+01
3.404787493893502415e+01 1.292219834474003903e+00 -1.562432199786176490e+01
3.406546165119686975e+01 1.220642442101545377e+00 -2.007907529729954987e+01
3.408304836345872246e+01 1.162714225764372555e+00 -2.654530512771503226e+01
3.410063507572056807e+01 1.117506645384167108e+00 -3.601286011564858569e+01
3.411822178798241367e+01 1.083857885466926296e+00 -4.967961896646019682e+01
3.413580850024425928e+01 1.060458163857594727e+00 -6.814677934581172281e+01
3.415339521250610488e+01 1.045899096761265135e+00 -8.913646567314292213e+01
3.417098192476795049e+01 1.038696421193097130e+00 -1.053592408788890538e+02
3.418856863702979609e+01 1.037294195059952351e+00 -1.092461442294764851e+02
3.420615534929164880e+01 1.040057397156247898e+00 -1.018468940566887255e+02
3.422374206155349441e+01 1.045259099442497952e+00 -9.036895173567849326e+01
3.424132877381534001e+01 1.051068322041751157e+00 -8.031399156568645026e+01
3.425891548607718562e+01 1.055545444332428806e+00 -7.399959294273880062e+01
3.427650219833903122e+01 1.056653709868053292e+00 -7.259060305434468319e+01
3.429408891060087683e+01 1.052297894179111903e+00 -7.847217180167592687e+01
3.431167562286272243e+01 1.040404269791963987e+00 -1.009895359294370536e+02
3.432926233512457515e+01 1.019058570937907193e+00 -2.118746050218986738e+02
3.434684904738642075e+01 9.867183313817294854e-01 2.991636353054327628e+02
3.436443575964826636e+01 9.425081619795410148e-01 6.756029180595227501e+01
3.438202247191011196e+01 8.865842738248297383e-01 3.323839192544463117e+01
3.439960918417195757e+01 8.205107958794115586e-01 2.023604613531178131e+01
3.441719589643380317e+01 7.475260337541665967e-01 1.377059917577131998e+01
3.443478260869565588e+01 6.725150845539550337e-01 1.011544431307400771e+01
3.445236932095750149e+01 6.015032089862146769e-01 7.911320841340312882e+00
3.446995603321934709e+01 5.406129270136529330e-01 6.554691677714481024e+00
3.448754274548119270e+01 4.946967934453687099e-01 5.741880238855629592e+00
3.450512945774303830e+01 4.661326714282114092e-01 5.303959821624909310e+00
3.452271617000488391e+01 4.543135172823974943e-01 5.135493123818420713e+00
3.454030288226672951e+01 4.560653058369009694e-01 5.160026531460276900e+00
3.455788959452858222e+01 4.667678401394557142e-01 5.313212987343561622e+00
3.457547630679042783e+01 4.816683380383827706e-01 5.536445377449966010e+00
3.459306301905227343e+01 4.969253142525533740e-01 5.778036524775363780e+00
3.461064973131411904e+01 5.101759144827476833e-01 5.999516960046513248e+00
3.462823644357596464e+01 5.206640167757509152e-01 6.183147442508082570e+00
3.464582315583781025e+01 5.290823435193939828e-01 6.336231475095333465e+00
3.466340986809965585e+01 5.372807650556615799e-01 6.490479114830198348e+00
3.468099658036150856e+01 5.479364586152798422e-01 6.699038487652056340e+00
3.469858329262335417e+01 5.642187395453583942e-01 7.036807046694070422e+00
3.471617000488519977e+01 5.894343051165611413e-01 7.611271094998123488e+00
3.473375671714704538e+01 6.266135725770078935e-01 8.596434891809165535e+00
3.475134342940889098e+01 6.779998364575371417e-01 1.032550638882368332e+01
3.476893014167073659e+01 7.444384076106884685e-01 1.357815647960366157e+01
3.478651685393258219e+01 8.247405445093839438e-01 2.077517057906617026e+01
3.480410356619442780e+01 9.152062641269520515e-01 4.515114815381696189e+01
3.482169027845627340e+01 1.009577974543466317e+00 -4.196224479014693998e+02
3.483927699071811901e+01 1.099667552151047722e+00 -4.210967518887918004e+01
3.485686370297996461e+01 1.176679115801226194e+00 -2.459926244636387693e+01
3.487445041524181022e+01 1.232898940992147807e+00 -1.912253689104844767e+01
3.489203712750365582e+01 1.263168442456898077e+00 -1.714105130927651643e+01
3.490962383976550854e+01 1.265618204055166451e+00 -1.700038662361166786e+01
3.492721055202735414e+01 1.241503792173836107e+00 -1.850885873519115776e+01
3.494479726428919975e+01 1.194385261961334876e+00 -2.253331300462183151e+01
3.496238397655104535e+01 1.129078476487848315e+00 -3.295855886728304540e+01
3.497997068881289096e+01 1.050739192289737334e+00 -8.082214972909783057e+01
3.499755740107473656e+01 9.642535742645039765e-01 1.098901995233464959e+02
3.501514411333658217e+01 8.739424855189953378e-01 2.969787498977676066e+01
3.503273082559843488e+01 7.834995735118355231e-01 1.641479352501636413e+01
3.505031753786028048e+01 6.960632712320428128e-01 1.107030207537353839e+01
3.506790425012212609e+01 6.143364989023134548e-01 8.250531642126176735e+00
3.508549096238397169e+01 5.406890136862476659e-01 6.556168432824451386e+00
3.510307767464581730e+01 4.771951617750245234e-01 5.468161792004603505e+00
3.512066438690766290e+01 4.255755363443430306e-01 4.753102842764701741e+00
3.513825109916951561e+01 3.870328801535600771e-01 4.292680845507614862e+00
3.515583781143136122e+01 3.620088411265057760e-01 4.020984015727140815e+00
3.517342452369320682e+01 3.499376607776304438e-01 3.896623581081769760e+00
3.519101123595505243e+01 3.491148440642642403e-01 3.888295260424229571e+00
3.520859794821689803e+01 3.567958941160246367e-01 3.966771603046562955e+00
3.522618466047874364e+01 3.695660000036044557e-01 4.100992023161287747e+00
3.524377137274058924e+01 3.838993480709131378e-01 4.257569885126668119e+00
3.526135808500244195e+01 3.967310409605383503e-01 4.403446893224581160e+00
3.527894479726428756e+01 4.058631550746887307e-01 4.510763773625965811e+00
3.529653150952613316e+01 4.101161906801439883e-01 4.561783934655405659e+00
3.531411822178797877e+01 4.092498569917049633e-01 4.551336420976369368e+00
3.533170493404982437e+01 4.037453126983321372e-01 4.485607401625239632e+00
3.534929164631166998e+01 3.945465903270251595e-01 4.378215438368684431e+00
3.536687835857351558e+01 3.828259738247268840e-01 4.245617129964502467e+00
3.538446507083536829e+01 3.697987941453765304e-01 4.103483856919782014e+00
3.540205178309721390e+01 3.565862835421838573e-01 3.964608056576711004e+00
3.541963849535905950e+01 3.441147555496412158e-01 3.838080946342961486e+00
3.543722520762090511e+01 3.330416208081071194e-01 3.729223389763053564e+00
3.545481191988275071e+01 3.237075336313909313e-01 3.639865423122351284e+00
3.547239863214459632e+01 3.161229111138166292e-01 3.568797850349289646e+00
3.548998534440644903e+01 3.100001446222842016e-01 3.512396789722312729e+00
3.550757205666829464e+01 3.048362370511947250e-01 3.465479501868447443e+00
3.552515876893014024e+01 3.000357976072554611e-01 3.422383972879064817e+00
3.554274548119198585e+01 2.950489173261516274e-01 3.378130887859473130e+00
3.556033219345383145e+01 2.894920358498106472e-01 3.329422663039722341e+00
3.557791890571567706e+01 2.832269302908648756e-01 3.275246251659454710e+00
3.559550561797752266e+01 2.763890940391643403e-01 3.216982337871195696e+00
3.561309233023937537e+01 2.693726405569728533e-01 3.158101102171245511e+00
3.563067904250122098e+01 2.627871116638562654e-01 3.103638658384809013e+00
3.564826575476306658e+01 2.574008121130275106e-01 3.059651183840493616e+00
3.566585246702491219e+01 2.540788628262461990e-01 3.032765087622552258e+00
3.568343917928675779e+01 2.537166270291413284e-01 3.029844345748424317e+00
3.570102589154860340e+01 2.571639892778577186e-01 3.057728400942806957e+00
3.571861260381044900e+01 2.651351686655786799e-01 3.122969866377145909e+00
3.573619931607230171e+01 2.781033235883687560e-01 3.231505909476410476e+00
3.575378602833414732e+01 2.961890785477797050e-01 3.388202888536194557e+00
3.577137274059599292e+01 3.190650661583135927e-01 3.596205511344172656e+00
3.578895945285783853e+01 3.459090861658665750e-01 3.856023311286505439e+00
3.580654616511968413e+01 3.754383764076720809e-01 4.164359137894744656e+00
3.582413287738152974e+01 4.060404793896991715e-01 4.512877560511212138e+00
3.584171958964338245e+01 4.359846352160503535e-01 4.887397506112547418e+00
3.585930630190522805e+01 4.636653906717425611e-01 5.268213049843088136e+00
3.587689301416707366e+01 4.878155503174059215e-01 5.632133939099304598e+00
3.589447972642891926e+01 5.076380366657444743e-01 5.956212486444998788e+00
3.591206643869076487e+01 5.228381701615983923e-01 6.222184954228832332e+00
3.592965315095261047e+01 5.335710759515537305e-01 6.420035110295166270e+00
3.594723986321445608e+01 5.403381259342668885e-01 6.549362043202217265e+00
3.596482657547630879e+01 5.438678039131630282e-01 6.618291141478582773e+00
3.598241328773815439e+01 5.450060875864781718e-01 6.640740803820547100e+00
3.600000000000000000e+01 5.446279653957807332e-01 6.633271278406889238e+00
