0.000000000000000000e+00 9.436263782466671746e-01 6.894066628058392610e+01
1.758671226184660430e-02 9.447499503866849668e-01 7.038391724208561584e+01
3.517342452369320860e-02 9.479851780319269450e-01 7.488780387356463564e+01
5.276013678553980596e-02 9.529419124088918114e-01 8.298927956020958163e+01
7.034684904738641720e-02 9.590223058006530632e-01 9.560362210265003569e+01
8.793356130923302150e-02 9.654927008821412304e-01 1.139087255187489376e+02
1.055202735710796119e-01 9.715717460456000376e-01 1.386978789870262290e+02
1.231069858329262301e-01 9.765241451000944428e-01 1.683818922355984000e+02
1.406936980947728344e-01 9.797488576096309298e-01 1.955146065455997757e+02
1.582804103566194109e-01 9.808512977519572296e-01 2.068866071276034688e+02
1.758671226184660430e-01 9.796910071637713324e-01 1.949519541370880518e+02
1.934538348803126473e-01 9.763991544128436395e-01 1.674794818853511060e+02
2.110405471421592238e-01 9.713637141531472619e-01 1.376756556772300826e+02
2.286272594040058559e-01 9.651839287870205286e-01 1.128806119690847396e+02
2.462139716658524602e-01 9.585992583669177280e-01 9.460605656508973027e+01
2.638006839276990645e-01 9.524010858203538765e-01 8.202333875746495551e+01
2.813873961895456688e-01 9.473376016091888951e-01 7.394199865443523834e+01
2.989741084513922731e-01 9.440232550137296341e-01 6.944384563451210113e+01
3.165608207132388219e-01 9.428637601541971502e-01 6.799339981785223586e+01
3.341475329750854817e-01 9.440058802116310099e-01 6.942166776162585506e+01
3.517342452369320860e-01 9.473182669288737756e-01 7.391411717786483848e+01
3.693209574987786903e-01 9.524058639139367788e-01 8.203177654720656164e+01
3.869076697606252946e-01 9.586562777823340875e-01 9.473932077049325073e+01
4.044943820224718434e-01 9.653126162813289168e-01 1.133068762932020235e+02
4.220810942843184477e-01 9.715640851934421729e-01 1.386599699926100868e+02
4.396678065461651075e-01 9.766435119739014237e-01 1.692527156401032755e+02
4.572545188080117118e-01 9.799201518998347238e-01 1.971996231776770969e+02
4.748412310698583161e-01 9.809766903733786458e-01 2.082635522433594417e+02
4.924279433317049204e-01 9.796611870075121464e-01 1.946631739718065717e+02
5.100146555935515247e-01 9.761075928794468171e-01 1.654111585861862466e+02
5.276013678553981290e-01 9.707220984131421648e-01 1.346143845225701909e+02
5.451880801172446223e-01 9.641365552914842318e-01 1.095250525257968235e+02
5.627747923790913376e-01 9.571341366244972004e-01 9.130339335034157955e+01
5.803615046409379419e-01 9.505558124179346313e-01 7.888662025299176150e+01
5.979482169027845462e-01 9.451987002243259495e-01 7.097688039627175272e+01
6.155349291646311505e-01 9.417185561188518017e-01 6.661746838097451473e+01
6.331216414264776438e-01 9.405483865313561953e-01 6.526628359033777826e+01
6.507083536883243591e-01 9.418433626387147095e-01 6.676478960899076753e+01
6.682950659501709634e-01 9.454590952092150058e-01 7.132543049113155575e+01
6.858817782120175677e-01 9.509662668486257298e-01 7.956392471031357161e+01
7.034684904738641720e-01 9.577001499422175268e-01 9.255217823870080451e+01
7.210552027357106653e-01 9.648392464709134586e-01 1.117542564626673709e+02
7.386419149975573806e-01 9.715037152082641736e-01 1.383619480432380442e+02
7.562286272594039849e-01 9.768618298468526584e-01 1.708686650061273724e+02
7.738153395212505892e-01 9.802317012360314274e-01 2.003391781763919255e+02
7.914020517830971935e-01 9.811659844211917392e-01 2.103769335416030799e+02
8.089887640449436867e-01 9.795092000137914923e-01 1.932043817252719577e+02
8.265754763067904021e-01 9.754204158236966515e-01 1.607304614702544256e+02
8.441621885686368953e-01 9.693580331482690715e-01 1.285321430605678756e+02
8.617489008304836107e-01 9.620278867060348960e-01 1.033307854611981611e+02
8.793356130923302150e-01 9.543003136028150868e-01 8.551625924975424198e+01
8.969223253541767082e-01 9.471057550035710815e-01 7.360900843590198406e+01
9.145090376160234236e-01 9.413213205980811571e-01 6.615274342711489908e+01
9.320957498778699168e-01 9.376621532707816176e-01 6.215038686114134237e+01
9.496824621397166322e-01 9.365911259046587611e-01 6.106627732329304337e+01
9.672691744015632365e-01 9.382583563815509731e-01 6.277016404376207959e+01
9.848558866634098408e-01 9.424784652712382416e-01 6.752436431773449499e+01
1.002442598925256334e+00 9.487488765373913724e-01 7.603391757549452734e+01
1.020029311187103049e+00 9.563073844806470047e-01 8.953748227649636249e+01
1.037616023448949543e+00 9.642223441633583914e-01 1.097925151996725930e+02
1.055202735710796258e+00 9.715048007772384420e-01 1.383672959048348616e+02
1.072789447972642973e+00 9.772291345126958850e-01 1.736573054693366203e+02
1.090376160234489245e+00 9.806476589620237716e-01 2.046884542187030434e+02
1.107962872496335960e+00 9.812851786035934332e-01 2.117296170283789820e+02
1.125549584758182675e+00 9.790017118511437078e-01 1.884864133143125287e+02
1.143136297020029168e+00 9.740151916602363125e-01 1.519295158811419526e+02
1.160723009281875884e+00 9.668806006309050849e-01 1.187667172486303144e+02
1.178309721543722377e+00 9.584271980085262710e-01 9.420613748167514245e+01
1.195896433805569092e+00 9.496606735654045117e-01 7.744782550722254655e+01
1.213483146067415586e+00 9.416415891187813747e-01 6.652693081895451144e+01
1.231069858329262301e+00 9.353547340732121240e-01 5.985944154816620966e+01
1.248656570591109016e+00 9.315855324544988214e-01 5.644945058576369945e+01
1.266243282852955288e+00 9.308191113163306607e-01 5.580151583612704513e+01
1.283829995114802003e+00 9.331750719043209186e-01 5.784061315324541397e+01
1.301416707376648718e+00 9.383866963376787940e-01 6.290514708134770672e+01
1.319003419638495433e+00 9.458278365335497373e-01 7.182473796494709006e+01
1.336590131900341927e+00 9.545847981491289991e-01 8.606461602588269955e+01
1.354176844162188420e+00 9.635649232259718699e-01 1.077750379064265331e+02
1.371763556424035135e+00 9.716289881425904662e-01 1.389817839896486475e+02
1.389350268685881629e+00 9.777315026812127829e-01 1.776203206440456199e+02
1.406936980947728344e+00 9.810518487423232070e-01 2.090976066696292719e+02
1.424523693209575059e+00 9.811000470069087820e-01 2.096359678461456042e+02
1.442110405471421331e+00 9.777837003812657191e-01 1.780423692367091633e+02
1.459697117733268046e+00 9.714270658988309881e-01 1.379853761481852814e+02
1.477283829995114761e+00 9.627388146203376129e-01 1.053408223319991635e+02
1.494870542256961254e+00 9.527312604530415729e-01 8.261041799994065116e+01
1.512457254518807970e+00 9.425999588851818878e-01 6.767158398319406842e+01
1.530043966780654463e+00 9.335778201399961285e-01 5.820366699442467961e+01
1.547630679042501178e+00 9.267815121916315180e-01 5.261200375505551818e+01
1.565217391304347672e+00 9.230693744338427376e-01 4.997488756796611398e+01
1.582804103566194387e+00 9.229290307232254076e-01 4.988016856477426586e+01
1.600390815828041102e+00 9.264094468070842581e-01 5.233569529047903757e+01
1.617977528089887373e+00 9.331067517960583979e-01 5.777946015959894766e+01
1.635564240351734089e+00 9.422064606278827137e-01 6.719700683211523540e+01
1.653150952613580804e+00 9.525776848974549793e-01 8.233633053938577007e+01
1.670737664875427519e+00 9.629084101514723271e-01 1.058317090003230589e+02
1.688324377137273791e+00 9.718657408167482581e-01 1.401682816035163341e+02
1.705911089399120506e+00 9.782617590439067756e-01 1.820020344116005049e+02
1.723497801660967221e+00 9.812046608602901232e-01 2.108139755408633391e+02
1.741084513922813715e+00 9.802162311003720374e-01 2.001809489821791601e+02
1.758671226184660430e+00 9.753003782877447403e-01 1.599395477231755933e+02
1.776257938446506923e+00 9.669530340623507803e-01 1.190314549098384305e+02
1.793844650708353416e+00 9.561106770874843175e-01 8.912711929643744213e+01
1.811431362970200132e+00 9.440423168749827454e-01 6.946819277515587032e+01
1.829018075232046847e+00 9.321970624668255434e-01 5.697694316649574375e+01
1.846604787493893340e+00 9.220254379585731686e-01 4.927848840400822894e+01
1.864191499755739834e+00 9.147965057484622742e-01 4.492417169290514778e+01
1.881778212017586771e+00 9.114339763529520910e-01 4.314086650604884454e+01
1.899364924279433264e+00 9.123925603707305765e-01 4.363530560585570583e+01
1.916951636541279536e+00 9.175910479374488338e-01 4.651691847761269116e+01
1.934538348803126473e+00 9.264116099207341248e-01 5.233729362081345471e+01
1.952125061064972966e+00 9.377665478737780003e-01 6.225805187561833520e+01
1.969711773326819682e+00 9.502252696543020960e-01 7.834929932558111432e+01
1.987298485588666175e+00 9.621866991583869488e-01 1.037732471663865965e+02
2.004885197850512668e+00 9.720765373371046403e-01 1.412416297484585073e+02
2.022471910112359605e+00 9.785454228145482602e-01 1.844349802589738658e+02
2.040058622374206099e+00 9.806434616864936338e-01 2.046436337247468771e+02
2.057645334636052592e+00 9.779489001254860758e-01 1.793912730409219023e+02
2.075232046897899085e+00 9.706337237818166708e-01 1.342032131963545680e+02
2.092818759159745579e+00 9.594562351015999413e-01 9.664847314530408084e+01
2.110405471421592516e+00 9.456794557948224877e-01 7.162300277649420366e+01
2.127992183683439009e+00 9.309235406857228057e-01 5.588895494430281019e+01
2.145578895945285947e+00 9.169691013241402233e-01 4.615316989936520287e+01
2.163165608207132440e+00 9.055352132353422512e-01 4.031901858069936395e+01
2.180752320468978489e+00 8.980598672685652373e-01 3.721184364712431147e+01
2.198339032730825426e+00 8.955110349705995842e-01 3.625397122470141653e+01
2.215925744992671920e+00 8.982531811104251807e-01 3.728644900656289707e+01
2.233512457254518857e+00 9.059873752592361162e-01 4.052279965268022011e+01
2.251099169516365350e+00 9.177740309265788321e-01 4.662498411141261556e+01
2.268685881778211844e+00 9.321369665100079915e-01 5.692468461248193279e+01
2.286272594040058337e+00 9.472372794896724013e-01 7.379755167260087489e+01
2.303859306301904830e+00 9.610967040894040636e-01 1.008091321300321255e+02
2.321446018563751768e+00 9.718436981073417247e-01 1.400569711397085371e+02
2.339032730825598261e+00 9.779521855561437160e-01 1.794183045311487206e+02
2.356619443087444754e+00 9.784430521135634162e-01 1.835495766954939540e+02
2.374206155349291691e+00 9.730222094009980394e-01 1.462632737672394114e+02
2.391792867611138185e+00 9.621360375541384569e-01 1.036316975605729311e+02
2.409379579872984678e+00 9.469346544470919058e-01 7.336513054999143435e+01
2.426966292134831171e+00 9.291447501714737989e-01 5.443475049426305645e+01
2.444553004396677665e+00 9.108653476894866818e-01 4.285258950162395308e+01
2.462139716658524602e+00 8.943102843914263467e-01 3.581871578394940769e+01
2.479726428920371095e+00 8.815289455187060863e-01 3.173200761971324368e+01
2.497313141182218033e+00 8.741405883080354267e-01 2.974787706308056556e+01
2.514899853444064526e+00 8.731167754008436477e-01 2.949114151537780515e+01
2.532486565705910575e+00 8.786409800537238191e-01 3.092772177751996310e+01
2.550073277967757512e+00 8.900650358347264035e-01 3.435604156977291979e+01
2.567659990229604006e+00 9.059700569864279629e-01 4.051495855571685212e+01
2.585246702491450943e+00 9.243263636430053554e-01 5.083889731903832399e+01
2.602833414753297436e+00 9.427344793137203416e-01 6.783531744085196635e+01
2.620420127015143930e+00 9.587189223547591954e-01 9.488615630039495841e+01
2.638006839276990867e+00 9.700394586727724144e-01 1.315013316951047102e+02
2.655593551538836916e+00 9.749814984461829814e-01 1.578753435101688183e+02
2.673180263800683854e+00 9.725887809195185030e-01 1.439187030332301163e+02
2.690766976062530347e+00 9.628073706726134606e-01 1.055387157317298659e+02
2.708353688324376840e+00 9.465198387584365936e-01 7.278035015635366278e+01
2.725940400586223777e+00 9.254614261483764537e-01 5.164412654614545772e+01
2.743527112848070271e+00 9.020246315793638558e-01 3.880081533899641499e+01
2.761113825109916764e+00 8.789732848207204574e-01 3.101831510262158886e+01
2.778700537371763257e+00 8.590997946382160633e-01 2.635093762738235412e+01
2.796287249633609751e+00 8.448680010126443651e-01 2.374237458786173249e+01
2.813873961895456688e+00 8.380874334047954122e-01 2.266056192005982695e+01
2.831460674157303181e+00 8.396620417519313762e-01 2.290364415316144786e+01
2.849047386419150119e+00 8.494478229212740761e-01 2.452809231059599071e+01
2.866634098680996612e+00 8.662403481359846058e-01 2.786850124682730012e+01
2.884220810942842661e+00 8.878968707155789897e-01 3.365171418552342431e+01
2.901807523204689598e+00 9.115806937255455100e-01 4.321584907052282887e+01
2.919394235466536092e+00 9.341000093704301399e-01 5.868099465226540445e+01
2.936980947728383029e+00 9.523013292157088694e-01 8.184756136281505690e+01
2.954567659990229522e+00 9.634701973431866184e-01 1.074903302623526287e+02
2.972154372252076016e+00 9.656898214431887117e-01 1.145747516196646956e+02
2.989741084513922509e+00 9.581117592466060762e-01 9.348149640120730908e+01
3.007327796775769002e+00 9.411016293568412738e-01 6.589841860063609147e+01
3.024914509037615939e+00 9.162363642680547704e-01 4.573155233000897368e+01
3.042501221299462433e+00 8.861467419662262257e-01 3.310273379626500656e+01
3.060087933561308926e+00 8.542182302771386126e-01 2.539890124500885449e+01
3.077674645823155863e+00 8.241823587695458198e-01 2.070254230027966713e+01
3.095261358085002357e+00 7.996472089305017850e-01 1.790894499585186850e+01
3.112848070346848850e+00 7.836263848526935361e-01 1.642566200387654263e+01
3.130434782608695343e+00 7.781287020090255080e-01 1.596583608274049659e+01
3.148021494870541837e+00 7.838647161432696908e-01 1.644612276290811081e+01
3.165608207132388774e+00 8.001116943837205397e-01 1.795548238340809277e+01
3.183194919394235267e+00 8.247579967252557376e-01 2.077744881229699558e+01
3.200781631656082205e+00 8.545245512013670552e-01 2.545676624228280005e+01
3.218368343917928698e+00 8.853388768149724752e-01 3.285497064660713562e+01
3.235955056179774747e+00 9.128189142867877415e-01 4.385871116457617802e+01
3.253541768441621684e+00 9.328114085588642412e-01 5.751653030393013921e+01
3.271128480703468178e+00 9.419230518351275894e-01 6.685918562535705689e+01
3.288715192965315115e+00 9.379815804693985015e-01 6.248096280451112250e+01
3.306301905227161608e+00 9.203681410685858877e-01 4.821040946573737074e+01
3.323888617489008102e+00 8.901718340382568373e-01 3.439145288732842687e+01
3.341475329750855039e+00 8.501334319128639461e-01 2.464984080221246288e+01
3.359062042012701088e+00 8.043686875274157488e-01 1.839225385324433049e+01
3.376648754274547581e+00 7.578915429245824953e-01 1.445232817016060523e+01
3.394235466536394519e+00 7.159900822363135520e-01 1.200068663917725154e+01
3.411822178798241012e+00 6.835363394874186538e-01 1.054484886135272426e+01
3.429408891060087949e+00 6.643269778119245128e-01 9.814467894037100848e+00
3.446995603321934443e+00 6.605495027116863316e-01 9.680449609710947811e+00
3.464582315583780492e+00 6.724476341999122697e-01 1.011290428499157024e+01
3.482169027845627429e+00 6.982258491482633556e-01 1.116538322296087671e+01
3.499755740107473923e+00 7.341973310952021325e-01 1.297166675366569066e+01
3.517342452369320860e+00 7.751517047800454696e-01 1.572618419946181056e+01
3.534929164631167353e+00 8.149039886739342098e-01 1.955927962261676711e+01
3.552515876893013846e+00 8.469816310152642469e-01 2.409915720925800642e+01
3.570102589154860784e+00 8.654032146344767806e-01 2.768226757302936747e+01
3.587689301416706833e+00 8.654892482651510566e-01 2.770130039876328354e+01
3.605276013678553770e+00 8.446163383968693372e-01 2.370053913840672877e+01
3.622862725940400264e+00 8.027879370301108652e-01 1.822787390559553344e+01
3.640449438202246757e+00 7.428717057223961362e-01 1.348226505574454670e+01
3.658036150464093694e+00 6.703786171592430732e-01 1.003548869365233465e+01
3.675622862725940188e+00 5.927523449869744887e-01 7.692028510733161184e+00
3.693209574987786681e+00 5.182797151678415482e-01 6.140726758557814691e+00
3.710796287249633174e+00 4.548602571707385800e-01 5.143134152135125703e+00
3.728382999511479667e+00 4.089118577935267895e-01 4.547267982030714251e+00
3.745969711773326605e+00 3.846107729745337767e-01 4.265512894147991396e+00
3.763556424035173542e+00 3.835073369921587205e-01 4.253200205676237466e+00
3.781143136297020035e+00 4.044054648665572071e-01 4.493431266057517526e+00
3.798729848558866529e+00 4.433206571036077959e-01 4.984857580789895160e+00
3.816316560820713022e+00 4.933870982258992122e-01 5.720773132250299042e+00
3.833903273082559071e+00 5.448038462578945751e-01 6.636744180235956136e+00
3.851489985344406453e+00 5.852922612336161068e-01 7.512230640199445197e+00
3.869076697606252946e+00 6.018912974493240142e-01 7.921264592156402884e+00
3.886663409868099439e+00 5.846364927415109713e-01 7.496727455094243098e+00
3.904250122129945932e+00 5.310754725258607367e-01 6.373251561283624689e+00
3.921836834391792426e+00 4.485219656942964206e-01 5.055428218564869347e+00
3.939423546653639363e+00 3.514404374356002170e-01 3.911882306862735970e+00
3.957010258915485856e+00 2.553296666046169783e-01 3.042867004522519014e+00
3.974596971177332350e+00 1.714473791287144666e-01 2.413330696971805356e+00
3.992183683439178843e+00 1.050915656322784636e-01 1.959360404072053807e+00
4.009770395701025336e+00 5.677446234679915660e-02 1.625615769495446283e+00
4.027357107962872718e+00 2.431140212652202481e-02 1.369446856813267166e+00
4.044943820224719211e+00 4.527827776949024975e-03 1.144287234608934556e+00
4.062530532486565704e+00 5.743883254939970151e-03 1.164006623580757349e+00
4.080117244748412197e+00 9.226564630323065910e-03 1.212524012510105997e+00
4.097703957010258691e+00 8.083693609862645929e-03 1.197583316824825328e+00
4.115290669272105184e+00 3.954891627840904575e-03 1.134216453003518588e+00
4.132877381533951677e+00 1.956052083643914936e-03 1.092547687458217842e+00
4.150464093795798171e+00 8.786710452199399113e-03 1.206866002381139280e+00
4.168050806057644664e+00 1.593309051682811200e-02 1.288922298905808672e+00
4.185637518319491157e+00 2.298293005450614476e-02 1.357381986285511433e+00
4.203224230581338539e+00 2.966442409936256852e-02 1.416140686635962709e+00
4.220810942843185032e+00 3.580780839233398821e-02 1.466789345170380843e+00
4.238397655105031525e+00 4.131701872548169258e-02 1.510247715576073846e+00
4.255984367366878018e+00 4.614900553216366025e-02 1.547197000429460401e+00
4.273571079628724512e+00 5.029877875137910709e-02 1.578229583941536784e+00
4.291157791890571893e+00 5.378872170089226551e-02 1.603908841448146827e+00
4.308744504152418386e+00 5.666109293331654528e-02 1.624795601116125310e+00
4.326331216414264880e+00 5.897292541351356610e-02 1.641461549927125674e+00
4.343917928676111373e+00 6.079273905063618116e-02 1.654497868553635787e+00
4.361504640937956978e+00 6.219860879339137588e-02 1.664522575571228291e+00
4.379091353199804360e+00 6.327716667246051363e-02 1.672187517421396041e+00
4.396678065461650853e+00 6.412303201863603364e-02 1.678183783373782267e+00
4.414264777723497346e+00 6.483790235936008617e-02 1.683241505989623743e+00
4.431851489985343839e+00 6.552802199792780169e-02 1.688115742487615645e+00
4.449438202247190333e+00 6.629794009462847137e-02 1.693544156651573429e+00
4.467024914509037714e+00 6.723757227239184064e-02 1.700156115788621358e+00
4.484611626770884207e+00 6.839944842389179824e-02 1.708312870734215672e+00
4.502198339032730701e+00 6.976573090686238876e-02 1.717878872227107445e+00
4.519785051294577194e+00 7.121299527640756466e-02 1.727983110567341107e+00
4.537371763556423687e+00 7.249668148639451526e-02 1.736921912032008297e+00
4.554958475818271069e+00 7.328547291363753102e-02 1.742404182592298012e+00
4.572545188080116674e+00 7.325708684046203234e-02 1.742207026527204050e+00
4.590131900341963167e+00 7.221747389913200921e-02 1.734979490883890030e+00
4.607718612603809660e+00 7.017064049351599830e-02 1.720708702312418570e+00
4.625305324865656154e+00 6.729726997789796383e-02 1.700575720642152566e+00
4.642892037127503535e+00 6.386996599158127619e-02 1.676391172919853290e+00
4.660478749389350028e+00 6.016576571115322958e-02 1.650014360620566167e+00
4.678065461651196522e+00 5.641396890705582812e-02 1.623006719040421375e+00
4.695652173913043015e+00 5.278133335169821888e-02 1.596532199988293765e+00
4.713238886174889508e+00 4.937940445689423252e-02 1.571403937058463818e+00
4.730825598436736890e+00 4.627931102130827118e-02 1.548180576692783639e+00
4.748412310698583383e+00 4.352575412398192178e-02 1.527257316144567723e+00
4.765999022960429876e+00 4.114705689644384407e-02 1.508929825066957164e+00
4.783585735222276369e+00 3.916065530714472886e-02 1.493425191319266654e+00
4.801172447484122863e+00 3.757412803452718497e-02 1.480898540563019727e+00
4.818759159745969356e+00 3.638181561312099632e-02 1.471394163332571337e+00
4.836345872007815849e+00 3.555707231671891705e-02 1.464771726926346274e+00
4.853932584269662343e+00 3.504098341080335438e-02 1.460606822996472376e+00
4.871519296531508836e+00 3.473071575822649082e-02 1.458094972351633878e+00
4.889106008793355329e+00 3.447463017253712958e-02 1.456017184887670846e+00
4.906692721055202711e+00 3.408459197461631562e-02 1.452844460295682705e+00
4.924279433317049204e+00 3.337286086035833044e-02 1.447029172812411391e+00
4.941866145578895697e+00 3.220667008722998687e-02 1.437425703408481636e+00
4.959452857840742190e+00 3.055483479992252352e-02 1.423653147622458981e+00
4.977039570102588684e+00 2.849748804796527549e-02 1.406194478878021847e+00
4.994626282364436065e+00 2.619262547383790704e-02 1.386183118683258275e+00
5.012212994626282558e+00 2.382174213825761014e-02 1.365024886587237862e+00
5.029799706888129052e+00 2.154403116465175572e-02 1.344058164584028381e+00
5.047386419149974657e+00 1.947372613782576492e-02 1.324360547160991608e+00
5.064973131411821150e+00 1.767787055147482592e-02 1.306693740108984647e+00
5.082559843673668531e+00 1.618466341865428676e-02 1.291525485835808951e+00
5.100146555935515025e+00 1.499397991806367299e-02 1.279072178051847697e+00
5.117733268197361518e+00 1.408567024229864968e-02 1.269331183454921463e+00
5.135319980459208011e+00 1.342433347877238815e-02 1.262093955570831039e+00
5.152906692721054505e+00 1.296089375553331237e-02 1.256943851713134164e+00
5.170493404982901886e+00 1.263209880951484017e-02 1.253248477651445869e+00
5.188080117244748379e+00 1.235970806282009511e-02 1.250159765625291630e+00
5.205666829506594873e+00 1.205198765099889033e-02 1.246639562522571243e+00
5.223253541768441366e+00 1.161093081461321043e-02 1.241534358812378169e+00
5.240840254030287859e+00 1.094821022696689135e-02 1.233722656161303277e+00
5.258426966292135241e+00 1.000939928121241142e-02 1.222338241533290182e+00
5.276013678553981734e+00 8.798934929420161935e-03 1.207024743464212291e+00
5.293600390815827339e+00 7.391769098487112853e-03 1.188124910530303557e+00
5.311187103077673832e+00 5.919950808202917997e-03 1.166709245299958120e+00
5.328773815339520326e+00 4.536497818758379250e-03 1.144435283242614343e+00
5.346360527601367707e+00 3.374108932288095910e-03 1.123338536717107150e+00
5.363947239863214200e+00 2.517896093621788643e-03 1.105659114473361404e+00
5.381533952125060694e+00 1.999187359178773021e-03 1.093610064829264594e+00
5.399120664386907187e+00 1.804619853500349751e-03 1.088731000385591674e+00
5.416707376648753680e+00 1.890464016812529570e-03 1.090911726604292475e+00
5.434294088910601062e+00 2.194968745130789368e-03 1.098306704718594373e+00
5.451880801172447555e+00 2.646036514861042736e-03 1.108458336807013334e+00
5.469467513434294048e+00 3.164592789738676290e-03 1.119215882279123830e+00
5.487054225696140541e+00 3.665360753576183978e-03 1.128887586807857168e+00
5.504640937957987035e+00 4.057238525682815324e-03 1.136059414844995619e+00
5.522227650219833528e+00 4.245792361012368406e-03 1.139402950590368890e+00
5.539814362481680021e+00 4.140636080312429940e-03 1.137546350498851000e+00
5.557401074743526515e+00 3.670064122914380288e-03 1.128975585230241663e+00
5.574987787005373008e+00 2.803005128847886693e-03 1.111806232510639703e+00
5.592574499267219501e+00 1.573155760824017195e-03 1.082602313087495549e+00
5.610161211529066883e+00 9.348999705813761693e-05 1.019526850657850758e+00
5.627747923790913376e+00 1.452958718673912986e-03 1.079256465030728807e+00
5.645334636052759869e+00 2.851276779763718683e-03 1.112818927666858526e+00
5.662921348314606362e+00 3.909115625937967589e-03 1.133385492172796827e+00
5.680508060576452856e+00 4.502428824606790128e-03 1.143852825301615139e+00
5.698094772838300237e+00 4.593521241610421489e-03 1.145406010001936092e+00
5.715681485100146730e+00 4.220851066550132882e-03 1.138964404765947958e+00
5.733268197361993224e+00 3.473961848534791712e-03 1.125263734068632671e+00
5.750854909623839717e+00 2.468150077565954212e-03 1.104555318060234104e+00
5.768441621885685322e+00 1.326798780739795640e-03 1.075604407837636112e+00
5.786028334147532703e+00 1.724499093108333107e-04 1.026613526275141686e+00
5.803615046409379197e+00 8.759901418883641157e-04 1.060999676671331438e+00
5.821201758671225690e+00 1.703546347571731822e-03 1.086101850452675377e+00
5.838788470933072183e+00 2.200517964855947233e-03 1.098437005924042920e+00
5.856375183194918677e+00 2.268110884723242848e-03 1.100012436595696474e+00
5.873961895456766058e+00 1.831014041800793461e-03 1.089406432251896817e+00
5.891548607718612551e+00 8.578010935374917123e-04 1.060343848321393168e+00
5.909135319980459045e+00 6.141066192471211424e-04 1.050821772614773497e+00
5.926722032242305538e+00 2.458656280556005547e-03 1.104343535892638783e+00
5.944308744504152031e+00 4.461546113042720411e-03 1.143151380779426241e+00
5.961895456765999413e+00 6.352647501915772293e-03 1.173212648755992848e+00
5.979482169027845018e+00 7.866744868147923508e-03 1.194654128405965299e+00
5.997068881289691511e+00 8.809180177674418369e-03 1.207157715906827411e+00
6.014655593551538004e+00 9.096984076937882080e-03 1.210868457352042959e+00
6.032242305813384498e+00 8.761214889181762749e-03 1.206534647361168444e+00
6.049829018075231879e+00 7.918917755892835447e-03 1.195361489541160394e+00
6.067415730337078372e+00 6.734754697775343496e-03 1.178804818435424062e+00
6.085002442598924866e+00 5.388807935036788246e-03 1.158448465071250766e+00
6.102589154860771359e+00 4.057019121599804261e-03 1.136055485671794818e+00
6.120175867122617852e+00 2.902787449505205182e-03 1.113891222257920255e+00
6.137762579384465234e+00 2.074850571321438988e-03 1.095448798483426245e+00
6.155349291646311727e+00 1.706209560347989995e-03 1.086172025850895784e+00
6.172936003908158220e+00 1.909615392263648787e-03 1.091392047156978906e+00
6.190522716170004713e+00 2.766238758119790326e-03 1.111029702173476297e+00
6.208109428431851207e+00 4.306048763382096939e-03 1.140457896926544423e+00
6.225696140693697700e+00 6.482248241879848098e-03 1.175124518050202349e+00
6.243282852955544193e+00 9.148384053763097129e-03 1.211526262169886126e+00
6.260869565217390686e+00 1.205325179277610265e-02 1.246654092491291443e+00
6.278456277479237180e+00 1.486911240846079847e-02 1.277746001363356143e+00
6.296042989741083673e+00 1.725633519129768020e-02 1.302458741431854694e+00
6.313629702002931054e+00 1.894519229978903693e-02 1.319221161934859055e+00
6.331216414264777548e+00 1.980003116812386124e-02 1.327509936375890209e+00
6.348803126526624041e+00 1.983882102830556923e-02 1.327883156849154922e+00
6.366389838788470534e+00 1.920725705796625868e-02 1.321775435182090952e+00
6.383976551050317028e+00 1.812884750727079483e-02 1.311185955148635340e+00
6.401563263312164409e+00 1.685591399802188056e-02 1.298402327420327795e+00
6.419149975574010902e+00 1.563571561876600166e-02 1.285826239289068917e+00
6.436736687835857396e+00 1.469338739398206098e-02 1.275872848491879097e+00
6.454323400097703001e+00 1.422619090247404308e-02 1.270852778817192608e+00
6.471910112359549494e+00 1.440173353415831643e-02 1.272745926913492420e+00
6.489496824621396875e+00 1.535370191417105047e-02 1.282870626594851293e+00
6.507083536883243369e+00 1.717044601042692215e-02 1.301591448738638634e+00
6.524670249145089862e+00 1.987428154915962461e-02 1.328224129240358931e+00
6.542256961406936355e+00 2.339362408352757897e-02 1.361134991712648734e+00
6.559843673668782849e+00 2.753681030946120850e-02 1.397915318587950484e+00
6.577430385930630230e+00 3.198407257742245241e-02 1.435581648534045129e+00
6.595017098192476723e+00 3.631658922575867199e-02 1.470871877581261034e+00
6.612603810454323217e+00 4.009067050744750949e-02 1.500708162911936538e+00
6.630190522716169710e+00 4.294024071960977212e-02 1.522768843447972253e+00
6.647777234978016203e+00 4.466742895995441665e-02 1.535968603889402040e+00
6.665363947239863585e+00 4.528171482485424809e-02 1.540634290577704180e+00
6.682950659501710078e+00 4.497637228790929420e-02 1.538316960588706594e+00
6.700537371763555683e+00 4.406382704847464776e-02 1.531369542217027924e+00
6.718124084025402176e+00 4.290417306664014163e-02 1.522491878943187604e+00
6.735710796287248670e+00 4.185119264190398369e-02 1.514381129823953787e+00
6.753297508549095163e+00 4.122259965011214333e-02 1.509515750940667811e+00
6.770884220810942544e+00 4.128873879966303562e-02 1.510028524253522075e+00
6.788470933072789038e+00 4.226955712925793002e-02 1.517609468330699096e+00
6.806057645334635531e+00 4.433037640940356433e-02 1.533402278127345086e+00
6.823644357596482024e+00 4.756969198102521668e-02 1.557887464706543046e+00
6.841231069858328517e+00 5.199586420216086718e-02 1.590760884116504625e+00
6.858817782120175899e+00 5.749490236308218288e-02 1.630820670849874920e+00
6.876404494382022392e+00 6.379952186856249763e-02 1.675891973125927414e+00
6.893991206643868885e+00 7.047888711521489713e-02 1.722861444600001013e+00
6.911577918905715379e+00 7.697263541026004574e-02 1.767934030056324879e+00
6.929164631167560984e+00 8.268212482953200826e-02 1.807194825333855004e+00
6.946751343429408365e+00 8.710292233307263821e-02 1.837410862371965159e+00
6.964338055691254858e+00 8.995053525833228425e-02 1.856806355690083343e+00
6.981924767953101352e+00 9.122468790867600819e-02 1.865470116185287575e+00
6.999511480214947845e+00 9.118826673204921685e-02 1.865222581882711061e+00
7.017098192476794338e+00 9.028235306602090671e-02 1.859063412290692385e+00
7.034684904738641720e+00 8.902317009310592444e-02 1.850495129658545013e+00
7.052271617000488213e+00 8.791901883138142360e-02 1.842974343516218694e+00
7.069858329262334706e+00 8.742156484178642550e-02 1.839583601579420913e+00
7.087445041524181200e+00 8.790601406404198459e-02 1.842885719876466322e+00
7.105031753786027693e+00 8.966623093217535034e-02 1.854872016542504776e+00
7.122618466047875074e+00 9.291094637871551154e-02 1.876923636761674175e+00
7.140205178309721568e+00 9.775107652696325700e-02 1.909732894059188002e+00
7.157791890571568061e+00 1.041734728469947968e-01 1.953159157509569033e+00
7.175378602833413666e+00 1.120034738580435729e-01 2.006023472727352264e+00
7.192965315095260159e+00 1.208684875200939368e-01 2.065892727529345496e+00
7.210552027357107541e+00 1.301861730625894220e-01 2.128975807516054530e+00
7.228138739618954034e+00 1.392066802237623413e-01 2.190322422141063541e+00
7.245725451880800527e+00 1.471271754875729254e-01 2.244496868361267605e+00
7.263312164142647021e+00 1.532626466076051908e-01 2.286704500194822298e+00
7.280898876404493514e+00 1.572151547496983270e-01 2.314021771610280886e+00
7.298485588666340895e+00 1.589690623080252663e-01 2.326177867282612777e+00
7.316072300928187389e+00 1.588733751067558653e-01 2.325514113227972413e+00
7.333659013190033882e+00 1.575317036703904050e-01 2.316214137922989469e+00
7.351245725451880375e+00 1.556590727559200582e-01 2.303254607361377548e+00
7.368832437713726868e+00 1.539607621150557715e-01 2.291521901533316363e+00
7.386419149975573362e+00 1.530579794370817426e-01 2.285292776077676447e+00
7.404005862237419855e+00 1.534561611629758349e-01 2.288039545957023080e+00
7.421592574499266348e+00 1.555375865150753767e-01 2.302414686627808127e+00
7.439179286761112841e+00 1.595588931706660718e-01 2.330270793603624213e+00
7.456765999022959335e+00 1.656393241748178868e-01 2.372613676146182904e+00
7.474352711284806716e+00 1.737329865815206431e-01 2.429431088411409423e+00
7.491939423546653209e+00 1.835876462001627407e-01 2.499386757614881382e+00
7.509526135808499703e+00 1.947046307106390373e-01 2.579440616885912974e+00
7.527112848070347084e+00 2.063278795670703269e-01 2.664569411384223763e+00
7.544699560332192689e+00 2.174974066366099357e-01 2.747888338531760510e+00
7.562286272594040071e+00 2.271900381545162717e-01 2.821494635312252974e+00
7.579872984855885676e+00 2.345304645879299488e-01 2.878099352433971525e+00
7.597459697117733057e+00 2.390045092769399193e-01 2.912982120055443325e+00
7.615046409379580439e+00 2.405846995561974344e-01 2.925373484446702754e+00
7.632633121641426044e+00 2.397146990084695062e-01 2.918546566455397784e+00
7.650219833903272537e+00 2.371721247701945035e-01 2.898659858816557300e+00
7.667806546165118142e+00 2.338823373397936056e-01 2.873070425362904246e+00
7.685393258426965524e+00 2.307560796727014252e-01 2.848898207723556730e+00
7.702979970688812905e+00 2.285871449401785382e-01 2.832209614677658305e+00
7.720566682950658510e+00 2.280077409071290251e-01 2.827762632990342695e+00
7.738153395212505892e+00 2.294789268064807708e-01 2.839063302454214011e+00
7.755740107474351497e+00 2.332909182945994697e-01 2.868486812519483120e+00
7.773326819736198878e+00 2.395547137046348807e-01 2.917292396917111841e+00
7.790913531998046260e+00 2.481762757102506101e-01 2.985436716481367547e+00
7.808500244259891865e+00 2.588159878327312979e-01 3.071160689742379102e+00
7.826086956521739246e+00 2.708500306478954234e-01 3.170424757011808037e+00
7.843673668783584851e+00 2.833651223204750047e-01 3.276432964302395501e+00
7.861260381045431345e+00 2.952255553869098659e-01 3.379689522642550070e+00
7.878847093307278726e+00 3.052373414628223869e-01 3.469102847885932484e+00
7.896433805569124331e+00 3.123901290940189757e-01 3.534311621082094401e+00
7.914020517830971713e+00 3.161005460513031662e-01 3.568590275861843075e+00
7.931607230092817318e+00 3.163551349784889388e-01 3.570953846163966272e+00
7.949193942354664699e+00 3.136905556694020714e-01 3.546289899775195043e+00
7.966780654616512081e+00 3.090313867559116856e-01 3.503550191885950404e+00
7.984367366878357686e+00 3.034686665631717850e-01 3.453151861728187111e+00
8.001954079140205067e+00 2.980652583327765837e-01 3.404835491180940643e+00
8.019540791402050672e+00 2.937325273114184121e-01 3.366535413295668189e+00
8.037127503663898054e+00 2.911771337039386065e-01 3.344127110700077843e+00
8.054714215925745435e+00 2.908918424528611490e-01 3.341633595956390756e+00
8.072300928187591040e+00 2.931607230074763093e-01 3.361509711091907437e+00
8.089887640449438422e+00 2.980570930625243142e-01 3.404762945743960323e+00
8.107474352711284027e+00 3.054242735355458538e-01 3.470792679389807400e+00
8.125061064973131408e+00 3.148422620789808613e-01 3.556930411521376456e+00
8.142647777234978790e+00 3.255980800937372521e-01 3.657792263124981513e+00
8.160234489496824395e+00 3.366919921506416058e-01 3.764759792050399234e+00
8.177821201758671776e+00 3.469178475496272340e-01 3.866148364116520852e+00
8.195407914020517381e+00 3.550397479350746455e-01 3.948683625305091205e+00
8.212994626282362987e+00 3.600419302938322463e-01 4.000436799332129034e+00
8.230581338544210368e+00 3.613724192606962982e-01 4.014323349229599991e+00
8.248168050806055973e+00 3.590779036416253400e-01 3.990407111172646015e+00
8.265754763067903355e+00 3.537696082734639313e-01 3.935655663372571667e+00
8.283341475329748960e+00 3.464445400078151605e-01 3.861394305732516408e+00
8.300928187591596341e+00 3.382496573783399518e-01 3.780027283773705893e+00
8.318514899853443723e+00 3.302781292884039988e-01 3.702544035086371643e+00
8.336101612115289328e+00 3.234429621679253408e-01 3.637363511895909340e+00
8.353688324377136709e+00 3.184256608712448533e-01 3.590232017434192180e+00
8.371275036638982314e+00 3.156720104950464512e-01 3.564615177349739650e+00
8.388861748900829696e+00 3.154040478313760998e-01 3.562131698655297551e+00
8.406448461162677077e+00 3.176262979561929600e-01 3.582777557126443746e+00
8.424035173424522682e+00 3.221169033670376880e-01 3.624848869547244057e+00
8.441621885686370064e+00 3.284074059740228479e-01 3.684591304279297930e+00
8.459208597948215669e+00 3.357684819294401435e-01 3.755737387211365075e+00
8.476795310210063050e+00 3.432308982279855814e-01 3.829274419169686805e+00
8.494382022471910432e+00 3.496739475629351834e-01 3.893952329096009191e+00
8.511968734733756037e+00 3.539962682383635539e-01 3.937977218252708855e+00
8.529555446995603418e+00 3.553421105054047069e-01 3.951791683699650282e+00
8.547142159257449023e+00 3.533083649492833600e-01 3.930935840788221558e+00
8.564728871519296405e+00 3.480431327879182080e-01 3.877475444895579493e+00
8.582315583781143786e+00 3.401899989491962706e-01 3.799133347366972835e+00
8.599902296042989391e+00 3.307085953863890815e-01 3.706687329879509551e+00
8.617489008304836773e+00 3.206544428484493503e-01 3.611095382108662211e+00
8.635075720566682378e+00 3.109972109833451515e-01 3.521523755747069551e+00
8.652662432828529759e+00 3.025141998770962681e-01 3.444571942696359468e+00
8.670249145090377141e+00 2.957530913407137030e-01 3.384348274607053675e+00
8.687835857352222746e+00 2.910366689373140581e-01 3.342899209460557852e+00
8.705422569614068351e+00 2.884813208576724741e-01 3.320630270663404993e+00
8.723009281875913956e+00 2.880105310123763918e-01 3.316541727468854450e+00
8.740595994137761338e+00 2.893563993308819193e-01 3.328241552107951140e+00
8.758182706399608719e+00 2.920537180342837047e-01 3.351798957747095464e+00
8.775769418661454324e+00 2.954418503384362849e-01 3.381598961880592391e+00
8.793356130923301706e+00 2.986976881739239476e-01 3.410458644747130119e+00
8.810942843185147311e+00 3.009223665306083872e-01 3.430305988219671587e+00
8.828529555446994692e+00 3.012873129022393126e-01 3.433571849127817543e+00
8.846116267708842074e+00 2.992110724455592230e-01 3.415029500450859512e+00
8.863702979970687679e+00 2.945045812651472250e-01 3.373331766699977585e+00
8.881289692232535060e+00 2.874191719169791326e-01 3.311412337590496691e+00
8.898876404494380665e+00 2.785724759191555155e-01 3.235490341298668859e+00
8.916463116756228047e+00 2.687873660125464914e-01 3.153229856773343887e+00
8.934049829018075428e+00 2.589136581736719012e-01 3.071956276499653082e+00
8.951636541279921033e+00 2.496918454250151576e-01 2.997535522605936364e+00
8.969223253541768415e+00 2.416814356271064779e-01 2.933995899384849615e+00
8.986809965803614020e+00 2.352437530340539817e-01 2.883640934038984582e+00
9.004396678065461401e+00 2.305550552193232072e-01 2.847348660169996659e+00
9.021983390327308783e+00 2.276276190264760746e-01 2.824847701521182586e+00
9.039570102589154388e+00 2.263252868817733354e-01 2.814876066050436609e+00
9.057156814851001769e+00 2.263697930699242467e-01 2.815216452399896596e+00
9.074743527112847374e+00 2.273430345303683042e-01 2.822666704097189783e+00
9.092330239374694756e+00 2.286979485567113834e-01 2.833060577059858254e+00
9.109916951636542137e+00 2.297951106604703975e-01 2.841495979344313749e+00
9.127503663898387742e+00 2.299791206745201433e-01 2.842912376432418675e+00
9.145090376160233347e+00 2.286934725456261364e-01 2.833026198346173974e+00
9.162677088422078953e+00 2.256068665149195962e-01 2.809385305624863438e+00
9.180263800683926334e+00 2.207028410770873472e-01 2.772091795317598528e+00
9.197850512945773716e+00 2.142891936163784095e-01 2.723797091988565899e+00
9.215437225207619321e+00 2.069190335150059568e-01 2.668940751047499393e+00
9.233023937469466702e+00 1.992583323502198911e-01 2.612609844391398095e+00
9.250610649731312307e+00 1.919538126548137047e-01 2.559512714745130424e+00
9.268197361993159689e+00 1.855409493507518826e-01 2.513361768253190132e+00
9.285784074255007070e+00 1.804025148963109004e-01 2.476677754782024454e+00
9.303370786516852675e+00 1.767654161344396069e-01 2.450862784416072859e+00
9.320957498778700057e+00 1.747159016541893761e-01 2.436368920020228757e+00
9.338544211040545662e+00 1.742166117897547550e-01 2.432843661621504783e+00
9.356130923302393043e+00 1.751165481658327194e-01 2.439199292044287759e+00
9.373717635564240425e+00 1.771528063298123401e-01 2.453606586547396162e+00
9.391304347826086030e+00 1.799498420969735391e-01 2.473458151827419016e+00
9.408891060087933411e+00 1.830279567178001165e-01 2.495389295996004897e+00
9.426477772349779016e+00 1.858359207822458947e-01 2.515475425233092643e+00
9.444064484611626398e+00 1.878191561801896003e-01 2.529709142787643028e+00
9.461651196873473779e+00 1.885206638269504575e-01 2.534753380636349362e+00
9.479237909135319384e+00 1.876893861477079706e-01 2.528776570304401616e+00
9.496824621397166766e+00 1.853536755410414016e-01 2.512020280592620836e+00
9.514411333659012371e+00 1.818237151024978404e-01 2.486798498911615862e+00
9.531998045920859752e+00 1.776186677173304806e-01 2.456907986598146021e+00
9.549584758182707134e+00 1.733506554851305670e-01 2.426734714066986598e+00
9.567171470444552739e+00 1.696118514222225704e-01 2.400432910090956717e+00
9.584758182706400120e+00 1.668972107867078281e-01 2.381408798177730990e+00
9.602344894968245725e+00 1.655699089935769863e-01 2.372128690382770966e+00
9.619931607230093107e+00 1.658576960722198401e-01 2.374139630739537044e+00
9.637518319491938712e+00 1.678624252030571917e-01 2.388166127560476415e+00
9.655105031753784317e+00 1.715682580477949082e-01 2.414181077954149934e+00
9.672691744015631699e+00 1.768408506028905369e-01 2.451396964227599451e+00
9.690278456277477304e+00 1.834171554059232101e-01 2.498168742218891847e+00
9.707865168539324685e+00 1.908928587878991612e-01 2.551848204108819296e+00
9.725451880801172067e+00 1.987217453536102851e-01 2.608689401354231663e+00
9.743038593063017672e+00 2.062461257313095708e-01 2.663965203331812859e+00
9.760625305324865053e+00 2.127743236124465531e-01 2.712467000157539943e+00
9.778212017586710658e+00 2.177042960136937044e-01 2.749446461458427748e+00
9.795798729848558040e+00 2.206639337766871101e-01 2.771797206081796361e+00
9.813385442110405421e+00 2.216152637165111627e-01 2.779006024476109005e+00
9.830972154372251026e+00 2.208745029210075761e-01 2.773391783932587895e+00
9.848558866634098408e+00 2.190375665303862796e-01 2.759500920959666370e+00
9.866145578895944013e+00 2.168460779872906086e-01 2.742986674070380992e+00
9.883732291157791394e+00 2.150491508349651193e-01 2.729491914076967340e+00
9.901319003419638776e+00 2.143023645287628343e-01 2.723895727336586248e+00
9.918905715681484381e+00 2.151156828948473376e-01 2.729990828385672863e+00
9.936492427943331762e+00 2.178386231581823373e-01 2.750458401602819958e+00
9.954079140205177367e+00 2.226623168736435732e-01 2.786954145481034040e+00
9.971665852467024749e+00 2.296207529968028738e-01 2.840154320425867240e+00
9.989252564728872130e+00 2.385812168964672464e-01 2.909669148541808248e+00
1.000683927699071774e+01 2.492232486801059799e-01 2.993790808686295435e+00
1.002442598925256512e+01 2.610156995950380643e-01 3.089117874677925535e+00
1.004201270151441072e+01 2.732121176684622066e-01 3.190210107917511806e+00
1.005959941377625810e+01 2.848919533655282499e-01 3.289569150514290552e+00
1.007718612603810371e+01 2.950705312193526164e-01 3.378321571941583557e+00
1.009477283829994931e+01 3.028760030180317475e-01 3.447821969932736152e+00
1.011235955056179669e+01 3.077503535574439009e-01 3.491883884906051616e+00
1.012994626282364230e+01 3.095988740074102075e-01 3.508729894282736517e+00
1.014753297508548968e+01 3.088206415630254664e-01 3.501628449780228358e+00
1.016511968734733706e+01 3.062065770568242473e-01 3.477872821499964129e+00
1.018270639960918267e+01 3.027548147815872226e-01 3.446733039979520630e+00
1.020029311187103005e+01 2.994799597226486809e-01 3.417425720842354853e+00
1.021787982413287565e+01 2.972729133337507212e-01 3.397802291403503983e+00
1.023546653639472304e+01 2.968273418496779059e-01 3.393852958198733116e+00
1.025305324865657042e+01 2.986173220276882034e-01 3.409743615953372053e+00
1.027063996091841602e+01 3.028992040084682036e-01 3.448030477074170097e+00
1.028822667318026340e+01 3.097143754762183843e-01 3.509785003426210359e+00
1.030581338544210901e+01 3.188800284677825725e-01 3.594475858392668144e+00
1.032340009770395639e+01 3.299675022443518957e-01 3.699557061979781292e+00
1.034098680996580377e+01 3.422811663446923003e-01 3.819834623388569828e+00
1.035857352222764938e+01 3.548638888051516282e-01 3.946877112512829910e+00
1.037616023448949676e+01 3.665624784314862605e-01 4.068989377604541602e+00
1.039374694675134236e+01 3.761774842409145170e-01 4.172410592053669376e+00
1.041133365901318975e+01 3.826876907540127104e-01 4.244079989887166171e+00
1.042892037127503713e+01 3.854890814542473731e-01 4.275342134253294901e+00
1.044650708353688273e+01 3.845545327946087166e-01 4.264884370846580453e+00
1.046409379579873011e+01 3.804406220051755327e-01 4.219188816501155515e+00
1.048168050806057572e+01 3.741393533375317326e-01 4.150249741941150816e+00
1.049926722032242310e+01 3.668450729222149098e-01 4.071988855657550310e+00
1.051685393258427048e+01 3.597293847878084150e-01 3.997182150541406465e+00
1.053444064484611609e+01 3.537856324993518542e-01 3.935819743518361058e+00
1.055202735710796347e+01 3.497549045815981361e-01 3.894772170710097292e+00
1.056961406936980907e+01 3.481110909140807119e-01 3.878160609403158432e+00
1.058720078163165468e+01 3.490725253367857883e-01 3.887867423305749082e+00
1.060478749389350206e+01 3.526143259752113623e-01 3.923845059707638416e+00
1.062237420615534766e+01 3.584685649599518298e-01 3.984081392392146981e+00
1.063996091841719505e+01 3.661135905877455632e-01 4.064229764510622900e+00
1.065754763067904065e+01 3.747678102566492364e-01 4.157069167762762696e+00
1.067513434294088803e+01 3.834152365866216883e-01 4.252174308409254699e+00
1.069272105520273541e+01 3.908939719740781582e-01 4.336394866483680666e+00
1.071030776746458102e+01 3.960643818997653942e-01 4.395728990867445063e+00
1.072789447972642840e+01 3.980356058850077483e-01 4.418595008932798329e+00
1.074548119198827401e+01 3.963813625666289808e-01 4.399396729575716591e+00
1.076306790425012139e+01 3.912545784044549335e-01 4.340503278646510310e+00
1.078065461651196877e+01 3.833447160321249991e-01 4.251388974529703546e+00
1.079824132877381437e+01 3.736970298924467970e-01 4.145457442248710933e+00
1.081582804103566176e+01 3.634748160410088968e-01 4.036371746098196489e+00
1.083341475329750736e+01 3.537525620371493873e-01 3.935481126241207050e+00
1.085100146555935474e+01 3.453881399869395685e-01 3.850805239038464833e+00
1.086858817782120212e+01 3.389743020715796362e-01 3.787151245077369222e+00
1.088617489008304773e+01 3.348419710986110243e-01 3.746707531938652025e+00
1.090376160234489511e+01 3.330836375762040169e-01 3.729630504423477877e+00
1.092134831460674071e+01 3.335745493238050918e-01 3.734390407766660314e+00
1.093893502686858810e+01 3.359826802157287462e-01 3.757828095312249594e+00
1.095652173913043548e+01 3.397713471734347679e-01 3.795002705657055664e+00
1.097410845139228108e+01 3.442097125585450446e-01 3.839028310005903943e+00
1.099169516365412846e+01 3.484143461127036656e-01 3.881219607612898859e+00
1.100928187591597407e+01 3.514440210645125573e-01 3.911918768418552350e+00
1.102686858817781967e+01 3.524526307301964478e-01 3.922194997679137707e+00
1.104445530043966706e+01 3.508710225707420416e-01 3.906093317896226491e+00
1.106204201270151266e+01 3.465544223110473832e-01 3.862497461158096446e+00
1.107962872496336004e+01 3.398278163721276113e-01 3.795559594302473805e+00
1.109721543722520565e+01 3.314025949943089078e-01 3.713376871224582931e+00
1.111480214948705303e+01 3.222002991287983842e-01 3.625634680359250073e+00
1.113238886174890041e+01 3.131574858938433459e-01 3.541375137998875822e+00
1.114997557401074602e+01 3.050764482455776694e-01 3.467649011443766138e+00
1.116756228627259340e+01 2.985474549413948964e-01 3.409122108967896025e+00
1.118514899853443900e+01 2.939318688277332003e-01 3.368289037106625639e+00
1.120273571079628638e+01 2.913793424280637367e-01 3.345895458490618424e+00
1.122032242305813377e+01 2.908540638965052549e-01 3.341303525223920712e+00
1.123790913531997937e+01 2.921550942456179190e-01 3.352687203818655703e+00
1.125549584758182675e+01 2.949271189353373512e-01 3.377056526773027478e+00
1.127308255984367236e+01 2.986678761523268166e-01 3.410193387211865712e+00
1.129066927210551974e+01 3.027464850287774900e-01 3.446658205044473622e+00
1.130825598436736712e+01 3.064509320643714063e-01 3.480087066063543677e+00
1.132584269662921272e+01 3.090784007055000782e-01 3.503979036837328920e+00
1.134342940889106011e+01 3.100642875957345113e-01 3.512983274427831759e+00
1.136101612115290571e+01 3.091176978825380117e-01 3.504337529703047682e+00
1.137860283341475309e+01 3.063098862454143312e-01 3.478808807502093536e+00
1.139618954567660047e+01 3.020698828187131646e-01 3.440584543181143040e+00
1.141377625793844608e+01 2.970824310862648643e-01 3.396113441611567918e+00
1.143136297020029346e+01 2.921306660882777018e-01 3.352473148204277553e+00
1.144894968246213907e+01 2.879448848785781667e-01 3.315971977529831527e+00
1.146653639472398645e+01 2.851006778557430565e-01 3.291368449269036045e+00
1.148412310698583383e+01 2.839756286966724774e-01 3.281680062175214019e+00
1.150170981924767943e+01 2.847485822775907560e-01 3.288333719795085042e+00
1.151929653150952504e+01 2.874180373802223132e-01 3.311402503385187490e+00
1.153688324377137064e+01 2.918215152977052251e-01 3.349765210579140451e+00
1.155446995603321803e+01 2.976477474480725971e-01 3.401127847651918223e+00
1.157205666829506541e+01 3.044435172264245426e-01 3.461935280435683104e+00
1.158964338055691101e+01 3.116255549962765325e-01 3.527286945027109155e+00
1.160723009281875839e+01 3.185140131627212101e-01 3.591056859847095328e+00
1.162481680508060400e+01 3.244045985217971495e-01 3.646465230775458366e+00
1.164240351734245138e+01 3.286861199094184838e-01 3.687260564474367008e+00
1.165999022960429876e+01 3.309863146818417534e-01 3.709362858967364396e+00
1.167757694186614437e+01 3.312996458106142184e-01 3.712383774581220930e+00
1.169516365412799175e+01 3.300381241959421952e-01 3.700235948975948652e+00
1.171275036638983735e+01 3.279699288700154147e-01 3.680405405221363946e+00
1.173033707865168473e+01 3.260631757750854787e-01 3.662215690153473258e+00
1.174792379091353212e+01 3.252967815837198851e-01 3.654929471085478276e+00
1.176551050317537772e+01 3.265047974461647851e-01 3.666420717102627957e+00
1.178309721543722510e+01 3.302883815160063685e-01 3.702642660723051815e+00
1.180068392769907071e+01 3.369904052710392395e-01 3.767679863166064624e+00
1.181827063996091809e+01 3.467055775714110166e-01 3.864015505794571759e+00
1.183585735222276547e+01 3.592974622582582045e-01 3.992689030437281961e+00
1.185344406448461108e+01 3.744040860780231683e-01 4.153120871451258189e+00
1.187103077674645846e+01 3.914274240088457257e-01 4.342474091044544515e+00
1.188861748900830406e+01 4.095153578826515317e-01 4.554535217203367736e+00
1.190620420127015144e+01 4.275571869682329718e-01 4.778318932076527581e+00
1.192379091353199883e+01 4.442236421216215758e-01 4.997020278851694641e+00
1.194137762579384443e+01 4.580832875402600091e-01 5.188473119880416817e+00
1.195896433805569004e+01 4.678091165611561464e-01 5.328427562458482925e+00
1.197655105031753564e+01 4.724468432536768625e-01 5.396882155796673963e+00
1.199413776257938302e+01 4.716637829122777292e-01 5.385243986317179044e+00
1.201172447484123040e+01 4.658713264902681894e-01 5.300158583000198931e+00
1.202931118710307601e+01 4.561494878660916630e-01 5.161209230874361786e+00
1.204689789936492339e+01 4.439897043907227725e-01 4.993865716162138924e+00
1.206448461162676900e+01 4.309536943280102284e-01 4.821918597023578279e+00
1.208207132388861638e+01 4.183660833214901120e-01 4.662710513011197655e+00
1.209965803615046376e+01 4.071153685320040294e-01 4.525715601512885655e+00
1.211724474841230936e+01 3.975756686605444457e-01 4.413247547011162730e+00
1.213483146067415674e+01 3.896220598639343891e-01 4.321939163960398567e+00
1.215241817293600235e+01 3.827056381118357220e-01 4.244279455633139797e+00
1.217000488519784973e+01 3.759675438792446367e-01 4.170121865387558913e+00
1.218759159745969711e+01 3.683856139601346391e-01 4.088382471071065893e+00
1.220517830972154272e+01 3.589504053675213746e-01 3.989082631785155542e+00
1.222276502198339010e+01 3.468554754602374834e-01 3.865521531990936399e+00
1.224035173424523570e+01 3.316667766073358448e-01 3.715926502120958652e+00
1.225793844650708309e+01 3.134235352090400939e-01 3.543827235484691585e+00
1.227552515876893047e+01 2.926336782578023432e-01 3.356883316130580663e+00
1.229311187103077607e+01 2.701620270002835222e-01 3.164680889908984440e+00
1.231069858329262345e+01 2.470503546362429192e-01 2.976472030337067309e+00
1.232828529555446906e+01 2.243296941783931575e-01 2.799641539883253039e+00
1.234587200781631644e+01 2.028763877503652335e-01 2.639129470439223191e+00
1.236345872007816382e+01 1.833351072659097081e-01 2.497582676804998236e+00
1.238104543234000943e+01 1.661039750459243902e-01 2.375861047447060503e+00
1.239863214460185681e+01 1.513614586514007154e-01 2.273601026239069345e+00
1.241621885686370241e+01 1.391127280300163971e-01 2.189681696485486828e+00
1.243380556912554979e+01 1.292389078743406972e-01 2.122551399306140230e+00
1.245139228138739540e+01 1.215401764732716716e-01 2.070433253628018999e+00
1.246897899364924100e+01 1.157696292885581207e-01 2.031448382198179470e+00
1.248656570591108839e+01 1.116583690845023985e-01 2.003693996907385699e+00
1.250415241817293399e+01 1.089338031480285712e-01 1.985302815023122669e+00
1.252173913043478137e+01 1.073333496145567889e-01 1.974498235407662117e+00
1.253932584269662875e+01 1.066153013626141288e-01 1.969650114187754486e+00
1.255691255495847436e+01 1.065678899685405523e-01 1.969329985199244293e+00
1.257449926722032174e+01 1.070168979675900078e-01 1.972361671643806380e+00
1.259208597948216735e+01 1.078316459190609838e-01 1.977862386512315274e+00
1.260967269174401473e+01 1.089289153674060373e-01 1.985269820091438930e+00
1.262725940400586211e+01 1.102743682271302844e-01 1.994351965438206475e+00
1.264484611626770771e+01 1.118812194898504697e-01 2.005198247109860610e+00
1.266243282852955510e+01 1.138061850836758621e-01 2.018192410277402704e+00
1.268001954079140070e+01 1.161429081754681153e-01 2.033968888342266634e+00
1.269760625305324808e+01 1.190130345879436558e-01 2.053354274675759594e+00
1.271519296531509546e+01 1.225547884014611261e-01 2.077293584942588645e+00
1.273277967757694107e+01 1.269082995667734637e-01 2.106757081547971922e+00
1.275036638983878845e+01 1.321961701299567971e-01 2.142617871882974701e+00
1.276795310210063406e+01 1.384971197044837232e-01 2.185484443381981556e+00
1.278553981436248144e+01 1.458106156603396208e-01 2.235468826170758483e+00
1.280312652662432882e+01 1.540122333233568119e-01 2.291877208259669008e+00
1.282071323888617442e+01 1.628046015551254388e-01 2.352838596267666116e+00
1.283829995114802180e+01 1.716782409012763411e-01 2.414954913121141633e+00
1.285588666340986741e+01 1.799085885324024359e-01 2.473164834234235610e+00
1.287347337567171479e+01 1.866217871882133450e-01 2.521110883748284515e+00
1.289106008793356040e+01 1.909477639815764793e-01 2.552244559368213483e+00
1.290864680019540600e+01 1.922356314551892376e-01 2.561550610442095977e+00
1.292623351245725338e+01 1.902517188078449162e-01 2.547222200816287696e+00
1.294382022471909899e+01 1.852626369375134641e-01 2.511368274389154553e+00
1.296140693698094637e+01 1.779577839011052820e-01 2.459312430692363272e+00
1.297899364924279375e+01 1.692550778317044591e-01 2.397929213429820017e+00
1.299658036150463936e+01 1.600870320946068404e-01 2.333937750288134882e+00
1.301416707376648674e+01 1.512476397303172126e-01 2.272817279051379646e+00
1.303175378602833234e+01 1.433260107239244519e-01 2.218457046803354871e+00
1.304934049829017972e+01 1.367086127396545392e-01 2.173299996559788116e+00
1.306692721055202711e+01 1.316172243274218168e-01 2.138687041114636589e+00
1.308451392281387271e+01 1.281555747768994558e-01 2.115207698638978062e+00
1.310210063507572009e+01 1.263494704516990308e-01 2.102972323637747110e+00
1.311968734733756570e+01 1.261746433343201301e-01 2.101788457825742640e+00
1.313727405959941308e+01 1.275717633624260938e-01 2.111251651663491380e+00
1.315486077186126046e+01 1.304501755064292889e-01 2.130766819309784399e+00
1.317244748412310607e+01 1.346826066535299904e-01 2.159514185491475668e+00
1.319003419638495345e+01 1.400936019050721959e-01 2.196373004385655747e+00
1.320762090864679905e+01 1.464455406788253977e-01 2.239821480405324916e+00
1.322520762090864643e+01 1.534279237925830208e-01 2.287844722876897219e+00
1.324279433317049381e+01 1.606575864858811598e-01 2.337901475521260597e+00
1.326038104543233942e+01 1.676979177260131959e-01 2.387013903280862603e+00
1.327796775769418680e+01 1.741017436534449403e-01 2.432032939768891566e+00
1.329555446995603241e+01 1.794740077897160335e-01 2.470075880457639261e+00
1.331314118221787979e+01 1.835391023527017940e-01 2.499039923323364665e+00
1.333072789447972717e+01 1.861903285697446842e-01 2.518016125377080527e+00
1.334831460674157277e+01 1.875023842528359408e-01 2.527433009544810094e+00
1.336590131900342016e+01 1.877022758960973647e-01 2.528869192880759176e+00
1.338348803126526576e+01 1.871111830438265955e-01 2.524623470922880308e+00
1.340107474352711137e+01 1.860790369911795583e-01 2.517218156787593752e+00
1.341866145578895875e+01 1.849310939073375848e-01 2.508994499720781590e+00
1.343624816805080435e+01 1.839360735816123471e-01 2.501876861468121493e+00
1.345383488031265173e+01 1.832956566880176719e-01 2.497300906699658096e+00
1.347142159257449734e+01 1.831495121780110646e-01 2.496257221806359006e+00
1.348900830483634472e+01 1.835887651640833174e-01 2.499394752617013715e+00
1.350659501709819033e+01 1.846720815238159785e-01 2.507140781999938728e+00
1.352418172936003771e+01 1.864405070937148468e-01 2.519810374548930199e+00
1.354176844162188509e+01 1.889288419063835656e-01 2.537690721170347441e+00
1.355935515388373069e+01 1.921723675148268307e-01 2.561093061578041397e+00
1.357694186614557808e+01 1.962082729637359413e-01 2.590367956698887308e+00
1.359452857840742368e+01 2.010713568574595822e-01 2.625880287277128744e+00
1.361211529066927106e+01 2.067837444429140858e-01 2.667939976087815968e+00
1.362970200293111844e+01 2.133386796437791444e-01 2.716684588494292729e+00
1.364728871519296405e+01 2.206791936458897541e-01 2.771912744816146024e+00
1.366487542745481143e+01 2.286738922125442219e-01 2.832875811784067999e+00
1.368246213971665703e+01 2.370944037899638812e-01 2.898053478383003867e+00
1.370004885197850442e+01 2.456019122778112240e-01 2.964968685373579049e+00
1.371763556424035180e+01 2.537525056805072232e-01 3.030133542899427379e+00
1.373522227650219740e+01 2.610305840874269090e-01 3.089239663302309147e+00
1.375280898876404478e+01 2.669137989144398371e-01 3.137677142483612514e+00
1.377039570102589039e+01 2.709614215901854362e-01 3.171355518257298556e+00
1.378798241328773777e+01 2.729046544520506989e-01 3.187628980587501548e+00
1.380556912554958515e+01 2.727103663787541765e-01 3.185998839116141568e+00
1.382315583781143076e+01 2.705960005366919718e-01 3.168302967994581110e+00
1.384074255007327636e+01 2.669916844642636344e-01 3.138322440950714221e+00
1.385832926233512197e+01 2.624655782996092590e-01 3.100998951533945558e+00
1.387591597459696935e+01 2.576387922089206084e-01 3.061584307037349184e+00
1.389350268685881673e+01 2.531130749909996647e-01 3.024982613293251354e+00
1.391108939912066234e+01 2.494230083789638897e-01 2.995386727313773534e+00
1.392867611138250972e+01 2.470125200651496766e-01 2.976171134824006970e+00
1.394626282364435532e+01 2.462280172476496165e-01 2.969937103719419547e+00
1.396384953590620270e+01 2.473179073911777326e-01 2.978600499799512136e+00
1.398143624816805008e+01 2.504289755577459031e-01 3.003433277885513508e+00
1.399902296042989569e+01 2.555922941130215342e-01 3.044991349289679849e+00
1.401660967269174307e+01 2.626945181882881508e-01 3.102878306943909870e+00
1.403419638495358868e+01 2.714353952626376021e-01 3.175318458392275112e+00
1.405178309721543606e+01 2.812806554528499703e-01 3.258571858267585331e+00
1.406936980947728344e+01 2.914317496600993818e-01 3.346353902905323086e+00
1.408695652173912904e+01 3.008465686193471100e-01 3.429628037157932852e+00
1.410454323400097643e+01 3.083472871489557621e-01 3.497315615125412336e+00
1.412212994626282203e+01 3.128272326974471107e-01 3.538333524878406244e+00
1.413971665852466941e+01 3.135139939122246755e-01 3.544661332499040363e+00
1.415730337078651679e+01 3.101890059843839254e-01 3.514123887010332403e+00
1.417489008304836240e+01 3.032575576643017912e-01 3.451252468420404007e+00
1.419247679531020978e+01 2.936322672152911206e-01 3.365653724258934609e+00
1.421006350757205539e+01 2.824915035266396535e-01 3.268937037803279821e+00
1.422765021983390277e+01 2.710248091311678320e-01 3.171885272382609866e+00
1.424523693209575015e+01 2.602526791901860204e-01 3.082879710513632965e+00
1.426282364435759575e+01 2.509465549568532516e-01 3.007579620960876721e+00
1.428041035661944314e+01 2.436267322105586941e-01 2.949334676748303519e+00
1.429799706888128874e+01 2.385995054555901662e-01 2.909812231845881225e+00
1.431558378114313612e+01 2.360007215352716292e-01 2.889529994513202915e+00
1.433317049340498173e+01 2.358256490323727694e-01 2.888167220293983650e+00
1.435075720566682733e+01 2.379360332538894562e-01 2.904624644909904685e+00
1.436834391792867471e+01 2.420430736038243491e-01 2.936843060387139825e+00
1.438593063019052032e+01 2.476723627308713427e-01 2.981422043466246397e+00
1.440351734245236770e+01 2.541267382364887362e-01 3.033151272468618487e+00
1.442110405471421508e+01 2.604761525736516981e-01 3.084705717214441645e+00
1.443869076697606069e+01 2.656139914113655465e-01 3.126923730761562048e+00
1.445627747923790807e+01 2.684115705908520222e-01 3.150105331567055522e+00
1.447386419149975367e+01 2.679609084071995495e-01 3.146361647280471185e+00
1.449145090376160105e+01 2.638283359310370502e-01 3.112199095643567226e+00
1.450903761602344844e+01 2.561978326964582942e-01 3.049893788104098391e+00
1.452662432828529404e+01 2.458199623263260247e-01 2.966698314125375546e+00
1.454421104054714142e+01 2.337895717629313586e-01 2.872351139803143827e+00
1.456179775280898703e+01 2.212658980602191516e-01 2.776357266329529949e+00
1.457938446507083441e+01 2.092522180325689374e-01 2.686234670761344034e+00
1.459697117733268179e+01 1.984873631652133708e-01 2.606977956054151946e+00
1.461455788959452740e+01 1.894347269840817027e-01 2.541333552077023938e+00
1.463214460185637478e+01 1.823250615885639025e-01 2.490373304150530043e+00
1.464973131411822038e+01 1.772129794122333790e-01 2.454032901641386211e+00
1.466731802638006776e+01 1.740231734883020409e-01 2.431478470032962136e+00
1.468490473864191515e+01 1.725769842474753069e-01 2.421282304224394277e+00
1.470249145090376075e+01 1.725993497640619101e-01 2.421439851629740403e+00
1.472007816316560813e+01 1.737121375192310080e-01 2.429284018456623784e+00
1.473766487542745374e+01 1.754250779569306029e-01 2.441379873489692542e+00
1.475525158768930112e+01 1.771409613692575546e-01 2.453522671074911621e+00
1.477283829995114672e+01 1.781948056584547468e-01 2.460993616739231449e+00
1.479042501221299233e+01 1.779407929413874268e-01 2.459191934246207634e+00
1.480801172447483971e+01 1.758796795346805886e-01 2.444594383066716503e+00
1.482559843673668531e+01 1.717876177923845227e-01 2.415724586773870364e+00
1.484318514899853270e+01 1.657871115125872097e-01 2.373646353901428974e+00
1.486077186126038008e+01 1.583176955065554170e-01 2.321660809629634503e+00
1.487835857352222568e+01 1.500151390169166543e-01 2.264335501010854568e+00
1.489594528578407306e+01 1.415550739536665936e-01 2.206351422535015594e+00
1.491353199804591867e+01 1.335239157541800725e-01 2.151637463597229516e+00
1.493111871030776605e+01 1.263499407205955771e-01 2.102975508241457625e+00
1.494870542256961343e+01 1.202912632487651012e-01 2.061991435904090064e+00
1.496629213483145904e+01 1.154583353125854944e-01 2.029346517409843731e+00
1.498387884709330642e+01 1.118479790844597588e-01 2.004973872447174621e+00
1.500146555935515380e+01 1.093742028834681218e-01 1.988275688986906653e+00
1.501905227161699941e+01 1.078898077189328064e-01 1.978255042920091578e+00
1.503663898387884501e+01 1.071988666243780530e-01 1.973590266520137915e+00
1.505422569614069417e+01 1.070636978715103632e-01 1.972677652512638824e+00
1.507181240840253977e+01 1.072119384082374782e-01 1.973678521998613711e+00
1.508939912066438538e+01 1.073501104144778673e-01 1.974611395790632828e+00
1.510698583292623454e+01 1.071889479879897522e-01 1.973523299742774961e+00
1.512457254518808014e+01 1.064814645497003526e-01 1.968746421908720290e+00
1.514215925744992575e+01 1.050671822250725668e-01 1.959195721662892797e+00
1.515974596971177135e+01 1.029081606093417006e-01 1.944610485426433222e+00
1.517733268197362051e+01 1.001004173490756127e-01 1.925629759866675839e+00
1.519491939423546611e+01 9.685226575471822530e-02 1.903646694595423128e+00
1.521250610649731172e+01 9.343580482332662640e-02 1.880485939358633729e+00
1.523009281875916088e+01 9.012949962878057109e-02 1.858023761843830002e+00
1.524767953102100648e+01 8.717077770230602374e-02 1.837873604012952633e+00
1.526526624328285209e+01 8.472905237930403177e-02 1.821202958254879878e+00
1.528285295554469947e+01 8.289902860828531062e-02 1.808680732563042515e+00
1.530043966780654507e+01 8.170773798360463080e-02 1.800515058907440347e+00
1.531802638006839068e+01 8.112769390351108612e-02 1.796534900153665237e+00
1.533561309233023628e+01 8.109072343962249463e-02 1.796281118102611485e+00
1.535319980459208544e+01 8.149994268200497216e-02 1.799089532640602229e+00
1.537078651685393105e+01 8.223962083070808504e-02 1.804162265830998813e+00
1.538837322911577665e+01 8.318396406147227085e-02 1.810632128770797600e+00
1.540595994137762581e+01 8.420622797755950018e-02 1.817628014738053688e+00
1.542354665363947142e+01 8.518917547024351666e-02 1.824347532939772476e+00
1.544113336590131702e+01 8.603685309824608829e-02 1.830136855380850580e+00
1.545872007816316618e+01 8.668620931364087734e-02 1.834568429256862254e+00
1.547630679042501178e+01 8.711576753262323392e-02 1.837498462825047696e+00
1.549389350268685739e+01 8.734818504867630784e-02 1.839083300820834044e+00
1.551148021494870299e+01 8.744467189926119488e-02 1.839741137676778715e+00
1.552906692721055215e+01 8.749172514205799667e-02 1.840061920453728295e+00
1.554665363947239776e+01 8.758332361768765562e-02 1.840686348257602800e+00
1.556424035173424336e+01 8.780320128146754111e-02 1.842185044879031119e+00
1.558182706399609252e+01 8.821136993573781837e-02 1.844966359522588251e+00
1.559941377625793812e+01 8.883716569299635046e-02 1.849228684636766928e+00
1.561700048851978373e+01 8.967890302472726616e-02 1.854958243874472723e+00
1.563458720078163289e+01 9.070870303826211734e-02 1.861962629381223921e+00
1.565217391304347849e+01 9.188051645909987852e-02 1.869926291867370471e+00
1.566976062530532410e+01 9.313952714401749211e-02 1.878475202596272764e+00
1.568734733756716970e+01 9.443156158280836820e-02 1.887241057138726585e+00
1.570493404982901708e+01 9.571151974416590436e-02 1.895918311503083320e+00
1.572252076209086269e+01 9.695006212359029429e-02 1.904309040498244565e+00
1.574010747435270829e+01 9.813787588841878240e-02 1.912351275264865924e+00
1.575769418661455745e+01 9.928691438738955488e-02 1.920126913855210837e+00
1.577528089887640306e+01 1.004281767910452927e-01 1.927846372778396322e+00
1.579286761113824866e+01 1.016059403767150121e-01 1.935809410263910735e+00
1.581045432340009782e+01 1.028688790880168957e-01 1.944345048458397285e+00
1.582804103566194343e+01 1.042591288927333659e-01 1.953737771596241179e+00
1.584562774792378903e+01 1.058009681186141276e-01 1.964151291318223302e+00
1.586321446018563464e+01 1.074912140001679228e-01 1.975564046531278262e+00
1.588080117244748379e+01 1.092935352893479456e-01 1.987731156318639947e+00
1.589838788470932940e+01 1.111385101670806785e-01 2.000184943628497081e+00
1.591597459697117500e+01 1.129303557031073740e-01 2.012280105083068982e+00
1.593356130923302416e+01 1.145598970002363187e-01 2.023280685232291098e+00
1.595114802149486977e+01 1.159218082188279708e-01 2.032475930166564471e+00
1.596873473375671537e+01 1.169329026670548610e-01 2.039303665811246891e+00
1.598632144601856453e+01 1.175477630781026350e-01 2.043456260556979931e+00
1.600390815828041013e+01 1.177685550420384392e-01 2.044947540490180238e+00
1.602149487054225574e+01 1.176473121936175148e-01 2.044128630629197918e+00
1.603908158280410134e+01 1.172807860915654060e-01 2.041653117415304752e+00
1.605666829506595050e+01 1.167994494479474149e-01 2.038402418357926127e+00
1.607425500732779611e+01 1.163529609225111977e-01 2.035387295881756486e+00
1.609184171958964171e+01 1.160942663231177702e-01 2.033640434405343811e+00
1.610942843185149087e+01 1.161638006667461420e-01 2.034109965532152398e+00
1.612701514411333648e+01 1.166744119362395776e-01 2.037558022514097900e+00
1.614460185637518208e+01 1.176970776158481197e-01 2.044464758657578596e+00
1.616218856863703124e+01 1.192475378462275887e-01 2.054938648068183493e+00
1.617977528089887684e+01 1.212747698758120940e-01 2.068639038375170713e+00
1.619736199316072245e+01 1.236536852397380898e-01 2.084726293098821959e+00
1.621494870542256805e+01 1.261860546871103328e-01 2.101865728810814016e+00
1.623253541768441721e+01 1.286144197440987347e-01 2.118317669927380020e+00
1.625012212994626282e+01 1.306522224944295929e-01 2.132137680735394447e+00
1.626770884220810842e+01 1.320286581659207148e-01 2.141480401814269907e+00
1.628529555446995758e+01 1.325398062469448079e-01 2.144951614532731643e+00
1.630288226673180318e+01 1.320919635503597367e-01 2.141910257460346134e+00
1.632046897899364879e+01 1.307231596250220396e-01 2.132619012708412143e+00
1.633805569125549795e+01 1.285960675620307081e-01 2.118193269530689093e+00
1.635564240351734355e+01 1.259663303114821886e-01 2.100377946536593932e+00
1.637322911577918916e+01 1.231383916953194269e-01 2.081240620533426622e+00
1.639081582804103476e+01 1.204222517994083808e-01 2.062876697465715115e+00
1.640840254030288037e+01 1.181000317035185709e-01 2.047186529036784552e+00
1.642598925256472597e+01 1.164047183977520022e-01 2.035736801620153802e+00
1.644357596482657158e+01 1.155084269953360887e-01 2.029684731953794952e+00
1.646116267708842074e+01 1.155152877690887314e-01 2.029731055451076571e+00
1.647874938935026634e+01 1.164543087325658061e-01 2.036071675786785828e+00
1.649633610161211195e+01 1.182695243747280273e-01 2.048331439208661120e+00
1.651392281387396110e+01 1.208079868035473181e-01 2.065483792494659188e+00
1.653150952613580671e+01 1.238104858898771976e-01 2.085787082849415608e+00
1.654909623839765231e+01 1.269145095019877656e-01 2.106799144255727896e+00
1.656668295065949792e+01 1.296814270930600477e-01 2.125552223672542151e+00
1.658426966292134708e+01 1.316560517014749021e-01 2.138950626991972914e+00
1.660185637518319268e+01 1.324536169673117825e-01 2.144366234630743939e+00
1.661944308744503829e+01 1.318505217926394801e-01 2.140270899944843652e+00
1.663702979970688745e+01 1.298436645272673939e-01 2.126652553291553005e+00
1.665461651196873305e+01 1.266517887379212115e-01 2.105019712910159324e+00
1.667220322423057866e+01 1.226591945683881829e-01 2.077999652164054911e+00
1.668978993649242781e+01 1.183286237374463340e-01 2.048730660211072419e+00
1.670737664875427342e+01 1.141178842902824397e-01 2.020296635544864383e+00
1.672496336101611902e+01 1.104229540682105382e-01 1.995354928789717208e+00
1.674255007327796463e+01 1.075519198378526442e-01 1.975973892904661522e+00
1.676013678553981379e+01 1.057212536630370847e-01 1.963612976973287960e+00
1.677772349780165939e+01 1.050618605350548823e-01 1.959159779546587377e+00
1.679531021006350500e+01 1.056241340306946913e-01 1.962957114905587330e+00
1.681289692232535415e+01 1.073752566288703331e-01 1.974781169800172487e+00
1.683048363458719976e+01 1.101865089965623906e-01 1.993758908603155300e+00
1.684807034684904536e+01 1.138137050399145173e-01 2.018243175508220855e+00
1.686565705911089452e+01 1.178808637788952424e-01 2.045706123630888218e+00
1.688324377137274013e+01 1.218849196776598115e-01 2.072764010765749010e+00
1.690083048363458573e+01 1.252424729731015651e-01 2.095477526511599464e+00
1.691841719589643134e+01 1.273892672152844852e-01 2.110015221799383944e+00
1.693600390815828050e+01 1.279146299623014349e-01 2.113574874410905746e+00
1.695359062042012610e+01 1.266797980830114689e-01 2.105209413440733091e+00
1.697117733268197171e+01 1.238613027632206598e-01 2.086130882139837883e+00
1.698876404494382086e+01 1.198960090919762578e-01 2.059320364279860094e+00
1.700635075720566647e+01 1.153590400805375310e-01 2.028676091260235737e+00
1.702393746946751207e+01 1.108346809157161883e-01 1.998134095458370840e+00
1.704152418172936123e+01 1.068266573098506089e-01 1.971077195940713178e+00
1.705911089399120684e+01 1.037201783593808407e-01 1.950096924545379862e+00
1.707669760625305244e+01 1.017824038660720409e-01 1.937002241534441449e+00
1.709428431851489805e+01 1.011800507602037685e-01 1.932930269365216613e+00
1.711187103077674720e+01 1.019965236435323164e-01 1.938449528754743190e+00
1.712945774303859281e+01 1.042377496178115842e-01 1.953593353758223072e+00
1.714704445530043841e+01 1.078217961200124003e-01 1.977795889255483663e+00
1.716463116756228757e+01 1.125527202419778217e-01 2.009730963354710909e+00
1.718221787982413318e+01 1.180864053369363453e-01 2.047094485656731688e+00
1.719980459208597878e+01 1.239071276774930119e-01 2.086440913761882676e+00
1.721739130434782794e+01 1.293451555306988354e-01 2.123271831110491004e+00
1.723497801660967355e+01 1.336658452483743820e-01 2.152602010106297037e+00
1.725256472887151915e+01 1.362331273980524338e-01 2.170063043835102512e+00
1.727015144113336476e+01 1.366960787730712445e-01 2.173214656854122406e+00
1.728773815339521391e+01 1.351062689376823778e-01 2.162395558115349559e+00
1.730532486565705952e+01 1.318975053099083472e-01 2.140589895232738904e+00
1.732291157791890512e+01 1.277427216755162853e-01 2.112410000774124441e+00
1.734049829018075428e+01 1.233715130003122107e-01 2.082817480986155712e+00
1.735808500244259989e+01 1.194306707680694718e-01 2.056176007670579509e+00
1.737567171470444549e+01 1.164197475700560758e-01 2.035838290512440807e+00
1.739325842696629110e+01 1.146874027438613275e-01 2.024141506990638995e+00
1.741084513922813670e+01 1.144572272945307834e-01 2.022587545627989147e+00
1.742843185148998231e+01 1.158562309340386148e-01 2.032033134252344553e+00
1.744601856375182791e+01 1.189297051889736806e-01 2.052791296776641072e+00
1.746360527601367707e+01 1.236345498081585920e-01 2.084596841748212803e+00
1.748119198827552268e+01 1.298090422937339672e-01 2.126417730476512613e+00
1.749877870053736828e+01 1.371241993193267616e-01 2.176129976134058008e+00
1.751636541279921744e+01 1.450346857940519318e-01 2.230152555442887152e+00
1.753395212506106304e+01 1.527658238812881208e-01 2.283278053258106066e+00
1.755153883732290865e+01 1.593858488007510732e-01 2.329069754308771500e+00
1.756912554958475781e+01 1.639929020633396350e-01 2.361120675760842946e+00
1.758671226184660341e+01 1.659766259731670357e-01 2.374970855547986037e+00
1.760429897410844902e+01 1.652316930189959010e-01 2.369766204140551835e+00
1.762188568637029462e+01 1.621947182259639297e-01 2.348592052316295753e+00
1.763947239863214378e+01 1.576830918428551720e-01 2.317262873794035727e+00
1.765705911089398938e+01 1.526406346861848007e-01 2.282414907989235964e+00
1.767464582315583499e+01 1.479236242908162080e-01 2.249963133105273183e+00
1.769223253541768415e+01 1.441931488277463369e-01 2.224390475430765512e+00
1.770981924767952975e+01 1.419019154839256114e-01 2.208721080605208886e+00
1.772740595994137536e+01 1.413301117934976647e-01 2.204814777819389615e+00
1.774499267220322452e+01 1.426294856334867356e-01 2.213693887640636682e+00
1.776257938446507012e+01 1.458513880365200077e-01 2.235748269051551773e+00
1.778016609672691573e+01 1.509477214870219020e-01 2.270752452947430111e+00
1.779775280898876133e+01 1.577416143989680275e-01 2.317668329388015813e+00
1.781533952125061049e+01 1.658720638649893719e-01 2.374240044185384590e+00
1.783292623351245609e+01 1.747302593525852654e-01 2.436470325652293933e+00
1.785051294577430170e+01 1.834277977213402688e-01 2.498244764484158775e+00
1.786809965803615086e+01 1.908584106840953420e-01 2.551599542653245400e+00
1.788568637029799646e+01 1.959036056510492507e-01 2.588151875454914652e+00
1.790327308255984207e+01 1.977551001690469323e-01 2.601634958763415550e+00
1.792085979482169122e+01 1.962102491227289136e-01 2.590382334146648535e+00
1.793844650708353683e+01 1.917575491847506586e-01 2.558093983516668946e+00
1.795603321934538243e+01 1.853915238113698072e-01 2.512291368925963386e+00
1.797361993160722804e+01 1.782801483817079424e-01 2.461599075489584898e+00
1.799120664386907720e+01 1.714723568980165980e-01 2.413506404959531615e+00
1.800879335613092280e+01 1.657487037295434507e-01 2.373377959421400618e+00
1.802638006839276841e+01 1.616043884682999143e-01 2.344484307611923946e+00
1.804396678065461757e+01 1.593016161836266487e-01 2.328485203400379788e+00
1.806155349291646317e+01 1.589343907009557466e-01 2.325937352989305928e+00
1.807914020517830878e+01 1.604740351082356575e-01 2.336626058562682573e+00
1.809672691744015438e+01 1.637837051557944623e-01 2.359661858190492012e+00
1.811431362970200354e+01 1.686011513116618121e-01 2.393342936500766793e+00
1.813190034196384914e+01 1.744967488888361229e-01 2.434821312147436245e+00
1.814948705422569475e+01 1.808255813505963150e-01 2.479688525755429307e+00
1.816707376648754391e+01 1.867114911725348270e-01 2.521754544719635227e+00
1.818466047874938951e+01 1.911187954721131343e-01 2.553479420857050819e+00
1.820224719101123512e+01 1.930553553689580426e-01 2.567482997304120662e+00
1.821983390327308427e+01 1.918770949182325436e-01 2.558958096385909986e+00
1.823742061553492988e+01 1.875527372795438852e-01 2.527794748368844768e+00
1.825500732779677548e+01 1.807113152065309425e-01 2.478875179467059375e+00
1.827259404005862109e+01 1.724206034951023536e-01 2.420180845396058267e+00
1.829018075232046669e+01 1.638326661430169195e-01 2.360003253572960258e+00
1.830776746458231230e+01 1.558927235883909856e-01 2.304870281253018405e+00
1.832535417684415791e+01 1.492094284412855132e-01 2.258795781524946200e+00
1.834294088910600706e+01 1.440615714985523932e-01 2.223489896435356883e+00
1.836052760136785267e+01 1.404666316088586941e-01 2.198918932570969265e+00
1.837811431362969827e+01 1.382511436085080703e-01 2.183807849645984067e+00
1.839570102589154743e+01 1.370949764732397047e-01 2.175930955582157100e+00
1.841328773815339304e+01 1.365454721761805434e-01 2.172189278389608180e+00
1.843087445041523864e+01 1.360110324454780473e-01 2.168551422182487087e+00
1.844846116267708425e+01 1.347539390658203662e-01 2.159999273973443934e+00
1.846604787493893340e+01 1.319139800270417717e-01 2.140701752459970741e+00
1.848363458720077901e+01 1.266046234977793727e-01 2.104700279104380733e+00
1.850122129946262461e+01 1.181149918488556549e-01 2.047287582114044380e+00
1.851880801172447377e+01 1.061973784864015669e-01 1.966828157879181305e+00
1.853639472398631938e+01 9.132106011939500334e-02 1.866125072003092855e+00
1.855398143624816498e+01 7.470602650561269931e-02 1.752258349330277021e+00
1.857156814851001414e+01 5.803526272957708343e-02 1.634716654691272808e+00
1.858915486077185975e+01 4.296860524176538548e-02 1.522986616404374605e+00
1.860674157303370535e+01 3.072949669940995554e-02 1.425119311371006559e+00
1.862432828529555096e+01 2.194981715487455756e-02 1.347844163755770097e+00
1.864191499755740011e+01 1.675452726883332188e-02 1.297369907235709663e+00
1.865950170981924572e+01 1.495187585354909934e-02 1.278625451469859398e+00
1.867708842208109132e+01 1.621096288436352922e-02 1.291796791947074974e+00
1.869467513434294048e+01 2.017486019735049291e-02 1.331106211898081648e+00
1.871226184660478609e+01 2.650590937432280997e-02 1.388933567538845004e+00
1.872984855886663169e+01 3.487714460626008955e-02 1.459281176926235268e+00
1.874743527112848085e+01 4.492371565771404590e-02 1.537916968602315082e+00
1.876502198339032645e+01 5.616578984727645801e-02 1.621208712553388720e+00
1.878260869565217206e+01 6.791982137765870120e-02 1.704948231464087138e+00
1.880019540791401766e+01 7.923338610564896467e-02 1.783515901168498230e+00
1.881778212017586682e+01 8.890462955597691619e-02 1.849688047695764448e+00
1.883536883243771243e+01 9.565352906922383602e-02 1.895525308800396935e+00
1.885295554469955803e+01 9.845374791946939763e-02 1.914489188223687188e+00
1.887054225696140719e+01 9.690376433204259121e-02 1.903995483239412589e+00
1.888812896922325280e+01 9.141668843926112342e-02 1.866774926528504741e+00
1.890571568148509840e+01 8.308499867714282117e-02 1.809954431040651013e+00
1.892330239374694756e+01 7.330126125030970996e-02 1.742513836557606055e+00
1.894088910600879316e+01 6.336528474347487283e-02 1.672812784885848281e+00
1.895847581827063877e+01 5.425274038573459079e-02 1.607297381279441106e+00
1.897606253053248437e+01 4.656832876195789866e-02 1.550359923147087038e+00
1.899364924279433353e+01 4.061089974766604604e-02 1.504763629135865255e+00
1.901123595505617914e+01 3.647059183734669557e-02 1.472104621753694831e+00
1.902882266731802474e+01 3.411074856001262284e-02 1.453057537238139574e+00
1.904640937957987390e+01 3.341786715486057963e-02 1.447397907446556387e+00
1.906399609184171950e+01 3.421904577994813040e-02 1.453939273984484748e+00
1.908158280410356511e+01 3.627276055196630711e-02 1.470520789859056876e+00
1.909916951636541427e+01 3.924295163906537515e-02 1.494071399941593326e+00
1.911675622862725987e+01 4.267376329754782316e-02 1.520721240123632523e+00
1.913434294088910548e+01 4.599295016129747310e-02 1.546018230053208597e+00
1.915192965315095108e+01 4.857618911964629860e-02 1.565418380546217403e+00
1.916951636541280024e+01 4.988357163729739696e-02 1.575150303194084112e+00
1.918710307767464585e+01 4.962640791917503902e-02 1.573240385342312253e+00
1.920468978993649145e+01 4.787360596197470786e-02 1.560165093387728019e+00
1.922227650219834061e+01 4.502495778844432112e-02 1.538685931448047661e+00
1.923986321446018621e+01 4.166695721400344443e-02 1.512956985022382739e+00
1.925744992672203182e+01 3.840079473734886450e-02 1.487442170668231256e+00
1.927503663898387742e+01 3.572501589704992625e-02 1.466123550584078394e+00
1.929262335124572303e+01 3.399609753028810799e-02 1.452123234196896817e+00
1.931021006350756863e+01 3.344350814983136633e-02 1.447607921651087759e+00
1.932779677576941424e+01 3.420500255225162461e-02 1.453824979582942323e+00
1.934538348803126340e+01 3.635790192782692443e-02 1.471202708600591436e+00
1.936297020029310900e+01 3.993439757395209067e-02 1.499487375868417960e+00
1.938055691255495461e+01 4.491635750999609794e-02 1.537861065782711645e+00
1.939814362481680377e+01 5.120898859600192532e-02 1.584961317186373675e+00
1.941573033707864937e+01 5.859734103712659764e-02 1.638762201940398899e+00
1.943331704934049498e+01 6.669931477321401625e-02 1.696370258186163937e+00
1.945090376160234413e+01 7.494414206245847421e-02 1.753907813572141317e+00
1.946849047386418974e+01 8.261691401897421072e-02 1.806748023003784898e+00
1.948607718612603534e+01 8.899596968487151483e-02 1.850309943095296727e+00
1.950366389838788095e+01 9.355569794033598285e-02 1.881299504829988534e+00
1.952125061064973011e+01 9.614127344761805305e-02 1.898830369050406919e+00
1.953883732291157571e+01 9.701435722853707366e-02 1.904744474809689558e+00
1.955642403517342132e+01 9.674823744161982486e-02 1.902942106203417527e+00
1.957401074743527047e+01 9.604629962730504289e-02 1.898186873624974735e+00
1.959159745969711608e+01 9.558168991153399852e-02 1.895038437688712385e+00
1.960918417195896168e+01 9.590908030874829848e-02 1.897257086416477057e+00
1.962677088422081084e+01 9.744328786230341266e-02 1.907649030726627393e+00
1.964435759648265645e+01 1.004736216001256704e-01 1.928153691864824548e+00
1.966194430874450205e+01 1.051839778966038308e-01 1.959984537649523739e+00
1.967953102100634766e+01 1.116593603843728938e-01 2.003700688211902392e+00
1.969711773326819682e+01 1.198693108902068177e-01 2.059139951151071291e+00
1.971470444553004242e+01 1.296268797338375744e-01 2.125182291043631544e+00
1.973229115779188803e+01 1.405322331745461617e-01 2.199366732675209768e+00
1.974987787005373718e+01 1.519264344121993571e-01 2.277492597084275872e+00
1.976746458231558279e+01 1.629000622921825958e-01 2.353503531309892871e+00
1.978505129457742839e+01 1.724059153023978219e-01 2.420077400743647633e+00
1.980263800683927755e+01 1.794887004391181318e-01 2.470180285497951100e+00
1.982022471910112316e+01 1.835641649287527710e-01 2.499218986633919393e+00
1.983781143136296876e+01 1.846120873053073153e-01 2.506711505315272426e+00
1.985539814362481437e+01 1.831734798365333705e-01 2.496428371662510859e+00
1.987298485588666352e+01 1.801619073443062602e-01 2.474966211546763883e+00
1.989057156814850913e+01 1.766049660529999676e-01 2.449726747946703753e+00
1.990815828041035473e+01 1.734371540015466617e-01 2.427344630054872887e+00
1.992574499267220389e+01 1.713950631380718181e-01 2.412962693362065369e+00
1.994333170493404950e+01 1.709977167697490641e-01 2.410168416738509123e+00
1.996091841719589510e+01 1.725678178512479732e-01 2.421217735443022434e+00
1.997850512945774426e+01 1.762542667919654582e-01 2.447244495479818926e+00
1.999609184171958987e+01 1.820311472005317621e-01 2.488277282910539956e+00
2.001367855398143547e+01 1.896627307557504361e-01 2.542976246172466759e+00
2.003126526624328108e+01 1.986391655033312720e-01 2.608086337978964941e+00
2.004885197850513023e+01 2.081097975135987321e-01 2.677758666727882986e+00
2.006643869076697584e+01 2.168720008258260279e-01 2.743181655380206418e+00
2.008402540302882144e+01 2.234949197340349858e-01 2.793284887711052100e+00
2.010161211529067060e+01 2.266256327291347461e-01 2.817173660858855122e+00
2.011919882755251621e+01 2.254078657022015320e-01 2.807865629571461685e+00
2.013678553981436181e+01 2.198041586976770267e-01 2.765292466874799793e+00
2.015437225207620742e+01 2.106103436756227021e-01 2.696331752471347709e+00
2.017195896433805302e+01 1.991464720476857631e-01 2.611792297737384416e+00
2.018954567659989863e+01 1.868227639828215492e-01 2.522553082522412282e+00
2.020713238886174423e+01 1.748068111048522999e-01 2.437011026496618271e+00
2.022471910112359339e+01 1.638836930999549302e-01 2.360359074102099441e+00
2.024230581338543900e+01 1.544688386858051321e-01 2.295029924344036854e+00
2.025989252564728460e+01 1.466905076352827964e-01 2.241501426064302027e+00
2.027747923790913376e+01 1.404794709545272857e-01 2.199006573053256641e+00
2.029506595017097936e+01 1.356379749278899538e-01 2.166012787155725317e+00
2.031265266243282497e+01 1.318840490277228272e-01 2.140498532789528063e+00
2.033023937469467413e+01 1.288786580683997929e-01 2.120108928174357033e+00
2.034782608695651973e+01 1.262470166743619449e-01 2.102278533652109704e+00
2.036541279921836534e+01 1.236050987420384273e-01 2.084397606701355876e+00
2.038299951148021094e+01 1.205985454081448527e-01 2.064068192630840404e+00
2.040058622374206010e+01 1.169531360725111907e-01 2.039440309492888126e+00
2.041817293600390570e+01 1.125250971346864609e-01 2.009544501656260529e+00
2.043575964826575131e+01 1.073315381422085685e-01 1.974486005255672971e+00
2.045334636052760047e+01 1.015439180083209103e-01 1.935390145093380143e+00
2.047093307278944607e+01 9.544249016134630226e-02 1.894094993018787587e+00
2.048851978505129168e+01 8.934815719949655566e-02 1.852707390470454518e+00
2.050610649731314084e+01 8.355687278305692911e-02 1.813185060136543347e+00
2.052369320957498644e+01 7.829578754373356375e-02 1.777059770694872975e+00
2.054127992183683205e+01 7.370663283723841164e-02 1.745328208523589941e+00
2.055886663409867765e+01 6.985051602307645879e-02 1.718471608583067578e+00
2.057645334636052681e+01 6.672410349426660670e-02 1.696544711912803871e+00
2.059404005862237241e+01 6.427866237000740002e-02 1.679285635714596658e+00
2.061162677088421802e+01 6.243706065849081305e-02 1.666219060424827259e+00
2.062921348314606718e+01 6.110706180308540098e-02 1.656742585298958570e+00
2.064680019540791278e+01 6.019122129024465778e-02 1.650196552345966738e+00
2.066438690766975839e+01 5.959451053814972254e-02 1.645922175362453110e+00
2.068197361993160754e+01 5.923084001168593682e-02 1.643313411356499776e+00
2.069956033219345315e+01 5.902925093699177422e-02 1.641866098191311352e+00
2.071714704445529875e+01 5.893990852562080301e-02 1.641224379684517842e+00
2.073473375671714436e+01 5.893934337566539283e-02 1.641220319834911345e+00
2.075232046897899352e+01 5.903387029778376510e-02 1.641899272877037186e+00
2.076990718124083912e+01 5.925999882581570177e-02 1.643522684829314073e+00
2.078749389350268473e+01 5.968106887189042475e-02 1.646542678702081375e+00
2.080508060576453389e+01 6.038019212783213990e-02 1.651548641830019371e+00
2.082266731802637949e+01 6.145049200302485359e-02 1.659192907496945368e+00
2.084025403028822510e+01 6.298416550710543571e-02 1.670107413051560741e+00
2.085784074255007425e+01 6.506177852578645671e-02 1.684823608095071146e+00
2.087542745481191986e+01 6.774253745495807666e-02 1.703703680115432606e+00
2.089301416707376546e+01 7.105542581234103316e-02 1.726884405112880216e+00
2.091060087933561107e+01 7.499050574549076531e-02 1.754228906964297119e+00
2.092818759159746023e+01 7.948972408785742738e-02 1.785279543535674751e+00
2.094577430385930583e+01 8.443744993123539211e-02 1.819209299618473441e+00
2.096336101612115144e+01 8.965275540878579752e-02 1.854780321290279588e+00
2.098094772838300059e+01 9.488785214467827800e-02 1.890335129585560381e+00
2.099853444064484620e+01 9.983914019368862747e-02 1.923862568848647037e+00
2.101612115290669180e+01 1.041770828835226342e-01 1.953183543846192194e+00
2.103370786516854096e+01 1.075963088949070945e-01 1.976273577215076349e+00
2.105129457743038657e+01 1.098775344346832883e-01 1.991673292929386552e+00
2.106888128969223217e+01 1.109422521427252950e-01 1.998860201798741576e+00
2.108646800195407778e+01 1.108778538098922628e-01 1.998425512782631808e+00
2.110405471421592694e+01 1.099206631318824789e-01 1.991964418178771234e+00
2.112164142647777254e+01 1.084030424496403855e-01 1.981719849457723948e+00
2.113922813873961815e+01 1.066858301772440620e-01 1.970126331547718879e+00
2.115681485100146375e+01 1.050993660693387149e-01 1.959413087060774661e+00
2.117440156326330936e+01 1.039067861218887640e-01 1.951357593320847350e+00
2.119198827552515496e+01 1.032909328961840734e-01 1.947196847378315665e+00
2.120957498778700412e+01 1.033583479760747104e-01 1.947652339133176369e+00
2.122716170004884972e+01 1.041519199205785118e-01 1.953013563856205170e+00
2.124474841231069533e+01 1.056656138990037380e-01 1.963237235444348361e+00
2.126233512457254093e+01 1.078576050511146911e-01 1.978037639621093913e+00
2.127992183683439009e+01 1.106605225801571002e-01 1.996958524283556802e+00
2.129750854909623570e+01 1.139889597828362272e-01 2.019426282653004279e+00
2.131509526135808130e+01 1.177450563296252722e-01 2.044788821804448098e+00
2.133268197361993046e+01 1.218230798753282967e-01 2.072345903680150592e+00
2.135026868588177607e+01 1.261137329139117302e-01 2.101376014210238896e+00
2.136785539814362167e+01 1.305085189728452943e-01 2.131162657510378367e+00
2.138544211040547083e+01 1.349040227207765064e-01 2.161019969048401546e+00
2.140302882266731643e+01 1.392055183067928137e-01 2.190314497966305840e+00
2.142061553492916204e+01 1.433290862353245598e-01 2.218478084141477957e+00
2.143820224719100764e+01 1.472015559132186791e-01 2.245007209249641367e+00
2.145578895945285680e+01 1.507581681000685347e-01 2.269447734636115488e+00
2.147337567171470241e+01 1.539387490695117711e-01 2.291369950349408935e+00
2.149096238397654801e+01 1.566840762835254031e-01 2.310345163298565208e+00
2.150854909623839717e+01 1.589345547796476021e-01 2.325938491170533862e+00
2.152613580850024277e+01 1.606329679347617001e-01 2.337730397867662901e+00
2.154372252076208838e+01 1.617318696771895825e-01 2.345371152065467868e+00
2.156130923302393754e+01 1.622044976743854949e-01 2.348660123418347290e+00
2.157889594528578314e+01 1.620565606674438663e-01 2.347630465343419015e+00
2.159648265754762875e+01 1.613355642854193417e-01 2.342614581661434769e+00
2.161406936980947435e+01 1.601348430426219327e-01 2.334269809162496490e+00
2.163165608207132351e+01 1.585909776198355103e-01 2.323555583646726763e+00
2.164924279433316912e+01 1.568751457768367275e-01 2.311667696612237144e+00
2.166682950659501472e+01 1.551804101453141682e-01 2.299945846242024139e+00
2.168441621885686388e+01 1.537074874209284070e-01 2.289773793420349257e+00
2.170200293111870948e+01 1.526511372681369771e-01 2.282487316575615655e+00
2.171958964338055509e+01 1.521882954703965563e-01 2.279296984154653316e+00
2.173717635564240425e+01 1.524679189729176709e-01 2.281224244405465562e+00
2.175476306790424985e+01 1.536015871139390643e-01 2.289042990748565209e+00
2.177234978016609546e+01 1.556534347246239236e-01 2.303215625445702130e+00
2.178993649242794106e+01 1.586281050749367427e-01 2.323813043827906988e+00
2.180752320468979022e+01 1.624562349807470163e-01 2.350412619695725791e+00
2.182510991695163582e+01 1.669786917282275462e-01 2.381978945499783062e+00
2.184269662921348143e+01 1.719334491937771214e-01 2.416750945452589061e+00
2.186028334147533059e+01 1.769522250937039520e-01 2.452185742876579866e+00
2.187787005373717619e+01 1.815763992737872978e-01 2.485035920186052572e+00
2.189545676599902180e+01 1.853006750291822935e-01 2.511640688105769126e+00
2.191304347826087096e+01 1.876456881777751606e-01 2.528462579903836271e+00
2.193063019052271656e+01 1.882473797002489901e-01 2.532787717593182553e+00
2.194821690278456217e+01 1.869372753698879674e-01 2.523374991392204780e+00
2.196580361504640777e+01 1.837840063616168751e-01 2.500789938234592835e+00
2.198339032730825693e+01 1.790788416234836700e-01 2.467268607151250848e+00
2.200097703957010253e+01 1.732712792048993755e-01 2.426175075331246322e+00
2.201856375183194814e+01 1.668802009196539982e-01 2.381289781581688914e+00
2.203615046409379374e+01 1.604103634308440551e-01 2.336183689760620297e+00
2.205373717635563935e+01 1.542939241306822418e-01 2.293822032613849426e+00
2.207132388861748495e+01 1.488618520673686829e-01 2.256407194258235105e+00
2.208891060087933411e+01 1.443392474144314930e-01 2.225390552991902471e+00
2.210649731314117972e+01 1.408546543210242030e-01 2.201567901786144699e+00
2.212408402540302532e+01 1.384546251917945503e-01 2.185194777535721666e+00
2.214167073766487093e+01 1.371181028219155551e-01 2.176088455972642777e+00
2.215925744992672008e+01 1.367685426575689089e-01 2.173708049272710330e+00
2.217684416218856569e+01 1.372841993848885889e-01 2.177219713897491804e+00
2.219443087445041130e+01 1.385084228918217475e-01 2.185561493478004103e+00
2.221201758671226045e+01 1.402621012555767543e-01 2.197522929823736426e+00
2.222960429897410606e+01 1.423595286181378594e-01 2.211848467875348501e+00
2.224719101123595166e+01 1.446271260470174125e-01 2.227361480988740983e+00
2.226477772349780082e+01 1.469222112394745761e-01 2.243090725439238931e+00
2.228236443575964643e+01 1.491474517761964547e-01 2.258369817714449113e+00
2.229995114802149203e+01 1.512567605233612889e-01 2.272880081071284142e+00
2.231753786028333764e+01 1.532504394746506404e-01 2.286620291998980203e+00
2.233512457254518679e+01 1.551604887384553100e-01 2.299808172533281070e+00
2.235271128480703240e+01 1.570297286499431344e-01 2.312737862708463599e+00
2.237029799706887800e+01 1.588896935943490130e-01 2.325627305186485749e+00
2.238788470933072716e+01 1.607420833114561187e-01 2.338488689131899889e+00
2.240547142159257277e+01 1.625475630722295062e-01 2.351048527547853872e+00
2.242305813385441837e+01 1.642245510279669030e-01 2.362736453046601515e+00
2.244064484611626753e+01 1.656594446834259438e-01 2.372754259968340218e+00
2.245823155837811314e+01 1.667281164166836138e-01 2.380225761939853690e+00
2.247581827063995874e+01 1.673260347427537598e-01 2.384410008682150028e+00
2.249340498290180435e+01 1.674013126854668465e-01 2.384937008803054592e+00
2.251099169516365350e+01 1.669826441043950060e-01 2.382006602847787313e+00
2.252857840742549911e+01 1.661942350433796289e-01 2.376492057998683904e+00
2.254616511968734471e+01 1.652533279042413261e-01 2.369917300056662235e+00
2.256375183194919387e+01 1.644515541124720315e-01 2.364320225857993840e+00
2.258133854421103948e+01 1.641263060774243443e-01 2.362051133184733587e+00
2.259892525647288508e+01 1.646300533450013037e-01 2.365565872875173170e+00
2.261651196873473424e+01 1.663035080530600451e-01 2.377256075470958407e+00
2.263409868099657984e+01 1.694542422393011394e-01 2.399326741110209493e+00
2.265168539325842545e+01 1.743378676688949469e-01 2.433699592719871241e+00
2.266927210552027105e+01 1.811356820098440346e-01 2.481896443601070867e+00
2.268685881778212021e+01 1.899214957221343758e-01 2.544841214488697823e+00
2.270444553004396582e+01 2.006119751537557283e-01 2.622514315750992253e+00
2.272203224230581142e+01 2.129009960382375888e-01 2.713413310867026418e+00
2.273961895456766058e+01 2.261916206913014149e-01 2.813853941858982299e+00
2.275720566682950619e+01 2.395595434494403597e-01 2.917330253012696772e+00
2.277479237909135179e+01 2.518005487758936400e-01 3.014430419496665348e+00
2.279237909135320095e+01 2.616091695143374363e-01 3.093976727578509944e+00
2.280996580361504655e+01 2.678815211256263540e-01 3.145702545164661856e+00
2.282755251587689216e+01 2.700428299895467621e-01 3.163686627781957750e+00
2.284513922813873776e+01 2.682414293580739906e-01 3.148691531263061893e+00
2.286272594040058692e+01 2.633034427362100360e-01 3.107881336365393210e+00
2.288031265266243253e+01 2.564828728392890556e-01 3.052203577870669537e+00
2.289789936492427813e+01 2.491493177430849915e-01 2.993200321381585649e+00
2.291548607718612729e+01 2.425492739088536132e-01 2.940831703535638386e+00
2.293307278944797289e+01 2.376946378511038127e-01 2.902738835187783639e+00
2.295065950170981850e+01 2.353567181610601022e-01 2.884519247569933498e+00
2.296824621397166766e+01 2.361145744541243152e-01 2.890416473332828140e+00
2.298583292623351326e+01 2.404111168562242107e-01 2.924010465336682074e+00
2.300341963849535887e+01 2.485844355225359237e-01 2.988691469409810342e+00
2.302100635075720447e+01 2.608509132827255272e-01 3.087769804654691974e+00
2.303859306301905008e+01 2.772191891917824558e-01 3.224008339815157775e+00
2.305617977528089568e+01 2.973182111050362009e-01 3.398204020883734966e+00
2.307376648754274129e+01 3.201465798424361076e-01 3.606331080172789694e+00
2.309135319980459045e+01 3.438191836807465429e-01 3.835133632675359561e+00
2.310893991206643605e+01 3.655046614425702667e-01 4.057782832073008272e+00
2.312652662432828166e+01 3.818272806300730404e-01 4.234529743651085809e+00
2.314411333659013081e+01 3.898459130697911612e-01 4.324479354210718718e+00
2.316170004885197642e+01 3.882330742739901197e-01 4.306215334148472351e+00
2.317928676111382202e+01 3.778765345802253539e-01 4.190984488609630354e+00
2.319687347337566763e+01 3.614414790179862336e-01 4.015045543477097745e+00
2.321446018563751679e+01 3.422614438822128569e-01 3.819638845998294396e+00
2.323204689789936239e+01 3.233270806660261121e-01 3.636268209927348227e+00
2.324963361016120800e+01 3.068083247469745034e-01 3.483327965751067623e+00
2.326722032242305715e+01 2.940531806871358178e-01 3.369356625850793208e+00
2.328480703468490276e+01 2.858099973799875237e-01 3.297489465726689772e+00
2.330239374694674837e+01 2.824738396723315836e-01 3.268785628112686581e+00
2.331998045920859752e+01 2.842652843807238483e-01 3.284172084598445451e+00
2.333756717147044313e+01 2.913154002575770174e-01 3.345336184672761615e+00
2.335515388373228873e+01 3.036487704797080078e-01 3.454773055419431582e+00
2.337274059599413434e+01 3.210500094936947768e-01 3.614810436160865503e+00
2.339032730825598350e+01 3.427949386716523383e-01 3.824938265750887911e+00
2.340791402051782910e+01 3.672622803870843056e-01 4.076421503944088087e+00
2.342550073277967471e+01 3.915654160027948749e-01 4.344048229021193919e+00
2.344308744504152386e+01 4.115612472876045147e-01 4.579273584906107253e+00
2.346067415730336947e+01 4.227035817274029106e-01 4.716843306966510774e+00
2.347826086956521507e+01 4.217745419967620091e-01 4.705185383304009150e+00
2.349584758182706423e+01 4.085284826888871401e-01 4.542658542054340387e+00
2.351343429408890984e+01 3.858785532262902773e-01 4.279708910213026130e+00
2.353102100635075544e+01 3.584294004286074364e-01 3.983675179108472797e+00
2.354860771861260105e+01 3.306055081718049515e-01 3.705694682467123080e+00
2.356619443087445021e+01 3.055714557460345593e-01 3.472123714721663479e+00
2.358378114313629581e+01 2.851073475585514938e-01 3.291425959121631717e+00
2.360136785539814142e+01 2.699787895447880448e-01 3.163152550464147339e+00
2.361895456765999057e+01 2.603749646476390400e-01 3.083878802878239345e+00
2.363654127992183618e+01 2.562272012133899324e-01 3.050131710121423811e+00
2.365412799218368178e+01 2.573772210646640413e-01 3.059459604273221167e+00
2.367171470444553094e+01 2.636132091630327134e-01 3.110428890602055407e+00
2.368930141670737655e+01 2.745863388306460928e-01 3.201767754819716316e+00
2.370688812896922215e+01 2.896054787720648838e-01 3.330410796592706113e+00
2.372447484123106776e+01 3.073199693371083674e-01 3.487972525740534291e+00
2.374206155349291691e+01 3.253831560823481350e-01 3.655749935198461920e+00
2.375964826575476252e+01 3.403657810689008634e-01 3.800869070786318193e+00
2.377723497801660812e+01 3.483349423332929296e-01 3.880418403227545721e+00
2.379482169027845728e+01 3.462603803701014282e-01 3.859546178411096928e+00
2.381240840254030289e+01 3.335648194688368706e-01 3.734296007642681214e+00
2.382999511480214849e+01 3.125448301706615917e-01 3.535734572038055745e+00
2.384758182706399765e+01 2.872126752532337957e-01 3.309622836237718246e+00
2.386516853932584326e+01 2.615615986237284640e-01 3.093587033369522565e+00
2.388275525158768886e+01 2.384693762347712132e-01 2.908794254747944841e+00
2.390034196384953447e+01 2.195223204941198492e-01 2.763162303732413339e+00
2.391792867611138007e+01 2.053515021644853333e-01 2.657358602750473420e+00
2.393551538837322568e+01 1.960527635337452335e-01 2.589236689443791928e+00
2.395310210063507128e+01 1.914944295641616279e-01 2.556192604253021194e+00
2.397068881289692044e+01 1.914804288154387524e-01 2.556091451121760283e+00
2.398827552515876604e+01 1.957896568561001416e-01 2.587323298152403694e+00
2.400586223742061165e+01 2.041084613665286041e-01 2.648194694754291145e+00
2.402344894968246081e+01 2.158592681790358070e-01 2.735570705889676546e+00
2.404103566194430641e+01 2.299403347026006683e-01 2.842613785913531643e+00
2.405862237420615202e+01 2.444671024776388646e-01 2.955979020654481815e+00
2.407620908646799762e+01 2.567532789456541398e-01 3.054396031011606283e+00
2.409379579872984678e+01 2.638558767327573440e-01 3.112425777489525203e+00
2.411138251099169239e+01 2.637197986083951173e-01 3.111305878623666921e+00
2.412896922325353799e+01 2.562625331873459866e-01 3.050417962635855851e+00
2.414655593551538715e+01 2.434628978158523693e-01 2.948040596525453694e+00
2.416414264777723275e+01 2.283537675821354362e-01 2.830417857606814191e+00
2.418172936003907836e+01 2.138007249921552166e-01 2.720140558060551772e+00
2.419931607230092752e+01 2.018508474952410425e-01 2.631597267031890119e+00
2.421690278456277312e+01 1.937101963369861901e-01 2.572227253162820748e+00
2.423448949682461873e+01 1.900194772888622596e-01 2.545547566891788183e+00
2.425207620908646433e+01 1.911512867424188522e-01 2.553714045068778749e+00
2.426966292134831349e+01 1.974154767646643382e-01 2.599158899295664238e+00
2.428724963361015909e+01 2.091502441185618955e-01 2.685477447894534020e+00
2.430483634587200470e+01 2.266896164127126523e-01 2.817663285901299552e+00
2.432242305813385386e+01 2.501721734700451116e-01 3.001377624991659498e+00
2.434000977039569946e+01 2.791328263632563700e-01 3.240254739356888791e+00
2.435759648265754507e+01 3.118701680003301835e-01 3.529532942486790503e+00
2.437518319491939423e+01 3.448242210410495390e-01 3.845164931750900017e+00
2.439276990718123983e+01 3.726455313712555562e-01 4.134089493644493629e+00
2.441035661944308544e+01 3.897624689588762292e-01 4.323532268057451944e+00
2.442794333170493104e+01 3.931147298366912679e-01 4.361766713314236377e+00
2.444553004396678020e+01 3.839327297247208115e-01 4.257942217323579470e+00
2.446311675622862580e+01 3.668466006842159288e-01 4.072005077937265405e+00
2.448070346849047141e+01 3.473549211691219218e-01 3.870543854770717829e+00
2.449829018075232057e+01 3.298821402764486876e-01 3.698736644387147887e+00
2.451587689301416617e+01 3.172635676443972819e-01 3.579399810915136815e+00
2.453346360527601178e+01 3.111283253888958988e-01 3.522725609052431484e+00
2.455105031753786093e+01 3.124946418254666569e-01 3.535272876990812385e+00
2.456863702979970654e+01 3.222520856148722301e-01 3.626122730579906861e+00
2.458622374206155214e+01 3.414650317756297571e-01 3.811741729596511696e+00
2.460381045432339775e+01 3.714964527322144883e-01 4.121705662133789971e+00
2.462139716658524691e+01 4.138905557598306917e-01 4.607632773982142105e+00
2.463898387884709251e+01 4.698106978543423184e-01 5.357832481852043749e+00
2.465657059110893812e+01 5.386628111043267886e-01 6.517003002646124088e+00
2.467415730337078728e+01 6.156336329960016007e-01 8.286053078043668307e+00
2.469174401563263288e+01 6.890362694314559056e-01 1.077038931591062365e+01
2.470933072789447849e+01 7.410263880654558433e-01 1.337079926428034504e+01
2.472691744015632764e+01 7.557448066995937630e-01 1.430641635116769095e+01
2.474450415241817325e+01 7.306060415920364592e-01 1.276983337659307338e+01
2.476209086468001885e+01 6.781149469764192750e-01 1.032999083670859619e+01
2.477967757694186446e+01 6.161224686679925844e-01 8.299500726228218994e+00
2.479726428920371362e+01 5.583374376349543589e-01 6.912012266012721895e+00
2.481485100146555922e+01 5.119259471382358040e-01 6.029630011511165399e+00
2.483243771372740483e+01 4.794800903539386261e-01 5.502902108214389187e+00
2.485002442598925398e+01 4.615192944647849016e-01 5.237371539939807086e+00
2.486761113825109959e+01 4.581625016527927086e-01 5.189593840165001914e+00
2.488519785051294519e+01 4.700490717467682433e-01 5.361348413565417026e+00
2.490278456277479080e+01 4.988614912806748625e-01 5.809699296555891124e+00
2.492037127503663640e+01 5.476711734706213308e-01 6.693730695747848181e+00
2.493795798729848201e+01 6.210817220012518902e-01 8.437852360437377186e+00
2.495554469956032762e+01 7.246911600075041093e-01 1.244880855943872433e+01
2.497313141182217677e+01 8.624366769200736416e-01 2.704053646339679773e+01
2.499071812408402238e+01 1.028997040961724840e+00 -1.399379637990940637e+02
2.500830483634586798e+01 1.195921931265554905e+00 -2.237159573894132691e+01
2.502589154860771714e+01 1.304618564494043564e+00 -1.506479613250778726e+01
2.504347826086956275e+01 1.298652959657324857e+00 -1.532823272995198316e+01
2.506106497313140835e+01 1.181483182140074861e+00 -2.399894127970317115e+01
2.507865168539325751e+01 1.012729236875502759e+00 -3.162340571191055005e+02
2.509623839765510311e+01 8.492306364159530885e-01 2.448975547294437405e+01
2.511382510991694872e+01 7.169080680461744626e-01 1.204667516365224245e+01
2.513141182217879432e+01 6.197745610299894015e-01 8.401041788987607006e+00
2.514899853444064348e+01 5.536566448310620281e-01 6.814974968936326150e+00
2.516658524670248909e+01 5.133639200606804343e-01 6.054529073360273017e+00
2.518417195896433469e+01 4.951943322315780494e-01 5.749926021457660852e+00
2.520175867122618385e+01 4.976012832595863022e-01 5.789064288194485819e+00
2.521934538348802946e+01 5.214593637358209133e-01 6.197388486221615089e+00
2.523693209574987506e+01 5.705230388826456611e-01 7.174267371621689371e+00
2.525451880801172422e+01 6.523325671416478899e-01 9.398851921340842352e+00
2.527210552027356982e+01 7.795101316386475743e-01 1.607923111135230343e+01
2.528969223253541543e+01 9.701621345826365594e-01 1.320502742296429233e+02
2.530727894479726103e+01 1.241211920863747986e+00 -1.852895877310723804e+01
2.532486565705911019e+01 1.575878458859510056e+00 -8.832694356607481367e+00
2.534245236932095580e+01 1.851833924043198243e+00 -6.542913897020065761e+00
2.536003908158280140e+01 1.858817555750413408e+00 -6.503810628602400001e+00
2.537762579384465056e+01 1.572083634270798891e+00 -8.879363989820408420e+00
2.539521250610649616e+01 1.201801673148072069e+00 -2.177551807568115194e+01
2.541279921836834177e+01 8.987028476428565726e-01 3.746108892278508051e+01
2.543038593063019093e+01 6.878995790472082206e-01 1.072313137056718624e+01
2.544797264289203653e+01 5.491733829973592940e-01 6.723866641500237051e+00
2.546555935515388214e+01 4.600979271317329755e-01 5.217072582788748747e+00
2.548314606741572774e+01 4.051099336589047972e-01 4.501797934910536370e+00
2.550073277967757690e+01 3.748978133833241189e-01 4.158481379546383749e+00
2.551831949193942251e+01 3.646726119797231158e-01 4.048991495990230227e+00
2.553590620420126811e+01 3.731091498561865949e-01 4.139097536906697350e+00
2.555349291646311727e+01 4.021953995619696465e-01 4.467300758861701304e+00
2.557107962872496287e+01 4.581832345268792572e-01 5.189887219637151716e+00
2.558866634098680848e+01 5.542918060950760006e-01 6.828026429816519638e+00
2.560625305324865764e+01 7.166839214795096558e-01 1.203541877309311836e+01
2.562383976551050324e+01 9.956389299051074948e-01 9.152049858944645848e+02
2.564142647777234885e+01 1.472373608961998093e+00 -1.037145508690646700e+01
2.565901319003419445e+01 2.156185987481089583e+00 -5.269893850460690032e+00
2.567659990229604361e+01 2.527686200353322032e+00 -4.390578337882189430e+00
2.569418661455788921e+01 1.989487088791913605e+00 -5.872204634092231146e+00
2.571177332681973482e+01 1.249922336229021047e+00 -1.794925942093677307e+01
2.572936003908158398e+01 7.774904490607157381e-01 1.591391835205723559e+01
2.574694675134342958e+01 5.160060892203075511e-01 6.100649822266856148e+00
2.576453346360527519e+01 3.694204335076558543e-01 4.099434713836266120e+00
2.578212017586712079e+01 2.842088904131379601e-01 3.283686777211052288e+00
2.579970688812896640e+01 2.338060875825159757e-01 2.872479191024631895e+00
2.581729360039081200e+01 2.049776282656398940e-01 2.654600429962606700e+00
2.583488031265265761e+01 1.911795287999819015e-01 2.553917994064029084e+00
2.585246702491450677e+01 1.896320485033164138e-01 2.542755159179484359e+00
2.587005373717635237e+01 2.002487843034775616e-01 2.619854849739086777e+00
2.588764044943819798e+01 2.257923585950667167e-01 2.810802310370181356e+00
2.590522716170004713e+01 2.735495736828633673e-01 3.193045012759474943e+00
2.592281387396189274e+01 3.603702948627458547e-01 4.003859223201062356e+00
2.594040058622373834e+01 5.278859781664664297e-01 6.314155234575738795e+00
2.595798729848558750e+01 8.959579362924245949e-01 3.641853009673694430e+01
2.597557401074743311e+01 1.886875146359816124e+00 -6.352806987091309310e+00
2.599316072300927871e+01 4.765473313362740271e+00 -2.690622209852427726e+00
2.601074743527112432e+01 4.728666448933560140e+00 -2.702780205868030361e+00
2.602833414753297347e+01 1.759695748124816772e+00 -7.124913158165487204e+00
2.604592085979481908e+01 7.790854678496478281e-01 1.604422216664279333e+01
2.606350757205666469e+01 4.311719998023211264e-01 4.824737478574509630e+00
2.608109428431851384e+01 2.789702157964588092e-01 3.238871527248217586e+00
2.609868099658035945e+01 2.027523960315678886e-01 2.638218153269711319e+00
2.611626770884220505e+01 1.620500617326886272e-01 2.347585235780977886e+00
2.613385442110405421e+01 1.407897497009667209e-01 2.201124757274024457e+00
2.615144113336589982e+01 1.320533812535649998e-01 2.141648274562079735e+00
2.616902784562774542e+01 1.331183973038584656e-01 2.148882005201976142e+00
2.618661455788959103e+01 1.438291794037612759e-01 2.221899516670504227e+00
2.620420127015144018e+01 1.664999619086720561e-01 2.378629884195102573e+00
2.622178798241328579e+01 2.072817753432492638e-01 2.671625144978552857e+00
2.623937469467513139e+01 2.806427483216700214e-01 3.253122493943620519e+00
2.625696140693698055e+01 4.241508152250325070e-01 4.735073222387181424e+00
2.627454811919882616e+01 7.618137071809063521e-01 1.472566900533114165e+01
2.629213483146067176e+01 1.985742307113481431e+00 -5.888019258762476227e+00
2.630972154372252092e+01 4.907304006264671159e+01 -1.333043851362839982e+00
2.632730825598436653e+01 4.290031567639346122e+00 -2.866996759797288963e+00
2.634489496824621213e+01 7.650181816987759120e+00 -2.132569396947312068e+00
2.636248168050805774e+01 3.752691333207237356e+00 -3.134047077695353956e+00
2.638006839276990689e+01 1.097840313535239254e+00 -4.285961140547197346e+01
2.639765510503175250e+01 5.794325578543330080e-01 7.375373359463714529e+00
2.641524181729359810e+01 3.833337902137289310e-01 4.251267316534689478e+00
2.643282852955544726e+01 2.905484682242915340e-01 3.338634596427489942e+00
2.645041524181729287e+01 2.432624631496898004e-01 2.946457982690725785e+00
2.646800195407913847e+01 2.209156382924213624e-01 2.773703358555223542e+00
2.648558866634098763e+01 2.154052030138859375e-01 2.732162554142631095e+00
2.650317537860283323e+01 2.242262652941840184e-01 2.798853435580385796e+00
2.652076209086467884e+01 2.486039621872759287e-01 2.988847245368644767e+00
2.653834880312652444e+01 2.939663230584916298e-01 3.368592216288603947e+00
2.655593551538837360e+01 3.731342823849554957e-01 4.139369210616202110e+00
2.657352222765021921e+01 5.161956085917843717e-01 6.103976616575575775e+00
2.659110893991206481e+01 8.045654952097920365e-01 1.841290512181320338e+01
2.660869565217391397e+01 1.533788492760299382e+00 -9.387075325359365507e+00
2.662628236443575958e+01 4.896260155774367462e+00 -2.649145245810754723e+00
2.664386907669760518e+01 1.327107273994404757e+01 -1.756730639043250886e+00
2.666145578895945434e+01 5.681796412277565267e+00 -2.445450254017427216e+00
2.667904250122129994e+01 9.918270820535157739e+00 -1.930523127997501476e+00
2.669662921348314555e+01 7.509607716535902533e+00 -2.149183333317714606e+00
2.671421592574499115e+01 2.019118847635418934e+00 -5.751078883173495804e+00
2.673180263800684031e+01 1.061201283611704183e+00 -6.734325700351941180e+01
2.674938935026868592e+01 7.033690465171141826e-01 1.139702720552861770e+01
2.676697606253053152e+01 5.328898544111253521e-01 6.407216765769403466e+00
2.678456277479237713e+01 4.439221296213749501e-01 4.992954958823499823e+00
2.680214948705422273e+01 3.990202473836094166e-01 4.430068109934671483e+00
2.681973619931606834e+01 3.831643649125065498e-01 4.249381280598081290e+00
2.683732291157791749e+01 3.911382341636733262e-01 4.339177277197728166e+00
2.685490962383976310e+01 4.238865658738297237e-01 4.731738292076270724e+00
2.687249633610160870e+01 4.887623091189986502e-01 5.647066155024478284e+00
2.689008304836345431e+01 6.037126443360258943e-01 7.968186593140742069e+00
2.690766976062530347e+01 8.103211311196675259e-01 1.903574145834099340e+01
2.692525647288714907e+01 1.216784512236430027e+00 -2.040248901306203066e+01
2.694284318514899468e+01 2.184167693874358829e+00 -5.185037312140195809e+00
2.696042989741084384e+01 5.783843184533570714e+00 -2.423525842668968533e+00
2.697801660967268944e+01 9.007036316628000350e+01 -1.235556257940775060e+00
2.699560332193453505e+01 1.218143400941317545e+01 -1.803151207584694049e+00
2.701319003419638065e+01 2.608121312784371781e+01 -1.486976198144361661e+00
2.703077674645822981e+01 8.974548013932508894e+00 -2.002127015099056440e+00
2.704836345872007541e+01 2.870003537394422377e+00 -3.881393991791289189e+00
2.706595017098192102e+01 1.550300181487465512e+00 -9.159584842150948703e+00
2.708353688324377018e+01 1.034099722172949987e+00 -1.192946258956136916e+02
2.710112359550561578e+01 7.830503953217267110e-01 1.637639808642091310e+01
2.711871030776746139e+01 6.497530228364899463e-01 9.313137353357527459e+00
2.713629702002931054e+01 5.804456407349066760e-01 7.398767849630372595e+00
2.715388373229115615e+01 5.530606061332843382e-01 6.802760151275045963e+00
2.717147044455300176e+01 5.595369511760757142e-01 6.937201681413689869e+00
2.718905715681484736e+01 6.005122879186679530e-01 7.886016893330577204e+00
2.720664386907669652e+01 6.853958559495348934e-01 1.062023077708707675e+01
2.722423058133854212e+01 8.376650687014181029e-01 2.259615922201973248e+01
2.724181729360038773e+01 1.111354014354990261e+00 -3.789508237520043110e+01
2.725940400586223689e+01 1.643477602872506438e+00 -8.092653711898888602e+00
2.727699071812408249e+01 2.863531542104273520e+00 -3.889349809102127242e+00
2.729457743038592810e+01 6.804257849585749973e+00 -2.243396600641943905e+00
2.731216414264777725e+01 4.949178975329456165e+01 -1.331397961576227251e+00
2.732975085490962286e+01 4.931306670051835539e+01 -1.332097581482545756e+00
2.734733756717146846e+01 3.599511940700873680e+01 -1.400032541036551947e+00
2.736492427943331407e+01 6.336098245451250222e+00 -2.318251872073282094e+00
2.738251099169516323e+01 2.818651502613933602e+00 -3.946011372997611844e+00
2.740009770395700883e+01 1.677394373253929816e+00 -7.776385213473070657e+00
2.741768441621885444e+01 1.170763323348743112e+00 -2.538484014741640848e+01
2.743527112848070360e+01 9.103087295556794301e-01 4.257393972167106000e+01
2.745285784074254920e+01 7.689822443141062225e-01 1.524910882964548442e+01
2.747044455300439481e+01 6.963753545224624641e-01 1.108394050012108600e+01
2.748803126526624396e+01 6.712404506579235930e-01 1.006761860620336435e+01
2.750561797752808957e+01 6.865681735876746350e-01 1.066820941906132880e+01
2.752320468978993517e+01 7.453223235006841696e-01 1.363277463100218156e+01
2.754079140205178078e+01 8.618419061916499091e-01 2.691518548770308783e+01
2.755837811431362994e+01 1.070158671182917853e+00 -5.899667247809041015e+01
2.757596482657547554e+01 1.448598364394307891e+00 -1.082427710200370008e+01
2.759355153883732115e+01 2.197050813584345619e+00 -5.147267877533006519e+00
2.761113825109917030e+01 3.932191174413942392e+00 -3.034639050698862306e+00
2.762872496336101591e+01 9.175397443489920590e+00 -1.985662624754276573e+00
2.764631167562286151e+01 2.907131401547999161e+01 -1.455396001631902747e+00
2.766389838788470712e+01 2.599547835990918543e+01 -1.487974346656721236e+00
2.768148510014655272e+01 8.263183936796727025e+00 -2.066908251157180132e+00
2.769907181240839833e+01 3.656103119343125929e+00 -3.192756665543969863e+00
2.771665852467024393e+01 2.085455895235799773e+00 -5.503381065095046765e+00
2.773424523693209309e+01 1.396731225505209562e+00 -1.199905275809410554e+01
2.775183194919393870e+01 1.046603118690366596e+00 -8.781977869093392997e+01
2.776941866145578430e+01 8.550674920229868192e-01 2.555992947471382948e+01
2.778700537371763346e+01 7.507528051546871195e-01 1.397677779837591494e+01
2.780459208597947907e+01 7.026986810969821917e-01 1.136638473264456906e+01
2.782217879824132467e+01 6.983575156015418006e-01 1.117121574604996681e+01
2.783976551050317383e+01 7.362176592909106532e-01 1.308760923432979872e+01
2.785735222276501943e+01 8.247824341776039958e-01 2.078063966740432278e+01
2.787493893502686504e+01 9.866312043141060029e-01 2.972008488737802736e+02
2.789252564728871064e+01 1.270616338635008891e+00 -1.672126945895900008e+01
2.791011235955055980e+01 1.781721373292776134e+00 -6.973512922137398817e+00
2.792769907181240541e+01 2.743965388434375985e+00 -4.046496117032394757e+00
2.794528578407425101e+01 4.512381239639036146e+00 -2.778984917635829444e+00
2.796287249633610017e+01 6.566742956555222221e+00 -2.279946182463009841e+00
2.798045920859794577e+01 5.934854780496314319e+00 -2.392606628152617265e+00
2.799804592085979138e+01 3.656410498835363843e+00 -3.192563451290288512e+00
2.801563263312164054e+01 2.169505493498339987e+00 -5.229008147471702728e+00
2.803321934538348614e+01 1.398793736800820753e+00 -1.194654156329069750e+01
2.805080605764533175e+01 9.892593342996124361e-01 3.704136953122176692e+02
2.806839276990717735e+01 7.588412863031245292e-01 1.451770565238666322e+01
2.808597948216902651e+01 6.243677768725873767e-01 8.531501030201877001e+00
2.810356619443087212e+01 5.466197424939296390e-01 6.672753007542476134e+00
2.812115290669271772e+01 5.065415399065045232e-01 5.937634900775018210e+00
2.813873961895456688e+01 4.953469433641229380e-01 5.752396959826630685e+00
2.815632633121641248e+01 5.104910657686700937e-01 6.004924548033685028e+00
2.817391304347825809e+01 5.544425893511131243e-01 6.831130067991671773e+00
2.819149975574010725e+01 6.352097192461184649e-01 8.852238647954457917e+00
2.820908646800195285e+01 7.682624976641317938e-01 1.519509856499207245e+01
2.822667318026379846e+01 9.785024433000650834e-01 1.840622237578141380e+02
2.824425989252564406e+01 1.293610460015906627e+00 -1.555922227619104525e+01
2.826184660478749322e+01 1.694504446288361610e+00 -7.628413507678864391e+00
2.827943331704933883e+01 1.989046276284431647e+00 -5.874060146308923258e+00
2.829702002931118443e+01 1.881583723888986093e+00 -6.380562864115366217e+00
2.831460674157303359e+01 1.458647913713786215e+00 -1.062718854469816421e+01
2.833219345383487919e+01 1.040486111085971777e+00 -1.007893922759701439e+02
2.834978016609672480e+01 7.464058392034897960e-01 1.370024243604931691e+01
2.836736687835857396e+01 5.589023089102796993e-01 6.923857808308188311e+00
2.838495359062041956e+01 4.414466525831253763e-01 4.959733394634568526e+00
2.840254030288226517e+01 3.681438403702419482e-01 4.085804914197730398e+00
2.842012701514411077e+01 3.236204049103528768e-01 3.639041308168249333e+00
2.843771372740595993e+01 2.992905598438347914e-01 3.415737703020229166e+00
2.845530043966780553e+01 2.907472398247721856e-01 3.340370360333884125e+00
2.847288715192965114e+01 2.963753682967056324e-01 3.389851098982368693e+00
2.849047386419150030e+01 3.167845166771606769e-01 3.574943556641438924e+00
2.850806057645334590e+01 3.547662857458372399e-01 3.945874861169777148e+00
2.852564728871519151e+01 4.154634981924696935e-01 4.626901229354739797e+00
2.854323400097704067e+01 5.058386360777287205e-01 5.925767421838148863e+00
2.856082071323888627e+01 6.303141119119457514e-01 8.705121555191317029e+00
2.857840742550073188e+01 7.753108507197291610e-01 1.573883570035832768e+01
2.859599413776257748e+01 8.834651388837102548e-01 3.229352683040418270e+01
2.861358085002442664e+01 8.737251355304515021e-01 2.964319510780288880e+01
2.863116756228627224e+01 7.451206506672388707e-01 1.362027989466194100e+01
2.864875427454811785e+01 5.819680784830875142e-01 7.434132574203808907e+00
2.866634098680996345e+01 4.455833899833865352e-01 5.015405379777599926e+00
2.868392769907180906e+01 3.486506539374613634e-01 3.883605030359281951e+00
2.870151441133365466e+01 2.841320986711146079e-01 3.283026032858797461e+00
2.871910112359550382e+01 2.429171619976442931e-01 2.943732962856302482e+00
2.873668783585734943e+01 2.183644300373202563e-01 2.754421769714135770e+00
2.875427454811919503e+01 2.064724239721516807e-01 2.665637872708201517e+00
2.877186126038104064e+01 2.053223516224947087e-01 2.657143491730578067e+00
2.878944797264288979e+01 2.147129281547943414e-01 2.726971489302041363e+00
2.880703468490473540e+01 2.361578175381731093e-01 2.890753221444253285e+00
2.882462139716658100e+01 2.732911968346687370e-01 3.190874250182543559e+00
2.884220810942843016e+01 3.326643389322797018e-01 3.725569766596687593e+00
2.885979482169027577e+01 4.243542604824097619e-01 4.737642717677338133e+00
2.887738153395212137e+01 5.589588455023004610e-01 6.925045022589170429e+00
2.889496824621397053e+01 7.288926039134523416e-01 1.267540761182278253e+01
2.891255495847581614e+01 8.636877744677911029e-01 2.730777694055975502e+01
2.893014167073766174e+01 8.482836599647189946e-01 2.432387953534945879e+01
2.894772838299950735e+01 6.931811881635583372e-01 1.094564977020694663e+01
2.896531509526135650e+01 5.184401294065978938e-01 6.143568109131178012e+00
2.898290180752320211e+01 3.863907305916301493e-01 4.285459120516426523e+00
2.900048851978504771e+01 2.990515688004845574e-01 3.413608784927377293e+00
2.901807523204689687e+01 2.438301299144537693e-01 2.950941830927233944e+00
2.903566194430874248e+01 2.101123751912152005e-01 2.692626947626312717e+00
2.905324865657058808e+01 1.912349496825562489e-01 2.554318238215299353e+00
2.907083536883243724e+01 1.835223112428758796e-01 2.498919960149316388e+00
2.908842208109428285e+01 1.853678958898657136e-01 2.512122132215335757e+00
2.910600879335612845e+01 1.967678467575907086e-01 2.594440818749114808e+00
2.912359550561797406e+01 2.192687419029420992e-01 2.761246621447597249e+00
2.914118221787982321e+01 2.562768721650364734e-01 3.050534140049145471e+00
2.915876893014166882e+01 3.136173790919965509e-01 3.545614848953295262e+00
2.917635564240351442e+01 3.996655697226125237e-01 4.437606121125011072e+00
2.919394235466536358e+01 5.220010744395449098e-01 6.207114184487979358e+00
2.921152906692720919e+01 6.718751488614921330e-01 1.009138731814178769e+01
2.922911577918905479e+01 7.931886381235179195e-01 1.728343827246457565e+01
2.924670249145090395e+01 7.986849759133813897e-01 1.781321850106835214e+01
2.926428920371274955e+01 6.859073728720928020e-01 1.064112171094048875e+01
2.928187591597459516e+01 5.407742229296561565e-01 6.557822808635551226e+00
2.929946262823644076e+01 4.213358791174257045e-01 4.699692948651098767e+00
2.931704934049828992e+01 3.378909446884993395e-01 3.776505814197864019e+00
2.933463605276013553e+01 2.835354124938680997e-01 3.277895825225165538e+00
2.935222276502198113e+01 2.501925454943812466e-01 3.001540660659414161e+00
2.936980947728383029e+01 2.322543132299822732e-01 2.860465075700809212e+00
2.938739618954567590e+01 2.265756986942910889e-01 2.816791587775278938e+00
2.940498290180752150e+01 2.319851878307920556e-01 2.858384977433435559e+00
2.942256961406937066e+01 2.490402308442592194e-01 2.992329201869914357e+00
2.944015632633121626e+01 2.801524792278052289e-01 3.248939609571583897e+00
2.945774303859306187e+01 3.301019563966836601e-01 3.700849672537871449e+00
2.947532975085490747e+01 4.068006939719931991e-01 4.521952828160594962e+00
2.949291646311675663e+01 5.212500733466223224e-01 6.193636630892413564e+00
2.951050317537860224e+01 6.820310191658096599e-01 1.048446422926293842e+01
2.952808988764044784e+01 8.720115667921682912e-01 2.921859940374945452e+01
2.954567659990229345e+01 1.008699002310146531e+00 -4.618206807019691382e+02
2.956326331216413905e+01 9.858486942064069725e-01 2.806558648418835560e+02
2.958085002442598466e+01 8.256974053740816499e-01 2.090075183045545160e+01
2.959843673668783381e+01 6.421922527071645126e-01 9.068921090967826615e+00
2.961602344894967942e+01 4.976498530009372812e-01 5.789857748222267730e+00
2.963361016121152502e+01 3.983887368878806234e-01 4.422705761481784847e+00
2.965119687347337063e+01 3.340406271488903789e-01 3.738915145106164406e+00
2.966878358573521979e+01 2.944533911276843163e-01 3.372880763928710390e+00
2.968637029799706539e+01 2.728573691863838691e-01 3.187232178065673160e+00
2.970395701025891100e+01 2.654905403977536604e-01 3.125903953738168539e+00
2.972154372252076016e+01 2.709163556171395038e-01 3.170978928684669018e+00
2.973913043478260576e+01 2.897019878229724066e-01 3.331251632020769904e+00
2.975671714704445137e+01 3.245490537043030366e-01 3.647834392131774628e+00
2.977430385930630052e+01 3.808926811835091630e-01 4.224183227892341463e+00
2.979189057156814613e+01 4.678352552234543160e-01 5.328810211689837928e+00
2.980947728382999173e+01 5.982744858499250418e-01 7.829322461396186483e+00
2.982706399609183734e+01 7.828988098697163833e-01 1.636347637217523143e+01
2.984465070835368650e+01 1.003039208013039252e+00 -1.318131596503025548e+03
2.986223742061553210e+01 1.161303141857848553e+00 -2.676066077954131828e+01
2.987982413287737771e+01 1.128542999458477913e+00 -3.308776912789582525e+01
2.989741084513922686e+01 9.330720940963255217e-01 5.774848593937547747e+01
2.991499755740107247e+01 7.144577383232904033e-01 1.192457381656577908e+01
2.993258426966291808e+01 5.453410669657935417e-01 6.647368127039384511e+00
2.995017098192476723e+01 4.305463655299531789e-01 4.816664324328062463e+00
2.996775769418661284e+01 3.563965264791441045e-01 3.962650510064272602e+00
2.998534440644845844e+01 3.103759071176158124e-01 3.515833842340842619e+00
3.000293111871030760e+01 2.842823165534755780e-01 3.284318669863863338e+00
3.002051783097215321e+01 2.734770157196931839e-01 3.192435290901062483e+00
3.003810454323399881e+01 2.759213786154028902e-01 3.213029205564330137e+00
3.005569125549584442e+01 2.916611516912717694e-01 3.348361303760891250e+00
3.007327796775769002e+01 3.227818589008158434e-01 3.631119127319111684e+00
3.009086468001953563e+01 3.737707289078918138e-01 4.146255502711614582e+00
3.010845139228138834e+01 4.520473418925640696e-01 5.103974988723387618e+00
3.012603810454323394e+01 5.674661460736764029e-01 7.107127212240898828e+00
3.014362481680507955e+01 7.261244320479437464e-01 1.252533462959748789e+01
3.016121152906692515e+01 9.074162842909178073e-01 4.117985827946151289e+01
3.017879824132877076e+01 1.029086259167212747e+00 -1.395148139709261841e+02
3.019638495359061636e+01 9.921488594667772221e-01 5.074781467966162154e+02
3.021397166585246907e+01 8.225462490482143840e-01 2.049228567669111101e+01
3.023155837811431468e+01 6.323815396187026927e-01 8.766779422753986140e+00
3.024914509037616028e+01 4.829741815895701174e-01 5.556591097295369153e+00
3.026673180263800589e+01 3.801985897348798549e-01 4.216517516831718382e+00
3.028431851489985149e+01 3.131348400809861876e-01 3.541166492424029144e+00
3.030190522716169710e+01 2.711049884214785655e-01 3.172555465635855221e+00
3.031949193942354270e+01 2.468979641343839737e-01 2.975260217218372194e+00
3.033707865168539541e+01 2.363422324820013964e-01 2.892189629634926984e+00
3.035466536394724102e+01 2.375304847806016251e-01 2.901456945551049049e+00
3.037225207620908662e+01 2.503690163559287862e-01 3.002953221036147813e+00
3.038983878847093223e+01 2.765021820638063343e-01 3.217938769239100605e+00
3.040742550073277783e+01 3.195403240572038950e-01 3.600651689739123640e+00
3.042501221299462344e+01 3.853198193391014215e-01 4.273445923782451139e+00
3.044259892525646904e+01 4.810329115854630189e-01 5.526677317176234894e+00
3.046018563751832176e+01 6.092379151623381617e-01 8.113150990751570646e+00
3.047777234978016736e+01 7.489952859505651928e-01 1.386382552234541699e+01
3.049535906204201297e+01 8.334735643430219998e-01 2.197470339870823253e+01
3.051294577430385857e+01 7.939770652720756772e-01 1.735770284069613822e+01
3.053053248656570418e+01 6.580887694226721374e-01 9.594719006412034901e+00
3.054811919882754978e+01 5.091376168459909035e-01 5.981748274970599688e+00
3.056570591108939894e+01 3.914581010403062611e-01 4.342823981824126989e+00
3.058329262335124454e+01 3.095320336108986492e-01 3.508119441026152696e+00
3.060087933561309015e+01 2.553906685508667285e-01 3.043360336224758100e+00
3.061846604787493575e+01 2.210013050933349876e-01 2.774352302859323771e+00
3.063605276013678136e+01 2.008210302370079248e-01 2.624045801652134191e+00
3.065363947239862696e+01 1.915858442454552724e-01 2.556853111016728963e+00
3.067122618466047257e+01 1.917708160131345041e-01 2.558189872763583228e+00
3.068881289692232528e+01 2.012623264079148599e-01 2.627280263056051002e+00
3.070639960918417088e+01 2.212999895710041076e-01 2.776615663736388573e+00
3.072398632144601649e+01 2.546323442921479274e-01 3.037232017490996583e+00
3.074157303370786209e+01 3.056468837166604890e-01 3.472806026888939357e+00
3.075915974596970770e+01 3.794889480558095163e-01 4.208696083358825391e+00
3.077674645823155331e+01 4.769676776804894769e-01 5.464718884811336608e+00
3.079433317049339891e+01 5.797484166466484456e-01 7.382655484852848282e+00
3.081191988275525162e+01 6.357758943079316882e-01 8.869503611650429775e+00
3.082950659501709723e+01 5.978518441294492503e-01 7.818684215530081971e+00
3.084709330727894283e+01 4.923594643726189601e-01 5.704284580604842780e+00
3.086468001954078844e+01 3.808490114348327960e-01 4.223700470977895804e+00
3.088226673180263404e+01 2.938347445700204008e-01 3.367434525367126064e+00
3.089985344406447965e+01 2.335821823768291228e-01 2.870743534460136637e+00
3.091744015632633236e+01 1.939750788965971806e-01 2.574147602794023992e+00
3.093502686858817796e+01 1.690849505520105878e-01 2.396735697087650330e+00
3.095261358085002357e+01 1.548708556919656809e-01 2.297806862946531581e+00
3.097020029311186917e+01 1.489923415113605931e-01 2.257303849550468033e+00
3.098778700537371478e+01 1.504184430114937077e-01 2.267109919208248670e+00
3.100537371763556038e+01 1.592041506458601596e-01 2.327808883054990563e+00
3.102296042989740599e+01 1.764730756874090811e-01 2.448793096943476133e+00
3.104054714215925870e+01 2.045618472803749088e-01 2.651535029815944799e+00
3.105813385442110430e+01 2.471257922770202509e-01 2.977072047408459987e+00
3.107572056668294991e+01 3.083823736324214915e-01 3.497635125540158985e+00
3.109330727894479551e+01 3.888754006665376406e-01 4.313478631042489297e+00
3.111089399120664112e+01 4.735060072077388327e-01 5.412676121035483234e+00
3.112848070346848672e+01 5.204675678535219951e-01 6.179636941416292828e+00
3.114606741573033233e+01 4.925367065555424917e-01 5.707123909122222116e+00
3.116365412799218504e+01 4.102852299587607665e-01 4.563825752858371665e+00
3.118124084025403064e+01 3.219990131916799503e-01 3.623738311154808045e+00
3.119882755251587625e+01 2.523494654926062841e-01 3.018840091597193354e+00
3.121641426477772185e+01 2.038210897439076130e-01 2.646078720503974413e+00
3.123400097703956746e+01 1.719519063711862361e-01 2.416880859649126467e+00
3.125158768930141306e+01 1.522014384261664854e-01 2.279387558780112233e+00
3.126917440156326577e+01 1.414417622244797945e-01 2.205577394877333397e+00
3.128676111382511138e+01 1.378925934736634495e-01 2.181364432260064046e+00
3.130434782608695699e+01 1.408559123569990135e-01 2.201576491389264145e+00
3.132193453834880259e+01 1.505715041753676042e-01 2.268163120802108690e+00
3.133952125061064820e+01 1.682368421658399227e-01 2.390789393493750303e+00
3.135710796287249380e+01 1.961517357310988974e-01 2.589956640939721222e+00
3.137469467513433941e+01 2.377851788937249966e-01 2.903446051269701567e+00
3.139228138739618856e+01 2.969640063936799801e-01 3.395063848054260092e+00
3.140986809965803417e+01 3.738000140796008397e-01 4.146572668318553312e+00
3.142745481191987977e+01 4.539657185430761022e-01 5.130639919141391836e+00
3.144504152418172538e+01 4.999534596975238054e-01 5.827659963109167229e+00
3.146262823644357098e+01 4.789519328659836428e-01 5.494846211400052027e+00
3.148021494870541659e+01 4.077149217582936580e-01 4.532895034692210778e+00
3.149780166096726219e+01 3.282783516480135000e-01 3.683355989448733769e+00
3.151538837322911490e+01 2.639738862230908700e-01 3.113397234822308235e+00
3.153297508549096051e+01 2.185081944419818845e-01 2.755506047329344010e+00
3.155056179775280611e+01 1.886326915349101907e-01 2.535559387479491722e+00
3.156814851001465172e+01 1.705447805892972568e-01 2.406984836728085053e+00
3.158573522227649732e+01 1.615413994266532427e-01 2.344046158247902856e+00
3.160332193453834293e+01 1.601267397761614864e-01 2.334213528804259141e+00
3.162090864680019564e+01 1.658530548570644747e-01 2.374107194622314232e+00
3.163849535906204125e+01 1.792402586852034074e-01 2.468415144052083843e+00
3.165608207132388685e+01 2.018349664562448242e-01 2.631480722044725162e+00
3.167366878358573246e+01 2.363571865029147900e-01 2.892306128430980117e+00
3.169125549584757806e+01 2.866594875867469749e-01 3.304833056480794173e+00
3.170884220810942367e+01 3.565104826608200272e-01 3.963825966918170352e+00
3.172642892037126927e+01 4.446084798612663369e-01 5.002215091304855754e+00
3.174401563263312198e+01 5.331709198655115722e-01 6.412501112719702689e+00
3.176160234489496759e+01 5.815286005578369499e-01 7.423898158885614329e+00
3.177918905715681319e+01 5.576044779618957170e-01 6.896685655617857513e+00
3.179677576941865880e+01 4.801482223063650023e-01 5.513115305740525329e+00
3.181436248168050440e+01 3.927001009988793645e-01 4.357016803778778424e+00
3.183194919394235001e+01 3.204881547092943150e-01 3.609534751334103841e+00
3.184953590620419561e+01 2.685311193943457631e-01 3.151099038890424975e+00
3.186712261846604832e+01 2.339868225992672024e-01 2.873880732128110793e+00
3.188470933072789393e+01 2.129963156095927568e-01 2.714125531430270133e+00
3.190229604298973953e+01 2.027003690470740027e-01 2.637835817122092141e+00
3.191988275525158514e+01 2.015080769755635826e-01 2.629082445392579181e+00
3.193746946751343074e+01 2.089951933029355058e-01 2.684326336808471325e+00
3.195505617977527635e+01 2.258457307002640913e-01 2.811210116145859139e+00
3.197264289203712906e+01 2.539159874337775236e-01 3.031451541880211931e+00
3.199022960429897466e+01 2.963395172632354302e-01 3.389533848741244082e+00
3.200781631656082027e+01 3.572834447892968002e-01 3.971808814335407778e+00
3.202540302882266587e+01 4.401055428687533633e-01 4.941850247114075501e+00
3.204298974108451148e+01 5.410885820505448862e-01 6.563931374592607781e+00
3.206057645334635708e+01 6.372885356642972177e-01 8.915890248134388685e+00
3.207816316560820269e+01 6.838085263472565289e-01 1.055582810585173092e+01
3.209574987787005540e+01 6.508524344193258315e-01 9.349516577599823464e+00
3.211333659013190100e+01 5.620704210183159466e-01 6.990844388186650882e+00
3.213092330239374661e+01 4.635019995805305659e-01 5.265856761042757128e+00
3.214851001465559222e+01 3.815979572597351654e-01 4.231988393455302422e+00
3.216609672691743782e+01 3.219970957498132225e-01 3.623720251044975527e+00
3.218368343917928343e+01 2.819277913298349203e-01 3.264108012146187399e+00
3.220127015144112903e+01 2.573323189836262959e-01 3.059094986524102389e+00
3.221885686370298174e+01 2.451223404713562815e-01 2.961167203911522883e+00
3.223644357596482735e+01 2.435580312234520428e-01 2.948791977362337224e+00
3.225403028822667295e+01 2.521826055608607509e-01 3.017499121165871045e+00
3.227161700048851856e+01 2.717693546769064383e-01 3.178113168352846074e+00
3.228920371275036416e+01 3.043663063087370113e-01 3.461238859787482358e+00
3.230679042501220977e+01 3.533154861187592921e-01 3.931008665252652357e+00
3.232437713727406248e+01 4.227320303582137173e-01 4.717200839729168926e+00
3.234196384953590808e+01 5.149594816700182598e-01 6.082322852617339848e+00
3.235955056179775369e+01 6.231755964807202952e-01 8.497339880126421718e+00
3.237713727405959929e+01 7.194357709999290584e-01 1.217484843825164198e+01
3.239472398632144490e+01 7.569572227096986738e-01 1.438850820289609089e+01
3.241231069858329050e+01 7.114301604081336716e-01 1.177654793769822561e+01
3.242989741084513611e+01 6.121073310217975960e-01 8.190031302174448413e+00
3.244748412310698882e+01 5.056290463293969806e-01 5.922235075437287222e+00
3.246507083536883442e+01 4.175880344853281079e-01 4.653079319036740102e+00
3.248265754763068003e+01 3.532143058157709015e-01 3.929974080329451169e+00
3.250024425989252563e+01 3.095596603159529447e-01 3.508371743635608997e+00
3.251783097215437124e+01 2.824121812596726011e-01 3.268257156265711671e+00
3.253541768441621684e+01 2.685376943241108982e-01 3.151153698064601993e+00
3.255300439667806245e+01 2.660796891346859927e-01 3.130773070060162144e+00
3.257059110893991516e+01 2.744997461393748339e-01 3.201038457315112051e+00
3.258817782120176076e+01 2.945100081974079131e-01 3.373379583001239190e+00
3.260576453346360637e+01 3.280719189148491033e-01 3.681380853992117341e+00
3.262335124572545197e+01 3.783012928255409801e-01 4.195642213573525403e+00
3.264093795798729758e+01 4.486897910263613065e-01 5.057726057245118589e+00
3.265852467024914318e+01 5.401092643467693133e-01 6.544928086370662257e+00
3.267611138251099590e+01 6.431944325447740418e-01 9.100705816235876711e+00
3.269369809477284150e+01 7.282091705765338929e-01 1.263807403866064050e+01
3.271128480703468711e+01 7.519625189576925051e-01 1.405544820514332827e+01
3.272887151929653271e+01 6.979741267462856724e-01 1.115424651331112216e+01
3.274645823155837832e+01 5.976662273169905948e-01 7.814018996707626563e+00
3.276404494382022392e+01 4.937144330036551954e-01 5.726038695649529053e+00
3.278163165608206953e+01 4.083878881572662323e-01 4.540969507546834372e+00
3.279921836834391513e+01 3.458747578203252848e-01 3.855679236043953573e+00
3.281680508060576074e+01 3.032233605344326066e-01 3.450944879606555382e+00
3.283439179286760634e+01 2.764190266198567891e-01 3.217235466690757661e+00
3.285197850512945195e+01 2.623701270586198397e-01 3.100215663919174691e+00
3.286956521739129755e+01 2.592655581284880606e-01 3.074824059033892443e+00
3.288715192965314316e+01 2.665117691656198606e-01 3.134347942088486771e+00
3.290473864191498876e+01 2.846469032941001953e-01 3.287457793372754455e+00
3.292232535417684147e+01 3.152852337322892273e-01 3.561031056581904775e+00
3.293991206643868708e+01 3.609151517214039817e-01 4.009544966354263273e+00
3.295749877870053268e+01 4.239687677991897941e-01 4.732775408230563308e+00
3.297508549096237829e+01 5.038058763952985020e-01 5.891628736180527071e+00
3.299267220322422389e+01 5.899622882671448076e-01 7.624036158407562880e+00
3.301025891548606950e+01 6.550343964021579923e-01 9.489984704738825272e+00
3.302784562774792221e+01 6.643158065693345327e-01 9.814067168895412863e+00
3.304543234000976781e+01 6.093508304958151767e-01 8.116155403754847342e+00
3.306301905227161342e+01 5.192299486814510034e-01 6.157584454497454729e+00
3.308060576453345902e+01 4.286740094190996109e-01 4.792601914554628806e+00
3.309819247679530463e+01 3.549525544240840769e-01 3.947787821073021064e+00
3.311577918905715023e+01 3.009723077312454476e-01 3.430752738643203070e+00
3.313336590131899584e+01 2.640716849402761635e-01 3.114202499741705044e+00
3.315095261358084855e+01 2.408112514427412643e-01 2.927153116846667569e+00
3.316853932584269415e+01 2.285459651396694880e-01 2.831893401050863179e+00
3.318612603810453976e+01 2.257060731438867152e-01 2.810143102828952522e+00
3.320371275036638536e+01 2.317349922386595096e-01 2.856452118405720331e+00
3.322129946262823097e+01 2.469963103974449348e-01 2.976042227432940113e+00
3.323888617489007657e+01 2.726791995611336228e-01 3.185737403268963597e+00
3.325647288715192218e+01 3.105303203048992433e-01 3.517247154828947231e+00
3.327405959941377489e+01 3.619036281815107836e-01 4.019882061618181623e+00
3.329164631167562050e+01 4.250780725877982280e-01 4.746798088386648296e+00
3.330923302393746610e+01 4.899886747222039762e-01 5.666486904161020632e+00
3.332681973619931171e+01 5.341830152529730702e-01 6.431580667707673449e+00
3.334440644846115731e+01 5.328985016127467667e-01 6.407379251317980362e+00
3.336199316072300292e+01 4.836638688801708219e-01 5.567270287071702128e+00
3.337957987298485563e+01 4.102679340243837181e-01 4.563616786486561772e+00
3.339716658524670123e+01 3.382914688319486052e-01 3.780437961580571216e+00
3.341475329750854684e+01 2.799638060097936476e-01 3.247331102976044104e+00
3.343234000977039244e+01 2.371277733927655562e-01 2.898313817665936654e+00
3.344992672203223805e+01 2.076355158254065136e-01 2.674244446072202130e+00
3.346751343429408365e+01 1.887991336117062213e-01 2.536757126665527107e+00
3.348510014655592926e+01 1.785363019932481587e-01 2.463416743659051722e+00
3.350268685881778197e+01 1.755760830602055567e-01 2.442447433498181830e+00
3.352027357107962757e+01 1.794047281008751549e-01 2.469583610419919140e+00
3.353786028334147318e+01 1.901769815679418829e-01 2.546683228793797937e+00
3.355544699560331878e+01 2.086076628419382961e-01 2.681450553025508832e+00
3.357303370786516439e+01 2.357046742746708445e-01 2.887225808441745034e+00
3.359062042012700999e+01 2.719686705511389357e-01 3.179782089776533205e+00
3.360820713238885560e+01 3.153859457292755297e-01 3.561963987755178529e+00
3.362579384465070831e+01 3.579851770937230171e-01 3.979070787882276861e+00
3.364338055691255391e+01 3.842227915281881678e-01 4.261179047168487166e+00
3.366096726917439952e+01 3.791234867137038833e-01 4.204674388944288133e+00
3.367855398143624512e+01 3.433196868368491028e-01 3.830158148406611840e+00
3.369614069369809073e+01 2.930570512214558110e-01 3.360599233806449426e+00
3.371372740595993633e+01 2.445500142668817767e-01 2.956635149679068153e+00
3.373131411822178904e+01 2.054368329558925177e-01 2.657988343204701565e+00
3.374890083048363465e+01 1.768885256874049294e-01 2.451734595933533267e+00
3.376648754274548025e+01 1.575642723262614675e-01 2.316439742596121398e+00
3.378407425500732586e+01 1.457727955854189184e-01 2.235209625791990007e+00
3.380166096726917146e+01 1.402225618189856249e-01 2.197253080330563435e+00
3.381924767953101707e+01 1.401787284758882202e-01 2.196953934474079162e+00
3.383683439179286268e+01 1.454473856154397116e-01 2.232979750344143532e+00
3.385442110405471539e+01 1.563282956173367988e-01 2.307883208270381292e+00
3.387200781631656099e+01 1.735331704702056943e-01 2.428021734892866768e+00
3.388959452857840660e+01 1.979420256461345562e-01 2.602998303919007217e+00
3.390718124084025220e+01 2.298768994798698617e-01 2.842125480954067029e+00
3.392476795310209781e+01 2.673789865614394357e-01 3.141532913936753157e+00
3.394235466536394341e+01 3.035298569184265438e-01 3.453702584306374224e+00
3.395994137762578902e+01 3.257898953414861132e-01 3.659615942587613358e+00
3.397752808988764173e+01 3.230334569859988347e-01 3.633494341435407282e+00
3.399511480214948733e+01 2.964460545840571504e-01 3.390476688840600161e+00
3.401270151441133294e+01 2.584961982705069050e-01 3.068556925859678763e+00
3.403028822667317854e+01 2.214658084542782124e-01 2.777872712364528152e+00
3.404787493893502415e+01 1.914258379454921166e-01 2.555697060608788540e+00
3.406546165119686975e+01 1.696494341822127327e-01 2.400696712427724311e+00
3.408304836345872246e+01 1.554241150826637663e-01 2.301630267557897458e+00
3.410063507572056807e+01 1.476830846101861161e-01 2.248311852878005279e+00
3.411822178798241367e+01 1.456322109805094911e-01 2.234246196643937310e+00
3.413580850024425928e+01 1.489243750221221629e-01 2.256836806751532531e+00
3.415339521250610488e+01 1.576856764408771649e-01 2.317280779885305897e+00
3.417098192476795049e+01 1.724947675560246640e-01 2.420703189503131458e+00
3.418856863702979609e+01 1.942870273693629857e-01 2.576410137257266086e+00
3.420615534929164880e+01 2.240139246850225141e-01 2.797235903891260200e+00
3.422374206155349441e+01 2.616791406011617083e-01 3.094549991563188218e+00
3.424132877381534001e+01 3.042838302250341909e-01 3.460495091394746314e+00
3.425891548607718562e+01 3.432284383001965034e-01 3.829249938036061618e+00
3.427650219833903122e+01 3.650263854516271333e-01 4.052726911121238729e+00
3.429408891060087683e+01 3.599382364430648296e-01 3.999356684799400874e+00
3.431167562286272243e+01 3.314141292197038680e-01 3.713488152295783440e+00
3.432926233512457515e+01 2.925313342961754492e-01 3.355985597123108732e+00
3.434684904738642075e+01 2.550289268248214225e-01 3.040435775622398307e+00
3.436443575964826636e+01 2.246295475601201297e-01 2.801927175235678469e+00
3.438202247191011196e+01 2.026427602919139148e-01 2.637412498143330009e+00
3.439960918417195757e+01 1.885253953403520921e-01 2.534787419911018524e+00
3.441719589643380317e+01 1.813730630157130153e-01 2.483587212652888176e+00
3.443478260869565588e+01 1.805234793823816131e-01 2.477538431774346073e+00
3.445236932095750149e+01 1.857411323421012672e-01 2.514796111886805630e+00
3.446995603321934709e+01 1.972445400171513319e-01 2.597913150189171905e+00
3.448754274548119270e+01 2.156530303021494954e-01 2.734022385840895186e+00
3.450512945774303830e+01 2.417950595539978265e-01 2.934890241427451585e+00
3.452271617000488391e+01 2.761734237888974763e-01 3.215158986835418453e+00
3.454030288226672951e+01 3.177379031985513302e-01 3.583817439753327339e+00
3.455788959452858222e+01 3.618129150654014192e-01 4.018932232042315533e+00
3.457547630679042783e+01 3.984781501157826922e-01 4.423747309695190033e+00
3.459306301905227343e+01 4.152165426814534710e-01 4.623869702723252928e+00
3.461064973131411904e+01 4.054767165573066046e-01 4.506161263654058224e+00
3.462823644357596464e+01 3.746522797092812773e-01 4.155814613580377959e+00
3.464582315583781025e+01 3.350740119918673154e-01 3.748966972883839954e+00
3.466340986809965585e+01 2.971860232053050721e-01 3.397031814142599693e+00
3.468099658036150856e+01 2.662429782817286594e-01 3.132123678630302610e+00
3.469858329262335417e+01 2.436682737101678875e-01 2.949662866610987422e+00
3.471617000488519977e+01 2.291508392331110533e-01 2.836540526051626987e+00
3.473375671714704538e+01 2.219443602136253746e-01 2.781502597537859778e+00
3.475134342940889098e+01 2.214371086911051389e-01 2.777655117482205505e+00
3.476893014167073659e+01 2.273328936043410853e-01 2.822589006841309534e+00
3.478651685393258219e+01 2.396486533920689499e-01 2.918028769820534052e+00
3.480410356619442780e+01 2.585864912005128580e-01 3.069291926975614704e+00
3.482169027845627340e+01 2.842297599866290270e-01 3.283866366488342958e+00
3.483927699071811901e+01 3.159405546445506197e-01 3.567105700390700296e+00
3.485686370297996461e+01 3.513788676973632619e-01 3.911255922379746952e+00
3.487445041524181022e+01 3.854630747254105816e-01 4.275050724358806953e+00
3.489203712750365582e+01 4.104946988570238320e-01 4.566357415330323910e+00
3.490962383976550854e+01 4.190268414224516680e-01 4.670908550449301977e+00
3.492721055202735414e+01 4.085525186132301090e-01 4.542947371959964009e+00
3.494479726428919975e+01 3.834428373635702103e-01 4.252481721599179032e+00
3.496238397655104535e+01 3.517814490139806738e-01 3.915353515077260482e+00
3.497997068881289096e+01 3.208012424935550166e-01 3.612473653335985357e+00
3.499755740107473656e+01 2.948345156861267302e-01 3.376239895042321582e+00
3.501514411333658217e+01 2.756935416736580602e-01 3.211104998982448500e+00
3.503273082559843488e+01 2.637869573994836569e-01 3.111858543441948566e+00
3.505031753786028048e+01 2.590073698534055002e-01 3.072719768679942565e+00
3.506790425012212609e+01 2.612279201906044235e-01 3.090854674054342777e+00
3.508549096238397169e+01 2.705173129015291389e-01 3.167645964789464141e+00
3.510307767464581730e+01 2.871727120570823355e-01 3.309276612240361182e+00
3.512066438690766290e+01 3.115846050508187526e-01 3.526911080744841165e+00
3.513825109916951561e+01 3.438523964661661103e-01 3.835464700112463099e+00
3.515583781143136122e+01 3.830021289347285696e-01 4.247576154812608529e+00
3.517342452369320682e+01 4.257594581869320605e-01 4.755436400079524617e+00
3.519101123595505243e+01 4.654198749481532893e-01 5.293600542926545138e+00
3.520859794821689803e+01 4.924746754125616244e-01 5.706129986758132766e+00
3.522618466047874364e+01 4.986465665255269131e-01 5.806173037907090162e+00
3.524377137274058924e+01 4.823471685538665565e-01 5.546905869494399788e+00
3.526135808500244195e+01 4.499100210872483130e-01 5.074472859431045535e+00
3.527894479726428756e+01 4.110963069282899673e-01 4.573637738849598122e+00
3.529653150952613316e+01 3.739823972285524767e-01 4.148548523071650784e+00
3.531411822178797877e+01 3.431220934304071712e-01 3.828191750219550826e+00
3.533170493404982437e+01 3.202641157339072842e-01 3.607433153314362873e+00
3.534929164631166998e+01 3.056638414814901172e-01 3.472959441820878901e+00
3.536687835857351558e+01 2.990446695323575876e-01 3.413547344515362791e+00
3.538446507083536829e+01 3.001054625115046615e-01 3.423005866742928394e+00
3.540205178309721390e+01 3.087126243196048336e-01 3.500643844381174041e+00
3.541963849535905950e+01 3.248821786468104600e-01 3.650993700248732932e+00
3.543722520762090511e+01 3.485636406041010549e-01 3.882726492255340389e+00
3.545481191988275071e+01 3.791550875859234782e-01 4.205021969774009882e+00
3.547239863214459632e+01 4.146704260622861571e-01 4.617174186110915457e+00
3.548998534440644903e+01 4.507082063345002609e-01 5.085465214791130784e+00
3.550757205666829464e+01 4.800347201421083509e-01 5.511378529510089663e+00
3.552515876893014024e+01 4.942786958541082187e-01 5.735130810585402195e+00
3.554274548119198585e+01 4.881546761969448034e-01 5.637476554972884912e+00
3.556033219345383145e+01 4.631416801401525563e-01 5.260665327769824984e+00
3.557791890571567706e+01 4.265847221994841787e-01 4.765924278840247830e+00
3.559550561797752266e+01 3.871631736380819477e-01 4.294147824856604068e+00
3.561309233023937537e+01 3.512442028079565404e-01 3.909886264242838916e+00
3.563067904250122098e+01 3.220934059950983919e-01 3.624627491391726242e+00
3.564826575476306658e+01 3.007691618304754733e-01 3.428935821985964694e+00
3.566585246702491219e+01 2.872334128382152407e-01 3.309802510214700622e+00
3.568343917928675779e+01 2.811028491509779403e-01 3.257052154902546182e+00
3.570102589154860340e+01 2.820295441143965132e-01 3.264979223051737378e+00
3.571861260381044900e+01 2.898336934184728708e-01 3.332399418356068121e+00
3.573619931607230171e+01 3.044690828282622941e-01 3.462165903387751431e+00
3.575378602833414732e+01 3.258263446544505393e-01 3.659962584407246311e+00
3.577137274059599292e+01 3.533164103790035759e-01 3.931018117281202873e+00
3.578895945285783853e+01 3.851749418477957154e-01 4.271823641404236760e+00
3.580654616511968413e+01 4.176119966491622093e-01 4.653375582917122166e+00
3.582413287738152974e+01 4.444466156843185356e-01 5.000029311845697322e+00
3.584171958964338245e+01 4.584116047483740575e-01 5.193120162445289623e+00
3.585930630190522805e+01 4.545628741264139960e-01 5.138976250892373088e+00
3.587689301416707366e+01 4.335359245357720548e-01 4.855391441474041336e+00
3.589447972642891926e+01 4.012651281344823961e-01 4.456354693224546359e+00
3.591206643869076487e+01 3.653876935824583727e-01 4.056545720244724151e+00
3.592965315095261047e+01 3.318997265249883921e-01 3.718176160259004881e+00
3.594723986321445608e+01 3.041208037421772037e-01 3.459025353403434089e+00
3.596482657547630879e+01 2.832850440844943973e-01 3.275745254070626888e+00
3.598241328773815439e+01 2.694901980042778700e-01 3.159080272818869606e+00
3.600000000000000000e+01 2.623938454542431020e-01 3.100410286095487855e+00
