Plane,Frequency_GHz,Angle_Deg,Simulation_dB,Source_PNG
E,6.3,0.0,-0.0877270460237014,rad_pattern_6p3GHz.png
E,6.3,0.5,-0.08869868807171599,rad_pattern_6p3GHz.png
E,6.3,1.0,-0.141239801717564,rad_pattern_6p3GHz.png
E,6.3,1.5,-0.19384330392429305,rad_pattern_6p3GHz.png
E,6.3,2.0,-0.2446919390306519,rad_pattern_6p3GHz.png
E,6.3,2.5,-0.3199897877908242,rad_pattern_6p3GHz.png
E,6.3,3.0,-0.4016155233822687,rad_pattern_6p3GHz.png
E,6.3,3.5,-0.48989399341277107,rad_pattern_6p3GHz.png
E,6.3,4.0,-0.5996619336262654,rad_pattern_6p3GHz.png
E,6.3,4.5,-0.6921496485235821,rad_pattern_6p3GHz.png
E,6.3,5.0,-0.8336103652009328,rad_pattern_6p3GHz.png
E,6.3,5.5,-0.9434935902475381,rad_pattern_6p3GHz.png
E,6.3,6.0,-1.0820416383429006,rad_pattern_6p3GHz.png
E,6.3,6.5,-1.2294148446991713,rad_pattern_6p3GHz.png
E,6.3,7.0,-1.3850406846315408,rad_pattern_6p3GHz.png
E,6.3,7.5,-1.5638396551784624,rad_pattern_6p3GHz.png
E,6.3,8.0,-1.7240890832474598,rad_pattern_6p3GHz.png
E,6.3,8.5,-1.920570128937186,rad_pattern_6p3GHz.png
E,6.3,9.0,-2.114688641585534,rad_pattern_6p3GHz.png
E,6.3,9.5,-2.3157598073303376,rad_pattern_6p3GHz.png
E,6.3,10.0,-2.547581800526565,rad_pattern_6p3GHz.png
E,6.3,10.5,-2.7748012686027117,rad_pattern_6p3GHz.png
E,6.3,11.0,-3.008183548036083,rad_pattern_6p3GHz.png
E,6.3,11.5,-3.2577124090033927,rad_pattern_6p3GHz.png
E,6.3,12.0,-3.527866300037072,rad_pattern_6p3GHz.png
E,6.3,12.5,-3.7982144921469683,rad_pattern_6p3GHz.png
E,6.3,13.0,-4.086144019098157,rad_pattern_6p3GHz.png
E,6.3,13.5,-4.384200652096517,rad_pattern_6p3GHz.png
E,6.3,14.0,-4.714835042016624,rad_pattern_6p3GHz.png
E,6.3,14.5,-5.029178077113556,rad_pattern_6p3GHz.png
E,6.3,15.0,-5.370067659566409,rad_pattern_6p3GHz.png
E,6.3,15.5,-5.733132334185033,rad_pattern_6p3GHz.png
E,6.3,16.0,-6.116290014504855,rad_pattern_6p3GHz.png
E,6.3,16.5,-6.496885751865346,rad_pattern_6p3GHz.png
E,6.3,17.0,-6.917557706131742,rad_pattern_6p3GHz.png
E,6.3,17.5,-7.343404357212421,rad_pattern_6p3GHz.png
E,6.3,18.0,-7.764765351873784,rad_pattern_6p3GHz.png
E,6.3,18.5,-8.268275095497827,rad_pattern_6p3GHz.png
E,6.3,19.0,-8.734241449603807,rad_pattern_6p3GHz.png
E,6.3,19.5,-9.23289283328048,rad_pattern_6p3GHz.png
E,6.3,20.0,-9.823488577682387,rad_pattern_6p3GHz.png
E,6.3,20.5,-10.31496268699804,rad_pattern_6p3GHz.png
E,6.3,21.0,-10.926969725151686,rad_pattern_6p3GHz.png
E,6.3,21.5,-11.514034037477149,rad_pattern_6p3GHz.png
E,6.3,22.0,-12.179869880864786,rad_pattern_6p3GHz.png
E,6.3,22.5,-12.854589880407804,rad_pattern_6p3GHz.png
E,6.3,23.0,-13.603252273691034,rad_pattern_6p3GHz.png
E,6.3,23.5,-14.35044362711622,rad_pattern_6p3GHz.png
E,6.3,24.0,-15.143082441309593,rad_pattern_6p3GHz.png
E,6.3,24.5,-15.96437418417599,rad_pattern_6p3GHz.png
E,6.3,25.0,-16.808497613506116,rad_pattern_6p3GHz.png
E,6.3,25.5,-17.67925529280164,rad_pattern_6p3GHz.png
E,6.3,26.0,-18.508260541347706,rad_pattern_6p3GHz.png
E,6.3,26.5,-19.271062234365647,rad_pattern_6p3GHz.png
E,6.3,27.0,-19.800999754178786,rad_pattern_6p3GHz.png
E,6.3,27.5,-20.35546866330236,rad_pattern_6p3GHz.png
E,6.3,28.0,-20.638193702116315,rad_pattern_6p3GHz.png
E,6.3,28.5,-20.894853226324436,rad_pattern_6p3GHz.png
E,6.3,29.0,-20.894853226324436,rad_pattern_6p3GHz.png
E,6.3,29.5,-20.875850565067143,rad_pattern_6p3GHz.png
E,6.3,30.0,-20.67534796108178,rad_pattern_6p3GHz.png
E,6.3,30.5,-20.409059098550376,rad_pattern_6p3GHz.png
E,6.3,31.0,-20.141610176765145,rad_pattern_6p3GHz.png
E,6.3,31.5,-19.90333416551214,rad_pattern_6p3GHz.png
E,6.3,32.0,-19.539257167433977,rad_pattern_6p3GHz.png
E,6.3,32.5,-19.25113453696353,rad_pattern_6p3GHz.png
E,6.3,33.0,-18.90062192354044,rad_pattern_6p3GHz.png
E,6.3,33.5,-18.66133534112566,rad_pattern_6p3GHz.png
E,6.3,34.0,-18.35671278880888,rad_pattern_6p3GHz.png
E,6.3,34.5,-18.08230418725224,rad_pattern_6p3GHz.png
E,6.3,35.0,-17.831445689980388,rad_pattern_6p3GHz.png
E,6.3,35.5,-17.63009249982078,rad_pattern_6p3GHz.png
E,6.3,36.0,-17.401619988403443,rad_pattern_6p3GHz.png
E,6.3,36.5,-17.218659353944656,rad_pattern_6p3GHz.png
E,6.3,37.0,-17.051405452097907,rad_pattern_6p3GHz.png
E,6.3,37.5,-16.893541762593347,rad_pattern_6p3GHz.png
E,6.3,38.0,-16.759061875199517,rad_pattern_6p3GHz.png
E,6.3,38.5,-16.660038210639062,rad_pattern_6p3GHz.png
E,6.3,39.0,-16.560721830915202,rad_pattern_6p3GHz.png
E,6.3,39.5,-16.532141586943716,rad_pattern_6p3GHz.png
E,6.3,40.0,-16.480203761501247,rad_pattern_6p3GHz.png
E,6.3,40.5,-16.44960648579396,rad_pattern_6p3GHz.png
E,6.3,41.0,-16.434037400370187,rad_pattern_6p3GHz.png
E,6.3,41.5,-16.41164066667567,rad_pattern_6p3GHz.png
E,6.3,42.0,-16.404392153741316,rad_pattern_6p3GHz.png
E,6.3,42.5,-16.41164066667567,rad_pattern_6p3GHz.png
E,6.3,43.0,-16.484970922879068,rad_pattern_6p3GHz.png
E,6.3,43.5,-16.510915751196737,rad_pattern_6p3GHz.png
E,6.3,44.0,-16.55357148672743,rad_pattern_6p3GHz.png
E,6.3,44.5,-16.596179696100837,rad_pattern_6p3GHz.png
E,6.3,45.0,-16.63775411831005,rad_pattern_6p3GHz.png
E,6.3,45.5,-16.718815460381105,rad_pattern_6p3GHz.png
E,6.3,46.0,-16.778609212546375,rad_pattern_6p3GHz.png
E,6.3,46.5,-16.857825913261603,rad_pattern_6p3GHz.png
E,6.3,47.0,-16.9174118249293,rad_pattern_6p3GHz.png
E,6.3,47.5,-17.012716257426984,rad_pattern_6p3GHz.png
E,6.3,48.0,-17.088348764451712,rad_pattern_6p3GHz.png
E,6.3,48.5,-17.16307490876967,rad_pattern_6p3GHz.png
E,6.3,49.0,-17.299073877281042,rad_pattern_6p3GHz.png
E,6.3,49.5,-17.37776020301066,rad_pattern_6p3GHz.png
E,6.3,50.0,-17.48693898081004,rad_pattern_6p3GHz.png
E,6.3,50.5,-17.55730358553244,rad_pattern_6p3GHz.png
E,6.3,51.0,-17.703278430596693,rad_pattern_6p3GHz.png
E,6.3,51.5,-17.775356901472204,rad_pattern_6p3GHz.png
E,6.3,52.0,-17.910150877505334,rad_pattern_6p3GHz.png
E,6.3,52.5,-18.016286668539067,rad_pattern_6p3GHz.png
E,6.3,53.0,-18.149816660558226,rad_pattern_6p3GHz.png
E,6.3,53.5,-18.293991608199196,rad_pattern_6p3GHz.png
E,6.3,54.0,-18.466494124543527,rad_pattern_6p3GHz.png
E,6.3,54.5,-18.591232321805197,rad_pattern_6p3GHz.png
E,6.3,55.0,-18.795293117477794,rad_pattern_6p3GHz.png
E,6.3,55.5,-18.956203718567576,rad_pattern_6p3GHz.png
E,6.3,56.0,-19.166017845438514,rad_pattern_6p3GHz.png
E,6.3,56.5,-19.390935869402387,rad_pattern_6p3GHz.png
E,6.3,57.0,-19.565861554310636,rad_pattern_6p3GHz.png
E,6.3,57.5,-19.82093920477546,rad_pattern_6p3GHz.png
E,6.3,58.0,-20.09077977731228,rad_pattern_6p3GHz.png
E,6.3,58.5,-20.329480684583825,rad_pattern_6p3GHz.png
E,6.3,59.0,-20.64727204951675,rad_pattern_6p3GHz.png
E,6.3,59.5,-20.914708081247852,rad_pattern_6p3GHz.png
E,6.3,60.0,-21.270525651251575,rad_pattern_6p3GHz.png
E,6.3,60.5,-21.560842853977395,rad_pattern_6p3GHz.png
E,6.3,61.0,-21.86137418621836,rad_pattern_6p3GHz.png
E,6.3,61.5,-22.200631594248634,rad_pattern_6p3GHz.png
E,6.3,62.0,-22.55283270615241,rad_pattern_6p3GHz.png
E,6.3,62.5,-22.889403013164593,rad_pattern_6p3GHz.png
E,6.3,63.0,-23.252464429126473,rad_pattern_6p3GHz.png
E,6.3,63.5,-23.769930618235815,rad_pattern_6p3GHz.png
E,6.3,64.0,-23.911688201325692,rad_pattern_6p3GHz.png
E,6.3,64.5,-24.2338514817458,rad_pattern_6p3GHz.png
E,6.3,65.0,-24.56927222595852,rad_pattern_6p3GHz.png
E,6.3,65.5,-24.8519604215715,rad_pattern_6p3GHz.png
E,6.3,66.0,-25.031299173860496,rad_pattern_6p3GHz.png
E,6.3,66.5,-25.259786394893915,rad_pattern_6p3GHz.png
E,6.3,67.0,-25.426744198371974,rad_pattern_6p3GHz.png
E,6.3,67.5,-25.72263068599314,rad_pattern_6p3GHz.png
E,6.3,68.0,-25.782250830318333,rad_pattern_6p3GHz.png
E,6.3,68.5,-25.94866523245442,rad_pattern_6p3GHz.png
E,6.3,69.0,-26.02360881714967,rad_pattern_6p3GHz.png
E,6.3,69.5,-26.155698598653544,rad_pattern_6p3GHz.png
E,6.3,70.0,-26.17283853895102,rad_pattern_6p3GHz.png
E,6.3,70.5,-26.293879869713045,rad_pattern_6p3GHz.png
E,6.3,71.0,-26.293879869713045,rad_pattern_6p3GHz.png
E,6.3,71.5,-26.340252618224383,rad_pattern_6p3GHz.png
E,6.3,72.0,-26.349038523492915,rad_pattern_6p3GHz.png
E,6.3,72.5,-26.36774527271159,rad_pattern_6p3GHz.png
E,6.3,73.0,-26.393804281978014,rad_pattern_6p3GHz.png
E,6.3,73.5,-26.557130938907218,rad_pattern_6p3GHz.png
E,6.3,74.0,-26.565267329584213,rad_pattern_6p3GHz.png
E,6.3,74.5,-26.727953505509262,rad_pattern_6p3GHz.png
E,6.3,75.0,-26.862260407243557,rad_pattern_6p3GHz.png
E,6.3,75.5,-27.04470031348496,rad_pattern_6p3GHz.png
E,6.3,76.0,-27.774031817222802,rad_pattern_6p3GHz.png
E,6.3,76.5,-27.774031817222802,rad_pattern_6p3GHz.png
E,6.3,77.0,-27.821836738711657,rad_pattern_6p3GHz.png
E,6.3,77.5,-27.84368062494238,rad_pattern_6p3GHz.png
E,6.3,78.0,-27.83376749499811,rad_pattern_6p3GHz.png
E,6.3,78.5,-27.884483103033308,rad_pattern_6p3GHz.png
E,6.3,79.0,-28.10577319082027,rad_pattern_6p3GHz.png
E,6.3,79.5,-28.28685016478436,rad_pattern_6p3GHz.png
E,6.3,80.0,-28.28685016478436,rad_pattern_6p3GHz.png
E,6.3,80.5,-28.35362697220687,rad_pattern_6p3GHz.png
E,6.3,81.0,-28.410671026016253,rad_pattern_6p3GHz.png
E,6.3,81.5,-28.5910919966966,rad_pattern_6p3GHz.png
E,6.3,82.0,-28.799746030557866,rad_pattern_6p3GHz.png
E,6.3,82.5,-28.950685283498785,rad_pattern_6p3GHz.png
E,6.3,83.0,-29.036704245831984,rad_pattern_6p3GHz.png
E,6.3,83.5,-29.24456524087435,rad_pattern_6p3GHz.png
E,6.3,84.0,-29.538088736095023,rad_pattern_6p3GHz.png
E,6.3,84.5,-29.538088736095023,rad_pattern_6p3GHz.png
E,6.3,85.0,-29.538088736095023,rad_pattern_6p3GHz.png
E,6.3,85.5,-29.598205779761106,rad_pattern_6p3GHz.png
E,6.3,86.0,-29.65794197319108,rad_pattern_6p3GHz.png
E,6.3,86.5,-29.65794197319108,rad_pattern_6p3GHz.png
E,6.3,87.0,-29.427072496895633,rad_pattern_6p3GHz.png
E,6.3,87.5,-29.427072496895633,rad_pattern_6p3GHz.png
E,6.3,88.0,-29.92044117588386,rad_pattern_6p3GHz.png
E,6.3,88.5,-29.92044117588386,rad_pattern_6p3GHz.png
E,6.3,89.0,-29.255718873178335,rad_pattern_6p3GHz.png
E,6.3,89.5,-28.879968815327814,rad_pattern_6p3GHz.png
E,6.3,90.0,-28.865516622270356,rad_pattern_6p3GHz.png
E,6.3,90.5,-28.865516622270356,rad_pattern_6p3GHz.png
E,6.3,91.0,-29.22681555926309,rad_pattern_6p3GHz.png
E,6.3,91.5,-29.486126379115536,rad_pattern_6p3GHz.png
E,6.3,92.0,-29.486126379115536,rad_pattern_6p3GHz.png
E,6.3,92.5,-29.427072496895633,rad_pattern_6p3GHz.png
E,6.3,93.0,-29.427072496895633,rad_pattern_6p3GHz.png
E,6.3,93.5,-29.427072496895633,rad_pattern_6p3GHz.png
E,6.3,94.0,-29.396421022584406,rad_pattern_6p3GHz.png
E,6.3,94.5,-29.365361386071516,rad_pattern_6p3GHz.png
E,6.3,95.0,-29.365361386071516,rad_pattern_6p3GHz.png
E,6.3,95.5,-29.50930960828452,rad_pattern_6p3GHz.png
E,6.3,96.0,-29.50930960828452,rad_pattern_6p3GHz.png
E,6.3,96.5,-29.416795939226976,rad_pattern_6p3GHz.png
E,6.3,97.0,-29.416795939226976,rad_pattern_6p3GHz.png
E,6.3,97.5,-29.416795939226976,rad_pattern_6p3GHz.png
E,6.3,98.0,-29.41295371050089,rad_pattern_6p3GHz.png
E,6.3,98.5,-29.380067953144433,rad_pattern_6p3GHz.png
E,6.3,99.0,-29.380067953144433,rad_pattern_6p3GHz.png
E,6.3,99.5,-29.55114052581881,rad_pattern_6p3GHz.png
E,6.3,100.0,-29.608038627636855,rad_pattern_6p3GHz.png
E,6.3,100.5,-29.608038627636855,rad_pattern_6p3GHz.png
E,6.3,101.0,-29.693251589656835,rad_pattern_6p3GHz.png
E,6.3,101.5,-29.897337589308115,rad_pattern_6p3GHz.png
E,6.3,102.0,-29.897337589308115,rad_pattern_6p3GHz.png
E,6.3,102.5,-30.07302493929329,rad_pattern_6p3GHz.png
E,6.3,103.0,-29.86299804909046,rad_pattern_6p3GHz.png
E,6.3,103.5,-30.15768007687008,rad_pattern_6p3GHz.png
E,6.3,104.0,-29.80015168607582,rad_pattern_6p3GHz.png
E,6.3,104.5,-30.150668006440984,rad_pattern_6p3GHz.png
E,6.3,105.0,-30.087271500879023,rad_pattern_6p3GHz.png
E,6.3,105.5,-30.087271500879023,rad_pattern_6p3GHz.png
E,6.3,106.0,-30.087271500879023,rad_pattern_6p3GHz.png
E,6.3,106.5,-30.087271500879023,rad_pattern_6p3GHz.png
E,6.3,107.0,-30.325509340870042,rad_pattern_6p3GHz.png
E,6.3,107.5,-30.015189217425455,rad_pattern_6p3GHz.png
E,6.3,108.0,-30.088315084995823,rad_pattern_6p3GHz.png
E,6.3,108.5,-30.088315084995823,rad_pattern_6p3GHz.png
E,6.3,109.0,-30.161440952566196,rad_pattern_6p3GHz.png
E,6.3,109.5,-30.161440952566196,rad_pattern_6p3GHz.png
E,6.3,110.0,-30.307239820047567,rad_pattern_6p3GHz.png
E,6.3,110.5,-30.242925675291282,rad_pattern_6p3GHz.png
E,6.3,111.0,-30.242925675291282,rad_pattern_6p3GHz.png
E,6.3,111.5,-30.205407288818005,rad_pattern_6p3GHz.png
E,6.3,112.0,-30.205407288818005,rad_pattern_6p3GHz.png
E,6.3,112.5,-30.205407288818005,rad_pattern_6p3GHz.png
E,6.3,113.0,-30.32319946343385,rad_pattern_6p3GHz.png
E,6.3,113.5,-30.01195825069931,rad_pattern_6p3GHz.png
E,6.3,114.0,-30.32319946343385,rad_pattern_6p3GHz.png
E,6.3,114.5,-30.026576900930905,rad_pattern_6p3GHz.png
E,6.3,115.0,-30.026576900930905,rad_pattern_6p3GHz.png
E,6.3,115.5,-30.026576900930905,rad_pattern_6p3GHz.png
E,6.3,116.0,-30.117259312499648,rad_pattern_6p3GHz.png
E,6.3,116.5,-30.268112639500742,rad_pattern_6p3GHz.png
E,6.3,117.0,-30.268112639500742,rad_pattern_6p3GHz.png
E,6.3,117.5,-30.134421225213586,rad_pattern_6p3GHz.png
E,6.3,118.0,-30.134421225213586,rad_pattern_6p3GHz.png
E,6.3,118.5,-30.00072981092643,rad_pattern_6p3GHz.png
E,6.3,119.0,-30.259176892728043,rad_pattern_6p3GHz.png
E,6.3,119.5,-30.18049291334752,rad_pattern_6p3GHz.png
E,6.3,120.0,-30.18049291334752,rad_pattern_6p3GHz.png
E,6.3,120.5,-30.140946337289655,rad_pattern_6p3GHz.png
E,6.3,121.0,-30.101287372788573,rad_pattern_6p3GHz.png
E,6.3,121.5,-30.101287372788573,rad_pattern_6p3GHz.png
E,6.3,122.0,-30.230060209273447,rad_pattern_6p3GHz.png
E,6.3,122.5,-30.254424679366576,rad_pattern_6p3GHz.png
E,6.3,123.0,-30.254424679366576,rad_pattern_6p3GHz.png
E,6.3,123.5,-30.070034041679374,rad_pattern_6p3GHz.png
E,6.3,124.0,-30.02984512532517,rad_pattern_6p3GHz.png
E,6.3,124.5,-30.02984512532517,rad_pattern_6p3GHz.png
E,6.3,125.0,-29.885417115412796,rad_pattern_6p3GHz.png
E,6.3,125.5,-29.885417115412796,rad_pattern_6p3GHz.png
E,6.3,126.0,-29.804843482532878,rad_pattern_6p3GHz.png
E,6.3,126.5,-29.90901442515619,rad_pattern_6p3GHz.png
E,6.3,127.0,-29.62584542287346,rad_pattern_6p3GHz.png
E,6.3,127.5,-29.62584542287346,rad_pattern_6p3GHz.png
E,6.3,128.0,-29.62584542287346,rad_pattern_6p3GHz.png
E,6.3,128.5,-29.671222126181526,rad_pattern_6p3GHz.png
E,6.3,129.0,-29.671222126181526,rad_pattern_6p3GHz.png
E,6.3,129.5,-29.671222126181526,rad_pattern_6p3GHz.png
E,6.3,130.0,-29.67487464295846,rad_pattern_6p3GHz.png
E,6.3,130.5,-29.837882447835415,rad_pattern_6p3GHz.png
E,6.3,131.0,-29.67487464295846,rad_pattern_6p3GHz.png
E,6.3,131.5,-29.84064548678369,rad_pattern_6p3GHz.png
E,6.3,132.0,-29.636469795047486,rad_pattern_6p3GHz.png
E,6.3,132.5,-29.636469795047486,rad_pattern_6p3GHz.png
E,6.3,133.0,-29.636469795047486,rad_pattern_6p3GHz.png
E,6.3,133.5,-29.760281841108064,rad_pattern_6p3GHz.png
E,6.3,134.0,-29.760281841108064,rad_pattern_6p3GHz.png
E,6.3,134.5,-29.371953621559538,rad_pattern_6p3GHz.png
E,6.3,135.0,-29.371953621559538,rad_pattern_6p3GHz.png
E,6.3,135.5,-29.39239240597635,rad_pattern_6p3GHz.png
E,6.3,136.0,-29.760281677513355,rad_pattern_6p3GHz.png
E,6.3,136.5,-29.94363901604663,rad_pattern_6p3GHz.png
E,6.3,137.0,-29.94363901604663,rad_pattern_6p3GHz.png
E,6.3,137.5,-29.881471308903116,rad_pattern_6p3GHz.png
E,6.3,138.0,-29.881471308903116,rad_pattern_6p3GHz.png
E,6.3,138.5,-29.881471308903116,rad_pattern_6p3GHz.png
E,6.3,139.0,-30.00392570982753,rad_pattern_6p3GHz.png
E,6.3,139.5,-30.02289971646327,rad_pattern_6p3GHz.png
E,6.3,140.0,-30.02289971646327,rad_pattern_6p3GHz.png
E,6.3,140.5,-29.96003695208775,rad_pattern_6p3GHz.png
E,6.3,141.0,-29.96003695208775,rad_pattern_6p3GHz.png
E,6.3,141.5,-29.914897841167775,rad_pattern_6p3GHz.png
E,6.3,142.0,-30.122709089750572,rad_pattern_6p3GHz.png
E,6.3,142.5,-29.914897841167775,rad_pattern_6p3GHz.png
E,6.3,143.0,-30.07689231516965,rad_pattern_6p3GHz.png
E,6.3,143.5,-30.07689231516965,rad_pattern_6p3GHz.png
E,6.3,144.0,-30.15768007687008,rad_pattern_6p3GHz.png
E,6.3,144.5,-30.15768007687008,rad_pattern_6p3GHz.png
E,6.3,145.0,-30.15768007687008,rad_pattern_6p3GHz.png
E,6.3,145.5,-30.226342040990716,rad_pattern_6p3GHz.png
E,6.3,146.0,-30.226342040990716,rad_pattern_6p3GHz.png
E,6.3,146.5,-30.226342040990716,rad_pattern_6p3GHz.png
E,6.3,147.0,-30.294378728930663,rad_pattern_6p3GHz.png
E,6.3,147.5,-30.230054216953206,rad_pattern_6p3GHz.png
E,6.3,148.0,-30.294378728930663,rad_pattern_6p3GHz.png
E,6.3,148.5,-30.37394327666471,rad_pattern_6p3GHz.png
E,6.3,149.0,-30.37394327666471,rad_pattern_6p3GHz.png
E,6.3,149.5,-30.37394327666471,rad_pattern_6p3GHz.png
E,6.3,150.0,-30.349017250683357,rad_pattern_6p3GHz.png
E,6.3,150.5,-30.349017250683357,rad_pattern_6p3GHz.png
E,6.3,151.0,-30.349017250683357,rad_pattern_6p3GHz.png
E,6.3,151.5,-30.492144780023303,rad_pattern_6p3GHz.png
E,6.3,152.0,-30.492144780023303,rad_pattern_6p3GHz.png
E,6.3,152.5,-30.233642223346838,rad_pattern_6p3GHz.png
E,6.3,153.0,-30.078528145405052,rad_pattern_6p3GHz.png
E,6.3,153.5,-30.078528145405052,rad_pattern_6p3GHz.png
E,6.3,154.0,-30.117307443816117,rad_pattern_6p3GHz.png
E,6.3,154.5,-30.311196698457035,rad_pattern_6p3GHz.png
E,6.3,155.0,-30.349610171704136,rad_pattern_6p3GHz.png
E,6.3,155.5,-30.478782241217875,rad_pattern_6p3GHz.png
E,6.3,156.0,-30.349610171704136,rad_pattern_6p3GHz.png
E,6.3,156.5,-30.32320047270834,rad_pattern_6p3GHz.png
E,6.3,157.0,-30.23210482725186,rad_pattern_6p3GHz.png
E,6.3,157.5,-30.23210482725186,rad_pattern_6p3GHz.png
E,6.3,158.0,-30.41205146065873,rad_pattern_6p3GHz.png
E,6.3,158.5,-30.41205146065873,rad_pattern_6p3GHz.png
E,6.3,159.0,-30.24292584917814,rad_pattern_6p3GHz.png
E,6.3,159.5,-30.24292584917814,rad_pattern_6p3GHz.png
E,6.3,160.0,-30.37148874982573,rad_pattern_6p3GHz.png
E,6.3,160.5,-30.37148874982573,rad_pattern_6p3GHz.png
E,6.3,161.0,-30.252847160214177,rad_pattern_6p3GHz.png
E,6.3,161.5,-30.22542537287911,rad_pattern_6p3GHz.png
E,6.3,162.0,-30.22542537287911,rad_pattern_6p3GHz.png
E,6.3,162.5,-30.353211602002926,rad_pattern_6p3GHz.png
E,6.3,163.0,-30.353211602002926,rad_pattern_6p3GHz.png
E,6.3,163.5,-30.353211602002926,rad_pattern_6p3GHz.png
E,6.3,164.0,-30.234155969794127,rad_pattern_6p3GHz.png
E,6.3,164.5,-30.599426603489448,rad_pattern_6p3GHz.png
E,6.3,165.0,-30.241890915068076,rad_pattern_6p3GHz.png
E,6.3,165.5,-30.27343931113994,rad_pattern_6p3GHz.png
E,6.3,166.0,-30.27343931113994,rad_pattern_6p3GHz.png
E,6.3,166.5,-30.3049877072118,rad_pattern_6p3GHz.png
E,6.3,167.0,-30.515165307205415,rad_pattern_6p3GHz.png
E,6.3,167.5,-30.515165307205415,rad_pattern_6p3GHz.png
E,6.3,168.0,-30.486911679762255,rad_pattern_6p3GHz.png
E,6.3,168.5,-30.282830170006434,rad_pattern_6p3GHz.png
E,6.3,169.0,-30.282830170006434,rad_pattern_6p3GHz.png
E,6.3,169.5,-30.373343557748598,rad_pattern_6p3GHz.png
E,6.3,170.0,-30.432744069975552,rad_pattern_6p3GHz.png
E,6.3,170.5,-30.432744069975552,rad_pattern_6p3GHz.png
E,6.3,171.0,-30.46357424326024,rad_pattern_6p3GHz.png
E,6.3,171.5,-30.46357424326024,rad_pattern_6p3GHz.png
E,6.3,172.0,-30.377690079202875,rad_pattern_6p3GHz.png
E,6.3,172.5,-30.377690079202875,rad_pattern_6p3GHz.png
E,6.3,173.0,-30.553375855236837,rad_pattern_6p3GHz.png
E,6.3,173.5,-30.553375855236837,rad_pattern_6p3GHz.png
E,6.3,174.0,-30.49591662037739,rad_pattern_6p3GHz.png
E,6.3,174.5,-26.89472544627189,rad_pattern_6p3GHz.png
E,6.3,175.0,-26.664512257541812,rad_pattern_6p3GHz.png
E,6.3,175.5,-26.410079923921298,rad_pattern_6p3GHz.png
E,6.3,176.0,-25.89106530085811,rad_pattern_6p3GHz.png
E,6.3,176.5,-25.80453795457331,rad_pattern_6p3GHz.png
E,6.3,177.0,-25.49052477472036,rad_pattern_6p3GHz.png
E,6.3,177.5,-25.233284850016393,rad_pattern_6p3GHz.png
E,6.3,178.0,-25.175516226183905,rad_pattern_6p3GHz.png
E,6.3,178.5,-24.599599230351544,rad_pattern_6p3GHz.png
E,6.3,179.0,-23.38587672441881,rad_pattern_6p3GHz.png
E,6.3,179.5,-23.38587672441881,rad_pattern_6p3GHz.png
E,6.3,180.0,-22.636060444145233,rad_pattern_6p3GHz.png
E,6.3,180.5,-22.346421300406625,rad_pattern_6p3GHz.png
E,6.3,181.0,-22.346421300406625,rad_pattern_6p3GHz.png
E,6.3,181.5,-22.34594118730162,rad_pattern_6p3GHz.png
E,6.3,182.0,-25.319919017935735,rad_pattern_6p3GHz.png
E,6.3,182.5,-22.11022924152317,rad_pattern_6p3GHz.png
E,6.3,183.0,-22.017361446113345,rad_pattern_6p3GHz.png
E,6.3,183.5,-22.017361446113345,rad_pattern_6p3GHz.png
E,6.3,184.0,-22.012453254636437,rad_pattern_6p3GHz.png
E,6.3,184.5,-22.03565455458589,rad_pattern_6p3GHz.png
E,6.3,185.0,-22.139446271249337,rad_pattern_6p3GHz.png
E,6.3,185.5,-22.252057368677455,rad_pattern_6p3GHz.png
E,6.3,186.0,-22.361606962043176,rad_pattern_6p3GHz.png
E,6.3,186.5,-22.464180106209593,rad_pattern_6p3GHz.png
E,6.3,187.0,-22.636457790615946,rad_pattern_6p3GHz.png
E,6.3,187.5,-22.851391783268408,rad_pattern_6p3GHz.png
E,6.3,188.0,-22.957901447304433,rad_pattern_6p3GHz.png
E,6.3,188.5,-23.272479609686087,rad_pattern_6p3GHz.png
E,6.3,189.0,-23.415378342073243,rad_pattern_6p3GHz.png
E,6.3,189.5,-23.5679812881912,rad_pattern_6p3GHz.png
E,6.3,190.0,-23.886118628832985,rad_pattern_6p3GHz.png
E,6.3,190.5,-24.165411326183463,rad_pattern_6p3GHz.png
E,6.3,191.0,-24.539882229311363,rad_pattern_6p3GHz.png
E,6.3,191.5,-24.789307194193153,rad_pattern_6p3GHz.png
E,6.3,192.0,-24.987296905884627,rad_pattern_6p3GHz.png
E,6.3,192.5,-25.3385655181169,rad_pattern_6p3GHz.png
E,6.3,193.0,-25.62067616320569,rad_pattern_6p3GHz.png
E,6.3,193.5,-25.958178042876902,rad_pattern_6p3GHz.png
E,6.3,194.0,-26.12643975506473,rad_pattern_6p3GHz.png
E,6.3,194.5,-26.42081251165028,rad_pattern_6p3GHz.png
E,6.3,195.0,-26.77102816519419,rad_pattern_6p3GHz.png
E,6.3,195.5,-26.882671855402535,rad_pattern_6p3GHz.png
E,6.3,196.0,-27.168812907960515,rad_pattern_6p3GHz.png
E,6.3,196.5,-27.398916201389415,rad_pattern_6p3GHz.png
E,6.3,197.0,-27.509589280783498,rad_pattern_6p3GHz.png
E,6.3,197.5,-27.747596193081936,rad_pattern_6p3GHz.png
E,6.3,198.0,-27.912744471024602,rad_pattern_6p3GHz.png
E,6.3,198.5,-28.09556728662813,rad_pattern_6p3GHz.png
E,6.3,199.0,-28.20514335661809,rad_pattern_6p3GHz.png
E,6.3,199.5,-28.259748100216648,rad_pattern_6p3GHz.png
E,6.3,200.0,-28.43277225315694,rad_pattern_6p3GHz.png
E,6.3,200.5,-28.487011260572242,rad_pattern_6p3GHz.png
E,6.3,201.0,-28.594999216299446,rad_pattern_6p3GHz.png
E,6.3,201.5,-28.659377054994234,rad_pattern_6p3GHz.png
E,6.3,202.0,-28.702258537542356,rad_pattern_6p3GHz.png
E,6.3,202.5,-28.755582934832,rad_pattern_6p3GHz.png
E,6.3,203.0,-28.755582934832,rad_pattern_6p3GHz.png
E,6.3,203.5,-28.937774470542475,rad_pattern_6p3GHz.png
E,6.3,204.0,-29.043364414480433,rad_pattern_6p3GHz.png
E,6.3,204.5,-29.043364414480433,rad_pattern_6p3GHz.png
E,6.3,205.0,-29.043364414480433,rad_pattern_6p3GHz.png
E,6.3,205.5,-29.14778442185058,rad_pattern_6p3GHz.png
E,6.3,206.0,-29.14778442185058,rad_pattern_6p3GHz.png
E,6.3,206.5,-29.13485718626143,rad_pattern_6p3GHz.png
E,6.3,207.0,-29.13485718626143,rad_pattern_6p3GHz.png
E,6.3,207.5,-30.16901249818918,rad_pattern_6p3GHz.png
E,6.3,208.0,-30.16901249818918,rad_pattern_6p3GHz.png
E,6.3,208.5,-30.219909411293493,rad_pattern_6p3GHz.png
E,6.3,209.0,-30.219909411293493,rad_pattern_6p3GHz.png
E,6.3,209.5,-30.349017250683357,rad_pattern_6p3GHz.png
E,6.3,210.0,-30.53417794167927,rad_pattern_6p3GHz.png
E,6.3,210.5,-30.53417794167927,rad_pattern_6p3GHz.png
E,6.3,211.0,-30.48628330481109,rad_pattern_6p3GHz.png
E,6.3,211.5,-30.438388667942906,rad_pattern_6p3GHz.png
E,6.3,212.0,-30.398580197477255,rad_pattern_6p3GHz.png
E,6.3,212.5,-30.398580197477255,rad_pattern_6p3GHz.png
E,6.3,213.0,-30.567043449189665,rad_pattern_6p3GHz.png
E,6.3,213.5,-30.71940658638807,rad_pattern_6p3GHz.png
E,6.3,214.0,-30.71940658638807,rad_pattern_6p3GHz.png
E,6.3,214.5,-30.703306471874072,rad_pattern_6p3GHz.png
E,6.3,215.0,-30.687206357360072,rad_pattern_6p3GHz.png
E,6.3,215.5,-30.671106242846072,rad_pattern_6p3GHz.png
E,6.3,216.0,-30.655006128332072,rad_pattern_6p3GHz.png
E,6.3,216.5,-30.49023803778301,rad_pattern_6p3GHz.png
E,6.3,217.0,-30.49023803778301,rad_pattern_6p3GHz.png
E,6.3,217.5,-30.614521493645547,rad_pattern_6p3GHz.png
E,6.3,218.0,-30.73880494950809,rad_pattern_6p3GHz.png
E,6.3,218.5,-30.789567967753126,rad_pattern_6p3GHz.png
E,6.3,219.0,-30.789567967753126,rad_pattern_6p3GHz.png
E,6.3,219.5,-30.716047530135622,rad_pattern_6p3GHz.png
E,6.3,220.0,-30.642527092518115,rad_pattern_6p3GHz.png
E,6.3,220.5,-30.569006654900612,rad_pattern_6p3GHz.png
E,6.3,221.0,-30.49548621728311,rad_pattern_6p3GHz.png
E,6.3,221.5,-30.421965779665605,rad_pattern_6p3GHz.png
E,6.3,222.0,-30.348445342048098,rad_pattern_6p3GHz.png
E,6.3,222.5,-30.274924904430595,rad_pattern_6p3GHz.png
E,6.3,223.0,-30.20140446681309,rad_pattern_6p3GHz.png
E,6.3,223.5,-30.127884029195588,rad_pattern_6p3GHz.png
E,6.3,224.0,-30.05436359157808,rad_pattern_6p3GHz.png
E,6.3,224.5,-29.980843153960578,rad_pattern_6p3GHz.png
E,6.3,225.0,-29.907322716343074,rad_pattern_6p3GHz.png
E,6.3,225.5,-29.83380227872557,rad_pattern_6p3GHz.png
E,6.3,226.0,-29.760281841108064,rad_pattern_6p3GHz.png
E,6.3,226.5,-29.719011159087874,rad_pattern_6p3GHz.png
E,6.3,227.0,-29.67774047706768,rad_pattern_6p3GHz.png
E,6.3,227.5,-29.67774047706768,rad_pattern_6p3GHz.png
E,6.3,228.0,-29.881473289813968,rad_pattern_6p3GHz.png
E,6.3,228.5,-29.881473289813968,rad_pattern_6p3GHz.png
E,6.3,229.0,-29.756394805932125,rad_pattern_6p3GHz.png
E,6.3,229.5,-29.756394805932125,rad_pattern_6p3GHz.png
E,6.3,230.0,-29.756394805932125,rad_pattern_6p3GHz.png
E,6.3,230.5,-29.89697460179952,rad_pattern_6p3GHz.png
E,6.3,231.0,-29.793141884546724,rad_pattern_6p3GHz.png
E,6.3,231.5,-29.793141884546724,rad_pattern_6p3GHz.png
E,6.3,232.0,-29.793141884546724,rad_pattern_6p3GHz.png
E,6.3,232.5,-29.81091075075275,rad_pattern_6p3GHz.png
E,6.3,233.0,-29.81091075075275,rad_pattern_6p3GHz.png
E,6.3,233.5,-30.013160934486155,rad_pattern_6p3GHz.png
E,6.3,234.0,-29.90901442515619,rad_pattern_6p3GHz.png
E,6.3,234.5,-29.90901442515619,rad_pattern_6p3GHz.png
E,6.3,235.0,-29.90901442515619,rad_pattern_6p3GHz.png
E,6.3,235.5,-29.861588791535336,rad_pattern_6p3GHz.png
E,6.3,236.0,-29.861588791535336,rad_pattern_6p3GHz.png
E,6.3,236.5,-29.773310325884836,rad_pattern_6p3GHz.png
E,6.3,237.0,-29.629090043060494,rad_pattern_6p3GHz.png
E,6.3,237.5,-29.476271993161568,rad_pattern_6p3GHz.png
E,6.3,238.0,-29.411925690389523,rad_pattern_6p3GHz.png
E,6.3,238.5,-29.29817800296475,rad_pattern_6p3GHz.png
E,6.3,239.0,-29.29817800296475,rad_pattern_6p3GHz.png
E,6.3,239.5,-29.29817800296475,rad_pattern_6p3GHz.png
E,6.3,240.0,-29.24827543867001,rad_pattern_6p3GHz.png
E,6.3,240.5,-29.197912245347844,rad_pattern_6p3GHz.png
E,6.3,241.0,-29.107954774189135,rad_pattern_6p3GHz.png
E,6.3,241.5,-29.107954774189135,rad_pattern_6p3GHz.png
E,6.3,242.0,-29.107954774189135,rad_pattern_6p3GHz.png
E,6.3,242.5,-29.01789398403213,rad_pattern_6p3GHz.png
E,6.3,243.0,-29.160578737490496,rad_pattern_6p3GHz.png
E,6.3,243.5,-28.863268620428126,rad_pattern_6p3GHz.png
E,6.3,244.0,-29.31569382337794,rad_pattern_6p3GHz.png
E,6.3,244.5,-29.19881569803302,rad_pattern_6p3GHz.png
E,6.3,245.0,-29.30174799349296,rad_pattern_6p3GHz.png
E,6.3,245.5,-29.21082635587663,rad_pattern_6p3GHz.png
E,6.3,246.0,-29.22246238300764,rad_pattern_6p3GHz.png
E,6.3,246.5,-29.21082635587663,rad_pattern_6p3GHz.png
E,6.3,247.0,-29.22246238300764,rad_pattern_6p3GHz.png
E,6.3,247.5,-29.389354241719385,rad_pattern_6p3GHz.png
E,6.3,248.0,-29.464613055499925,rad_pattern_6p3GHz.png
E,6.3,248.5,-29.501998837346566,rad_pattern_6p3GHz.png
E,6.3,249.0,-29.501998837346566,rad_pattern_6p3GHz.png
E,6.3,249.5,-29.53919329413295,rad_pattern_6p3GHz.png
E,6.3,250.0,-29.53919329413295,rad_pattern_6p3GHz.png
E,6.3,250.5,-29.53919329413295,rad_pattern_6p3GHz.png
E,6.3,251.0,-29.48479974229598,rad_pattern_6p3GHz.png
E,6.3,251.5,-29.612988424480214,rad_pattern_6p3GHz.png
E,6.3,252.0,-29.503079230494713,rad_pattern_6p3GHz.png
E,6.3,252.5,-29.503079230494713,rad_pattern_6p3GHz.png
E,6.3,253.0,-29.503079230494713,rad_pattern_6p3GHz.png
E,6.3,253.5,-29.630559942028192,rad_pattern_6p3GHz.png
E,6.3,254.0,-29.66638237108884,rad_pattern_6p3GHz.png
E,6.3,254.5,-29.66638237108884,rad_pattern_6p3GHz.png
E,6.3,255.0,-29.372327562007012,rad_pattern_6p3GHz.png
E,6.3,255.5,-29.372327562007012,rad_pattern_6p3GHz.png
E,6.3,256.0,-29.323428183966506,rad_pattern_6p3GHz.png
E,6.3,256.5,-29.3863475151871,rad_pattern_6p3GHz.png
E,6.3,257.0,-29.3863475151871,rad_pattern_6p3GHz.png
E,6.3,257.5,-29.449126361986067,rad_pattern_6p3GHz.png
E,6.3,258.0,-29.511757461884006,rad_pattern_6p3GHz.png
E,6.3,258.5,-29.511757461884006,rad_pattern_6p3GHz.png
E,6.3,259.0,-29.579607460226224,rad_pattern_6p3GHz.png
E,6.3,259.5,-29.55114052581881,rad_pattern_6p3GHz.png
E,6.3,260.0,-29.579607460226224,rad_pattern_6p3GHz.png
E,6.3,260.5,-29.55114052581881,rad_pattern_6p3GHz.png
E,6.3,261.0,-29.380067953144433,rad_pattern_6p3GHz.png
E,6.3,261.5,-29.29436223341653,rad_pattern_6p3GHz.png
E,6.3,262.0,-29.208551292683097,rad_pattern_6p3GHz.png
E,6.3,262.5,-29.094017922736803,rad_pattern_6p3GHz.png
E,6.3,263.0,-28.950685283498785,rad_pattern_6p3GHz.png
E,6.3,263.5,-28.950685283498785,rad_pattern_6p3GHz.png
E,6.3,264.0,-28.95706916119518,rad_pattern_6p3GHz.png
E,6.3,264.5,-28.95706916119518,rad_pattern_6p3GHz.png
E,6.3,265.0,-28.95706916119518,rad_pattern_6p3GHz.png
E,6.3,265.5,-28.875348218406113,rad_pattern_6p3GHz.png
E,6.3,266.0,-28.875348218406113,rad_pattern_6p3GHz.png
E,6.3,266.5,-28.73111446580137,rad_pattern_6p3GHz.png
E,6.3,267.0,-28.73111446580137,rad_pattern_6p3GHz.png
E,6.3,267.5,-28.618450859013308,rad_pattern_6p3GHz.png
E,6.3,268.0,-28.96507652000541,rad_pattern_6p3GHz.png
E,6.3,268.5,-28.99495495109151,rad_pattern_6p3GHz.png
E,6.3,269.0,-28.99495495109151,rad_pattern_6p3GHz.png
E,6.3,269.5,-28.431944023620634,rad_pattern_6p3GHz.png
E,6.3,270.0,-28.431944023620634,rad_pattern_6p3GHz.png
E,6.3,270.5,-28.446396628773254,rad_pattern_6p3GHz.png
E,6.3,271.0,-29.22681555926309,rad_pattern_6p3GHz.png
E,6.3,271.5,-29.22681555926309,rad_pattern_6p3GHz.png
E,6.3,272.0,-29.109476228854113,rad_pattern_6p3GHz.png
E,6.3,272.5,-29.109476228854113,rad_pattern_6p3GHz.png
E,6.3,273.0,-29.109476228854113,rad_pattern_6p3GHz.png
E,6.3,273.5,-28.93303051353535,rad_pattern_6p3GHz.png
E,6.3,274.0,-28.817659104685834,rad_pattern_6p3GHz.png
E,6.3,274.5,-28.697991303856206,rad_pattern_6p3GHz.png
E,6.3,275.0,-28.611582343896714,rad_pattern_6p3GHz.png
E,6.3,275.5,-28.376048262291025,rad_pattern_6p3GHz.png
E,6.3,276.0,-28.286816492388553,rad_pattern_6p3GHz.png
E,6.3,276.5,-28.140051538110146,rad_pattern_6p3GHz.png
E,6.3,277.0,-27.961088178123298,rad_pattern_6p3GHz.png
E,6.3,277.5,-27.724386092294193,rad_pattern_6p3GHz.png
E,6.3,278.0,-27.71635091334472,rad_pattern_6p3GHz.png
E,6.3,278.5,-27.601945483588587,rad_pattern_6p3GHz.png
E,6.3,279.0,-27.479022785223997,rad_pattern_6p3GHz.png
E,6.3,279.5,-27.355666142712497,rad_pattern_6p3GHz.png
E,6.3,280.0,-27.17497476446392,rad_pattern_6p3GHz.png
E,6.3,280.5,-26.699343339370127,rad_pattern_6p3GHz.png
E,6.3,281.0,-26.308673336102146,rad_pattern_6p3GHz.png
E,6.3,281.5,-26.121636565315267,rad_pattern_6p3GHz.png
E,6.3,282.0,-25.8776311397971,rad_pattern_6p3GHz.png
E,6.3,282.5,-25.752444302577185,rad_pattern_6p3GHz.png
E,6.3,283.0,-25.64227335514038,rad_pattern_6p3GHz.png
E,6.3,283.5,-25.537518733641438,rad_pattern_6p3GHz.png
E,6.3,284.0,-25.516370661027448,rad_pattern_6p3GHz.png
E,6.3,284.5,-25.432118924224085,rad_pattern_6p3GHz.png
E,6.3,285.0,-25.417259619750038,rad_pattern_6p3GHz.png
E,6.3,285.5,-25.4018474253347,rad_pattern_6p3GHz.png
E,6.3,286.0,-25.4018474253347,rad_pattern_6p3GHz.png
E,6.3,286.5,-25.3858868557067,rad_pattern_6p3GHz.png
E,6.3,287.0,-25.297151837060234,rad_pattern_6p3GHz.png
E,6.3,287.5,-25.269532602166375,rad_pattern_6p3GHz.png
E,6.3,288.0,-25.15194366979152,rad_pattern_6p3GHz.png
E,6.3,288.5,-25.042392021903304,rad_pattern_6p3GHz.png
E,6.3,289.0,-24.959709434154863,rad_pattern_6p3GHz.png
E,6.3,289.5,-24.82187929081893,rad_pattern_6p3GHz.png
E,6.3,290.0,-24.58251720149844,rad_pattern_6p3GHz.png
E,6.3,290.5,-24.433794207859073,rad_pattern_6p3GHz.png
E,6.3,291.0,-24.122508568626298,rad_pattern_6p3GHz.png
E,6.3,291.5,-23.924971087790965,rad_pattern_6p3GHz.png
E,6.3,292.0,-23.66732892944799,rad_pattern_6p3GHz.png
E,6.3,292.5,-23.33890895606378,rad_pattern_6p3GHz.png
E,6.3,293.0,-23.058298577108072,rad_pattern_6p3GHz.png
E,6.3,293.5,-22.72413433307472,rad_pattern_6p3GHz.png
E,6.3,294.0,-22.416169143595834,rad_pattern_6p3GHz.png
E,6.3,294.5,-22.09594456526233,rad_pattern_6p3GHz.png
E,6.3,295.0,-21.776798220178346,rad_pattern_6p3GHz.png
E,6.3,295.5,-21.493439508681565,rad_pattern_6p3GHz.png
E,6.3,296.0,-21.106451478575767,rad_pattern_6p3GHz.png
E,6.3,296.5,-20.900030100618064,rad_pattern_6p3GHz.png
E,6.3,297.0,-20.537771543878776,rad_pattern_6p3GHz.png
E,6.3,297.5,-20.148267520877095,rad_pattern_6p3GHz.png
E,6.3,298.0,-19.835674783124166,rad_pattern_6p3GHz.png
E,6.3,298.5,-19.5868479407286,rad_pattern_6p3GHz.png
E,6.3,299.0,-19.337297944907103,rad_pattern_6p3GHz.png
E,6.3,299.5,-19.10121435217501,rad_pattern_6p3GHz.png
E,6.3,300.0,-18.864767259272412,rad_pattern_6p3GHz.png
E,6.3,300.5,-18.61950323366167,rad_pattern_6p3GHz.png
E,6.3,301.0,-18.431331854279886,rad_pattern_6p3GHz.png
E,6.3,301.5,-18.24253234923691,rad_pattern_6p3GHz.png
E,6.3,302.0,-18.05313209580608,rad_pattern_6p3GHz.png
E,6.3,302.5,-17.84985476706013,rad_pattern_6p3GHz.png
E,6.3,303.0,-17.706910685645926,rad_pattern_6p3GHz.png
E,6.3,303.5,-17.554890618082467,rad_pattern_6p3GHz.png
E,6.3,304.0,-17.410381255440438,rad_pattern_6p3GHz.png
E,6.3,304.5,-17.305213299513074,rad_pattern_6p3GHz.png
E,6.3,305.0,-17.158970056607213,rad_pattern_6p3GHz.png
E,6.3,305.5,-17.02532992033868,rad_pattern_6p3GHz.png
E,6.3,306.0,-16.934042299676875,rad_pattern_6p3GHz.png
E,6.3,306.5,-16.848688875220518,rad_pattern_6p3GHz.png
E,6.3,307.0,-16.750573824109306,rad_pattern_6p3GHz.png
E,6.3,307.5,-16.64506228568936,rad_pattern_6p3GHz.png
E,6.3,308.0,-16.568973047011024,rad_pattern_6p3GHz.png
E,6.3,308.5,-16.46632162413792,rad_pattern_6p3GHz.png
E,6.3,309.0,-16.375614955570807,rad_pattern_6p3GHz.png
E,6.3,309.5,-16.280067370341108,rad_pattern_6p3GHz.png
E,6.3,310.0,-16.21733725795293,rad_pattern_6p3GHz.png
E,6.3,310.5,-16.135863916536298,rad_pattern_6p3GHz.png
E,6.3,311.0,-16.069944597937994,rad_pattern_6p3GHz.png
E,6.3,311.5,-16.015550027683815,rad_pattern_6p3GHz.png
E,6.3,312.0,-15.964651315741264,rad_pattern_6p3GHz.png
E,6.3,312.5,-15.886850190105314,rad_pattern_6p3GHz.png
E,6.3,313.0,-15.850957864310192,rad_pattern_6p3GHz.png
E,6.3,313.5,-15.815204927634428,rad_pattern_6p3GHz.png
E,6.3,314.0,-15.778167660079417,rad_pattern_6p3GHz.png
E,6.3,314.5,-15.758767135254967,rad_pattern_6p3GHz.png
E,6.3,315.0,-15.778167660079417,rad_pattern_6p3GHz.png
E,6.3,315.5,-15.776909113026358,rad_pattern_6p3GHz.png
E,6.3,316.0,-15.778605445654362,rad_pattern_6p3GHz.png
E,6.3,316.5,-15.834977309440246,rad_pattern_6p3GHz.png
E,6.3,317.0,-15.891811287396038,rad_pattern_6p3GHz.png
E,6.3,317.5,-15.949049387696352,rad_pattern_6p3GHz.png
E,6.3,318.0,-16.046364392202626,rad_pattern_6p3GHz.png
E,6.3,318.5,-16.181277714791786,rad_pattern_6p3GHz.png
E,6.3,319.0,-16.33636905331384,rad_pattern_6p3GHz.png
E,6.3,319.5,-16.509248874059825,rad_pattern_6p3GHz.png
E,6.3,320.0,-16.661722991049775,rad_pattern_6p3GHz.png
E,6.3,320.5,-16.920676556959627,rad_pattern_6p3GHz.png
E,6.3,321.0,-17.15663586753252,rad_pattern_6p3GHz.png
E,6.3,321.5,-17.42780318902673,rad_pattern_6p3GHz.png
E,6.3,322.0,-17.725086814724445,rad_pattern_6p3GHz.png
E,6.3,322.5,-18.07971725314746,rad_pattern_6p3GHz.png
E,6.3,323.0,-18.398392390689448,rad_pattern_6p3GHz.png
E,6.3,323.5,-18.710465602428403,rad_pattern_6p3GHz.png
E,6.3,324.0,-19.067967535904437,rad_pattern_6p3GHz.png
E,6.3,324.5,-19.337228553449908,rad_pattern_6p3GHz.png
E,6.3,325.0,-19.538821542283042,rad_pattern_6p3GHz.png
E,6.3,325.5,-19.73486042535335,rad_pattern_6p3GHz.png
E,6.3,326.0,-19.783713557478446,rad_pattern_6p3GHz.png
E,6.3,326.5,-19.783713557478446,rad_pattern_6p3GHz.png
E,6.3,327.0,-19.60581108897183,rad_pattern_6p3GHz.png
E,6.3,327.5,-19.26885592233693,rad_pattern_6p3GHz.png
E,6.3,328.0,-18.929488319638438,rad_pattern_6p3GHz.png
E,6.3,328.5,-18.490547836779225,rad_pattern_6p3GHz.png
E,6.3,329.0,-18.00499450504447,rad_pattern_6p3GHz.png
E,6.3,329.5,-17.46901962696571,rad_pattern_6p3GHz.png
E,6.3,330.0,-16.853101868560945,rad_pattern_6p3GHz.png
E,6.3,330.5,-16.254178986912518,rad_pattern_6p3GHz.png
E,6.3,331.0,-15.597449194699069,rad_pattern_6p3GHz.png
E,6.3,331.5,-14.984210538277608,rad_pattern_6p3GHz.png
E,6.3,332.0,-14.338137479199176,rad_pattern_6p3GHz.png
E,6.3,332.5,-13.723171262131046,rad_pattern_6p3GHz.png
E,6.3,333.0,-13.12920461264256,rad_pattern_6p3GHz.png
E,6.3,333.5,-12.47122308397159,rad_pattern_6p3GHz.png
E,6.3,334.0,-11.914376846020936,rad_pattern_6p3GHz.png
E,6.3,334.5,-11.317264237463249,rad_pattern_6p3GHz.png
E,6.3,335.0,-10.769649964442635,rad_pattern_6p3GHz.png
E,6.3,335.5,-10.258578215585722,rad_pattern_6p3GHz.png
E,6.3,336.0,-9.736662041102438,rad_pattern_6p3GHz.png
E,6.3,336.5,-9.233964715406692,rad_pattern_6p3GHz.png
E,6.3,337.0,-8.767220425799067,rad_pattern_6p3GHz.png
E,6.3,337.5,-8.313841141836864,rad_pattern_6p3GHz.png
E,6.3,338.0,-7.863921682791808,rad_pattern_6p3GHz.png
E,6.3,338.5,-7.396481687695559,rad_pattern_6p3GHz.png
E,6.3,339.0,-7.019130386047717,rad_pattern_6p3GHz.png
E,6.3,339.5,-6.607100971845956,rad_pattern_6p3GHz.png
E,6.3,340.0,-6.205332894650116,rad_pattern_6p3GHz.png
E,6.3,340.5,-5.85118321855952,rad_pattern_6p3GHz.png
E,6.3,341.0,-5.498211512955411,rad_pattern_6p3GHz.png
E,6.3,341.5,-5.160283106440172,rad_pattern_6p3GHz.png
E,6.3,342.0,-4.840285210028526,rad_pattern_6p3GHz.png
E,6.3,342.5,-4.508685290345419,rad_pattern_6p3GHz.png
E,6.3,343.0,-4.201340005269081,rad_pattern_6p3GHz.png
E,6.3,343.5,-3.927434765276246,rad_pattern_6p3GHz.png
E,6.3,344.0,-3.6465085118548366,rad_pattern_6p3GHz.png
E,6.3,344.5,-3.387428767015848,rad_pattern_6p3GHz.png
E,6.3,345.0,-3.1265627910185394,rad_pattern_6p3GHz.png
E,6.3,345.5,-2.8766529847829894,rad_pattern_6p3GHz.png
E,6.3,346.0,-2.6537677303242724,rad_pattern_6p3GHz.png
E,6.3,346.5,-2.44219811740561,rad_pattern_6p3GHz.png
E,6.3,347.0,-2.2161212655125304,rad_pattern_6p3GHz.png
E,6.3,347.5,-2.0235699249889336,rad_pattern_6p3GHz.png
E,6.3,348.0,-1.8218213979730713,rad_pattern_6p3GHz.png
E,6.3,348.5,-1.6537888451638096,rad_pattern_6p3GHz.png
E,6.3,349.0,-1.4837152603397463,rad_pattern_6p3GHz.png
E,6.3,349.5,-1.3275171562725525,rad_pattern_6p3GHz.png
E,6.3,350.0,-1.1641936884086697,rad_pattern_6p3GHz.png
E,6.3,350.5,-1.0419138065959324,rad_pattern_6p3GHz.png
E,6.3,351.0,-0.8971752421099524,rad_pattern_6p3GHz.png
E,6.3,351.5,-0.7668958081775266,rad_pattern_6p3GHz.png
E,6.3,352.0,-0.6493479263317568,rad_pattern_6p3GHz.png
E,6.3,352.5,-0.5666656023783894,rad_pattern_6p3GHz.png
E,6.3,353.0,-0.44942300293234183,rad_pattern_6p3GHz.png
E,6.3,353.5,-0.3611793215228971,rad_pattern_6p3GHz.png
E,6.3,354.0,-0.31008361586880895,rad_pattern_6p3GHz.png
E,6.3,354.5,-0.22522077221852754,rad_pattern_6p3GHz.png
E,6.3,355.0,-0.15495038484685608,rad_pattern_6p3GHz.png
E,6.3,355.5,-0.11127105912558477,rad_pattern_6p3GHz.png
E,6.3,356.0,-0.07067434423774799,rad_pattern_6p3GHz.png
E,6.3,356.5,-0.03864481866743219,rad_pattern_6p3GHz.png
E,6.3,357.0,0.0,rad_pattern_6p3GHz.png
E,6.3,357.5,0.0,rad_pattern_6p3GHz.png
E,6.3,358.0,-0.007267467813633743,rad_pattern_6p3GHz.png
E,6.3,358.5,-0.007267467813633743,rad_pattern_6p3GHz.png
E,6.3,359.0,-0.01806415574859699,rad_pattern_6p3GHz.png
E,6.3,359.5,-0.02937641516822964,rad_pattern_6p3GHz.png
E,7.3,0.0,-0.08135024874622943,rad_pattern_7p3GHz.png
E,7.3,0.5,-0.13743318523305348,rad_pattern_7p3GHz.png
E,7.3,1.0,-0.19177611079027557,rad_pattern_7p3GHz.png
E,7.3,1.5,-0.2451024309353329,rad_pattern_7p3GHz.png
E,7.3,2.0,-0.3499092992859332,rad_pattern_7p3GHz.png
E,7.3,2.5,-0.42824056691344126,rad_pattern_7p3GHz.png
E,7.3,3.0,-0.5573145572737417,rad_pattern_7p3GHz.png
E,7.3,3.5,-0.6628684893307799,rad_pattern_7p3GHz.png
E,7.3,4.0,-0.806768839849795,rad_pattern_7p3GHz.png
E,7.3,4.5,-0.9638569852648367,rad_pattern_7p3GHz.png
E,7.3,5.0,-1.1168267984720792,rad_pattern_7p3GHz.png
E,7.3,5.5,-1.2706105465220219,rad_pattern_7p3GHz.png
E,7.3,6.0,-1.4741586522518801,rad_pattern_7p3GHz.png
E,7.3,6.5,-1.6682480934496233,rad_pattern_7p3GHz.png
E,7.3,7.0,-1.8583617457642028,rad_pattern_7p3GHz.png
E,7.3,7.5,-2.0913681017879284,rad_pattern_7p3GHz.png
E,7.3,8.0,-2.3345333141479294,rad_pattern_7p3GHz.png
E,7.3,8.5,-2.582183006260017,rad_pattern_7p3GHz.png
E,7.3,9.0,-2.84062846202918,rad_pattern_7p3GHz.png
E,7.3,9.5,-3.107027922284992,rad_pattern_7p3GHz.png
E,7.3,10.0,-3.3991390795740344,rad_pattern_7p3GHz.png
E,7.3,10.5,-3.701277960679441,rad_pattern_7p3GHz.png
E,7.3,11.0,-4.027384964137543,rad_pattern_7p3GHz.png
E,7.3,11.5,-4.3333133315134305,rad_pattern_7p3GHz.png
E,7.3,12.0,-4.673002284906218,rad_pattern_7p3GHz.png
E,7.3,12.5,-5.020207524811774,rad_pattern_7p3GHz.png
E,7.3,13.0,-5.389693722157251,rad_pattern_7p3GHz.png
E,7.3,13.5,-5.757572892911817,rad_pattern_7p3GHz.png
E,7.3,14.0,-6.1307847777192706,rad_pattern_7p3GHz.png
E,7.3,14.5,-6.508004003803887,rad_pattern_7p3GHz.png
E,7.3,15.0,-6.906723647614324,rad_pattern_7p3GHz.png
E,7.3,15.5,-7.287294842605579,rad_pattern_7p3GHz.png
E,7.3,16.0,-7.689338633405072,rad_pattern_7p3GHz.png
E,7.3,16.5,-8.054068940274874,rad_pattern_7p3GHz.png
E,7.3,17.0,-8.463991140279202,rad_pattern_7p3GHz.png
E,7.3,17.5,-8.833505657508582,rad_pattern_7p3GHz.png
E,7.3,18.0,-9.174816565768683,rad_pattern_7p3GHz.png
E,7.3,18.5,-9.522470327457125,rad_pattern_7p3GHz.png
E,7.3,19.0,-9.84107786708184,rad_pattern_7p3GHz.png
E,7.3,19.5,-10.158908515121535,rad_pattern_7p3GHz.png
E,7.3,20.0,-10.4017339907396,rad_pattern_7p3GHz.png
E,7.3,20.5,-10.666514924952494,rad_pattern_7p3GHz.png
E,7.3,21.0,-10.855477055142273,rad_pattern_7p3GHz.png
E,7.3,21.5,-11.03477528664926,rad_pattern_7p3GHz.png
E,7.3,22.0,-11.174180622615452,rad_pattern_7p3GHz.png
E,7.3,22.5,-11.26853691208047,rad_pattern_7p3GHz.png
E,7.3,23.0,-11.363900919467376,rad_pattern_7p3GHz.png
E,7.3,23.5,-11.436266124034326,rad_pattern_7p3GHz.png
E,7.3,24.0,-11.475689764329491,rad_pattern_7p3GHz.png
E,7.3,24.5,-11.47850856120563,rad_pattern_7p3GHz.png
E,7.3,25.0,-11.47850856120563,rad_pattern_7p3GHz.png
E,7.3,25.5,-11.477871792451285,rad_pattern_7p3GHz.png
E,7.3,26.0,-11.441978459499747,rad_pattern_7p3GHz.png
E,7.3,26.5,-11.416669266377692,rad_pattern_7p3GHz.png
E,7.3,27.0,-11.39045712959923,rad_pattern_7p3GHz.png
E,7.3,27.5,-11.36258131348399,rad_pattern_7p3GHz.png
E,7.3,28.0,-11.334660074620544,rad_pattern_7p3GHz.png
E,7.3,28.5,-11.32736804031256,rad_pattern_7p3GHz.png
E,7.3,29.0,-11.299665943697281,rad_pattern_7p3GHz.png
E,7.3,29.5,-11.299665943697281,rad_pattern_7p3GHz.png
E,7.3,30.0,-11.302629141929032,rad_pattern_7p3GHz.png
E,7.3,30.5,-11.31474054781473,rad_pattern_7p3GHz.png
E,7.3,31.0,-11.324655413679995,rad_pattern_7p3GHz.png
E,7.3,31.5,-11.36283607008922,rad_pattern_7p3GHz.png
E,7.3,32.0,-11.381444147264936,rad_pattern_7p3GHz.png
E,7.3,32.5,-11.45754866049008,rad_pattern_7p3GHz.png
E,7.3,33.0,-11.492568800853217,rad_pattern_7p3GHz.png
E,7.3,33.5,-11.574556255563518,rad_pattern_7p3GHz.png
E,7.3,34.0,-11.662450687170118,rad_pattern_7p3GHz.png
E,7.3,34.5,-11.765569260792795,rad_pattern_7p3GHz.png
E,7.3,35.0,-11.882581421005337,rad_pattern_7p3GHz.png
E,7.3,35.5,-12.014409324268314,rad_pattern_7p3GHz.png
E,7.3,36.0,-12.138530548748808,rad_pattern_7p3GHz.png
E,7.3,36.5,-12.291218150493318,rad_pattern_7p3GHz.png
E,7.3,37.0,-12.471014504288195,rad_pattern_7p3GHz.png
E,7.3,37.5,-12.666889746342228,rad_pattern_7p3GHz.png
E,7.3,38.0,-12.855086746163302,rad_pattern_7p3GHz.png
E,7.3,38.5,-13.077504545033566,rad_pattern_7p3GHz.png
E,7.3,39.0,-13.294375544192928,rad_pattern_7p3GHz.png
E,7.3,39.5,-13.51898415924413,rad_pattern_7p3GHz.png
E,7.3,40.0,-13.785981234431706,rad_pattern_7p3GHz.png
E,7.3,40.5,-14.050091759275528,rad_pattern_7p3GHz.png
E,7.3,41.0,-14.344177057812853,rad_pattern_7p3GHz.png
E,7.3,41.5,-14.642414813674318,rad_pattern_7p3GHz.png
E,7.3,42.0,-14.992723822111255,rad_pattern_7p3GHz.png
E,7.3,42.5,-15.346887832458897,rad_pattern_7p3GHz.png
E,7.3,43.0,-15.63942111703535,rad_pattern_7p3GHz.png
E,7.3,43.5,-16.009938085664594,rad_pattern_7p3GHz.png
E,7.3,44.0,-16.424368641021925,rad_pattern_7p3GHz.png
E,7.3,44.5,-16.79324646753103,rad_pattern_7p3GHz.png
E,7.3,45.0,-17.20269380558327,rad_pattern_7p3GHz.png
E,7.3,45.5,-17.549617201104123,rad_pattern_7p3GHz.png
E,7.3,46.0,-18.059310791094006,rad_pattern_7p3GHz.png
E,7.3,46.5,-18.504991879734845,rad_pattern_7p3GHz.png
E,7.3,47.0,-18.891031794937096,rad_pattern_7p3GHz.png
E,7.3,47.5,-19.319189770001888,rad_pattern_7p3GHz.png
E,7.3,48.0,-19.801312954591086,rad_pattern_7p3GHz.png
E,7.3,48.5,-20.228610642403343,rad_pattern_7p3GHz.png
E,7.3,49.0,-20.674776368376886,rad_pattern_7p3GHz.png
E,7.3,49.5,-21.117345975164323,rad_pattern_7p3GHz.png
E,7.3,50.0,-21.540021281449665,rad_pattern_7p3GHz.png
E,7.3,50.5,-21.965577396347808,rad_pattern_7p3GHz.png
E,7.3,51.0,-22.4089772105126,rad_pattern_7p3GHz.png
E,7.3,51.5,-22.770261749268062,rad_pattern_7p3GHz.png
E,7.3,52.0,-23.216876617717443,rad_pattern_7p3GHz.png
E,7.3,52.5,-23.495681392316147,rad_pattern_7p3GHz.png
E,7.3,53.0,-23.923872977799615,rad_pattern_7p3GHz.png
E,7.3,53.5,-24.097325735262753,rad_pattern_7p3GHz.png
E,7.3,54.0,-24.42063295724218,rad_pattern_7p3GHz.png
E,7.3,54.5,-24.59233176253791,rad_pattern_7p3GHz.png
E,7.3,55.0,-24.729770086168326,rad_pattern_7p3GHz.png
E,7.3,55.5,-24.971121253087112,rad_pattern_7p3GHz.png
E,7.3,56.0,-25.107943552760464,rad_pattern_7p3GHz.png
E,7.3,56.5,-25.18020753213382,rad_pattern_7p3GHz.png
E,7.3,57.0,-25.276148429072904,rad_pattern_7p3GHz.png
E,7.3,57.5,-25.289500903949712,rad_pattern_7p3GHz.png
E,7.3,58.0,-25.289500903949712,rad_pattern_7p3GHz.png
E,7.3,58.5,-25.28003234332838,rad_pattern_7p3GHz.png
E,7.3,59.0,-25.270355633555848,rad_pattern_7p3GHz.png
E,7.3,59.5,-25.235500461179598,rad_pattern_7p3GHz.png
E,7.3,60.0,-25.200118904901547,rad_pattern_7p3GHz.png
E,7.3,60.5,-25.16425583533773,rad_pattern_7p3GHz.png
E,7.3,61.0,-25.13023848986038,rad_pattern_7p3GHz.png
E,7.3,61.5,-25.102593965869712,rad_pattern_7p3GHz.png
E,7.3,62.0,-25.10625368857475,rad_pattern_7p3GHz.png
E,7.3,62.5,-25.10625368857475,rad_pattern_7p3GHz.png
E,7.3,63.0,-25.171650993959577,rad_pattern_7p3GHz.png
E,7.3,63.5,-25.19761918304994,rad_pattern_7p3GHz.png
E,7.3,64.0,-25.223128718253374,rad_pattern_7p3GHz.png
E,7.3,64.5,-25.274227024239824,rad_pattern_7p3GHz.png
E,7.3,65.0,-25.28486116694355,rad_pattern_7p3GHz.png
E,7.3,65.5,-25.28486116694355,rad_pattern_7p3GHz.png
E,7.3,66.0,-25.28486116694355,rad_pattern_7p3GHz.png
E,7.3,66.5,-25.301727404754416,rad_pattern_7p3GHz.png
E,7.3,67.0,-25.301727404754416,rad_pattern_7p3GHz.png
E,7.3,67.5,-25.221707921346233,rad_pattern_7p3GHz.png
E,7.3,68.0,-25.17908265924626,rad_pattern_7p3GHz.png
E,7.3,68.5,-25.109272293381213,rad_pattern_7p3GHz.png
E,7.3,69.0,-24.947501831046978,rad_pattern_7p3GHz.png
E,7.3,69.5,-24.866387314561354,rad_pattern_7p3GHz.png
E,7.3,70.0,-24.79504927049551,rad_pattern_7p3GHz.png
E,7.3,70.5,-24.594923897706018,rad_pattern_7p3GHz.png
E,7.3,71.0,-24.404007986719574,rad_pattern_7p3GHz.png
E,7.3,71.5,-24.239845516752215,rad_pattern_7p3GHz.png
E,7.3,72.0,-24.148070887289293,rad_pattern_7p3GHz.png
E,7.3,72.5,-23.982757630604993,rad_pattern_7p3GHz.png
E,7.3,73.0,-23.872335382840543,rad_pattern_7p3GHz.png
E,7.3,73.5,-23.7145822900397,rad_pattern_7p3GHz.png
E,7.3,74.0,-23.58398566589166,rad_pattern_7p3GHz.png
E,7.3,74.5,-23.488230196449045,rad_pattern_7p3GHz.png
E,7.3,75.0,-23.404549987056438,rad_pattern_7p3GHz.png
E,7.3,75.5,-23.349872649011647,rad_pattern_7p3GHz.png
E,7.3,76.0,-23.349872649011647,rad_pattern_7p3GHz.png
E,7.3,76.5,-23.370546412918305,rad_pattern_7p3GHz.png
E,7.3,77.0,-23.50307023346127,rad_pattern_7p3GHz.png
E,7.3,77.5,-23.55036424875289,rad_pattern_7p3GHz.png
E,7.3,78.0,-23.710109512027582,rad_pattern_7p3GHz.png
E,7.3,78.5,-23.846799697453463,rad_pattern_7p3GHz.png
E,7.3,79.0,-24.03916414958384,rad_pattern_7p3GHz.png
E,7.3,79.5,-24.220282959822455,rad_pattern_7p3GHz.png
E,7.3,80.0,-24.411384177098807,rad_pattern_7p3GHz.png
E,7.3,80.5,-24.64907863514823,rad_pattern_7p3GHz.png
E,7.3,81.0,-24.867400773059188,rad_pattern_7p3GHz.png
E,7.3,81.5,-25.019034177875827,rad_pattern_7p3GHz.png
E,7.3,82.0,-25.199063888411967,rad_pattern_7p3GHz.png
E,7.3,82.5,-25.357921767797553,rad_pattern_7p3GHz.png
E,7.3,83.0,-25.508499003214116,rad_pattern_7p3GHz.png
E,7.3,83.5,-25.543878874923454,rad_pattern_7p3GHz.png
E,7.3,84.0,-25.610268131481487,rad_pattern_7p3GHz.png
E,7.3,84.5,-25.610268131481487,rad_pattern_7p3GHz.png
E,7.3,85.0,-25.469067242193535,rad_pattern_7p3GHz.png
E,7.3,85.5,-25.387406470852284,rad_pattern_7p3GHz.png
E,7.3,86.0,-25.276169773122593,rad_pattern_7p3GHz.png
E,7.3,86.5,-25.16078307490294,rad_pattern_7p3GHz.png
E,7.3,87.0,-24.990999810702743,rad_pattern_7p3GHz.png
E,7.3,87.5,-24.849358946889524,rad_pattern_7p3GHz.png
E,7.3,88.0,-24.64927466933515,rad_pattern_7p3GHz.png
E,7.3,88.5,-24.504810802649175,rad_pattern_7p3GHz.png
E,7.3,89.0,-24.39175040031081,rad_pattern_7p3GHz.png
E,7.3,89.5,-24.3912477514038,rad_pattern_7p3GHz.png
E,7.3,90.0,-24.276626357468157,rad_pattern_7p3GHz.png
E,7.3,90.5,-24.276132244031608,rad_pattern_7p3GHz.png
E,7.3,91.0,-24.276132244031608,rad_pattern_7p3GHz.png
E,7.3,91.5,-24.361091085142544,rad_pattern_7p3GHz.png
E,7.3,92.0,-24.474894976898383,rad_pattern_7p3GHz.png
E,7.3,92.5,-24.733831373384334,rad_pattern_7p3GHz.png
E,7.3,93.0,-24.817791141176485,rad_pattern_7p3GHz.png
E,7.3,93.5,-25.247324303419436,rad_pattern_7p3GHz.png
E,7.3,94.0,-25.53575319939014,rad_pattern_7p3GHz.png
E,7.3,94.5,-25.762011752627682,rad_pattern_7p3GHz.png
E,7.3,95.0,-25.9348475316953,rad_pattern_7p3GHz.png
E,7.3,95.5,-26.102223500978933,rad_pattern_7p3GHz.png
E,7.3,96.0,-26.47599473944528,rad_pattern_7p3GHz.png
E,7.3,96.5,-26.504733702801605,rad_pattern_7p3GHz.png
E,7.3,97.0,-26.6128645370442,rad_pattern_7p3GHz.png
E,7.3,97.5,-26.81357449075207,rad_pattern_7p3GHz.png
E,7.3,98.0,-27.014123916215915,rad_pattern_7p3GHz.png
E,7.3,98.5,-27.062978342731174,rad_pattern_7p3GHz.png
E,7.3,99.0,-27.062978342731174,rad_pattern_7p3GHz.png
E,7.3,99.5,-26.939692076107868,rad_pattern_7p3GHz.png
E,7.3,100.0,-26.844522795524608,rad_pattern_7p3GHz.png
E,7.3,100.5,-26.663632157935123,rad_pattern_7p3GHz.png
E,7.3,101.0,-26.505529651881233,rad_pattern_7p3GHz.png
E,7.3,101.5,-26.409158240487127,rad_pattern_7p3GHz.png
E,7.3,102.0,-26.312501501367,rad_pattern_7p3GHz.png
E,7.3,102.5,-26.124608239323454,rad_pattern_7p3GHz.png
E,7.3,103.0,-25.970892055670085,rad_pattern_7p3GHz.png
E,7.3,103.5,-25.77555875201048,rad_pattern_7p3GHz.png
E,7.3,104.0,-25.56527905471842,rad_pattern_7p3GHz.png
E,7.3,104.5,-25.39686963603755,rad_pattern_7p3GHz.png
E,7.3,105.0,-25.39686963603755,rad_pattern_7p3GHz.png
E,7.3,105.5,-25.49363626707741,rad_pattern_7p3GHz.png
E,7.3,106.0,-25.71622025690679,rad_pattern_7p3GHz.png
E,7.3,106.5,-25.94627857547405,rad_pattern_7p3GHz.png
E,7.3,107.0,-26.2313953794726,rad_pattern_7p3GHz.png
E,7.3,107.5,-26.55213928231545,rad_pattern_7p3GHz.png
E,7.3,108.0,-27.110196861707635,rad_pattern_7p3GHz.png
E,7.3,108.5,-27.30202571857896,rad_pattern_7p3GHz.png
E,7.3,109.0,-27.311124542645477,rad_pattern_7p3GHz.png
E,7.3,109.5,-27.538876554232814,rad_pattern_7p3GHz.png
E,7.3,110.0,-27.59322349780754,rad_pattern_7p3GHz.png
E,7.3,110.5,-27.70156802473218,rad_pattern_7p3GHz.png
E,7.3,111.0,-28.06686903314178,rad_pattern_7p3GHz.png
E,7.3,111.5,-28.110025349935096,rad_pattern_7p3GHz.png
E,7.3,112.0,-28.18511320648314,rad_pattern_7p3GHz.png
E,7.3,112.5,-28.52816808973286,rad_pattern_7p3GHz.png
E,7.3,113.0,-28.63051034236927,rad_pattern_7p3GHz.png
E,7.3,113.5,-28.774898049704966,rad_pattern_7p3GHz.png
E,7.3,114.0,-28.892444013145774,rad_pattern_7p3GHz.png
E,7.3,114.5,-28.892444013145774,rad_pattern_7p3GHz.png
E,7.3,115.0,-28.803846074515246,rad_pattern_7p3GHz.png
E,7.3,115.5,-28.545356328922377,rad_pattern_7p3GHz.png
E,7.3,116.0,-28.545356328922377,rad_pattern_7p3GHz.png
E,7.3,116.5,-28.209656898262885,rad_pattern_7p3GHz.png
E,7.3,117.0,-28.10589872474822,rad_pattern_7p3GHz.png
E,7.3,117.5,-28.10589872474822,rad_pattern_7p3GHz.png
E,7.3,118.0,-28.10589872474822,rad_pattern_7p3GHz.png
E,7.3,118.5,-28.129338075174882,rad_pattern_7p3GHz.png
E,7.3,119.0,-28.129338075174882,rad_pattern_7p3GHz.png
E,7.3,119.5,-28.17971118707536,rad_pattern_7p3GHz.png
E,7.3,120.0,-28.190225875932942,rad_pattern_7p3GHz.png
E,7.3,120.5,-28.190225875932942,rad_pattern_7p3GHz.png
E,7.3,121.0,-28.135798053301453,rad_pattern_7p3GHz.png
E,7.3,121.5,-28.135798053301453,rad_pattern_7p3GHz.png
E,7.3,122.0,-28.169798689918668,rad_pattern_7p3GHz.png
E,7.3,122.5,-28.169798689918668,rad_pattern_7p3GHz.png
E,7.3,123.0,-28.2027193014813,rad_pattern_7p3GHz.png
E,7.3,123.5,-28.282752362362665,rad_pattern_7p3GHz.png
E,7.3,124.0,-28.459266507812234,rad_pattern_7p3GHz.png
E,7.3,124.5,-28.675131350398264,rad_pattern_7p3GHz.png
E,7.3,125.0,-28.675131350398264,rad_pattern_7p3GHz.png
E,7.3,125.5,-28.675131350398264,rad_pattern_7p3GHz.png
E,7.3,126.0,-28.82637126344689,rad_pattern_7p3GHz.png
E,7.3,126.5,-28.849694257531063,rad_pattern_7p3GHz.png
E,7.3,127.0,-29.16196364360745,rad_pattern_7p3GHz.png
E,7.3,127.5,-29.207886521296317,rad_pattern_7p3GHz.png
E,7.3,128.0,-29.207886521296317,rad_pattern_7p3GHz.png
E,7.3,128.5,-29.207886521296317,rad_pattern_7p3GHz.png
E,7.3,129.0,-29.334425762557206,rad_pattern_7p3GHz.png
E,7.3,129.5,-29.356851140754106,rad_pattern_7p3GHz.png
E,7.3,130.0,-29.41980101107172,rad_pattern_7p3GHz.png
E,7.3,130.5,-29.482607701939703,rad_pattern_7p3GHz.png
E,7.3,131.0,-29.482607701939703,rad_pattern_7p3GHz.png
E,7.3,131.5,-29.137220818989697,rad_pattern_7p3GHz.png
E,7.3,132.0,-29.03400390419478,rad_pattern_7p3GHz.png
E,7.3,132.5,-29.09811843377077,rad_pattern_7p3GHz.png
E,7.3,133.0,-28.892250930031544,rad_pattern_7p3GHz.png
E,7.3,133.5,-29.09811843377077,rad_pattern_7p3GHz.png
E,7.3,134.0,-28.771949903762486,rad_pattern_7p3GHz.png
E,7.3,134.5,-28.771949903762486,rad_pattern_7p3GHz.png
E,7.3,135.0,-28.77194988881368,rad_pattern_7p3GHz.png
E,7.3,135.5,-28.77194988881368,rad_pattern_7p3GHz.png
E,7.3,136.0,-28.771949873864873,rad_pattern_7p3GHz.png
E,7.3,136.5,-29.138978208240285,rad_pattern_7p3GHz.png
E,7.3,137.0,-28.85141577729585,rad_pattern_7p3GHz.png
E,7.3,137.5,-28.933084318592215,rad_pattern_7p3GHz.png
E,7.3,138.0,-28.85141577729585,rad_pattern_7p3GHz.png
E,7.3,138.5,-28.930707997717658,rad_pattern_7p3GHz.png
E,7.3,139.0,-28.84912793342658,rad_pattern_7p3GHz.png
E,7.3,139.5,-28.84607740267973,rad_pattern_7p3GHz.png
E,7.3,140.0,-28.84607740267973,rad_pattern_7p3GHz.png
E,7.3,140.5,-28.92359225256369,rad_pattern_7p3GHz.png
E,7.3,141.0,-29.049690172324976,rad_pattern_7p3GHz.png
E,7.3,141.5,-29.16730791266197,rad_pattern_7p3GHz.png
E,7.3,142.0,-29.230587623550612,rad_pattern_7p3GHz.png
E,7.3,142.5,-29.26601920547989,rad_pattern_7p3GHz.png
E,7.3,143.0,-29.283287279979884,rad_pattern_7p3GHz.png
E,7.3,143.5,-29.283287279979884,rad_pattern_7p3GHz.png
E,7.3,144.0,-29.46820157339802,rad_pattern_7p3GHz.png
E,7.3,144.5,-29.52529786104056,rad_pattern_7p3GHz.png
E,7.3,145.0,-29.52529786104056,rad_pattern_7p3GHz.png
E,7.3,145.5,-29.501501244293358,rad_pattern_7p3GHz.png
E,7.3,146.0,-29.501501244293358,rad_pattern_7p3GHz.png
E,7.3,146.5,-29.66183832349804,rad_pattern_7p3GHz.png
E,7.3,147.0,-29.66183832349804,rad_pattern_7p3GHz.png
E,7.3,147.5,-29.66183832349804,rad_pattern_7p3GHz.png
E,7.3,148.0,-29.84590067797959,rad_pattern_7p3GHz.png
E,7.3,148.5,-29.84590067797959,rad_pattern_7p3GHz.png
E,7.3,149.0,-29.79657288660476,rad_pattern_7p3GHz.png
E,7.3,149.5,-29.79657288660476,rad_pattern_7p3GHz.png
E,7.3,150.0,-29.940165119316752,rad_pattern_7p3GHz.png
E,7.3,150.5,-30.044140535310696,rad_pattern_7p3GHz.png
E,7.3,151.0,-30.044140535310696,rad_pattern_7p3GHz.png
E,7.3,151.5,-30.083488765244784,rad_pattern_7p3GHz.png
E,7.3,152.0,-30.161745030375545,rad_pattern_7p3GHz.png
E,7.3,152.5,-30.161745030375545,rad_pattern_7p3GHz.png
E,7.3,153.0,-29.941995022829225,rad_pattern_7p3GHz.png
E,7.3,153.5,-29.941995022829225,rad_pattern_7p3GHz.png
E,7.3,154.0,-29.98077508666336,rad_pattern_7p3GHz.png
E,7.3,154.5,-30.3039292306434,rad_pattern_7p3GHz.png
E,7.3,155.0,-30.3039292306434,rad_pattern_7p3GHz.png
E,7.3,155.5,-30.47151477340424,rad_pattern_7p3GHz.png
E,7.3,156.0,-30.315933004894706,rad_pattern_7p3GHz.png
E,7.3,156.5,-30.315933004894706,rad_pattern_7p3GHz.png
E,7.3,157.0,-30.224837359438226,rad_pattern_7p3GHz.png
E,7.3,157.5,-30.224837359438226,rad_pattern_7p3GHz.png
E,7.3,158.0,-30.32694963248904,rad_pattern_7p3GHz.png
E,7.3,158.5,-30.32694963248904,rad_pattern_7p3GHz.png
E,7.3,159.0,-30.235658381364505,rad_pattern_7p3GHz.png
E,7.3,159.5,-30.235658381364505,rad_pattern_7p3GHz.png
E,7.3,160.0,-30.51978821083939,rad_pattern_7p3GHz.png
E,7.3,160.5,-30.51978821083939,rad_pattern_7p3GHz.png
E,7.3,161.0,-30.245579692400543,rad_pattern_7p3GHz.png
E,7.3,161.5,-30.218157905065475,rad_pattern_7p3GHz.png
E,7.3,162.0,-30.218157905065475,rad_pattern_7p3GHz.png
E,7.3,162.5,-30.37354567299159,rad_pattern_7p3GHz.png
E,7.3,163.0,-30.37354567299159,rad_pattern_7p3GHz.png
E,7.3,163.5,-30.620024137813452,rad_pattern_7p3GHz.png
E,7.3,164.0,-30.226888501980493,rad_pattern_7p3GHz.png
E,7.3,164.5,-30.592159135675814,rad_pattern_7p3GHz.png
E,7.3,165.0,-30.353805272571947,rad_pattern_7p3GHz.png
E,7.3,165.5,-30.385352068128086,rad_pattern_7p3GHz.png
E,7.3,166.0,-30.385352068128086,rad_pattern_7p3GHz.png
E,7.3,166.5,-30.416898863684228,rad_pattern_7p3GHz.png
E,7.3,167.0,-30.50789783939178,rad_pattern_7p3GHz.png
E,7.3,167.5,-30.50789783939178,rad_pattern_7p3GHz.png
E,7.3,168.0,-30.47964421194862,rad_pattern_7p3GHz.png
E,7.3,168.5,-30.451299923059956,rad_pattern_7p3GHz.png
E,7.3,169.0,-30.451299923059956,rad_pattern_7p3GHz.png
E,7.3,169.5,-30.422955634171295,rad_pattern_7p3GHz.png
E,7.3,170.0,-30.42547660216192,rad_pattern_7p3GHz.png
E,7.3,170.5,-30.42547660216192,rad_pattern_7p3GHz.png
E,7.3,171.0,-30.484877114388873,rad_pattern_7p3GHz.png
E,7.3,171.5,-30.632089137542227,rad_pattern_7p3GHz.png
E,7.3,172.0,-30.632089137542227,rad_pattern_7p3GHz.png
E,7.3,172.5,-30.60347414910565,rad_pattern_7p3GHz.png
E,7.3,173.0,-30.546108387423203,rad_pattern_7p3GHz.png
E,7.3,173.5,-30.546108387423203,rad_pattern_7p3GHz.png
E,7.3,174.0,-30.488649152563756,rad_pattern_7p3GHz.png
E,7.3,174.5,-30.43112286717445,rad_pattern_7p3GHz.png
E,7.3,175.0,-30.373546870021745,rad_pattern_7p3GHz.png
E,7.3,175.5,-30.25828963482373,rad_pattern_7p3GHz.png
E,7.3,176.0,-30.200622831827943,rad_pattern_7p3GHz.png
E,7.3,176.5,-27.44900065993283,rad_pattern_7p3GHz.png
E,7.3,177.0,-27.190918602491546,rad_pattern_7p3GHz.png
E,7.3,177.5,-26.73028866081866,rad_pattern_7p3GHz.png
E,7.3,178.0,-26.499210751814918,rad_pattern_7p3GHz.png
E,7.3,178.5,-26.499210751814918,rad_pattern_7p3GHz.png
E,7.3,179.0,-26.44325559642863,rad_pattern_7p3GHz.png
E,7.3,179.5,-26.559964649893953,rad_pattern_7p3GHz.png
E,7.3,180.0,-25.43266834378223,rad_pattern_7p3GHz.png
E,7.3,180.5,-26.617773686257948,rad_pattern_7p3GHz.png
E,7.3,181.0,-25.288141060121088,rad_pattern_7p3GHz.png
E,7.3,181.5,-24.36115688111941,rad_pattern_7p3GHz.png
E,7.3,182.0,-24.128284041641788,rad_pattern_7p3GHz.png
E,7.3,182.5,-23.952814687371582,rad_pattern_7p3GHz.png
E,7.3,183.0,-23.952814687371582,rad_pattern_7p3GHz.png
E,7.3,183.5,-28.491196972794274,rad_pattern_7p3GHz.png
E,7.3,184.0,-28.491196972794274,rad_pattern_7p3GHz.png
E,7.3,184.5,-23.762272890620846,rad_pattern_7p3GHz.png
E,7.3,185.0,-23.762272890620846,rad_pattern_7p3GHz.png
E,7.3,185.5,-23.809726531493393,rad_pattern_7p3GHz.png
E,7.3,186.0,-23.976431916142264,rad_pattern_7p3GHz.png
E,7.3,186.5,-24.142320593665893,rad_pattern_7p3GHz.png
E,7.3,187.0,-24.257136242550125,rad_pattern_7p3GHz.png
E,7.3,187.5,-24.47929150611662,rad_pattern_7p3GHz.png
E,7.3,188.0,-24.557244736143222,rad_pattern_7p3GHz.png
E,7.3,188.5,-24.814636645799208,rad_pattern_7p3GHz.png
E,7.3,189.0,-25.014663106834572,rad_pattern_7p3GHz.png
E,7.3,189.5,-25.262054531383523,rad_pattern_7p3GHz.png
E,7.3,190.0,-25.461346791068866,rad_pattern_7p3GHz.png
E,7.3,190.5,-25.80774740308794,rad_pattern_7p3GHz.png
E,7.3,191.0,-25.94434811600734,rad_pattern_7p3GHz.png
E,7.3,191.5,-26.114420749495935,rad_pattern_7p3GHz.png
E,7.3,192.0,-26.340801212364585,rad_pattern_7p3GHz.png
E,7.3,192.5,-26.629379436330584,rad_pattern_7p3GHz.png
E,7.3,193.0,-26.86138580005282,rad_pattern_7p3GHz.png
E,7.3,193.5,-27.058458917758966,rad_pattern_7p3GHz.png
E,7.3,194.0,-27.07968822517546,rad_pattern_7p3GHz.png
E,7.3,194.5,-27.339012140928624,rad_pattern_7p3GHz.png
E,7.3,195.0,-27.661273528393696,rad_pattern_7p3GHz.png
E,7.3,195.5,-27.82859982642438,rad_pattern_7p3GHz.png
E,7.3,196.0,-27.995241816351836,rad_pattern_7p3GHz.png
E,7.3,196.5,-28.06686903314178,rad_pattern_7p3GHz.png
E,7.3,197.0,-28.23336721935433,rad_pattern_7p3GHz.png
E,7.3,197.5,-28.51786499230574,rad_pattern_7p3GHz.png
E,7.3,198.0,-28.51786499230574,rad_pattern_7p3GHz.png
E,7.3,198.5,-28.51786499230574,rad_pattern_7p3GHz.png
E,7.3,199.0,-28.70946560370951,rad_pattern_7p3GHz.png
E,7.3,199.5,-28.92912464895334,rad_pattern_7p3GHz.png
E,7.3,200.0,-28.973703272462615,rad_pattern_7p3GHz.png
E,7.3,200.5,-28.983642027863784,rad_pattern_7p3GHz.png
E,7.3,201.0,-28.973703272462615,rad_pattern_7p3GHz.png
E,7.3,201.5,-29.02776961147655,rad_pattern_7p3GHz.png
E,7.3,202.0,-29.382099739242808,rad_pattern_7p3GHz.png
E,7.3,202.5,-29.408757420796196,rad_pattern_7p3GHz.png
E,7.3,203.0,-29.382099739242808,rad_pattern_7p3GHz.png
E,7.3,203.5,-29.408757420796196,rad_pattern_7p3GHz.png
E,7.3,204.0,-29.35908731967161,rad_pattern_7p3GHz.png
E,7.3,204.5,-29.48825969396385,rad_pattern_7p3GHz.png
E,7.3,205.0,-29.67004320117153,rad_pattern_7p3GHz.png
E,7.3,205.5,-29.67004320117153,rad_pattern_7p3GHz.png
E,7.3,206.0,-29.59296869089279,rad_pattern_7p3GHz.png
E,7.3,206.5,-29.58650509833761,rad_pattern_7p3GHz.png
E,7.3,207.0,-29.58650509833761,rad_pattern_7p3GHz.png
E,7.3,207.5,-29.63127442233876,rad_pattern_7p3GHz.png
E,7.3,208.0,-29.825104190971462,rad_pattern_7p3GHz.png
E,7.3,208.5,-29.63127442233876,rad_pattern_7p3GHz.png
E,7.3,209.0,-29.825104190971462,rad_pattern_7p3GHz.png
E,7.3,209.5,-29.940165119316752,rad_pattern_7p3GHz.png
E,7.3,210.0,-29.940165119316752,rad_pattern_7p3GHz.png
E,7.3,210.5,-29.79657288660476,rad_pattern_7p3GHz.png
E,7.3,211.0,-29.79657288660476,rad_pattern_7p3GHz.png
E,7.3,211.5,-29.950080723297553,rad_pattern_7p3GHz.png
E,7.3,212.0,-29.950080723297553,rad_pattern_7p3GHz.png
E,7.3,212.5,-29.91021168646107,rad_pattern_7p3GHz.png
E,7.3,213.0,-29.91021168646107,rad_pattern_7p3GHz.png
E,7.3,213.5,-29.766056748795528,rad_pattern_7p3GHz.png
E,7.3,214.0,-29.709938975899096,rad_pattern_7p3GHz.png
E,7.3,214.5,-29.709938975899096,rad_pattern_7p3GHz.png
E,7.3,215.0,-29.942071159632846,rad_pattern_7p3GHz.png
E,7.3,215.5,-29.98234987420367,rad_pattern_7p3GHz.png
E,7.3,216.0,-29.942071159632846,rad_pattern_7p3GHz.png
E,7.3,216.5,-29.925092041858488,rad_pattern_7p3GHz.png
E,7.3,217.0,-29.925092041858488,rad_pattern_7p3GHz.png
E,7.3,217.5,-29.867054958613405,rad_pattern_7p3GHz.png
E,7.3,218.0,-29.970960582904805,rad_pattern_7p3GHz.png
E,7.3,218.5,-29.867054958613405,rad_pattern_7p3GHz.png
E,7.3,219.0,-29.84905060310455,rad_pattern_7p3GHz.png
E,7.3,219.5,-29.84905060310455,rad_pattern_7p3GHz.png
E,7.3,220.0,-30.015632248649638,rad_pattern_7p3GHz.png
E,7.3,220.5,-30.015632248649638,rad_pattern_7p3GHz.png
E,7.3,221.0,-30.015632248649638,rad_pattern_7p3GHz.png
E,7.3,221.5,-29.874203841089482,rad_pattern_7p3GHz.png
E,7.3,222.0,-30.07826639740854,rad_pattern_7p3GHz.png
E,7.3,222.5,-30.140608452931247,rad_pattern_7p3GHz.png
E,7.3,223.0,-30.243481191479464,rad_pattern_7p3GHz.png
E,7.3,223.5,-30.243481191479464,rad_pattern_7p3GHz.png
E,7.3,224.0,-29.92673136400592,rad_pattern_7p3GHz.png
E,7.3,224.5,-29.92673136400592,rad_pattern_7p3GHz.png
E,7.3,225.0,-29.936949756411266,rad_pattern_7p3GHz.png
E,7.3,225.5,-29.947168148816612,rad_pattern_7p3GHz.png
E,7.3,226.0,-29.957386541221954,rad_pattern_7p3GHz.png
E,7.3,226.5,-30.202613456077064,rad_pattern_7p3GHz.png
E,7.3,227.0,-30.447792942628165,rad_pattern_7p3GHz.png
E,7.3,227.5,-30.447792942628165,rad_pattern_7p3GHz.png
E,7.3,228.0,-29.996655478495736,rad_pattern_7p3GHz.png
E,7.3,228.5,-29.996655478495736,rad_pattern_7p3GHz.png
E,7.3,229.0,-29.996655478495736,rad_pattern_7p3GHz.png
E,7.3,229.5,-29.297607841713724,rad_pattern_7p3GHz.png
E,7.3,230.0,-28.5574398080888,rad_pattern_7p3GHz.png
E,7.3,230.5,-28.431432499436028,rad_pattern_7p3GHz.png
E,7.3,231.0,-28.309396743966477,rad_pattern_7p3GHz.png
E,7.3,231.5,-28.264489661771297,rad_pattern_7p3GHz.png
E,7.3,232.0,-28.137956607717662,rad_pattern_7p3GHz.png
E,7.3,232.5,-28.137956607717662,rad_pattern_7p3GHz.png
E,7.3,233.0,-28.132784070296513,rad_pattern_7p3GHz.png
E,7.3,233.5,-28.18451463666218,rad_pattern_7p3GHz.png
E,7.3,234.0,-28.161072968796443,rad_pattern_7p3GHz.png
E,7.3,234.5,-28.18451463666218,rad_pattern_7p3GHz.png
E,7.3,235.0,-28.28200465386212,rad_pattern_7p3GHz.png
E,7.3,235.5,-28.459266507812234,rad_pattern_7p3GHz.png
E,7.3,236.0,-28.459266507812234,rad_pattern_7p3GHz.png
E,7.3,236.5,-28.426953245803613,rad_pattern_7p3GHz.png
E,7.3,237.0,-28.426953245803613,rad_pattern_7p3GHz.png
E,7.3,237.5,-28.506812589565246,rad_pattern_7p3GHz.png
E,7.3,238.0,-28.586546691455414,rad_pattern_7p3GHz.png
E,7.3,238.5,-28.60173800627611,rad_pattern_7p3GHz.png
E,7.3,239.0,-28.745586982377564,rad_pattern_7p3GHz.png
E,7.3,239.5,-28.968462530540002,rad_pattern_7p3GHz.png
E,7.3,240.0,-28.968462530540002,rad_pattern_7p3GHz.png
E,7.3,240.5,-28.968462530540002,rad_pattern_7p3GHz.png
E,7.3,241.0,-28.91826875945326,rad_pattern_7p3GHz.png
E,7.3,241.5,-28.480078497648893,rad_pattern_7p3GHz.png
E,7.3,242.0,-28.1570213281836,rad_pattern_7p3GHz.png
E,7.3,242.5,-27.718124388068752,rad_pattern_7p3GHz.png
E,7.3,243.0,-27.718124388068752,rad_pattern_7p3GHz.png
E,7.3,243.5,-27.40817276201489,rad_pattern_7p3GHz.png
E,7.3,244.0,-27.588379530165966,rad_pattern_7p3GHz.png
E,7.3,244.5,-27.588379530165966,rad_pattern_7p3GHz.png
E,7.3,245.0,-27.588379530165966,rad_pattern_7p3GHz.png
E,7.3,245.5,-27.588379530165966,rad_pattern_7p3GHz.png
E,7.3,246.0,-27.480527070487557,rad_pattern_7p3GHz.png
E,7.3,246.5,-27.480527070487557,rad_pattern_7p3GHz.png
E,7.3,247.0,-27.55644009392153,rad_pattern_7p3GHz.png
E,7.3,247.5,-27.55644009392153,rad_pattern_7p3GHz.png
E,7.3,248.0,-27.56759224080262,rad_pattern_7p3GHz.png
E,7.3,248.5,-27.680614266402028,rad_pattern_7p3GHz.png
E,7.3,249.0,-27.75555408687428,rad_pattern_7p3GHz.png
E,7.3,249.5,-27.89442887817212,rad_pattern_7p3GHz.png
E,7.3,250.0,-28.087168006239086,rad_pattern_7p3GHz.png
E,7.3,250.5,-28.18832326370698,rad_pattern_7p3GHz.png
E,7.3,251.0,-28.18832326370698,rad_pattern_7p3GHz.png
E,7.3,251.5,-28.051735263768034,rad_pattern_7p3GHz.png
E,7.3,252.0,-27.969411069656434,rad_pattern_7p3GHz.png
E,7.3,252.5,-27.46614085167486,rad_pattern_7p3GHz.png
E,7.3,253.0,-27.109130343264198,rad_pattern_7p3GHz.png
E,7.3,253.5,-26.907111715712052,rad_pattern_7p3GHz.png
E,7.3,254.0,-26.712877386306904,rad_pattern_7p3GHz.png
E,7.3,254.5,-26.51021878225533,rad_pattern_7p3GHz.png
E,7.3,255.0,-26.29435645801769,rad_pattern_7p3GHz.png
E,7.3,255.5,-26.279591060912978,rad_pattern_7p3GHz.png
E,7.3,256.0,-26.210339443551543,rad_pattern_7p3GHz.png
E,7.3,256.5,-25.628266646400704,rad_pattern_7p3GHz.png
E,7.3,257.0,-25.017573817374366,rad_pattern_7p3GHz.png
E,7.3,257.5,-24.691245034066565,rad_pattern_7p3GHz.png
E,7.3,258.0,-24.691245034066565,rad_pattern_7p3GHz.png
E,7.3,258.5,-24.872816189590797,rad_pattern_7p3GHz.png
E,7.3,259.0,-24.96928513114606,rad_pattern_7p3GHz.png
E,7.3,259.5,-25.13299359498643,rad_pattern_7p3GHz.png
E,7.3,260.0,-25.228604592408857,rad_pattern_7p3GHz.png
E,7.3,260.5,-25.50449593275244,rad_pattern_7p3GHz.png
E,7.3,261.0,-25.570697437588475,rad_pattern_7p3GHz.png
E,7.3,261.5,-25.750862167316257,rad_pattern_7p3GHz.png
E,7.3,262.0,-25.90222160801397,rad_pattern_7p3GHz.png
E,7.3,262.5,-25.974605810827182,rad_pattern_7p3GHz.png
E,7.3,263.0,-25.974605810827182,rad_pattern_7p3GHz.png
E,7.3,263.5,-25.83108244374018,rad_pattern_7p3GHz.png
E,7.3,264.0,-25.75125879918072,rad_pattern_7p3GHz.png
E,7.3,264.5,-25.37736444745943,rad_pattern_7p3GHz.png
E,7.3,265.0,-25.26747898048747,rad_pattern_7p3GHz.png
E,7.3,265.5,-25.037030363332367,rad_pattern_7p3GHz.png
E,7.3,266.0,-24.781975729339884,rad_pattern_7p3GHz.png
E,7.3,266.5,-24.378191678084132,rad_pattern_7p3GHz.png
E,7.3,267.0,-24.237394717820578,rad_pattern_7p3GHz.png
E,7.3,267.5,-23.778305495851978,rad_pattern_7p3GHz.png
E,7.3,268.0,-23.607274092895004,rad_pattern_7p3GHz.png
E,7.3,268.5,-23.377900394506945,rad_pattern_7p3GHz.png
E,7.3,269.0,-23.234699547410433,rad_pattern_7p3GHz.png
E,7.3,269.5,-23.120357144993054,rad_pattern_7p3GHz.png
E,7.3,270.0,-23.120357144993054,rad_pattern_7p3GHz.png
E,7.3,270.5,-23.23577006821021,rad_pattern_7p3GHz.png
E,7.3,271.0,-23.40811087425961,rad_pattern_7p3GHz.png
E,7.3,271.5,-23.551280247469805,rad_pattern_7p3GHz.png
E,7.3,272.0,-23.693941275312827,rad_pattern_7p3GHz.png
E,7.3,272.5,-23.922698974494363,rad_pattern_7p3GHz.png
E,7.3,273.0,-24.09307618688667,rad_pattern_7p3GHz.png
E,7.3,273.5,-24.20510830272286,rad_pattern_7p3GHz.png
E,7.3,274.0,-24.31652159131823,rad_pattern_7p3GHz.png
E,7.3,274.5,-24.374179574620705,rad_pattern_7p3GHz.png
E,7.3,275.0,-24.3906703143613,rad_pattern_7p3GHz.png
E,7.3,275.5,-24.3906703143613,rad_pattern_7p3GHz.png
E,7.3,276.0,-24.295677246963525,rad_pattern_7p3GHz.png
E,7.3,276.5,-24.059481988656923,rad_pattern_7p3GHz.png
E,7.3,277.0,-23.937976152888854,rad_pattern_7p3GHz.png
E,7.3,277.5,-23.722829060039878,rad_pattern_7p3GHz.png
E,7.3,278.0,-23.56384234986584,rad_pattern_7p3GHz.png
E,7.3,278.5,-23.298058237126327,rad_pattern_7p3GHz.png
E,7.3,279.0,-23.023468540671995,rad_pattern_7p3GHz.png
E,7.3,279.5,-22.833732634738173,rad_pattern_7p3GHz.png
E,7.3,280.0,-22.643109293678187,rad_pattern_7p3GHz.png
E,7.3,280.5,-22.451657602431727,rad_pattern_7p3GHz.png
E,7.3,281.0,-22.270476797124157,rad_pattern_7p3GHz.png
E,7.3,281.5,-22.134711320280896,rad_pattern_7p3GHz.png
E,7.3,282.0,-22.111099075706033,rad_pattern_7p3GHz.png
E,7.3,282.5,-22.073001538733703,rad_pattern_7p3GHz.png
E,7.3,283.0,-22.073001538733703,rad_pattern_7p3GHz.png
E,7.3,283.5,-22.150607249636693,rad_pattern_7p3GHz.png
E,7.3,284.0,-22.25614672164151,rad_pattern_7p3GHz.png
E,7.3,284.5,-22.354096012196816,rad_pattern_7p3GHz.png
E,7.3,285.0,-22.57031446901112,rad_pattern_7p3GHz.png
E,7.3,285.5,-22.7655995360682,rad_pattern_7p3GHz.png
E,7.3,286.0,-22.897047275393742,rad_pattern_7p3GHz.png
E,7.3,286.5,-23.075121689694072,rad_pattern_7p3GHz.png
E,7.3,287.0,-23.24112485850867,rad_pattern_7p3GHz.png
E,7.3,287.5,-23.434370713108663,rad_pattern_7p3GHz.png
E,7.3,288.0,-23.554237453843115,rad_pattern_7p3GHz.png
E,7.3,288.5,-23.636552675482665,rad_pattern_7p3GHz.png
E,7.3,289.0,-23.72739268864145,rad_pattern_7p3GHz.png
E,7.3,289.5,-23.836521133150224,rad_pattern_7p3GHz.png
E,7.3,290.0,-23.87140112132551,rad_pattern_7p3GHz.png
E,7.3,290.5,-23.87140112132551,rad_pattern_7p3GHz.png
E,7.3,291.0,-23.830954982087214,rad_pattern_7p3GHz.png
E,7.3,291.5,-23.77262022581257,rad_pattern_7p3GHz.png
E,7.3,292.0,-23.767260359797145,rad_pattern_7p3GHz.png
E,7.3,292.5,-23.74523606290683,rad_pattern_7p3GHz.png
E,7.3,293.0,-23.661946599084672,rad_pattern_7p3GHz.png
E,7.3,293.5,-23.642937322688386,rad_pattern_7p3GHz.png
E,7.3,294.0,-23.62691557168989,rad_pattern_7p3GHz.png
E,7.3,294.5,-23.62691557168989,rad_pattern_7p3GHz.png
E,7.3,295.0,-23.63119968760677,rad_pattern_7p3GHz.png
E,7.3,295.5,-23.671013059677197,rad_pattern_7p3GHz.png
E,7.3,296.0,-23.7105654717397,rad_pattern_7p3GHz.png
E,7.3,296.5,-23.801422775057816,rad_pattern_7p3GHz.png
E,7.3,297.0,-23.814280648832902,rad_pattern_7p3GHz.png
E,7.3,297.5,-23.839299418159573,rad_pattern_7p3GHz.png
E,7.3,298.0,-23.91612813092346,rad_pattern_7p3GHz.png
E,7.3,298.5,-23.962724325402107,rad_pattern_7p3GHz.png
E,7.3,299.0,-23.962724325402107,rad_pattern_7p3GHz.png
E,7.3,299.5,-23.959582178152015,rad_pattern_7p3GHz.png
E,7.3,300.0,-23.89132218756395,rad_pattern_7p3GHz.png
E,7.3,300.5,-23.74782202233002,rad_pattern_7p3GHz.png
E,7.3,301.0,-23.639323760123435,rad_pattern_7p3GHz.png
E,7.3,301.5,-23.450706576944334,rad_pattern_7p3GHz.png
E,7.3,302.0,-23.340751673042323,rad_pattern_7p3GHz.png
E,7.3,302.5,-23.10160050756572,rad_pattern_7p3GHz.png
E,7.3,303.0,-22.910657813949772,rad_pattern_7p3GHz.png
E,7.3,303.5,-22.614634605933265,rad_pattern_7p3GHz.png
E,7.3,304.0,-22.3656980239447,rad_pattern_7p3GHz.png
E,7.3,304.5,-22.020355754273094,rad_pattern_7p3GHz.png
E,7.3,305.0,-21.769530752364712,rad_pattern_7p3GHz.png
E,7.3,305.5,-21.383194744348504,rad_pattern_7p3GHz.png
E,7.3,306.0,-21.066954238839667,rad_pattern_7p3GHz.png
E,7.3,306.5,-20.72048481404078,rad_pattern_7p3GHz.png
E,7.3,307.0,-20.32797301051199,rad_pattern_7p3GHz.png
E,7.3,307.5,-19.933683682353784,rad_pattern_7p3GHz.png
E,7.3,308.0,-19.545806718922318,rad_pattern_7p3GHz.png
E,7.3,308.5,-19.17676721135567,rad_pattern_7p3GHz.png
E,7.3,309.0,-18.77029610511317,rad_pattern_7p3GHz.png
E,7.3,309.5,-18.35327804310531,rad_pattern_7p3GHz.png
E,7.3,310.0,-17.97199827698907,rad_pattern_7p3GHz.png
E,7.3,310.5,-17.533570382237933,rad_pattern_7p3GHz.png
E,7.3,311.0,-17.128679656243317,rad_pattern_7p3GHz.png
E,7.3,311.5,-16.788447846810808,rad_pattern_7p3GHz.png
E,7.3,312.0,-16.384928209827383,rad_pattern_7p3GHz.png
E,7.3,312.5,-16.005602483172567,rad_pattern_7p3GHz.png
E,7.3,313.0,-15.678806469499586,rad_pattern_7p3GHz.png
E,7.3,313.5,-15.29645167413204,rad_pattern_7p3GHz.png
E,7.3,314.0,-14.95220166348319,rad_pattern_7p3GHz.png
E,7.3,314.5,-14.584934579615865,rad_pattern_7p3GHz.png
E,7.3,315.0,-14.300244048860023,rad_pattern_7p3GHz.png
E,7.3,315.5,-13.97315141499454,rad_pattern_7p3GHz.png
E,7.3,316.0,-13.68361871404107,rad_pattern_7p3GHz.png
E,7.3,316.5,-13.373572307734655,rad_pattern_7p3GHz.png
E,7.3,317.0,-13.104970838914511,rad_pattern_7p3GHz.png
E,7.3,317.5,-12.871413688065058,rad_pattern_7p3GHz.png
E,7.3,318.0,-12.639986526270821,rad_pattern_7p3GHz.png
E,7.3,318.5,-12.426654431226513,rad_pattern_7p3GHz.png
E,7.3,319.0,-12.21218868955361,rad_pattern_7p3GHz.png
E,7.3,319.5,-12.034048582357148,rad_pattern_7p3GHz.png
E,7.3,320.0,-11.835499262961633,rad_pattern_7p3GHz.png
E,7.3,320.5,-11.67616791010881,rad_pattern_7p3GHz.png
E,7.3,321.0,-11.501289465818708,rad_pattern_7p3GHz.png
E,7.3,321.5,-11.375584012613192,rad_pattern_7p3GHz.png
E,7.3,322.0,-11.247713553507069,rad_pattern_7p3GHz.png
E,7.3,322.5,-11.128223022430486,rad_pattern_7p3GHz.png
E,7.3,323.0,-11.037281510477175,rad_pattern_7p3GHz.png
E,7.3,323.5,-10.955992455276721,rad_pattern_7p3GHz.png
E,7.3,324.0,-10.884643266192189,rad_pattern_7p3GHz.png
E,7.3,324.5,-10.801401523553832,rad_pattern_7p3GHz.png
E,7.3,325.0,-10.760074969860039,rad_pattern_7p3GHz.png
E,7.3,325.5,-10.715872145689694,rad_pattern_7p3GHz.png
E,7.3,326.0,-10.676444171785924,rad_pattern_7p3GHz.png
E,7.3,326.5,-10.660652565621085,rad_pattern_7p3GHz.png
E,7.3,327.0,-10.64593686995909,rad_pattern_7p3GHz.png
E,7.3,327.5,-10.64593686995909,rad_pattern_7p3GHz.png
E,7.3,328.0,-10.650444228780167,rad_pattern_7p3GHz.png
E,7.3,328.5,-10.652084442200827,rad_pattern_7p3GHz.png
E,7.3,329.0,-10.66060993135725,rad_pattern_7p3GHz.png
E,7.3,329.5,-10.667953151992133,rad_pattern_7p3GHz.png
E,7.3,330.0,-10.667953151992133,rad_pattern_7p3GHz.png
E,7.3,330.5,-10.667953151992133,rad_pattern_7p3GHz.png
E,7.3,331.0,-10.673816710310334,rad_pattern_7p3GHz.png
E,7.3,331.5,-10.673816710310334,rad_pattern_7p3GHz.png
E,7.3,332.0,-10.65798603887091,rad_pattern_7p3GHz.png
E,7.3,332.5,-10.612776943395048,rad_pattern_7p3GHz.png
E,7.3,333.0,-10.55025108361259,rad_pattern_7p3GHz.png
E,7.3,333.5,-10.485956195256385,rad_pattern_7p3GHz.png
E,7.3,334.0,-10.382309521662954,rad_pattern_7p3GHz.png
E,7.3,334.5,-10.275960730483643,rad_pattern_7p3GHz.png
E,7.3,335.0,-10.11625297441281,rad_pattern_7p3GHz.png
E,7.3,335.5,-9.952206830963,rad_pattern_7p3GHz.png
E,7.3,336.0,-9.764669755539234,rad_pattern_7p3GHz.png
E,7.3,336.5,-9.523089735610387,rad_pattern_7p3GHz.png
E,7.3,337.0,-9.26887589583582,rad_pattern_7p3GHz.png
E,7.3,337.5,-9.004693863330186,rad_pattern_7p3GHz.png
E,7.3,338.0,-8.705115066895203,rad_pattern_7p3GHz.png
E,7.3,338.5,-8.409649924201961,rad_pattern_7p3GHz.png
E,7.3,339.0,-8.091143613138168,rad_pattern_7p3GHz.png
E,7.3,339.5,-7.756815998359823,rad_pattern_7p3GHz.png
E,7.3,340.0,-7.418201768776644,rad_pattern_7p3GHz.png
E,7.3,340.5,-7.076979721895441,rad_pattern_7p3GHz.png
E,7.3,341.0,-6.7143599538366665,rad_pattern_7p3GHz.png
E,7.3,341.5,-6.35050017351643,rad_pattern_7p3GHz.png
E,7.3,342.0,-6.00293616305537,rad_pattern_7p3GHz.png
E,7.3,342.5,-5.688131253987802,rad_pattern_7p3GHz.png
E,7.3,343.0,-5.337592682980944,rad_pattern_7p3GHz.png
E,7.3,343.5,-4.991771141779623,rad_pattern_7p3GHz.png
E,7.3,344.0,-4.671640828648762,rad_pattern_7p3GHz.png
E,7.3,344.5,-4.353627733671193,rad_pattern_7p3GHz.png
E,7.3,345.0,-4.042422633386693,rad_pattern_7p3GHz.png
E,7.3,345.5,-3.7604833965525586,rad_pattern_7p3GHz.png
E,7.3,346.0,-3.459665431351393,rad_pattern_7p3GHz.png
E,7.3,346.5,-3.185123494506083,rad_pattern_7p3GHz.png
E,7.3,347.0,-2.912992851990282,rad_pattern_7p3GHz.png
E,7.3,347.5,-2.662278455085996,rad_pattern_7p3GHz.png
E,7.3,348.0,-2.410083409143965,rad_pattern_7p3GHz.png
E,7.3,348.5,-2.184577525707489,rad_pattern_7p3GHz.png
E,7.3,349.0,-1.9582345286281893,rad_pattern_7p3GHz.png
E,7.3,349.5,-1.7444184882505915,rad_pattern_7p3GHz.png
E,7.3,350.0,-1.557223786444876,rad_pattern_7p3GHz.png
E,7.3,350.5,-1.3582012958495753,rad_pattern_7p3GHz.png
E,7.3,351.0,-1.1711613697891927,rad_pattern_7p3GHz.png
E,7.3,351.5,-1.030079627960216,rad_pattern_7p3GHz.png
E,7.3,352.0,-0.8791845476537077,rad_pattern_7p3GHz.png
E,7.3,352.5,-0.7351606050646424,rad_pattern_7p3GHz.png
E,7.3,353.0,-0.6002992018735753,rad_pattern_7p3GHz.png
E,7.3,353.5,-0.5131312132998112,rad_pattern_7p3GHz.png
E,7.3,354.0,-0.38172659864289216,rad_pattern_7p3GHz.png
E,7.3,354.5,-0.29227021689523625,rad_pattern_7p3GHz.png
E,7.3,355.0,-0.20529560385488566,rad_pattern_7p3GHz.png
E,7.3,355.5,-0.15939699528973605,rad_pattern_7p3GHz.png
E,7.3,356.0,-0.07320021061163473,rad_pattern_7p3GHz.png
E,7.3,356.5,-0.05311066232286876,rad_pattern_7p3GHz.png
E,7.3,357.0,-0.01018571663520973,rad_pattern_7p3GHz.png
E,7.3,357.5,0.0,rad_pattern_7p3GHz.png
E,7.3,358.0,0.0,rad_pattern_7p3GHz.png
E,7.3,358.5,-0.010796687934963245,rad_pattern_7p3GHz.png
E,7.3,359.0,-0.019388237807302033,rad_pattern_7p3GHz.png
E,7.3,359.5,-0.023267339652150554,rad_pattern_7p3GHz.png
E,8.3,0.0,-0.08151219176993507,rad_pattern_8p3GHz.png
E,8.3,0.5,-0.13870406444884154,rad_pattern_8p3GHz.png
E,8.3,1.0,-0.2484400790606145,rad_pattern_8p3GHz.png
E,8.3,1.5,-0.3049910168028198,rad_pattern_8p3GHz.png
E,8.3,2.0,-0.4126763490632648,rad_pattern_8p3GHz.png
E,8.3,2.5,-0.5675956970192466,rad_pattern_8p3GHz.png
E,8.3,3.0,-0.6758546061246058,rad_pattern_8p3GHz.png
E,8.3,3.5,-0.8306575304163353,rad_pattern_8p3GHz.png
E,8.3,4.0,-0.9631695583897084,rad_pattern_8p3GHz.png
E,8.3,4.5,-1.1526751577268186,rad_pattern_8p3GHz.png
E,8.3,5.0,-1.3523183318009728,rad_pattern_8p3GHz.png
E,8.3,5.5,-1.5611069613620643,rad_pattern_8p3GHz.png
E,8.3,6.0,-1.7677308818572577,rad_pattern_8p3GHz.png
E,8.3,6.5,-1.9786987622400787,rad_pattern_8p3GHz.png
E,8.3,7.0,-2.2316719163856753,rad_pattern_8p3GHz.png
E,8.3,7.5,-2.4887591565085927,rad_pattern_8p3GHz.png
E,8.3,8.0,-2.759525885139155,rad_pattern_8p3GHz.png
E,8.3,8.5,-3.0210980587192253,rad_pattern_8p3GHz.png
E,8.3,9.0,-3.320200607580695,rad_pattern_8p3GHz.png
E,8.3,9.5,-3.6297282778201563,rad_pattern_8p3GHz.png
E,8.3,10.0,-3.9418974274516714,rad_pattern_8p3GHz.png
E,8.3,10.5,-4.2626346991839625,rad_pattern_8p3GHz.png
E,8.3,11.0,-4.5876084825851,rad_pattern_8p3GHz.png
E,8.3,11.5,-4.90587880262067,rad_pattern_8p3GHz.png
E,8.3,12.0,-5.226615849603061,rad_pattern_8p3GHz.png
E,8.3,12.5,-5.553224883015016,rad_pattern_8p3GHz.png
E,8.3,13.0,-5.8812839874453005,rad_pattern_8p3GHz.png
E,8.3,13.5,-6.21411586604329,rad_pattern_8p3GHz.png
E,8.3,14.0,-6.509502647747851,rad_pattern_8p3GHz.png
E,8.3,14.5,-6.803248697020816,rad_pattern_8p3GHz.png
E,8.3,15.0,-7.094595938927615,rad_pattern_8p3GHz.png
E,8.3,15.5,-7.3554987605119955,rad_pattern_8p3GHz.png
E,8.3,16.0,-7.609924569043773,rad_pattern_8p3GHz.png
E,8.3,16.5,-7.818876903944016,rad_pattern_8p3GHz.png
E,8.3,17.0,-8.009182004174132,rad_pattern_8p3GHz.png
E,8.3,17.5,-8.195110202139166,rad_pattern_8p3GHz.png
E,8.3,18.0,-8.351424601502941,rad_pattern_8p3GHz.png
E,8.3,18.5,-8.489432565497275,rad_pattern_8p3GHz.png
E,8.3,19.0,-8.58862225257258,rad_pattern_8p3GHz.png
E,8.3,19.5,-8.667585617211529,rad_pattern_8p3GHz.png
E,8.3,20.0,-8.756877508682386,rad_pattern_8p3GHz.png
E,8.3,20.5,-8.819286967311427,rad_pattern_8p3GHz.png
E,8.3,21.0,-8.865135387044596,rad_pattern_8p3GHz.png
E,8.3,21.5,-8.914062551410773,rad_pattern_8p3GHz.png
E,8.3,22.0,-8.952012843058622,rad_pattern_8p3GHz.png
E,8.3,22.5,-8.982635501746167,rad_pattern_8p3GHz.png
E,8.3,23.0,-9.022143942372324,rad_pattern_8p3GHz.png
E,8.3,23.5,-9.059746536795167,rad_pattern_8p3GHz.png
E,8.3,24.0,-9.092463905564372,rad_pattern_8p3GHz.png
E,8.3,24.5,-9.177145958186802,rad_pattern_8p3GHz.png
E,8.3,25.0,-9.213331104958858,rad_pattern_8p3GHz.png
E,8.3,25.5,-9.293027402087102,rad_pattern_8p3GHz.png
E,8.3,26.0,-9.360182001521455,rad_pattern_8p3GHz.png
E,8.3,26.5,-9.451754375037833,rad_pattern_8p3GHz.png
E,8.3,27.0,-9.567603831403865,rad_pattern_8p3GHz.png
E,8.3,27.5,-9.668941283410117,rad_pattern_8p3GHz.png
E,8.3,28.0,-9.804373960046433,rad_pattern_8p3GHz.png
E,8.3,28.5,-9.933591920679582,rad_pattern_8p3GHz.png
E,8.3,29.0,-10.106591192700044,rad_pattern_8p3GHz.png
E,8.3,29.5,-10.2663481195519,rad_pattern_8p3GHz.png
E,8.3,30.0,-10.459917076084334,rad_pattern_8p3GHz.png
E,8.3,30.5,-10.64937876314394,rad_pattern_8p3GHz.png
E,8.3,31.0,-10.858705281096924,rad_pattern_8p3GHz.png
E,8.3,31.5,-11.09580984110379,rad_pattern_8p3GHz.png
E,8.3,32.0,-11.34157519061544,rad_pattern_8p3GHz.png
E,8.3,32.5,-11.619293042142605,rad_pattern_8p3GHz.png
E,8.3,33.0,-11.878004162838184,rad_pattern_8p3GHz.png
E,8.3,33.5,-12.151620958071572,rad_pattern_8p3GHz.png
E,8.3,34.0,-12.456037735495862,rad_pattern_8p3GHz.png
E,8.3,34.5,-12.76003875507497,rad_pattern_8p3GHz.png
E,8.3,35.0,-13.099660514932864,rad_pattern_8p3GHz.png
E,8.3,35.5,-13.466184099463234,rad_pattern_8p3GHz.png
E,8.3,36.0,-13.811181899361262,rad_pattern_8p3GHz.png
E,8.3,36.5,-14.20542433847967,rad_pattern_8p3GHz.png
E,8.3,37.0,-14.61004253163981,rad_pattern_8p3GHz.png
E,8.3,37.5,-15.00214414592337,rad_pattern_8p3GHz.png
E,8.3,38.0,-15.45615283791104,rad_pattern_8p3GHz.png
E,8.3,38.5,-15.885701577930632,rad_pattern_8p3GHz.png
E,8.3,39.0,-16.345914768104958,rad_pattern_8p3GHz.png
E,8.3,39.5,-16.813612233120548,rad_pattern_8p3GHz.png
E,8.3,40.0,-17.272553687588054,rad_pattern_8p3GHz.png
E,8.3,40.5,-17.730996866375317,rad_pattern_8p3GHz.png
E,8.3,41.0,-18.156679918000577,rad_pattern_8p3GHz.png
E,8.3,41.5,-18.608068045331756,rad_pattern_8p3GHz.png
E,8.3,42.0,-19.045032251265894,rad_pattern_8p3GHz.png
E,8.3,42.5,-19.418646181077474,rad_pattern_8p3GHz.png
E,8.3,43.0,-19.72928010792649,rad_pattern_8p3GHz.png
E,8.3,43.5,-19.999422563347537,rad_pattern_8p3GHz.png
E,8.3,44.0,-20.30817923592379,rad_pattern_8p3GHz.png
E,8.3,44.5,-20.472784185876066,rad_pattern_8p3GHz.png
E,8.3,45.0,-20.636780735504303,rad_pattern_8p3GHz.png
E,8.3,45.5,-20.718379892347993,rad_pattern_8p3GHz.png
E,8.3,46.0,-20.81943436683282,rad_pattern_8p3GHz.png
E,8.3,46.5,-20.835286488946853,rad_pattern_8p3GHz.png
E,8.3,47.0,-20.835286488946853,rad_pattern_8p3GHz.png
E,8.3,47.5,-20.810856603408364,rad_pattern_8p3GHz.png
E,8.3,48.0,-20.684454689095514,rad_pattern_8p3GHz.png
E,8.3,48.5,-20.65824738777791,rad_pattern_8p3GHz.png
E,8.3,49.0,-20.56857559133151,rad_pattern_8p3GHz.png
E,8.3,49.5,-20.440021809129146,rad_pattern_8p3GHz.png
E,8.3,50.0,-20.351790136071944,rad_pattern_8p3GHz.png
E,8.3,50.5,-20.21847499258494,rad_pattern_8p3GHz.png
E,8.3,51.0,-20.10657158719282,rad_pattern_8p3GHz.png
E,8.3,51.5,-19.993806750566787,rad_pattern_8p3GHz.png
E,8.3,52.0,-19.85758566980679,rad_pattern_8p3GHz.png
E,8.3,52.5,-19.720346418481668,rad_pattern_8p3GHz.png
E,8.3,53.0,-19.62266825065352,rad_pattern_8p3GHz.png
E,8.3,53.5,-19.495454485132317,rad_pattern_8p3GHz.png
E,8.3,54.0,-19.407072475906325,rad_pattern_8p3GHz.png
E,8.3,54.5,-19.266141327974484,rad_pattern_8p3GHz.png
E,8.3,55.0,-19.14090125935461,rad_pattern_8p3GHz.png
E,8.3,55.5,-19.029365095838354,rad_pattern_8p3GHz.png
E,8.3,56.0,-18.902437929174187,rad_pattern_8p3GHz.png
E,8.3,56.5,-18.790197035997334,rad_pattern_8p3GHz.png
E,8.3,57.0,-18.709169681692437,rad_pattern_8p3GHz.png
E,8.3,57.5,-18.643076213838462,rad_pattern_8p3GHz.png
E,8.3,58.0,-18.545327275977456,rad_pattern_8p3GHz.png
E,8.3,58.5,-18.492866097507342,rad_pattern_8p3GHz.png
E,8.3,59.0,-18.463669648453767,rad_pattern_8p3GHz.png
E,8.3,59.5,-18.44807087421505,rad_pattern_8p3GHz.png
E,8.3,60.0,-18.44807087421505,rad_pattern_8p3GHz.png
E,8.3,60.5,-18.448327839627126,rad_pattern_8p3GHz.png
E,8.3,61.0,-18.490476767267964,rad_pattern_8p3GHz.png
E,8.3,61.5,-18.508858605269992,rad_pattern_8p3GHz.png
E,8.3,62.0,-18.600684538065387,rad_pattern_8p3GHz.png
E,8.3,62.5,-18.705779369333285,rad_pattern_8p3GHz.png
E,8.3,63.0,-18.79838487977958,rad_pattern_8p3GHz.png
E,8.3,63.5,-18.927756156742614,rad_pattern_8p3GHz.png
E,8.3,64.0,-19.05679474180723,rad_pattern_8p3GHz.png
E,8.3,64.5,-19.22299789261279,rad_pattern_8p3GHz.png
E,8.3,65.0,-19.387539859878913,rad_pattern_8p3GHz.png
E,8.3,65.5,-19.51675261724372,rad_pattern_8p3GHz.png
E,8.3,66.0,-19.64112507369317,rad_pattern_8p3GHz.png
E,8.3,66.5,-19.828413189028563,rad_pattern_8p3GHz.png
E,8.3,67.0,-19.938349005974093,rad_pattern_8p3GHz.png
E,8.3,67.5,-20.06734648985063,rad_pattern_8p3GHz.png
E,8.3,68.0,-20.186940895492892,rad_pattern_8p3GHz.png
E,8.3,68.5,-20.267239478648744,rad_pattern_8p3GHz.png
E,8.3,69.0,-20.346240641233944,rad_pattern_8p3GHz.png
E,8.3,69.5,-20.3936507518498,rad_pattern_8p3GHz.png
E,8.3,70.0,-20.423652433131853,rad_pattern_8p3GHz.png
E,8.3,70.5,-20.462761850828404,rad_pattern_8p3GHz.png
E,8.3,71.0,-20.49141716902807,rad_pattern_8p3GHz.png
E,8.3,71.5,-20.519315805046038,rad_pattern_8p3GHz.png
E,8.3,72.0,-20.555593954875842,rad_pattern_8p3GHz.png
E,8.3,72.5,-20.58210550498094,rad_pattern_8p3GHz.png
E,8.3,73.0,-20.607844730095323,rad_pattern_8p3GHz.png
E,8.3,73.5,-20.660742312381412,rad_pattern_8p3GHz.png
E,8.3,74.0,-20.70915568267782,rad_pattern_8p3GHz.png
E,8.3,74.5,-20.81591984332611,rad_pattern_8p3GHz.png
E,8.3,75.0,-20.922448920174958,rad_pattern_8p3GHz.png
E,8.3,75.5,-21.099003661845053,rad_pattern_8p3GHz.png
E,8.3,76.0,-21.23951935006966,rad_pattern_8p3GHz.png
E,8.3,76.5,-21.40743931478887,rad_pattern_8p3GHz.png
E,8.3,77.0,-21.665743358451596,rad_pattern_8p3GHz.png
E,8.3,77.5,-21.916889546646797,rad_pattern_8p3GHz.png
E,8.3,78.0,-22.111099075706033,rad_pattern_8p3GHz.png
E,8.3,78.5,-22.31039487540753,rad_pattern_8p3GHz.png
E,8.3,79.0,-22.56526028976233,rad_pattern_8p3GHz.png
E,8.3,79.5,-22.80852299793102,rad_pattern_8p3GHz.png
E,8.3,80.0,-22.99974208028986,rad_pattern_8p3GHz.png
E,8.3,80.5,-23.213905619397654,rad_pattern_8p3GHz.png
E,8.3,81.0,-23.317996360993444,rad_pattern_8p3GHz.png
E,8.3,81.5,-23.526773917463675,rad_pattern_8p3GHz.png
E,8.3,82.0,-23.567867753581414,rad_pattern_8p3GHz.png
E,8.3,82.5,-23.608172566400537,rad_pattern_8p3GHz.png
E,8.3,83.0,-23.62212633790486,rad_pattern_8p3GHz.png
E,8.3,83.5,-23.628436651750267,rad_pattern_8p3GHz.png
E,8.3,84.0,-23.62212633790486,rad_pattern_8p3GHz.png
E,8.3,84.5,-23.576760870058,rad_pattern_8p3GHz.png
E,8.3,85.0,-23.524550957677235,rad_pattern_8p3GHz.png
E,8.3,85.5,-23.500631805540085,rad_pattern_8p3GHz.png
E,8.3,86.0,-23.45136715040062,rad_pattern_8p3GHz.png
E,8.3,86.5,-23.397171072896157,rad_pattern_8p3GHz.png
E,8.3,87.0,-23.397171072896157,rad_pattern_8p3GHz.png
E,8.3,87.5,-23.40285781413782,rad_pattern_8p3GHz.png
E,8.3,88.0,-23.578384846339418,rad_pattern_8p3GHz.png
E,8.3,88.5,-23.84024004536393,rad_pattern_8p3GHz.png
E,8.3,89.0,-24.102222694002513,rad_pattern_8p3GHz.png
E,8.3,89.5,-24.21881296943775,rad_pattern_8p3GHz.png
E,8.3,90.0,-24.478973141703758,rad_pattern_8p3GHz.png
E,8.3,90.5,-24.507624015699054,rad_pattern_8p3GHz.png
E,8.3,91.0,-24.738602740998374,rad_pattern_8p3GHz.png
E,8.3,91.5,-25.171023993774714,rad_pattern_8p3GHz.png
E,8.3,92.0,-25.342651500523747,rad_pattern_8p3GHz.png
E,8.3,92.5,-25.65793142292996,rad_pattern_8p3GHz.png
E,8.3,93.0,-25.77342115836554,rad_pattern_8p3GHz.png
E,8.3,93.5,-25.972214492387295,rad_pattern_8p3GHz.png
E,8.3,94.0,-26.174148390756002,rad_pattern_8p3GHz.png
E,8.3,94.5,-26.25648656884806,rad_pattern_8p3GHz.png
E,8.3,95.0,-26.337957505057133,rad_pattern_8p3GHz.png
E,8.3,95.5,-26.337957505057133,rad_pattern_8p3GHz.png
E,8.3,96.0,-26.24601849750303,rad_pattern_8p3GHz.png
E,8.3,96.5,-26.182309770998618,rad_pattern_8p3GHz.png
E,8.3,97.0,-26.003302114583033,rad_pattern_8p3GHz.png
E,8.3,97.5,-25.938693384093334,rad_pattern_8p3GHz.png
E,8.3,98.0,-25.816346835140266,rad_pattern_8p3GHz.png
E,8.3,98.5,-25.66507684305321,rad_pattern_8p3GHz.png
E,8.3,99.0,-25.542131948713333,rad_pattern_8p3GHz.png
E,8.3,99.5,-25.44268437484297,rad_pattern_8p3GHz.png
E,8.3,100.0,-25.44268437484297,rad_pattern_8p3GHz.png
E,8.3,100.5,-25.456184684586916,rad_pattern_8p3GHz.png
E,8.3,101.0,-25.626665335696423,rad_pattern_8p3GHz.png
E,8.3,101.5,-25.78549129182106,rad_pattern_8p3GHz.png
E,8.3,102.0,-25.983433839061963,rad_pattern_8p3GHz.png
E,8.3,102.5,-26.152814692659366,rad_pattern_8p3GHz.png
E,8.3,103.0,-26.503900252005398,rad_pattern_8p3GHz.png
E,8.3,103.5,-26.757123392048324,rad_pattern_8p3GHz.png
E,8.3,104.0,-26.92545449815768,rad_pattern_8p3GHz.png
E,8.3,104.5,-27.009451047490014,rad_pattern_8p3GHz.png
E,8.3,105.0,-27.12127043014216,rad_pattern_8p3GHz.png
E,8.3,105.5,-27.28856657322158,rad_pattern_8p3GHz.png
E,8.3,106.0,-27.53839937216053,rad_pattern_8p3GHz.png
E,8.3,106.5,-27.554660203810393,rad_pattern_8p3GHz.png
E,8.3,107.0,-27.767897080109353,rad_pattern_8p3GHz.png
E,8.3,107.5,-27.767897080109353,rad_pattern_8p3GHz.png
E,8.3,108.0,-27.759116834902475,rad_pattern_8p3GHz.png
E,8.3,108.5,-27.5032665086961,rad_pattern_8p3GHz.png
E,8.3,109.0,-27.19238042244919,rad_pattern_8p3GHz.png
E,8.3,109.5,-26.99053650499602,rad_pattern_8p3GHz.png
E,8.3,110.0,-26.980742097982304,rad_pattern_8p3GHz.png
E,8.3,110.5,-26.842236419169563,rad_pattern_8p3GHz.png
E,8.3,111.0,-26.78409610240354,rad_pattern_8p3GHz.png
E,8.3,111.5,-26.740659771734766,rad_pattern_8p3GHz.png
E,8.3,112.0,-26.70898812870528,rad_pattern_8p3GHz.png
E,8.3,112.5,-26.504706677244233,rad_pattern_8p3GHz.png
E,8.3,113.0,-25.966014314299766,rad_pattern_8p3GHz.png
E,8.3,113.5,-25.966014314299766,rad_pattern_8p3GHz.png
E,8.3,114.0,-26.136421110617075,rad_pattern_8p3GHz.png
E,8.3,114.5,-26.306414873620025,rad_pattern_8p3GHz.png
E,8.3,115.0,-26.579026251612323,rad_pattern_8p3GHz.png
E,8.3,115.5,-26.812884375849922,rad_pattern_8p3GHz.png
E,8.3,116.0,-26.9555936188458,rad_pattern_8p3GHz.png
E,8.3,116.5,-27.033364847437998,rad_pattern_8p3GHz.png
E,8.3,117.0,-27.14962720330834,rad_pattern_8p3GHz.png
E,8.3,117.5,-27.45960176620625,rad_pattern_8p3GHz.png
E,8.3,118.0,-27.76931749344767,rad_pattern_8p3GHz.png
E,8.3,118.5,-27.820286499940362,rad_pattern_8p3GHz.png
E,8.3,119.0,-28.064761193835132,rad_pattern_8p3GHz.png
E,8.3,119.5,-28.258480499783342,rad_pattern_8p3GHz.png
E,8.3,120.0,-28.3733163407943,rad_pattern_8p3GHz.png
E,8.3,120.5,-28.487758913937892,rad_pattern_8p3GHz.png
E,8.3,121.0,-28.537333076273796,rad_pattern_8p3GHz.png
E,8.3,121.5,-28.537333076273796,rad_pattern_8p3GHz.png
E,8.3,122.0,-28.378178719153905,rad_pattern_8p3GHz.png
E,8.3,122.5,-28.169798689918668,rad_pattern_8p3GHz.png
E,8.3,123.0,-28.074314986040193,rad_pattern_8p3GHz.png
E,8.3,123.5,-27.978278714911212,rad_pattern_8p3GHz.png
E,8.3,124.0,-27.93009214344045,rad_pattern_8p3GHz.png
E,8.3,124.5,-27.86522650058007,rad_pattern_8p3GHz.png
E,8.3,125.0,-27.86522650058007,rad_pattern_8p3GHz.png
E,8.3,125.5,-27.895480961572407,rad_pattern_8p3GHz.png
E,8.3,126.0,-27.895480961572407,rad_pattern_8p3GHz.png
E,8.3,126.5,-27.8842236561263,rad_pattern_8p3GHz.png
E,8.3,127.0,-27.8842236561263,rad_pattern_8p3GHz.png
E,8.3,127.5,-27.930087956141026,rad_pattern_8p3GHz.png
E,8.3,128.0,-27.970648679290573,rad_pattern_8p3GHz.png
E,8.3,128.5,-27.975548018443444,rad_pattern_8p3GHz.png
E,8.3,129.0,-28.020585584020363,rad_pattern_8p3GHz.png
E,8.3,129.5,-28.08361538103215,rad_pattern_8p3GHz.png
E,8.3,130.0,-28.109315490567774,rad_pattern_8p3GHz.png
E,8.3,130.5,-28.20948590798331,rad_pattern_8p3GHz.png
E,8.3,131.0,-28.316136685758988,rad_pattern_8p3GHz.png
E,8.3,131.5,-28.481874549750454,rad_pattern_8p3GHz.png
E,8.3,132.0,-28.522689099291224,rad_pattern_8p3GHz.png
E,8.3,132.5,-28.688060034415077,rad_pattern_8p3GHz.png
E,8.3,133.0,-28.771213196801664,rad_pattern_8p3GHz.png
E,8.3,133.5,-28.975534513733265,rad_pattern_8p3GHz.png
E,8.3,134.0,-28.935465188293396,rad_pattern_8p3GHz.png
E,8.3,134.5,-28.99678303299006,rad_pattern_8p3GHz.png
E,8.3,135.0,-28.99678303299006,rad_pattern_8p3GHz.png
E,8.3,135.5,-29.058100877686723,rad_pattern_8p3GHz.png
E,8.3,136.0,-29.058100877686723,rad_pattern_8p3GHz.png
E,8.3,136.5,-29.138978208240285,rad_pattern_8p3GHz.png
E,8.3,137.0,-29.01639673688087,rad_pattern_8p3GHz.png
E,8.3,137.5,-28.728901376515292,rad_pattern_8p3GHz.png
E,8.3,138.0,-28.645122493172803,rad_pattern_8p3GHz.png
E,8.3,138.5,-28.481873528683824,rad_pattern_8p3GHz.png
E,8.3,139.0,-28.45730962934066,rad_pattern_8p3GHz.png
E,8.3,139.5,-28.438485298236532,rad_pattern_8p3GHz.png
E,8.3,140.0,-28.45730962934066,rad_pattern_8p3GHz.png
E,8.3,140.5,-28.39454523445151,rad_pattern_8p3GHz.png
E,8.3,141.0,-28.49445542563768,rad_pattern_8p3GHz.png
E,8.3,141.5,-28.46754258274981,rad_pattern_8p3GHz.png
E,8.3,142.0,-28.566363061874068,rad_pattern_8p3GHz.png
E,8.3,142.5,-28.46754258274981,rad_pattern_8p3GHz.png
E,8.3,143.0,-28.49693942290957,rad_pattern_8p3GHz.png
E,8.3,143.5,-28.49693942290957,rad_pattern_8p3GHz.png
E,8.3,144.0,-28.49693942290957,rad_pattern_8p3GHz.png
E,8.3,144.5,-28.658414365216807,rad_pattern_8p3GHz.png
E,8.3,145.0,-28.658414365216807,rad_pattern_8p3GHz.png
E,8.3,145.5,-28.563503648831997,rad_pattern_8p3GHz.png
E,8.3,146.0,-28.563503648831997,rad_pattern_8p3GHz.png
E,8.3,146.5,-28.972283005667958,rad_pattern_8p3GHz.png
E,8.3,147.0,-28.996461795250976,rad_pattern_8p3GHz.png
E,8.3,147.5,-29.01227347593002,rad_pattern_8p3GHz.png
E,8.3,148.0,-29.131939899375592,rad_pattern_8p3GHz.png
E,8.3,148.5,-29.171773142684337,rad_pattern_8p3GHz.png
E,8.3,149.0,-29.25125067468513,rad_pattern_8p3GHz.png
E,8.3,149.5,-29.45946485505866,rad_pattern_8p3GHz.png
E,8.3,150.0,-29.474058312748046,rad_pattern_8p3GHz.png
E,8.3,150.5,-29.48825969396385,rad_pattern_8p3GHz.png
E,8.3,151.0,-29.52748757021727,rad_pattern_8p3GHz.png
E,8.3,151.5,-29.52748757021727,rad_pattern_8p3GHz.png
E,8.3,152.0,-29.566661023914584,rad_pattern_8p3GHz.png
E,8.3,152.5,-29.580041505782432,rad_pattern_8p3GHz.png
E,8.3,153.0,-29.618822642934862,rad_pattern_8p3GHz.png
E,8.3,153.5,-29.618822642934862,rad_pattern_8p3GHz.png
E,8.3,154.0,-29.65760378008729,rad_pattern_8p3GHz.png
E,8.3,154.5,-29.734652554243812,rad_pattern_8p3GHz.png
E,8.3,155.0,-29.928467338356132,rad_pattern_8p3GHz.png
E,8.3,155.5,-29.746542466242282,rad_pattern_8p3GHz.png
E,8.3,156.0,-29.875639127141532,rad_pattern_8p3GHz.png
E,8.3,156.5,-29.84904809179395,rad_pattern_8p3GHz.png
E,8.3,157.0,-29.84904809179395,rad_pattern_8p3GHz.png
E,8.3,157.5,-29.84904809179395,rad_pattern_8p3GHz.png
E,8.3,158.0,-29.822358142130565,rad_pattern_8p3GHz.png
E,8.3,158.5,-30.08000403306539,rad_pattern_8p3GHz.png
E,8.3,159.0,-29.897354259261867,rad_pattern_8p3GHz.png
E,8.3,159.5,-30.025874039787137,rad_pattern_8p3GHz.png
E,8.3,160.0,-30.025874039787137,rad_pattern_8p3GHz.png
E,8.3,160.5,-30.062766197531843,rad_pattern_8p3GHz.png
E,8.3,161.0,-30.0810479203918,rad_pattern_8p3GHz.png
E,8.3,161.5,-30.0810479203918,rad_pattern_8p3GHz.png
E,8.3,162.0,-30.099329643251757,rad_pattern_8p3GHz.png
E,8.3,162.5,-30.099329643251757,rad_pattern_8p3GHz.png
E,8.3,163.0,-30.226888501980493,rad_pattern_8p3GHz.png
E,8.3,163.5,-30.226888501980493,rad_pattern_8p3GHz.png
E,8.3,164.0,-30.226888501980493,rad_pattern_8p3GHz.png
E,8.3,164.5,-30.26257126073867,rad_pattern_8p3GHz.png
E,8.3,165.0,-30.234623447254442,rad_pattern_8p3GHz.png
E,8.3,165.5,-30.26257126073867,rad_pattern_8p3GHz.png
E,8.3,166.0,-30.266171843326305,rad_pattern_8p3GHz.png
E,8.3,166.5,-30.297720239398167,rad_pattern_8p3GHz.png
E,8.3,167.0,-30.50789783939178,rad_pattern_8p3GHz.png
E,8.3,167.5,-30.50789783939178,rad_pattern_8p3GHz.png
E,8.3,168.0,-30.47964421194862,rad_pattern_8p3GHz.png
E,8.3,168.5,-29.595276721168432,rad_pattern_8p3GHz.png
E,8.3,169.0,-29.187035369589864,rad_pattern_8p3GHz.png
E,8.3,169.5,-29.068019006428504,rad_pattern_8p3GHz.png
E,8.3,170.0,-29.106734274838796,rad_pattern_8p3GHz.png
E,8.3,170.5,-29.106734274838796,rad_pattern_8p3GHz.png
E,8.3,171.0,-29.13985756404598,rad_pattern_8p3GHz.png
E,8.3,171.5,-29.13985756404598,rad_pattern_8p3GHz.png
E,8.3,172.0,-29.13985756404598,rad_pattern_8p3GHz.png
E,8.3,172.5,-29.176469695172234,rad_pattern_8p3GHz.png
E,8.3,173.0,-29.176469695172234,rad_pattern_8p3GHz.png
E,8.3,173.5,-29.176469695172234,rad_pattern_8p3GHz.png
E,8.3,174.0,-29.153975620294844,rad_pattern_8p3GHz.png
E,8.3,174.5,-29.153975620294844,rad_pattern_8p3GHz.png
E,8.3,175.0,-29.153975620294844,rad_pattern_8p3GHz.png
E,8.3,175.5,-29.21404112331703,rad_pattern_8p3GHz.png
E,8.3,176.0,-29.21611052249897,rad_pattern_8p3GHz.png
E,8.3,176.5,-29.21611052249897,rad_pattern_8p3GHz.png
E,8.3,177.0,-29.21611052249897,rad_pattern_8p3GHz.png
E,8.3,177.5,-29.334425762557206,rad_pattern_8p3GHz.png
E,8.3,178.0,-29.334425762557206,rad_pattern_8p3GHz.png
E,8.3,178.5,-29.248156628929188,rad_pattern_8p3GHz.png
E,8.3,179.0,-29.248156628929188,rad_pattern_8p3GHz.png
E,8.3,179.5,-29.56639708297112,rad_pattern_8p3GHz.png
E,8.3,180.0,-29.614555881987865,rad_pattern_8p3GHz.png
E,8.3,180.5,-29.614555881987865,rad_pattern_8p3GHz.png
E,8.3,181.0,-29.34447422696268,rad_pattern_8p3GHz.png
E,8.3,181.5,-29.334425762557206,rad_pattern_8p3GHz.png
E,8.3,182.0,-29.102190848480173,rad_pattern_8p3GHz.png
E,8.3,182.5,-29.102190848480173,rad_pattern_8p3GHz.png
E,8.3,183.0,-28.69659908232798,rad_pattern_8p3GHz.png
E,8.3,183.5,-28.462356983028737,rad_pattern_8p3GHz.png
E,8.3,184.0,-28.31813155669359,rad_pattern_8p3GHz.png
E,8.3,184.5,-28.313837914621907,rad_pattern_8p3GHz.png
E,8.3,185.0,-28.198609798126586,rad_pattern_8p3GHz.png
E,8.3,185.5,-28.250831323216413,rad_pattern_8p3GHz.png
E,8.3,186.0,-28.250831323216413,rad_pattern_8p3GHz.png
E,8.3,186.5,-28.250831323216413,rad_pattern_8p3GHz.png
E,8.3,187.0,-28.387609930771195,rad_pattern_8p3GHz.png
E,8.3,187.5,-28.215565824391337,rad_pattern_8p3GHz.png
E,8.3,188.0,-28.350856359456795,rad_pattern_8p3GHz.png
E,8.3,188.5,-28.350856359456795,rad_pattern_8p3GHz.png
E,8.3,189.0,-28.350856359456795,rad_pattern_8p3GHz.png
E,8.3,189.5,-28.3130730912184,rad_pattern_8p3GHz.png
E,8.3,190.0,-28.3130730912184,rad_pattern_8p3GHz.png
E,8.3,190.5,-28.478440737488985,rad_pattern_8p3GHz.png
E,8.3,191.0,-28.478440737488985,rad_pattern_8p3GHz.png
E,8.3,191.5,-28.478440737488985,rad_pattern_8p3GHz.png
E,8.3,192.0,-28.557600660824004,rad_pattern_8p3GHz.png
E,8.3,192.5,-28.642335094645976,rad_pattern_8p3GHz.png
E,8.3,193.0,-28.755071852637204,rad_pattern_8p3GHz.png
E,8.3,193.5,-28.895548536027935,rad_pattern_8p3GHz.png
E,8.3,194.0,-29.16196364360745,rad_pattern_8p3GHz.png
E,8.3,194.5,-29.035472925376272,rad_pattern_8p3GHz.png
E,8.3,195.0,-29.035472925376272,rad_pattern_8p3GHz.png
E,8.3,195.5,-29.035472925376272,rad_pattern_8p3GHz.png
E,8.3,196.0,-29.1469034375435,rad_pattern_8p3GHz.png
E,8.3,196.5,-29.29377461479285,rad_pattern_8p3GHz.png
E,8.3,197.0,-29.29377461479285,rad_pattern_8p3GHz.png
E,8.3,197.5,-29.34917774737142,rad_pattern_8p3GHz.png
E,8.3,198.0,-29.240079704783525,rad_pattern_8p3GHz.png
E,8.3,198.5,-29.459464766492932,rad_pattern_8p3GHz.png
E,8.3,199.0,-29.29473464293086,rad_pattern_8p3GHz.png
E,8.3,199.5,-29.29473464293086,rad_pattern_8p3GHz.png
E,8.3,200.0,-28.983642027863784,rad_pattern_8p3GHz.png
E,8.3,200.5,-28.72673386254868,rad_pattern_8p3GHz.png
E,8.3,201.0,-28.6521095871806,rad_pattern_8p3GHz.png
E,8.3,201.5,-28.6521095871806,rad_pattern_8p3GHz.png
E,8.3,202.0,-28.566030739205466,rad_pattern_8p3GHz.png
E,8.3,202.5,-28.566030739205466,rad_pattern_8p3GHz.png
E,8.3,203.0,-28.566030739205466,rad_pattern_8p3GHz.png
E,8.3,203.5,-28.645807944081742,rad_pattern_8p3GHz.png
E,8.3,204.0,-28.66051966878076,rad_pattern_8p3GHz.png
E,8.3,204.5,-28.713053140954425,rad_pattern_8p3GHz.png
E,8.3,205.0,-28.713053140954425,rad_pattern_8p3GHz.png
E,8.3,205.5,-28.76533054034248,rad_pattern_8p3GHz.png
E,8.3,206.0,-28.76533054034248,rad_pattern_8p3GHz.png
E,8.3,206.5,-28.80440640809391,rad_pattern_8p3GHz.png
E,8.3,207.0,-28.791181909148563,rad_pattern_8p3GHz.png
E,8.3,207.5,-28.791181909148563,rad_pattern_8p3GHz.png
E,8.3,208.0,-28.791181909148563,rad_pattern_8p3GHz.png
E,8.3,208.5,-28.828445965901626,rad_pattern_8p3GHz.png
E,8.3,209.0,-28.906884434276176,rad_pattern_8p3GHz.png
E,8.3,209.5,-29.047369132802697,rad_pattern_8p3GHz.png
E,8.3,210.0,-29.136998523829092,rad_pattern_8p3GHz.png
E,8.3,210.5,-29.161963166096232,rad_pattern_8p3GHz.png
E,8.3,211.0,-29.171773142684337,rad_pattern_8p3GHz.png
E,8.3,211.5,-29.186803379212336,rad_pattern_8p3GHz.png
E,8.3,212.0,-29.22069546754314,rad_pattern_8p3GHz.png
E,8.3,212.5,-29.22069546754314,rad_pattern_8p3GHz.png
E,8.3,213.0,-29.22069546754314,rad_pattern_8p3GHz.png
E,8.3,213.5,-29.188839194290292,rad_pattern_8p3GHz.png
E,8.3,214.0,-29.3972814133399,rad_pattern_8p3GHz.png
E,8.3,214.5,-29.3972814133399,rad_pattern_8p3GHz.png
E,8.3,215.0,-29.52529786104056,rad_pattern_8p3GHz.png
E,8.3,215.5,-29.65308080966689,rad_pattern_8p3GHz.png
E,8.3,216.0,-29.65308080966689,rad_pattern_8p3GHz.png
E,8.3,216.5,-29.699620560464375,rad_pattern_8p3GHz.png
E,8.3,217.0,-29.699620560464375,rad_pattern_8p3GHz.png
E,8.3,217.5,-29.76310908218529,rad_pattern_8p3GHz.png
E,8.3,218.0,-29.82647954387267,rad_pattern_8p3GHz.png
E,8.3,218.5,-29.82647954387267,rad_pattern_8p3GHz.png
E,8.3,219.0,-29.82647954387267,rad_pattern_8p3GHz.png
E,8.3,219.5,-29.84905060310455,rad_pattern_8p3GHz.png
E,8.3,220.0,-29.871344481235983,rad_pattern_8p3GHz.png
E,8.3,220.5,-29.871344481235983,rad_pattern_8p3GHz.png
E,8.3,221.0,-30.015632248649638,rad_pattern_8p3GHz.png
E,8.3,221.5,-29.874203841089482,rad_pattern_8p3GHz.png
E,8.3,222.0,-29.874203841089482,rad_pattern_8p3GHz.png
E,8.3,222.5,-29.874203841089482,rad_pattern_8p3GHz.png
E,8.3,223.0,-30.243481191479464,rad_pattern_8p3GHz.png
E,8.3,223.5,-30.243481191479464,rad_pattern_8p3GHz.png
E,8.3,224.0,-29.91651297160058,rad_pattern_8p3GHz.png
E,8.3,224.5,-29.425980858451332,rad_pattern_8p3GHz.png
E,8.3,225.0,-28.935448745302086,rad_pattern_8p3GHz.png
E,8.3,225.5,-28.44491663215284,rad_pattern_8p3GHz.png
E,8.3,226.0,-28.40340355820262,rad_pattern_8p3GHz.png
E,8.3,226.5,-28.11616603961785,rad_pattern_8p3GHz.png
E,8.3,227.0,-28.11616603961785,rad_pattern_8p3GHz.png
E,8.3,227.5,-28.11616603961785,rad_pattern_8p3GHz.png
E,8.3,228.0,-28.030564771086873,rad_pattern_8p3GHz.png
E,8.3,228.5,-28.090393075265368,rad_pattern_8p3GHz.png
E,8.3,229.0,-28.030564771086873,rad_pattern_8p3GHz.png
E,8.3,229.5,-28.090393075265368,rad_pattern_8p3GHz.png
E,8.3,230.0,-27.98702209840874,rad_pattern_8p3GHz.png
E,8.3,230.5,-28.101912471895044,rad_pattern_8p3GHz.png
E,8.3,231.0,-28.097369986191804,rad_pattern_8p3GHz.png
E,8.3,231.5,-28.101912471895044,rad_pattern_8p3GHz.png
E,8.3,232.0,-28.137956607717662,rad_pattern_8p3GHz.png
E,8.3,232.5,-28.340783272547732,rad_pattern_8p3GHz.png
E,8.3,233.0,-28.37566936574292,rad_pattern_8p3GHz.png
E,8.3,233.5,-28.543341621464673,rad_pattern_8p3GHz.png
E,8.3,234.0,-28.618071377773273,rad_pattern_8p3GHz.png
E,8.3,234.5,-28.6987387085883,rad_pattern_8p3GHz.png
E,8.3,235.0,-28.859828966720713,rad_pattern_8p3GHz.png
E,8.3,235.5,-28.859828966720713,rad_pattern_8p3GHz.png
E,8.3,236.0,-28.66771182460703,rad_pattern_8p3GHz.png
E,8.3,236.5,-28.098494195233176,rad_pattern_8p3GHz.png
E,8.3,237.0,-28.074314986040193,rad_pattern_8p3GHz.png
E,8.3,237.5,-27.75301163046561,rad_pattern_8p3GHz.png
E,8.3,238.0,-27.719251623767672,rad_pattern_8p3GHz.png
E,8.3,238.5,-27.70407128426069,rad_pattern_8p3GHz.png
E,8.3,239.0,-27.555619085919613,rad_pattern_8p3GHz.png
E,8.3,239.5,-27.555619085919613,rad_pattern_8p3GHz.png
E,8.3,240.0,-27.555619085919613,rad_pattern_8p3GHz.png
E,8.3,240.5,-27.612667810880318,rad_pattern_8p3GHz.png
E,8.3,241.0,-27.56185826151571,rad_pattern_8p3GHz.png
E,8.3,241.5,-27.56185826151571,rad_pattern_8p3GHz.png
E,8.3,242.0,-27.56185826151571,rad_pattern_8p3GHz.png
E,8.3,242.5,-27.45960176620625,rad_pattern_8p3GHz.png
E,8.3,243.0,-27.45960176620625,rad_pattern_8p3GHz.png
E,8.3,243.5,-27.537303145971354,rad_pattern_8p3GHz.png
E,8.3,244.0,-28.02834495255654,rad_pattern_8p3GHz.png
E,8.3,244.5,-28.02834495255654,rad_pattern_8p3GHz.png
E,8.3,245.0,-28.18204853420652,rad_pattern_8p3GHz.png
E,8.3,245.5,-28.18204853420652,rad_pattern_8p3GHz.png
E,8.3,246.0,-28.00018431249538,rad_pattern_8p3GHz.png
E,8.3,246.5,-27.480527070487557,rad_pattern_8p3GHz.png
E,8.3,247.0,-27.40081948887327,rad_pattern_8p3GHz.png
E,8.3,247.5,-27.165119262415423,rad_pattern_8p3GHz.png
E,8.3,248.0,-26.78409610240354,rad_pattern_8p3GHz.png
E,8.3,248.5,-26.77342869848737,rad_pattern_8p3GHz.png
E,8.3,249.0,-26.67631655550337,rad_pattern_8p3GHz.png
E,8.3,249.5,-26.605322609110505,rad_pattern_8p3GHz.png
E,8.3,250.0,-26.605322609110505,rad_pattern_8p3GHz.png
E,8.3,250.5,-26.605322609110505,rad_pattern_8p3GHz.png
E,8.3,251.0,-25.98583383613355,rad_pattern_8p3GHz.png
E,8.3,251.5,-25.98583383613355,rad_pattern_8p3GHz.png
E,8.3,252.0,-26.177659944185365,rad_pattern_8p3GHz.png
E,8.3,252.5,-26.186526356012376,rad_pattern_8p3GHz.png
E,8.3,253.0,-26.331210581702404,rad_pattern_8p3GHz.png
E,8.3,253.5,-26.55799986177058,rad_pattern_8p3GHz.png
E,8.3,254.0,-26.58577334761049,rad_pattern_8p3GHz.png
E,8.3,254.5,-26.83984888392627,rad_pattern_8p3GHz.png
E,8.3,255.0,-26.854992939429923,rad_pattern_8p3GHz.png
E,8.3,255.5,-27.009451047490014,rad_pattern_8p3GHz.png
E,8.3,256.0,-27.009451047490014,rad_pattern_8p3GHz.png
E,8.3,256.5,-26.939284602317457,rad_pattern_8p3GHz.png
E,8.3,257.0,-26.77040831852874,rad_pattern_8p3GHz.png
E,8.3,257.5,-26.57293961158236,rad_pattern_8p3GHz.png
E,8.3,258.0,-26.375060884545622,rad_pattern_8p3GHz.png
E,8.3,258.5,-26.176807127207915,rad_pattern_8p3GHz.png
E,8.3,259.0,-26.091744402254218,rad_pattern_8p3GHz.png
E,8.3,259.5,-25.86463315595876,rad_pattern_8p3GHz.png
E,8.3,260.0,-25.694066560342495,rad_pattern_8p3GHz.png
E,8.3,260.5,-25.20987140856217,rad_pattern_8p3GHz.png
E,8.3,261.0,-24.81027486348527,rad_pattern_8p3GHz.png
E,8.3,261.5,-24.733036496336176,rad_pattern_8p3GHz.png
E,8.3,262.0,-24.733036496336176,rad_pattern_8p3GHz.png
E,8.3,262.5,-24.863140197242323,rad_pattern_8p3GHz.png
E,8.3,263.0,-25.01369318792289,rad_pattern_8p3GHz.png
E,8.3,263.5,-25.163981658159848,rad_pattern_8p3GHz.png
E,8.3,264.0,-25.2852367182946,rad_pattern_8p3GHz.png
E,8.3,264.5,-25.406135151273983,rad_pattern_8p3GHz.png
E,8.3,265.0,-25.49786037121669,rad_pattern_8p3GHz.png
E,8.3,265.5,-25.58913748530144,rad_pattern_8p3GHz.png
E,8.3,266.0,-25.58913748530144,rad_pattern_8p3GHz.png
E,8.3,266.5,-25.510538159254253,rad_pattern_8p3GHz.png
E,8.3,267.0,-25.279649761327416,rad_pattern_8p3GHz.png
E,8.3,267.5,-25.051522759018237,rad_pattern_8p3GHz.png
E,8.3,268.0,-24.851518682487143,rad_pattern_8p3GHz.png
E,8.3,268.5,-24.5625967547865,rad_pattern_8p3GHz.png
E,8.3,269.0,-24.36234323316472,rad_pattern_8p3GHz.png
E,8.3,269.5,-23.987085466884338,rad_pattern_8p3GHz.png
E,8.3,270.0,-23.814119018725783,rad_pattern_8p3GHz.png
E,8.3,270.5,-23.52460697899964,rad_pattern_8p3GHz.png
E,8.3,271.0,-23.176895473757103,rad_pattern_8p3GHz.png
E,8.3,271.5,-22.799948741818877,rad_pattern_8p3GHz.png
E,8.3,272.0,-22.768423862013325,rad_pattern_8p3GHz.png
E,8.3,272.5,-22.73611279528261,rad_pattern_8p3GHz.png
E,8.3,273.0,-22.588954931452182,rad_pattern_8p3GHz.png
E,8.3,273.5,-22.588954931452182,rad_pattern_8p3GHz.png
E,8.3,274.0,-22.724442439823274,rad_pattern_8p3GHz.png
E,8.3,274.5,-22.808927327601015,rad_pattern_8p3GHz.png
E,8.3,275.0,-22.82309942500085,rad_pattern_8p3GHz.png
E,8.3,275.5,-22.84310551114726,rad_pattern_8p3GHz.png
E,8.3,276.0,-22.84310551114726,rad_pattern_8p3GHz.png
E,8.3,276.5,-22.890948317635978,rad_pattern_8p3GHz.png
E,8.3,277.0,-22.890948317635978,rad_pattern_8p3GHz.png
E,8.3,277.5,-22.70462885564082,rad_pattern_8p3GHz.png
E,8.3,278.0,-22.63575019225601,rad_pattern_8p3GHz.png
E,8.3,278.5,-22.418968967961433,rad_pattern_8p3GHz.png
E,8.3,279.0,-22.20138917682547,rad_pattern_8p3GHz.png
E,8.3,279.5,-22.016341962363907,rad_pattern_8p3GHz.png
E,8.3,280.0,-21.768989999680482,rad_pattern_8p3GHz.png
E,8.3,280.5,-21.521042845136304,rad_pattern_8p3GHz.png
E,8.3,281.0,-21.272545821273436,rad_pattern_8p3GHz.png
E,8.3,281.5,-21.006372504788192,rad_pattern_8p3GHz.png
E,8.3,282.0,-20.784590671417956,rad_pattern_8p3GHz.png
E,8.3,282.5,-20.562355486539072,rad_pattern_8p3GHz.png
E,8.3,283.0,-20.361409291756505,rad_pattern_8p3GHz.png
E,8.3,283.5,-20.222412756484708,rad_pattern_8p3GHz.png
E,8.3,284.0,-20.103749437773562,rad_pattern_8p3GHz.png
E,8.3,284.5,-19.998420838959756,rad_pattern_8p3GHz.png
E,8.3,285.0,-19.90573531658399,rad_pattern_8p3GHz.png
E,8.3,285.5,-19.847296030156233,rad_pattern_8p3GHz.png
E,8.3,286.0,-19.827217974690235,rad_pattern_8p3GHz.png
E,8.3,286.5,-19.823747638389737,rad_pattern_8p3GHz.png
E,8.3,287.0,-19.82334076063412,rad_pattern_8p3GHz.png
E,8.3,287.5,-19.785414296375954,rad_pattern_8p3GHz.png
E,8.3,288.0,-19.769331017970323,rad_pattern_8p3GHz.png
E,8.3,288.5,-19.71495802495743,rad_pattern_8p3GHz.png
E,8.3,289.0,-19.641359124219445,rad_pattern_8p3GHz.png
E,8.3,289.5,-19.576077137007168,rad_pattern_8p3GHz.png
E,8.3,290.0,-19.452975655447982,rad_pattern_8p3GHz.png
E,8.3,290.5,-19.341393422096516,rad_pattern_8p3GHz.png
E,8.3,291.0,-19.209068900344683,rad_pattern_8p3GHz.png
E,8.3,291.5,-19.03826179471815,rad_pattern_8p3GHz.png
E,8.3,292.0,-18.887990139926615,rad_pattern_8p3GHz.png
E,8.3,292.5,-18.726387888562375,rad_pattern_8p3GHz.png
E,8.3,293.0,-18.5417072157222,rad_pattern_8p3GHz.png
E,8.3,293.5,-18.366970980551418,rad_pattern_8p3GHz.png
E,8.3,294.0,-18.229336604320007,rad_pattern_8p3GHz.png
E,8.3,294.5,-18.09108353908667,rad_pattern_8p3GHz.png
E,8.3,295.0,-17.95385797165917,rad_pattern_8p3GHz.png
E,8.3,295.5,-17.839801866778174,rad_pattern_8p3GHz.png
E,8.3,296.0,-17.76406082230177,rad_pattern_8p3GHz.png
E,8.3,296.5,-17.725479546310385,rad_pattern_8p3GHz.png
E,8.3,297.0,-17.634911832881787,rad_pattern_8p3GHz.png
E,8.3,297.5,-17.617850813836935,rad_pattern_8p3GHz.png
E,8.3,298.0,-17.617850813836935,rad_pattern_8p3GHz.png
E,8.3,298.5,-17.639343041879012,rad_pattern_8p3GHz.png
E,8.3,299.0,-17.673488006267927,rad_pattern_8p3GHz.png
E,8.3,299.5,-17.720642418584685,rad_pattern_8p3GHz.png
E,8.3,300.0,-17.846386563882664,rad_pattern_8p3GHz.png
E,8.3,300.5,-17.938026939552746,rad_pattern_8p3GHz.png
E,8.3,301.0,-18.02248813711636,rad_pattern_8p3GHz.png
E,8.3,301.5,-18.140614713663734,rad_pattern_8p3GHz.png
E,8.3,302.0,-18.263423370022903,rad_pattern_8p3GHz.png
E,8.3,302.5,-18.387954565734688,rad_pattern_8p3GHz.png
E,8.3,303.0,-18.50073639213522,rad_pattern_8p3GHz.png
E,8.3,303.5,-18.613994240465836,rad_pattern_8p3GHz.png
E,8.3,304.0,-18.79034403152681,rad_pattern_8p3GHz.png
E,8.3,304.5,-18.884965159947722,rad_pattern_8p3GHz.png
E,8.3,305.0,-18.99643542552636,rad_pattern_8p3GHz.png
E,8.3,305.5,-19.145208690449365,rad_pattern_8p3GHz.png
E,8.3,306.0,-19.24557942064477,rad_pattern_8p3GHz.png
E,8.3,306.5,-19.321756399612624,rad_pattern_8p3GHz.png
E,8.3,307.0,-19.443329981714538,rad_pattern_8p3GHz.png
E,8.3,307.5,-19.55823145214072,rad_pattern_8p3GHz.png
E,8.3,308.0,-19.63198891014189,rad_pattern_8p3GHz.png
E,8.3,308.5,-19.700211925944796,rad_pattern_8p3GHz.png
E,8.3,309.0,-19.736388660237065,rad_pattern_8p3GHz.png
E,8.3,309.5,-19.736388660237065,rad_pattern_8p3GHz.png
E,8.3,310.0,-19.71526840405844,rad_pattern_8p3GHz.png
E,8.3,310.5,-19.68447042666823,rad_pattern_8p3GHz.png
E,8.3,311.0,-19.58409322706483,rad_pattern_8p3GHz.png
E,8.3,311.5,-19.407506780150936,rad_pattern_8p3GHz.png
E,8.3,312.0,-19.2706013438363,rad_pattern_8p3GHz.png
E,8.3,312.5,-19.074099433912888,rad_pattern_8p3GHz.png
E,8.3,313.0,-18.830438449595345,rad_pattern_8p3GHz.png
E,8.3,313.5,-18.567888413284344,rad_pattern_8p3GHz.png
E,8.3,314.0,-18.28379052185549,rad_pattern_8p3GHz.png
E,8.3,314.5,-17.856459913727765,rad_pattern_8p3GHz.png
E,8.3,315.0,-17.570615574218483,rad_pattern_8p3GHz.png
E,8.3,315.5,-17.20202960008738,rad_pattern_8p3GHz.png
E,8.3,316.0,-16.853208813049722,rad_pattern_8p3GHz.png
E,8.3,316.5,-16.46283677019721,rad_pattern_8p3GHz.png
E,8.3,317.0,-16.047956029927995,rad_pattern_8p3GHz.png
E,8.3,317.5,-15.636274655518104,rad_pattern_8p3GHz.png
E,8.3,318.0,-15.239710482494694,rad_pattern_8p3GHz.png
E,8.3,318.5,-14.863281632155925,rad_pattern_8p3GHz.png
E,8.3,319.0,-14.4854126726514,rad_pattern_8p3GHz.png
E,8.3,319.5,-14.12209692570751,rad_pattern_8p3GHz.png
E,8.3,320.0,-13.763725484693815,rad_pattern_8p3GHz.png
E,8.3,320.5,-13.378487804203925,rad_pattern_8p3GHz.png
E,8.3,321.0,-13.059186009928272,rad_pattern_8p3GHz.png
E,8.3,321.5,-12.747883085035792,rad_pattern_8p3GHz.png
E,8.3,322.0,-12.434242386568975,rad_pattern_8p3GHz.png
E,8.3,322.5,-12.111630618032269,rad_pattern_8p3GHz.png
E,8.3,323.0,-11.817747602192139,rad_pattern_8p3GHz.png
E,8.3,323.5,-11.534120584570797,rad_pattern_8p3GHz.png
E,8.3,324.0,-11.264987257481614,rad_pattern_8p3GHz.png
E,8.3,324.5,-10.989426288101367,rad_pattern_8p3GHz.png
E,8.3,325.0,-10.78365847003802,rad_pattern_8p3GHz.png
E,8.3,325.5,-10.537242424661546,rad_pattern_8p3GHz.png
E,8.3,326.0,-10.35599573121462,rad_pattern_8p3GHz.png
E,8.3,326.5,-10.139667509982242,rad_pattern_8p3GHz.png
E,8.3,327.0,-9.962115076640309,rad_pattern_8p3GHz.png
E,8.3,327.5,-9.790333265008066,rad_pattern_8p3GHz.png
E,8.3,328.0,-9.634831965407624,rad_pattern_8p3GHz.png
E,8.3,328.5,-9.474680727865191,rad_pattern_8p3GHz.png
E,8.3,329.0,-9.351780481311248,rad_pattern_8p3GHz.png
E,8.3,329.5,-9.217389883181077,rad_pattern_8p3GHz.png
E,8.3,330.0,-9.115357696667576,rad_pattern_8p3GHz.png
E,8.3,330.5,-9.014479379119187,rad_pattern_8p3GHz.png
E,8.3,331.0,-8.918783078758132,rad_pattern_8p3GHz.png
E,8.3,331.5,-8.856511062816832,rad_pattern_8p3GHz.png
E,8.3,332.0,-8.77225715319046,rad_pattern_8p3GHz.png
E,8.3,332.5,-8.700401736175401,rad_pattern_8p3GHz.png
E,8.3,333.0,-8.649516207759653,rad_pattern_8p3GHz.png
E,8.3,333.5,-8.57277173361063,rad_pattern_8p3GHz.png
E,8.3,334.0,-8.520616145242599,rad_pattern_8p3GHz.png
E,8.3,334.5,-8.465323603555973,rad_pattern_8p3GHz.png
E,8.3,335.0,-8.406474081273029,rad_pattern_8p3GHz.png
E,8.3,335.5,-8.351680778967925,rad_pattern_8p3GHz.png
E,8.3,336.0,-8.26478451292732,rad_pattern_8p3GHz.png
E,8.3,336.5,-8.179168553589832,rad_pattern_8p3GHz.png
E,8.3,337.0,-8.088337832095895,rad_pattern_8p3GHz.png
E,8.3,337.5,-7.984200662768888,rad_pattern_8p3GHz.png
E,8.3,338.0,-7.8405496464945585,rad_pattern_8p3GHz.png
E,8.3,338.5,-7.685150945530104,rad_pattern_8p3GHz.png
E,8.3,339.0,-7.516070378124713,rad_pattern_8p3GHz.png
E,8.3,339.5,-7.337405951669023,rad_pattern_8p3GHz.png
E,8.3,340.0,-7.126895189175979,rad_pattern_8p3GHz.png
E,8.3,340.5,-6.903851994258893,rad_pattern_8p3GHz.png
E,8.3,341.0,-6.678593765055769,rad_pattern_8p3GHz.png
E,8.3,341.5,-6.4235411289505215,rad_pattern_8p3GHz.png
E,8.3,342.0,-6.148736872418116,rad_pattern_8p3GHz.png
E,8.3,342.5,-5.870923757762856,rad_pattern_8p3GHz.png
E,8.3,343.0,-5.573494027562212,rad_pattern_8p3GHz.png
E,8.3,343.5,-5.282451242443795,rad_pattern_8p3GHz.png
E,8.3,344.0,-4.996903668636687,rad_pattern_8p3GHz.png
E,8.3,344.5,-4.686315651581388,rad_pattern_8p3GHz.png
E,8.3,345.0,-4.396651608268975,rad_pattern_8p3GHz.png
E,8.3,345.5,-4.0962996941724725,rad_pattern_8p3GHz.png
E,8.3,346.0,-3.809995763250406,rad_pattern_8p3GHz.png
E,8.3,346.5,-3.5131601261133873,rad_pattern_8p3GHz.png
E,8.3,347.0,-3.2382101109272625,rad_pattern_8p3GHz.png
E,8.3,347.5,-2.9631839508225184,rad_pattern_8p3GHz.png
E,8.3,348.0,-2.692830122785253,rad_pattern_8p3GHz.png
E,8.3,348.5,-2.4454783725687683,rad_pattern_8p3GHz.png
E,8.3,349.0,-2.2018989459501555,rad_pattern_8p3GHz.png
E,8.3,349.5,-1.9718850312045006,rad_pattern_8p3GHz.png
E,8.3,350.0,-1.7463592891964943,rad_pattern_8p3GHz.png
E,8.3,350.5,-1.5387509147464122,rad_pattern_8p3GHz.png
E,8.3,351.0,-1.346999124033477,rad_pattern_8p3GHz.png
E,8.3,351.5,-1.1528988216694245,rad_pattern_8p3GHz.png
E,8.3,352.0,-0.9895665764855472,rad_pattern_8p3GHz.png
E,8.3,352.5,-0.811440257152924,rad_pattern_8p3GHz.png
E,8.3,353.0,-0.6786341012172095,rad_pattern_8p3GHz.png
E,8.3,353.5,-0.5705573202067917,rad_pattern_8p3GHz.png
E,8.3,354.0,-0.42711229964276143,rad_pattern_8p3GHz.png
E,8.3,354.5,-0.34152475811932703,rad_pattern_8p3GHz.png
E,8.3,355.0,-0.2400830503387894,rad_pattern_8p3GHz.png
E,8.3,355.5,-0.16164302627784366,rad_pattern_8p3GHz.png
E,8.3,356.0,-0.11062171621485817,rad_pattern_8p3GHz.png
E,8.3,356.5,-0.07320021061163473,rad_pattern_8p3GHz.png
E,8.3,357.0,-0.01018571663520973,rad_pattern_8p3GHz.png
E,8.3,357.5,0.0,rad_pattern_8p3GHz.png
E,8.3,358.0,0.0,rad_pattern_8p3GHz.png
E,8.3,358.5,-0.010796687934963245,rad_pattern_8p3GHz.png
E,8.3,359.0,-0.019846165458140774,rad_pattern_8p3GHz.png
E,8.3,359.5,-0.023402039695692878,rad_pattern_8p3GHz.png
E,9.3,0.0,-0.13916375624728516,rad_pattern_9p3GHz.png
E,9.3,0.5,-0.16685143477321418,rad_pattern_9p3GHz.png
E,9.3,1.0,-0.251533840176112,rad_pattern_9p3GHz.png
E,9.3,1.5,-0.36210923492484426,rad_pattern_9p3GHz.png
E,9.3,2.0,-0.47136247837382683,rad_pattern_9p3GHz.png
E,9.3,2.5,-0.6306197248625978,rad_pattern_9p3GHz.png
E,9.3,3.0,-0.7833961054563048,rad_pattern_9p3GHz.png
E,9.3,3.5,-0.9548567977604954,rad_pattern_9p3GHz.png
E,9.3,4.0,-1.1361917790919485,rad_pattern_9p3GHz.png
E,9.3,4.5,-1.321177050170835,rad_pattern_9p3GHz.png
E,9.3,5.0,-1.5400256095013312,rad_pattern_9p3GHz.png
E,9.3,5.5,-1.78554855962631,rad_pattern_9p3GHz.png
E,9.3,6.0,-2.018548146510785,rad_pattern_9p3GHz.png
E,9.3,6.5,-2.2788145594089,rad_pattern_9p3GHz.png
E,9.3,7.0,-2.5361801979528096,rad_pattern_9p3GHz.png
E,9.3,7.5,-2.8286599434828084,rad_pattern_9p3GHz.png
E,9.3,8.0,-3.111066876907877,rad_pattern_9p3GHz.png
E,9.3,8.5,-3.388321201195719,rad_pattern_9p3GHz.png
E,9.3,9.0,-3.689818174172796,rad_pattern_9p3GHz.png
E,9.3,9.5,-4.000424759585279,rad_pattern_9p3GHz.png
E,9.3,10.0,-4.298576067422143,rad_pattern_9p3GHz.png
E,9.3,10.5,-4.6036912085638875,rad_pattern_9p3GHz.png
E,9.3,11.0,-4.871530572105279,rad_pattern_9p3GHz.png
E,9.3,11.5,-5.1610524972265175,rad_pattern_9p3GHz.png
E,9.3,12.0,-5.414366266522414,rad_pattern_9p3GHz.png
E,9.3,12.5,-5.647196585185686,rad_pattern_9p3GHz.png
E,9.3,13.0,-5.879158392992029,rad_pattern_9p3GHz.png
E,9.3,13.5,-6.0744926230687035,rad_pattern_9p3GHz.png
E,9.3,14.0,-6.271130179192259,rad_pattern_9p3GHz.png
E,9.3,14.5,-6.4384818233778205,rad_pattern_9p3GHz.png
E,9.3,15.0,-6.567579570926519,rad_pattern_9p3GHz.png
E,9.3,15.5,-6.704125869058167,rad_pattern_9p3GHz.png
E,9.3,16.0,-6.807626675269237,rad_pattern_9p3GHz.png
E,9.3,16.5,-6.894159952443491,rad_pattern_9p3GHz.png
E,9.3,17.0,-6.971801295012089,rad_pattern_9p3GHz.png
E,9.3,17.5,-7.040046440982547,rad_pattern_9p3GHz.png
E,9.3,18.0,-7.081792205462236,rad_pattern_9p3GHz.png
E,9.3,18.5,-7.136506267567331,rad_pattern_9p3GHz.png
E,9.3,19.0,-7.189173668017972,rad_pattern_9p3GHz.png
E,9.3,19.5,-7.232445662630493,rad_pattern_9p3GHz.png
E,9.3,20.0,-7.282406213225851,rad_pattern_9p3GHz.png
E,9.3,20.5,-7.330639370015351,rad_pattern_9p3GHz.png
E,9.3,21.0,-7.397836413873005,rad_pattern_9p3GHz.png
E,9.3,21.5,-7.475647688046482,rad_pattern_9p3GHz.png
E,9.3,22.0,-7.576995385679673,rad_pattern_9p3GHz.png
E,9.3,22.5,-7.652401668310262,rad_pattern_9p3GHz.png
E,9.3,23.0,-7.792193395031113,rad_pattern_9p3GHz.png
E,9.3,23.5,-7.8977788113611,rad_pattern_9p3GHz.png
E,9.3,24.0,-8.05646828094002,rad_pattern_9p3GHz.png
E,9.3,24.5,-8.196280669593236,rad_pattern_9p3GHz.png
E,9.3,25.0,-8.383891762411675,rad_pattern_9p3GHz.png
E,9.3,25.5,-8.594576222751325,rad_pattern_9p3GHz.png
E,9.3,26.0,-8.804626419599554,rad_pattern_9p3GHz.png
E,9.3,26.5,-9.025221910308858,rad_pattern_9p3GHz.png
E,9.3,27.0,-9.29640886054472,rad_pattern_9p3GHz.png
E,9.3,27.5,-9.553867864445849,rad_pattern_9p3GHz.png
E,9.3,28.0,-9.84687621754367,rad_pattern_9p3GHz.png
E,9.3,28.5,-10.136949111225743,rad_pattern_9p3GHz.png
E,9.3,29.0,-10.491404362689053,rad_pattern_9p3GHz.png
E,9.3,29.5,-10.84397104990612,rad_pattern_9p3GHz.png
E,9.3,30.0,-11.2312128980139,rad_pattern_9p3GHz.png
E,9.3,30.5,-11.602089538278484,rad_pattern_9p3GHz.png
E,9.3,31.0,-12.02881735172798,rad_pattern_9p3GHz.png
E,9.3,31.5,-12.425040764558528,rad_pattern_9p3GHz.png
E,9.3,32.0,-12.888981709206842,rad_pattern_9p3GHz.png
E,9.3,32.5,-13.326571214847302,rad_pattern_9p3GHz.png
E,9.3,33.0,-13.762461534208775,rad_pattern_9p3GHz.png
E,9.3,33.5,-14.196095738706212,rad_pattern_9p3GHz.png
E,9.3,34.0,-14.693348615137424,rad_pattern_9p3GHz.png
E,9.3,34.5,-15.133185781326628,rad_pattern_9p3GHz.png
E,9.3,35.0,-15.538996437416042,rad_pattern_9p3GHz.png
E,9.3,35.5,-15.936070164860533,rad_pattern_9p3GHz.png
E,9.3,36.0,-16.302034422373946,rad_pattern_9p3GHz.png
E,9.3,36.5,-16.633270277151997,rad_pattern_9p3GHz.png
E,9.3,37.0,-16.899622384058215,rad_pattern_9p3GHz.png
E,9.3,37.5,-17.101328567087545,rad_pattern_9p3GHz.png
E,9.3,38.0,-17.26648595056903,rad_pattern_9p3GHz.png
E,9.3,38.5,-17.379793485658357,rad_pattern_9p3GHz.png
E,9.3,39.0,-17.419971720016346,rad_pattern_9p3GHz.png
E,9.3,39.5,-17.419971720016346,rad_pattern_9p3GHz.png
E,9.3,40.0,-17.416856027090468,rad_pattern_9p3GHz.png
E,9.3,40.5,-17.360960473194414,rad_pattern_9p3GHz.png
E,9.3,41.0,-17.1912989052456,rad_pattern_9p3GHz.png
E,9.3,41.5,-17.074078968132834,rad_pattern_9p3GHz.png
E,9.3,42.0,-16.941401794121415,rad_pattern_9p3GHz.png
E,9.3,42.5,-16.824188102282267,rad_pattern_9p3GHz.png
E,9.3,43.0,-16.70315314179044,rad_pattern_9p3GHz.png
E,9.3,43.5,-16.523504907301426,rad_pattern_9p3GHz.png
E,9.3,44.0,-16.362712900811918,rad_pattern_9p3GHz.png
E,9.3,44.5,-16.241612837739407,rad_pattern_9p3GHz.png
E,9.3,45.0,-16.139863744174352,rad_pattern_9p3GHz.png
E,9.3,45.5,-16.057489436312444,rad_pattern_9p3GHz.png
E,9.3,46.0,-15.974012582157911,rad_pattern_9p3GHz.png
E,9.3,46.5,-15.868575303828825,rad_pattern_9p3GHz.png
E,9.3,47.0,-15.82391975954752,rad_pattern_9p3GHz.png
E,9.3,47.5,-15.796093284273041,rad_pattern_9p3GHz.png
E,9.3,48.0,-15.782615282407345,rad_pattern_9p3GHz.png
E,9.3,48.5,-15.777249312056952,rad_pattern_9p3GHz.png
E,9.3,49.0,-15.782615282407345,rad_pattern_9p3GHz.png
E,9.3,49.5,-15.846714773332684,rad_pattern_9p3GHz.png
E,9.3,50.0,-15.88415782232042,rad_pattern_9p3GHz.png
E,9.3,50.5,-15.94730497615402,rad_pattern_9p3GHz.png
E,9.3,51.0,-16.020560617086694,rad_pattern_9p3GHz.png
E,9.3,51.5,-16.106881555898575,rad_pattern_9p3GHz.png
E,9.3,52.0,-16.186537150020524,rad_pattern_9p3GHz.png
E,9.3,52.5,-16.292219810009666,rad_pattern_9p3GHz.png
E,9.3,53.0,-16.384922822713985,rad_pattern_9p3GHz.png
E,9.3,53.5,-16.494751681785377,rad_pattern_9p3GHz.png
E,9.3,54.0,-16.627123818861907,rad_pattern_9p3GHz.png
E,9.3,54.5,-16.7490350338205,rad_pattern_9p3GHz.png
E,9.3,55.0,-16.869814979983506,rad_pattern_9p3GHz.png
E,9.3,55.5,-16.976292968872915,rad_pattern_9p3GHz.png
E,9.3,56.0,-17.11439383886501,rad_pattern_9p3GHz.png
E,9.3,56.5,-17.234985953304427,rad_pattern_9p3GHz.png
E,9.3,57.0,-17.362793084587718,rad_pattern_9p3GHz.png
E,9.3,57.5,-17.49681447181591,rad_pattern_9p3GHz.png
E,9.3,58.0,-17.662874170796318,rad_pattern_9p3GHz.png
E,9.3,58.5,-17.833735182935566,rad_pattern_9p3GHz.png
E,9.3,59.0,-17.99766675231692,rad_pattern_9p3GHz.png
E,9.3,59.5,-18.1755017277839,rad_pattern_9p3GHz.png
E,9.3,60.0,-18.377004702004992,rad_pattern_9p3GHz.png
E,9.3,60.5,-18.588395880782684,rad_pattern_9p3GHz.png
E,9.3,61.0,-18.799348561071117,rad_pattern_9p3GHz.png
E,9.3,61.5,-19.062800695177923,rad_pattern_9p3GHz.png
E,9.3,62.0,-19.36246987314698,rad_pattern_9p3GHz.png
E,9.3,62.5,-19.637321875051697,rad_pattern_9p3GHz.png
E,9.3,63.0,-19.948747902886527,rad_pattern_9p3GHz.png
E,9.3,63.5,-20.168787207339886,rad_pattern_9p3GHz.png
E,9.3,64.0,-20.42686575822936,rad_pattern_9p3GHz.png
E,9.3,64.5,-20.723083614380474,rad_pattern_9p3GHz.png
E,9.3,65.0,-21.030890591667262,rad_pattern_9p3GHz.png
E,9.3,65.5,-21.313528573942833,rad_pattern_9p3GHz.png
E,9.3,66.0,-21.60763222924359,rad_pattern_9p3GHz.png
E,9.3,66.5,-21.90079228682413,rad_pattern_9p3GHz.png
E,9.3,67.0,-22.12852821611411,rad_pattern_9p3GHz.png
E,9.3,67.5,-22.34434088619916,rad_pattern_9p3GHz.png
E,9.3,68.0,-22.559550940600598,rad_pattern_9p3GHz.png
E,9.3,68.5,-22.774284510197024,rad_pattern_9p3GHz.png
E,9.3,69.0,-22.988324499648378,rad_pattern_9p3GHz.png
E,9.3,69.5,-23.110359203540735,rad_pattern_9p3GHz.png
E,9.3,70.0,-23.29595521936709,rad_pattern_9p3GHz.png
E,9.3,70.5,-23.552675032140208,rad_pattern_9p3GHz.png
E,9.3,71.0,-23.672754117361084,rad_pattern_9p3GHz.png
E,9.3,71.5,-23.79195264918611,rad_pattern_9p3GHz.png
E,9.3,72.0,-24.07523327561187,rad_pattern_9p3GHz.png
E,9.3,72.5,-24.22070621902509,rad_pattern_9p3GHz.png
E,9.3,73.0,-24.475912102942292,rad_pattern_9p3GHz.png
E,9.3,73.5,-24.7750372130871,rad_pattern_9p3GHz.png
E,9.3,74.0,-25.029311381803726,rad_pattern_9p3GHz.png
E,9.3,74.5,-25.366746686644515,rad_pattern_9p3GHz.png
E,9.3,75.0,-25.620413080665205,rad_pattern_9p3GHz.png
E,9.3,75.5,-26.111956540988317,rad_pattern_9p3GHz.png
E,9.3,76.0,-26.336536296015844,rad_pattern_9p3GHz.png
E,9.3,76.5,-26.40632745984779,rad_pattern_9p3GHz.png
E,9.3,77.0,-26.58839997943419,rad_pattern_9p3GHz.png
E,9.3,77.5,-26.839451093291675,rad_pattern_9p3GHz.png
E,9.3,78.0,-26.992905277136348,rad_pattern_9p3GHz.png
E,9.3,78.5,-27.146192892031983,rad_pattern_9p3GHz.png
E,9.3,79.0,-27.299274932724654,rad_pattern_9p3GHz.png
E,9.3,79.5,-27.395314267335657,rad_pattern_9p3GHz.png
E,9.3,80.0,-27.547832175202185,rad_pattern_9p3GHz.png
E,9.3,80.5,-27.78557303296348,rad_pattern_9p3GHz.png
E,9.3,81.0,-27.880524760430447,rad_pattern_9p3GHz.png
E,9.3,81.5,-27.888996964010197,rad_pattern_9p3GHz.png
E,9.3,82.0,-27.888996964010197,rad_pattern_9p3GHz.png
E,9.3,82.5,-27.888996964010197,rad_pattern_9p3GHz.png
E,9.3,83.0,-27.839021837640356,rad_pattern_9p3GHz.png
E,9.3,83.5,-27.953820710309664,rad_pattern_9p3GHz.png
E,9.3,84.0,-28.25081201602293,rad_pattern_9p3GHz.png
E,9.3,84.5,-28.426313978853322,rad_pattern_9p3GHz.png
E,9.3,85.0,-28.489068393112387,rad_pattern_9p3GHz.png
E,9.3,85.5,-28.489068393112387,rad_pattern_9p3GHz.png
E,9.3,86.0,-28.489068393112387,rad_pattern_9p3GHz.png
E,9.3,86.5,-28.406414573750908,rad_pattern_9p3GHz.png
E,9.3,87.0,-28.550719525316513,rad_pattern_9p3GHz.png
E,9.3,87.5,-28.611183391199674,rad_pattern_9p3GHz.png
E,9.3,88.0,-28.611183391199674,rad_pattern_9p3GHz.png
E,9.3,88.5,-28.611183391199674,rad_pattern_9p3GHz.png
E,9.3,89.0,-28.38131874034915,rad_pattern_9p3GHz.png
E,9.3,89.5,-28.43912908162936,rad_pattern_9p3GHz.png
E,9.3,90.0,-28.43912908162936,rad_pattern_9p3GHz.png
E,9.3,90.5,-28.49693942290957,rad_pattern_9p3GHz.png
E,9.3,91.0,-29.219548091449457,rad_pattern_9p3GHz.png
E,9.3,91.5,-29.219548091449457,rad_pattern_9p3GHz.png
E,9.3,92.0,-29.10220876104048,rad_pattern_9p3GHz.png
E,9.3,92.5,-29.10220876104048,rad_pattern_9p3GHz.png
E,9.3,93.0,-29.419805029082,rad_pattern_9p3GHz.png
E,9.3,93.5,-29.419805029082,rad_pattern_9p3GHz.png
E,9.3,94.0,-29.389153554770772,rad_pattern_9p3GHz.png
E,9.3,94.5,-29.358093918257882,rad_pattern_9p3GHz.png
E,9.3,95.0,-29.358093918257882,rad_pattern_9p3GHz.png
E,9.3,95.5,-29.384098385910843,rad_pattern_9p3GHz.png
E,9.3,96.0,-29.384098385910843,rad_pattern_9p3GHz.png
E,9.3,96.5,-29.384098385910843,rad_pattern_9p3GHz.png
E,9.3,97.0,-29.237297773060718,rad_pattern_9p3GHz.png
E,9.3,97.5,-29.201283824869464,rad_pattern_9p3GHz.png
E,9.3,98.0,-29.201283824869464,rad_pattern_9p3GHz.png
E,9.3,98.5,-29.201283824869464,rad_pattern_9p3GHz.png
E,9.3,99.0,-29.258497472996016,rad_pattern_9p3GHz.png
E,9.3,99.5,-29.192219421805223,rad_pattern_9p3GHz.png
E,9.3,100.0,-29.306008614554777,rad_pattern_9p3GHz.png
E,9.3,100.5,-29.306008614554777,rad_pattern_9p3GHz.png
E,9.3,101.0,-29.334425762557206,rad_pattern_9p3GHz.png
E,9.3,101.5,-29.334425762557206,rad_pattern_9p3GHz.png
E,9.3,102.0,-29.29448431107574,rad_pattern_9p3GHz.png
E,9.3,102.5,-29.259908458416504,rad_pattern_9p3GHz.png
E,9.3,103.0,-29.29448431107574,rad_pattern_9p3GHz.png
E,9.3,103.5,-29.316160716152872,rad_pattern_9p3GHz.png
E,9.3,104.0,-29.42833215503858,rad_pattern_9p3GHz.png
E,9.3,104.5,-29.603394045439416,rad_pattern_9p3GHz.png
E,9.3,105.0,-29.603394045439416,rad_pattern_9p3GHz.png
E,9.3,105.5,-29.750413715712213,rad_pattern_9p3GHz.png
E,9.3,106.0,-29.77823458126854,rad_pattern_9p3GHz.png
E,9.3,106.5,-29.86138252240205,rad_pattern_9p3GHz.png
E,9.3,107.0,-29.925089952340247,rad_pattern_9p3GHz.png
E,9.3,107.5,-29.91651297029164,rad_pattern_9p3GHz.png
E,9.3,108.0,-29.98963977207869,rad_pattern_9p3GHz.png
E,9.3,108.5,-29.98963977207869,rad_pattern_9p3GHz.png
E,9.3,109.0,-30.06276657386574,rad_pattern_9p3GHz.png
E,9.3,109.5,-30.06276657386574,rad_pattern_9p3GHz.png
E,9.3,110.0,-30.052991214157906,rad_pattern_9p3GHz.png
E,9.3,110.5,-29.988686694840617,rad_pattern_9p3GHz.png
E,9.3,111.0,-30.052991214157906,rad_pattern_9p3GHz.png
E,9.3,111.5,-30.042474369436793,rad_pattern_9p3GHz.png
E,9.3,112.0,-30.17130151784824,rad_pattern_9p3GHz.png
E,9.3,112.5,-30.042474369436793,rad_pattern_9p3GHz.png
E,9.3,113.0,-30.095786503270144,rad_pattern_9p3GHz.png
E,9.3,113.5,-30.004690782885675,rad_pattern_9p3GHz.png
E,9.3,114.0,-30.095786503270144,rad_pattern_9p3GHz.png
E,9.3,114.5,-30.01930943311727,rad_pattern_9p3GHz.png
E,9.3,115.0,-30.01930943311727,rad_pattern_9p3GHz.png
E,9.3,115.5,-30.01930943311727,rad_pattern_9p3GHz.png
E,9.3,116.0,-30.04536126017884,rad_pattern_9p3GHz.png
E,9.3,116.5,-30.04536126017884,rad_pattern_9p3GHz.png
E,9.3,117.0,-30.03243626156873,rad_pattern_9p3GHz.png
E,9.3,117.5,-29.993462343112796,rad_pattern_9p3GHz.png
E,9.3,118.0,-29.954303767138956,rad_pattern_9p3GHz.png
E,9.3,118.5,-29.954303767138956,rad_pattern_9p3GHz.png
E,9.3,119.0,-29.954303767138956,rad_pattern_9p3GHz.png
E,9.3,119.5,-30.004688210791453,rad_pattern_9p3GHz.png
E,9.3,120.0,-30.004688210791453,rad_pattern_9p3GHz.png
E,9.3,120.5,-29.90063869184295,rad_pattern_9p3GHz.png
E,9.3,121.0,-29.90063869184295,rad_pattern_9p3GHz.png
E,9.3,121.5,-29.88572205646017,rad_pattern_9p3GHz.png
E,9.3,122.0,-29.88572205646017,rad_pattern_9p3GHz.png
E,9.3,122.5,-29.88572205646017,rad_pattern_9p3GHz.png
E,9.3,123.0,-29.80601007608188,rad_pattern_9p3GHz.png
E,9.3,123.5,-29.854321323721702,rad_pattern_9p3GHz.png
E,9.3,124.0,-29.854321323721702,rad_pattern_9p3GHz.png
E,9.3,124.5,-29.878149647599162,rad_pattern_9p3GHz.png
E,9.3,125.0,-29.878149647599162,rad_pattern_9p3GHz.png
E,9.3,125.5,-29.878149647599162,rad_pattern_9p3GHz.png
E,9.3,126.0,-29.797576014719244,rad_pattern_9p3GHz.png
E,9.3,126.5,-30.00589346667252,rad_pattern_9p3GHz.png
E,9.3,127.0,-29.803643282939117,rad_pattern_9p3GHz.png
E,9.3,127.5,-29.803643282939117,rad_pattern_9p3GHz.png
E,9.3,128.0,-29.78587441673309,rad_pattern_9p3GHz.png
E,9.3,128.5,-29.78587441673309,rad_pattern_9p3GHz.png
E,9.3,129.0,-29.78587441673309,rad_pattern_9p3GHz.png
E,9.3,129.5,-29.889707133985887,rad_pattern_9p3GHz.png
E,9.3,130.0,-29.74912733811849,rad_pattern_9p3GHz.png
E,9.3,130.5,-29.89333373908593,rad_pattern_9p3GHz.png
E,9.3,131.0,-29.89333373908593,rad_pattern_9p3GHz.png
E,9.3,131.5,-29.915025672160755,rad_pattern_9p3GHz.png
E,9.3,132.0,-29.915025672160755,rad_pattern_9p3GHz.png
E,9.3,132.5,-29.915025672160755,rad_pattern_9p3GHz.png
E,9.3,133.0,-30.202613456077064,rad_pattern_9p3GHz.png
E,9.3,133.5,-30.202613456077064,rad_pattern_9p3GHz.png
E,9.3,134.0,-29.83476459493391,rad_pattern_9p3GHz.png
E,9.3,134.5,-29.739387579273462,rad_pattern_9p3GHz.png
E,9.3,135.0,-29.644010563613012,rad_pattern_9p3GHz.png
E,9.3,135.5,-29.644010563613012,rad_pattern_9p3GHz.png
E,9.3,136.0,-29.834764395741306,rad_pattern_9p3GHz.png
E,9.3,136.5,-30.243481191479464,rad_pattern_9p3GHz.png
E,9.3,137.0,-30.243481191479464,rad_pattern_9p3GHz.png
E,9.3,137.5,-29.874203841089482,rad_pattern_9p3GHz.png
E,9.3,138.0,-29.874203841089482,rad_pattern_9p3GHz.png
E,9.3,138.5,-29.874203841089482,rad_pattern_9p3GHz.png
E,9.3,139.0,-30.015632248649638,rad_pattern_9p3GHz.png
E,9.3,139.5,-30.015632248649638,rad_pattern_9p3GHz.png
E,9.3,140.0,-30.015632248649638,rad_pattern_9p3GHz.png
E,9.3,140.5,-29.84905060310455,rad_pattern_9p3GHz.png
E,9.3,141.0,-29.84905060310455,rad_pattern_9p3GHz.png
E,9.3,141.5,-29.867054958613405,rad_pattern_9p3GHz.png
E,9.3,142.0,-30.092690304742575,rad_pattern_9p3GHz.png
E,9.3,142.5,-29.867054958613405,rad_pattern_9p3GHz.png
E,9.3,143.0,-30.069624847356017,rad_pattern_9p3GHz.png
E,9.3,143.5,-30.005898528843872,rad_pattern_9p3GHz.png
E,9.3,144.0,-30.046241884344646,rad_pattern_9p3GHz.png
E,9.3,144.5,-30.046241884344646,rad_pattern_9p3GHz.png
E,9.3,145.0,-30.046241884344646,rad_pattern_9p3GHz.png
E,9.3,145.5,-30.06274703257086,rad_pattern_9p3GHz.png
E,9.3,146.0,-30.06274703257086,rad_pattern_9p3GHz.png
E,9.3,146.5,-30.06274703257086,rad_pattern_9p3GHz.png
E,9.3,147.0,-30.28711126111703,rad_pattern_9p3GHz.png
E,9.3,147.5,-30.05426076861552,rad_pattern_9p3GHz.png
E,9.3,148.0,-30.262572162901467,rad_pattern_9p3GHz.png
E,9.3,148.5,-30.05426076861552,rad_pattern_9p3GHz.png
E,9.3,149.0,-30.133679353729928,rad_pattern_9p3GHz.png
E,9.3,149.5,-30.133679353729928,rad_pattern_9p3GHz.png
E,9.3,150.0,-30.173220447180846,rad_pattern_9p3GHz.png
E,9.3,150.5,-30.173220447180846,rad_pattern_9p3GHz.png
E,9.3,151.0,-30.148065354362323,rad_pattern_9p3GHz.png
E,9.3,151.5,-30.148065354362323,rad_pattern_9p3GHz.png
E,9.3,152.0,-30.161745030375545,rad_pattern_9p3GHz.png
E,9.3,152.5,-30.161745030375545,rad_pattern_9p3GHz.png
E,9.3,153.0,-29.941995022829225,rad_pattern_9p3GHz.png
E,9.3,153.5,-29.941995022829225,rad_pattern_9p3GHz.png
E,9.3,154.0,-29.98077508666336,rad_pattern_9p3GHz.png
E,9.3,154.5,-30.3039292306434,rad_pattern_9p3GHz.png
E,9.3,155.0,-30.3039292306434,rad_pattern_9p3GHz.png
E,9.3,155.5,-30.186814276875356,rad_pattern_9p3GHz.png
E,9.3,156.0,-29.993060799695215,rad_pattern_9p3GHz.png
E,9.3,156.5,-30.186814276875356,rad_pattern_9p3GHz.png
E,9.3,157.0,-29.978018747930246,rad_pattern_9p3GHz.png
E,9.3,157.5,-30.224837359438226,rad_pattern_9p3GHz.png
E,9.3,158.0,-29.978018747930246,rad_pattern_9p3GHz.png
E,9.3,158.5,-30.08000403306539,rad_pattern_9p3GHz.png
E,9.3,159.0,-30.052985273418024,rad_pattern_9p3GHz.png
E,9.3,159.5,-30.052985273418024,rad_pattern_9p3GHz.png
E,9.3,160.0,-30.052985273418024,rad_pattern_9p3GHz.png
E,9.3,160.5,-30.062766197531843,rad_pattern_9p3GHz.png
E,9.3,161.0,-30.0810479203918,rad_pattern_9p3GHz.png
E,9.3,161.5,-30.0810479203918,rad_pattern_9p3GHz.png
E,9.3,162.0,-30.099329643251757,rad_pattern_9p3GHz.png
E,9.3,162.5,-30.099329643251757,rad_pattern_9p3GHz.png
E,9.3,163.0,-30.226888501980493,rad_pattern_9p3GHz.png
E,9.3,163.5,-30.226888501980493,rad_pattern_9p3GHz.png
E,9.3,164.0,-30.226888501980493,rad_pattern_9p3GHz.png
E,9.3,164.5,-30.26257126073867,rad_pattern_9p3GHz.png
E,9.3,165.0,-30.17130151784824,rad_pattern_9p3GHz.png
E,9.3,165.5,-30.206580930667553,rad_pattern_9p3GHz.png
E,9.3,166.0,-30.206580930667553,rad_pattern_9p3GHz.png
E,9.3,166.5,-30.269578525795627,rad_pattern_9p3GHz.png
E,9.3,167.0,-30.269578525795627,rad_pattern_9p3GHz.png
E,9.3,167.5,-30.241388875856664,rad_pattern_9p3GHz.png
E,9.3,168.0,-30.21314378018641,rad_pattern_9p3GHz.png
E,9.3,168.5,-30.21314378018641,rad_pattern_9p3GHz.png
E,9.3,169.0,-30.2755627021928,rad_pattern_9p3GHz.png
E,9.3,169.5,-30.2755627021928,rad_pattern_9p3GHz.png
E,9.3,170.0,-30.19024480900601,rad_pattern_9p3GHz.png
E,9.3,170.5,-30.19024480900601,rad_pattern_9p3GHz.png
E,9.3,171.0,-30.456306775446606,rad_pattern_9p3GHz.png
E,9.3,171.5,-30.456306775446606,rad_pattern_9p3GHz.png
E,9.3,172.0,-30.37042261138924,rad_pattern_9p3GHz.png
E,9.3,172.5,-30.37042261138924,rad_pattern_9p3GHz.png
E,9.3,173.0,-30.546108387423203,rad_pattern_9p3GHz.png
E,9.3,173.5,-30.546108387423203,rad_pattern_9p3GHz.png
E,9.3,174.0,-30.488649152563756,rad_pattern_9p3GHz.png
E,9.3,174.5,-30.43112286717445,rad_pattern_9p3GHz.png
E,9.3,175.0,-30.373546870021745,rad_pattern_9p3GHz.png
E,9.3,175.5,-30.287111319859218,rad_pattern_9p3GHz.png
E,9.3,176.0,-30.280301502429467,rad_pattern_9p3GHz.png
E,9.3,176.5,-30.280301502429467,rad_pattern_9p3GHz.png
E,9.3,177.0,-30.331146771533096,rad_pattern_9p3GHz.png
E,9.3,177.5,-30.381992040636725,rad_pattern_9p3GHz.png
E,9.3,178.0,-30.432837309740354,rad_pattern_9p3GHz.png
E,9.3,178.5,-30.483682578843986,rad_pattern_9p3GHz.png
E,9.3,179.0,-30.534527847947615,rad_pattern_9p3GHz.png
E,9.3,179.5,-30.585373117051244,rad_pattern_9p3GHz.png
E,9.3,180.0,-30.600631121570412,rad_pattern_9p3GHz.png
E,9.3,180.5,-30.600631121570412,rad_pattern_9p3GHz.png
E,9.3,181.0,-30.565043856985948,rad_pattern_9p3GHz.png
E,9.3,181.5,-30.529456592401484,rad_pattern_9p3GHz.png
E,9.3,182.0,-30.493869327817023,rad_pattern_9p3GHz.png
E,9.3,182.5,-30.45828206323256,rad_pattern_9p3GHz.png
E,9.3,183.0,-30.422694798648095,rad_pattern_9p3GHz.png
E,9.3,183.5,-30.387107534063635,rad_pattern_9p3GHz.png
E,9.3,184.0,-30.35152026947917,rad_pattern_9p3GHz.png
E,9.3,184.5,-30.35152026947917,rad_pattern_9p3GHz.png
E,9.3,185.0,-30.373546870021745,rad_pattern_9p3GHz.png
E,9.3,185.5,-30.43112286717445,rad_pattern_9p3GHz.png
E,9.3,186.0,-30.488649152563756,rad_pattern_9p3GHz.png
E,9.3,186.5,-30.546108387423203,rad_pattern_9p3GHz.png
E,9.3,187.0,-30.546108387423203,rad_pattern_9p3GHz.png
E,9.3,187.5,-30.60347414910565,rad_pattern_9p3GHz.png
E,9.3,188.0,-30.632089137542227,rad_pattern_9p3GHz.png
E,9.3,188.5,-30.660704125978803,rad_pattern_9p3GHz.png
E,9.3,189.0,-30.660704125978803,rad_pattern_9p3GHz.png
E,9.3,189.5,-30.630583052384107,rad_pattern_9p3GHz.png
E,9.3,190.0,-30.60046197878941,rad_pattern_9p3GHz.png
E,9.3,190.5,-30.570340905194715,rad_pattern_9p3GHz.png
E,9.3,191.0,-30.451299923059956,rad_pattern_9p3GHz.png
E,9.3,191.5,-30.451299923059956,rad_pattern_9p3GHz.png
E,9.3,192.0,-30.47964421194862,rad_pattern_9p3GHz.png
E,9.3,192.5,-30.53607748797029,rad_pattern_9p3GHz.png
E,9.3,193.0,-30.53607748797029,rad_pattern_9p3GHz.png
E,9.3,193.5,-30.53607748797029,rad_pattern_9p3GHz.png
E,9.3,194.0,-30.5547713705388,rad_pattern_9p3GHz.png
E,9.3,194.5,-30.573465253107305,rad_pattern_9p3GHz.png
E,9.3,195.0,-30.592159135675814,rad_pattern_9p3GHz.png
E,9.3,195.5,-30.711314543906774,rad_pattern_9p3GHz.png
E,9.3,196.0,-30.711314543906774,rad_pattern_9p3GHz.png
E,9.3,196.5,-30.64773866051844,rad_pattern_9p3GHz.png
E,9.3,197.0,-30.37354567299159,rad_pattern_9p3GHz.png
E,9.3,197.5,-30.37354567299159,rad_pattern_9p3GHz.png
E,9.3,198.0,-30.28214259220905,rad_pattern_9p3GHz.png
E,9.3,198.5,-30.263861142304798,rad_pattern_9p3GHz.png
E,9.3,199.0,-30.263861142304798,rad_pattern_9p3GHz.png
E,9.3,199.5,-30.51978821083939,rad_pattern_9p3GHz.png
E,9.3,200.0,-30.51978821083939,rad_pattern_9p3GHz.png
E,9.3,200.5,-30.235658381364505,rad_pattern_9p3GHz.png
E,9.3,201.0,-30.235658381364505,rad_pattern_9p3GHz.png
E,9.3,201.5,-30.404783992845097,rad_pattern_9p3GHz.png
E,9.3,202.0,-30.404783992845097,rad_pattern_9p3GHz.png
E,9.3,202.5,-30.44498360738448,rad_pattern_9p3GHz.png
E,9.3,203.0,-30.315933004894706,rad_pattern_9p3GHz.png
E,9.3,203.5,-30.44498360738448,rad_pattern_9p3GHz.png
E,9.3,204.0,-30.342342703890502,rad_pattern_9p3GHz.png
E,9.3,204.5,-30.47151477340424,rad_pattern_9p3GHz.png
E,9.3,205.0,-30.342342703890502,rad_pattern_9p3GHz.png
E,9.3,205.5,-30.3039292306434,rad_pattern_9p3GHz.png
E,9.3,206.0,-30.110039976002483,rad_pattern_9p3GHz.png
E,9.3,206.5,-30.071260677591418,rad_pattern_9p3GHz.png
E,9.3,207.0,-30.071260677591418,rad_pattern_9p3GHz.png
E,9.3,207.5,-30.226374755533204,rad_pattern_9p3GHz.png
E,9.3,208.0,-30.48487731220967,rad_pattern_9p3GHz.png
E,9.3,208.5,-30.48487731220967,rad_pattern_9p3GHz.png
E,9.3,209.0,-30.341749782869723,rad_pattern_9p3GHz.png
E,9.3,209.5,-30.341749782869723,rad_pattern_9p3GHz.png
E,9.3,210.0,-30.341749782869723,rad_pattern_9p3GHz.png
E,9.3,210.5,-30.366675808851078,rad_pattern_9p3GHz.png
E,9.3,211.0,-30.366675808851078,rad_pattern_9p3GHz.png
E,9.3,211.5,-30.366675808851078,rad_pattern_9p3GHz.png
E,9.3,212.0,-30.28711126111703,rad_pattern_9p3GHz.png
E,9.3,212.5,-30.28711126111703,rad_pattern_9p3GHz.png
E,9.3,213.0,-30.40344973597821,rad_pattern_9p3GHz.png
E,9.3,213.5,-30.458259800147246,rad_pattern_9p3GHz.png
E,9.3,214.0,-30.458259800147246,rad_pattern_9p3GHz.png
E,9.3,214.5,-30.3967313894551,rad_pattern_9p3GHz.png
E,9.3,215.0,-30.33520297876295,rad_pattern_9p3GHz.png
E,9.3,215.5,-30.33520297876295,rad_pattern_9p3GHz.png
E,9.3,216.0,-30.358687114106832,rad_pattern_9p3GHz.png
E,9.3,216.5,-30.39048272641454,rad_pattern_9p3GHz.png
E,9.3,217.0,-30.39048272641454,rad_pattern_9p3GHz.png
E,9.3,217.5,-30.39048272641454,rad_pattern_9p3GHz.png
E,9.3,218.0,-30.422278338722247,rad_pattern_9p3GHz.png
E,9.3,218.5,-30.444968691371223,rad_pattern_9p3GHz.png
E,9.3,219.0,-30.444968691371223,rad_pattern_9p3GHz.png
E,9.3,219.5,-30.40430610299548,rad_pattern_9p3GHz.png
E,9.3,220.0,-30.40430610299548,rad_pattern_9p3GHz.png
E,9.3,220.5,-30.32288188182249,rad_pattern_9p3GHz.png
E,9.3,221.0,-30.50789783939178,rad_pattern_9p3GHz.png
E,9.3,221.5,-30.611182975211612,rad_pattern_9p3GHz.png
E,9.3,222.0,-30.611182975211612,rad_pattern_9p3GHz.png
E,9.3,222.5,-30.570341244181648,rad_pattern_9p3GHz.png
E,9.3,223.0,-30.447794623808115,rad_pattern_9p3GHz.png
E,9.3,223.5,-30.28434833284742,rad_pattern_9p3GHz.png
E,9.3,224.0,-29.58951009937497,rad_pattern_9p3GHz.png
E,9.3,224.5,-29.548633547952562,rad_pattern_9p3GHz.png
E,9.3,225.0,-29.507756530243903,rad_pattern_9p3GHz.png
E,9.3,225.5,-29.507756530243903,rad_pattern_9p3GHz.png
E,9.3,226.0,-29.75301437329443,rad_pattern_9p3GHz.png
E,9.3,226.5,-29.936377474100492,rad_pattern_9p3GHz.png
E,9.3,227.0,-29.936377474100492,rad_pattern_9p3GHz.png
E,9.3,227.5,-29.915025672160755,rad_pattern_9p3GHz.png
E,9.3,228.0,-29.689373123139546,rad_pattern_9p3GHz.png
E,9.3,228.5,-29.89333373908593,rad_pattern_9p3GHz.png
E,9.3,229.0,-29.708367256631657,rad_pattern_9p3GHz.png
E,9.3,229.5,-29.83061498002178,rad_pattern_9p3GHz.png
E,9.3,230.0,-29.708367256631657,rad_pattern_9p3GHz.png
E,9.3,230.5,-29.70461376609186,rad_pattern_9p3GHz.png
E,9.3,231.0,-29.70461376609186,rad_pattern_9p3GHz.png
E,9.3,231.5,-29.722553277226037,rad_pattern_9p3GHz.png
E,9.3,232.0,-29.722553277226037,rad_pattern_9p3GHz.png
E,9.3,232.5,-29.722553277226037,rad_pattern_9p3GHz.png
E,9.3,233.0,-29.676457905770828,rad_pattern_9p3GHz.png
E,9.3,233.5,-29.901746957342556,rad_pattern_9p3GHz.png
E,9.3,234.0,-29.797576014719244,rad_pattern_9p3GHz.png
E,9.3,234.5,-29.797576014719244,rad_pattern_9p3GHz.png
E,9.3,235.0,-29.773946617363624,rad_pattern_9p3GHz.png
E,9.3,235.5,-29.773946617363624,rad_pattern_9p3GHz.png
E,9.3,236.0,-29.750097836176884,rad_pattern_9p3GHz.png
E,9.3,236.5,-29.750097836176884,rad_pattern_9p3GHz.png
E,9.3,237.0,-29.701801480530776,rad_pattern_9p3GHz.png
E,9.3,237.5,-29.78154972395926,rad_pattern_9p3GHz.png
E,9.3,238.0,-29.717177802206365,rad_pattern_9p3GHz.png
E,9.3,238.5,-29.717177802206365,rad_pattern_9p3GHz.png
E,9.3,239.0,-29.717177802206365,rad_pattern_9p3GHz.png
E,9.3,239.5,-29.771634177322547,rad_pattern_9p3GHz.png
E,9.3,240.0,-29.811095307352296,rad_pattern_9p3GHz.png
E,9.3,240.5,-29.771634177322547,rad_pattern_9p3GHz.png
E,9.3,241.0,-29.721286263048295,rad_pattern_9p3GHz.png
E,9.3,241.5,-29.721286263048295,rad_pattern_9p3GHz.png
E,9.3,242.0,-29.527504804920294,rad_pattern_9p3GHz.png
E,9.3,242.5,-29.709271899491146,rad_pattern_9p3GHz.png
E,9.3,243.0,-29.709271899491146,rad_pattern_9p3GHz.png
E,9.3,243.5,-29.709271899491146,rad_pattern_9p3GHz.png
E,9.3,244.0,-29.502316061929108,rad_pattern_9p3GHz.png
E,9.3,244.5,-29.38537605465691,rad_pattern_9p3GHz.png
E,9.3,245.0,-29.502316061929108,rad_pattern_9p3GHz.png
E,9.3,245.5,-29.3972814133399,rad_pattern_9p3GHz.png
E,9.3,246.0,-29.526400930986846,rad_pattern_9p3GHz.png
E,9.3,246.5,-29.40875519099474,rad_pattern_9p3GHz.png
E,9.3,247.0,-29.526400930986846,rad_pattern_9p3GHz.png
E,9.3,247.5,-29.53774747732969,rad_pattern_9p3GHz.png
E,9.3,248.0,-29.53774747732969,rad_pattern_9p3GHz.png
E,9.3,248.5,-29.494731369532932,rad_pattern_9p3GHz.png
E,9.3,249.0,-29.494731369532932,rad_pattern_9p3GHz.png
E,9.3,249.5,-29.494731369532932,rad_pattern_9p3GHz.png
E,9.3,250.0,-29.440556101994712,rad_pattern_9p3GHz.png
E,9.3,250.5,-29.440556101994712,rad_pattern_9p3GHz.png
E,9.3,251.0,-29.38613456681043,rad_pattern_9p3GHz.png
E,9.3,251.5,-29.276643952083155,rad_pattern_9p3GHz.png
E,9.3,252.0,-29.13021146013602,rad_pattern_9p3GHz.png
E,9.3,252.5,-29.166416143047552,rad_pattern_9p3GHz.png
E,9.3,253.0,-29.166416143047552,rad_pattern_9p3GHz.png
E,9.3,253.5,-29.357344545914735,rad_pattern_9p3GHz.png
E,9.3,254.0,-29.412853103559044,rad_pattern_9p3GHz.png
E,9.3,254.5,-29.357344545914735,rad_pattern_9p3GHz.png
E,9.3,255.0,-29.126716452291873,rad_pattern_9p3GHz.png
E,9.3,255.5,-29.126716452291873,rad_pattern_9p3GHz.png
E,9.3,256.0,-29.07779486183218,rad_pattern_9p3GHz.png
E,9.3,256.5,-29.14073686945954,rad_pattern_9p3GHz.png
E,9.3,257.0,-29.14073686945954,rad_pattern_9p3GHz.png
E,9.3,257.5,-29.209710885266784,rad_pattern_9p3GHz.png
E,9.3,258.0,-29.209710885266784,rad_pattern_9p3GHz.png
E,9.3,258.5,-29.153090148567948,rad_pattern_9p3GHz.png
E,9.3,259.0,-29.039643984053804,rad_pattern_9p3GHz.png
E,9.3,259.5,-28.8120788781569,rad_pattern_9p3GHz.png
E,9.3,260.0,-28.807010770966293,rad_pattern_9p3GHz.png
E,9.3,260.5,-28.579219314101458,rad_pattern_9p3GHz.png
E,9.3,261.0,-28.526675232947774,rad_pattern_9p3GHz.png
E,9.3,261.5,-28.383673046246265,rad_pattern_9p3GHz.png
E,9.3,262.0,-28.526675232947774,rad_pattern_9p3GHz.png
E,9.3,262.5,-28.419929884896835,rad_pattern_9p3GHz.png
E,9.3,263.0,-28.53466436645262,rad_pattern_9p3GHz.png
E,9.3,263.5,-28.512587991664528,rad_pattern_9p3GHz.png
E,9.3,264.0,-28.512587991664528,rad_pattern_9p3GHz.png
E,9.3,264.5,-28.512587991664528,rad_pattern_9p3GHz.png
E,9.3,265.0,-28.489068393112387,rad_pattern_9p3GHz.png
E,9.3,265.5,-28.489068393112387,rad_pattern_9p3GHz.png
E,9.3,266.0,-28.489068393112387,rad_pattern_9p3GHz.png
E,9.3,266.5,-28.406414573750908,rad_pattern_9p3GHz.png
E,9.3,267.0,-28.550719525316513,rad_pattern_9p3GHz.png
E,9.3,267.5,-28.611183391199674,rad_pattern_9p3GHz.png
E,9.3,268.0,-28.611183391199674,rad_pattern_9p3GHz.png
E,9.3,268.5,-28.611183391199674,rad_pattern_9p3GHz.png
E,9.3,269.0,-28.091131250178876,rad_pattern_9p3GHz.png
E,9.3,269.5,-28.005547752624647,rad_pattern_9p3GHz.png
E,9.3,270.0,-27.947736367376827,rad_pattern_9p3GHz.png
E,9.3,270.5,-27.947736367376827,rad_pattern_9p3GHz.png
E,9.3,271.0,-27.889924982129006,rad_pattern_9p3GHz.png
E,9.3,271.5,-28.17781336365365,rad_pattern_9p3GHz.png
E,9.3,272.0,-27.800112107119812,rad_pattern_9p3GHz.png
E,9.3,272.5,-27.800112107119812,rad_pattern_9p3GHz.png
E,9.3,273.0,-27.623898392687632,rad_pattern_9p3GHz.png
E,9.3,273.5,-27.508466851188853,rad_pattern_9p3GHz.png
E,9.3,274.0,-27.18749771915643,rad_pattern_9p3GHz.png
E,9.3,274.5,-27.0102861067996,rad_pattern_9p3GHz.png
E,9.3,275.0,-27.0102861067996,rad_pattern_9p3GHz.png
E,9.3,275.5,-27.08573006466593,rad_pattern_9p3GHz.png
E,9.3,276.0,-27.09165005513595,rad_pattern_9p3GHz.png
E,9.3,276.5,-27.11446020829553,rad_pattern_9p3GHz.png
E,9.3,277.0,-27.11446020829553,rad_pattern_9p3GHz.png
E,9.3,277.5,-27.046589379569397,rad_pattern_9p3GHz.png
E,9.3,278.0,-26.895562962015546,rad_pattern_9p3GHz.png
E,9.3,278.5,-26.86288343055971,rad_pattern_9p3GHz.png
E,9.3,279.0,-26.592581692407652,rad_pattern_9p3GHz.png
E,9.3,279.5,-26.530967442907453,rad_pattern_9p3GHz.png
E,9.3,280.0,-26.31199654415999,rad_pattern_9p3GHz.png
E,9.3,280.5,-26.10256190664368,rad_pattern_9p3GHz.png
E,9.3,281.0,-25.978235682296372,rad_pattern_9p3GHz.png
E,9.3,281.5,-25.700553030843885,rad_pattern_9p3GHz.png
E,9.3,282.0,-25.45643943429142,rad_pattern_9p3GHz.png
E,9.3,282.5,-25.08678120194099,rad_pattern_9p3GHz.png
E,9.3,283.0,-24.807393664623064,rad_pattern_9p3GHz.png
E,9.3,283.5,-24.611798250917207,rad_pattern_9p3GHz.png
E,9.3,284.0,-24.35940576461126,rad_pattern_9p3GHz.png
E,9.3,284.5,-24.050630494515783,rad_pattern_9p3GHz.png
E,9.3,285.0,-23.853307161349033,rad_pattern_9p3GHz.png
E,9.3,285.5,-23.663074087829443,rad_pattern_9p3GHz.png
E,9.3,286.0,-23.47275676280305,rad_pattern_9p3GHz.png
E,9.3,286.5,-23.313237071842433,rad_pattern_9p3GHz.png
E,9.3,287.0,-23.13049154554576,rad_pattern_9p3GHz.png
E,9.3,287.5,-22.94972653184298,rad_pattern_9p3GHz.png
E,9.3,288.0,-22.80438166160587,rad_pattern_9p3GHz.png
E,9.3,288.5,-22.640124715630783,rad_pattern_9p3GHz.png
E,9.3,289.0,-22.475037994441703,rad_pattern_9p3GHz.png
E,9.3,289.5,-22.273144930163678,rad_pattern_9p3GHz.png
E,9.3,290.0,-22.061088095670232,rad_pattern_9p3GHz.png
E,9.3,290.5,-21.81118884162117,rad_pattern_9p3GHz.png
E,9.3,291.0,-21.533441764583344,rad_pattern_9p3GHz.png
E,9.3,291.5,-21.255038884650162,rad_pattern_9p3GHz.png
E,9.3,292.0,-21.002879765645968,rad_pattern_9p3GHz.png
E,9.3,292.5,-20.72324393101511,rad_pattern_9p3GHz.png
E,9.3,293.0,-20.36736347989299,rad_pattern_9p3GHz.png
E,9.3,293.5,-20.037015670483644,rad_pattern_9p3GHz.png
E,9.3,294.0,-19.717466771556268,rad_pattern_9p3GHz.png
E,9.3,294.5,-19.464230358091104,rad_pattern_9p3GHz.png
E,9.3,295.0,-19.143086469284786,rad_pattern_9p3GHz.png
E,9.3,295.5,-18.886208860042895,rad_pattern_9p3GHz.png
E,9.3,296.0,-18.62973499840202,rad_pattern_9p3GHz.png
E,9.3,296.5,-18.384785002767092,rad_pattern_9p3GHz.png
E,9.3,297.0,-18.09947475033921,rad_pattern_9p3GHz.png
E,9.3,297.5,-17.853297149939205,rad_pattern_9p3GHz.png
E,9.3,298.0,-17.643334481412854,rad_pattern_9p3GHz.png
E,9.3,298.5,-17.484793320060454,rad_pattern_9p3GHz.png
E,9.3,299.0,-17.286033630760418,rad_pattern_9p3GHz.png
E,9.3,299.5,-17.122134031295122,rad_pattern_9p3GHz.png
E,9.3,300.0,-16.949827410353727,rad_pattern_9p3GHz.png
E,9.3,300.5,-16.78750370711162,rad_pattern_9p3GHz.png
E,9.3,301.0,-16.634257157649092,rad_pattern_9p3GHz.png
E,9.3,301.5,-16.4892277510256,rad_pattern_9p3GHz.png
E,9.3,302.0,-16.35439116477168,rad_pattern_9p3GHz.png
E,9.3,302.5,-16.22202746015203,rad_pattern_9p3GHz.png
E,9.3,303.0,-16.07948688411826,rad_pattern_9p3GHz.png
E,9.3,303.5,-15.936078567507986,rad_pattern_9p3GHz.png
E,9.3,304.0,-15.807937459820794,rad_pattern_9p3GHz.png
E,9.3,304.5,-15.685500190596889,rad_pattern_9p3GHz.png
E,9.3,305.0,-15.555448697766185,rad_pattern_9p3GHz.png
E,9.3,305.5,-15.438684079626153,rad_pattern_9p3GHz.png
E,9.3,306.0,-15.290392508879352,rad_pattern_9p3GHz.png
E,9.3,306.5,-15.170632457345246,rad_pattern_9p3GHz.png
E,9.3,307.0,-15.107317928102173,rad_pattern_9p3GHz.png
E,9.3,307.5,-15.025132655959062,rad_pattern_9p3GHz.png
E,9.3,308.0,-14.949293410668844,rad_pattern_9p3GHz.png
E,9.3,308.5,-14.892429095646417,rad_pattern_9p3GHz.png
E,9.3,309.0,-14.860842808014521,rad_pattern_9p3GHz.png
E,9.3,309.5,-14.851911163353211,rad_pattern_9p3GHz.png
E,9.3,310.0,-14.851911163353211,rad_pattern_9p3GHz.png
E,9.3,310.5,-14.865336812154666,rad_pattern_9p3GHz.png
E,9.3,311.0,-14.89331924451692,rad_pattern_9p3GHz.png
E,9.3,311.5,-14.944784900793987,rad_pattern_9p3GHz.png
E,9.3,312.0,-15.016264744172993,rad_pattern_9p3GHz.png
E,9.3,312.5,-15.10180291797207,rad_pattern_9p3GHz.png
E,9.3,313.0,-15.229392373606347,rad_pattern_9p3GHz.png
E,9.3,313.5,-15.31529272773588,rad_pattern_9p3GHz.png
E,9.3,314.0,-15.402466444427443,rad_pattern_9p3GHz.png
E,9.3,314.5,-15.546665934368866,rad_pattern_9p3GHz.png
E,9.3,315.0,-15.649244382051876,rad_pattern_9p3GHz.png
E,9.3,315.5,-15.751062303772121,rad_pattern_9p3GHz.png
E,9.3,316.0,-15.810570749688162,rad_pattern_9p3GHz.png
E,9.3,316.5,-15.88961684242731,rad_pattern_9p3GHz.png
E,9.3,317.0,-15.920422594437088,rad_pattern_9p3GHz.png
E,9.3,317.5,-15.920422594437088,rad_pattern_9p3GHz.png
E,9.3,318.0,-15.914510440728813,rad_pattern_9p3GHz.png
E,9.3,318.5,-15.782560735174261,rad_pattern_9p3GHz.png
E,9.3,319.0,-15.65201368443248,rad_pattern_9p3GHz.png
E,9.3,319.5,-15.517449898422177,rad_pattern_9p3GHz.png
E,9.3,320.0,-15.296175036273153,rad_pattern_9p3GHz.png
E,9.3,320.5,-15.066461578102817,rad_pattern_9p3GHz.png
E,9.3,321.0,-14.792197923251322,rad_pattern_9p3GHz.png
E,9.3,321.5,-14.522291431846366,rad_pattern_9p3GHz.png
E,9.3,322.0,-14.178445082261629,rad_pattern_9p3GHz.png
E,9.3,322.5,-13.863592078415248,rad_pattern_9p3GHz.png
E,9.3,323.0,-13.476972388772932,rad_pattern_9p3GHz.png
E,9.3,323.5,-13.141163616316785,rad_pattern_9p3GHz.png
E,9.3,324.0,-12.810204894523231,rad_pattern_9p3GHz.png
E,9.3,324.5,-12.407675066559477,rad_pattern_9p3GHz.png
E,9.3,325.0,-12.050675180147831,rad_pattern_9p3GHz.png
E,9.3,325.5,-11.685190052709963,rad_pattern_9p3GHz.png
E,9.3,326.0,-11.341191279339508,rad_pattern_9p3GHz.png
E,9.3,326.5,-11.013319657559244,rad_pattern_9p3GHz.png
E,9.3,327.0,-10.643070343530404,rad_pattern_9p3GHz.png
E,9.3,327.5,-10.351188587880475,rad_pattern_9p3GHz.png
E,9.3,328.0,-10.033194632572766,rad_pattern_9p3GHz.png
E,9.3,328.5,-9.747437403410188,rad_pattern_9p3GHz.png
E,9.3,329.0,-9.480688821703389,rad_pattern_9p3GHz.png
E,9.3,329.5,-9.202731811857355,rad_pattern_9p3GHz.png
E,9.3,330.0,-8.961472171623125,rad_pattern_9p3GHz.png
E,9.3,330.5,-8.727947650564765,rad_pattern_9p3GHz.png
E,9.3,331.0,-8.526034103454453,rad_pattern_9p3GHz.png
E,9.3,331.5,-8.325841835174646,rad_pattern_9p3GHz.png
E,9.3,332.0,-8.15169895573359,rad_pattern_9p3GHz.png
E,9.3,332.5,-7.975175645046225,rad_pattern_9p3GHz.png
E,9.3,333.0,-7.821935517600771,rad_pattern_9p3GHz.png
E,9.3,333.5,-7.693595974693476,rad_pattern_9p3GHz.png
E,9.3,334.0,-7.5625411069435025,rad_pattern_9p3GHz.png
E,9.3,334.5,-7.456152373635334,rad_pattern_9p3GHz.png
E,9.3,335.0,-7.350029825849131,rad_pattern_9p3GHz.png
E,9.3,335.5,-7.2632797262077595,rad_pattern_9p3GHz.png
E,9.3,336.0,-7.181677658232733,rad_pattern_9p3GHz.png
E,9.3,336.5,-7.093374026576953,rad_pattern_9p3GHz.png
E,9.3,337.0,-7.033293104698178,rad_pattern_9p3GHz.png
E,9.3,337.5,-6.963642683197371,rad_pattern_9p3GHz.png
E,9.3,338.0,-6.906551206488636,rad_pattern_9p3GHz.png
E,9.3,338.5,-6.826185093407815,rad_pattern_9p3GHz.png
E,9.3,339.0,-6.754514437587758,rad_pattern_9p3GHz.png
E,9.3,339.5,-6.664021112468205,rad_pattern_9p3GHz.png
E,9.3,340.0,-6.563619213440216,rad_pattern_9p3GHz.png
E,9.3,340.5,-6.457950445928859,rad_pattern_9p3GHz.png
E,9.3,341.0,-6.348740369998385,rad_pattern_9p3GHz.png
E,9.3,341.5,-6.222227766572008,rad_pattern_9p3GHz.png
E,9.3,342.0,-6.047598311688979,rad_pattern_9p3GHz.png
E,9.3,342.5,-5.873646201901977,rad_pattern_9p3GHz.png
E,9.3,343.0,-5.700922720800737,rad_pattern_9p3GHz.png
E,9.3,343.5,-5.457018767393031,rad_pattern_9p3GHz.png
E,9.3,344.0,-5.251228877691119,rad_pattern_9p3GHz.png
E,9.3,344.5,-5.012791567395453,rad_pattern_9p3GHz.png
E,9.3,345.0,-4.746754125961104,rad_pattern_9p3GHz.png
E,9.3,345.5,-4.481966847895269,rad_pattern_9p3GHz.png
E,9.3,346.0,-4.230824651704282,rad_pattern_9p3GHz.png
E,9.3,346.5,-3.9564256900794668,rad_pattern_9p3GHz.png
E,9.3,347.0,-3.652051908357027,rad_pattern_9p3GHz.png
E,9.3,347.5,-3.386537642142226,rad_pattern_9p3GHz.png
E,9.3,348.0,-3.1127427129776244,rad_pattern_9p3GHz.png
E,9.3,348.5,-2.842347636166103,rad_pattern_9p3GHz.png
E,9.3,349.0,-2.5809209763681658,rad_pattern_9p3GHz.png
E,9.3,349.5,-2.3235028553298207,rad_pattern_9p3GHz.png
E,9.3,350.0,-2.074776241393753,rad_pattern_9p3GHz.png
E,9.3,350.5,-1.8380369806111219,rad_pattern_9p3GHz.png
E,9.3,351.0,-1.6189882832967584,rad_pattern_9p3GHz.png
E,9.3,351.5,-1.4129782996346272,rad_pattern_9p3GHz.png
E,9.3,352.0,-1.1895186657814811,rad_pattern_9p3GHz.png
E,9.3,352.5,-1.0293557010358576,rad_pattern_9p3GHz.png
E,9.3,353.0,-0.8508559944566088,rad_pattern_9p3GHz.png
E,9.3,353.5,-0.6820196092584112,rad_pattern_9p3GHz.png
E,9.3,354.0,-0.5451734827621664,rad_pattern_9p3GHz.png
E,9.3,354.5,-0.45379124985190344,rad_pattern_9p3GHz.png
E,9.3,355.0,-0.30550767926584754,rad_pattern_9p3GHz.png
E,9.3,355.5,-0.22372836457176248,rad_pattern_9p3GHz.png
E,9.3,356.0,-0.1231056165879778,rad_pattern_9p3GHz.png
E,9.3,356.5,-0.08229497803847252,rad_pattern_9p3GHz.png
E,9.3,357.0,-0.03773747480293821,rad_pattern_9p3GHz.png
E,9.3,357.5,0.0,rad_pattern_9p3GHz.png
E,9.3,358.0,0.0,rad_pattern_9p3GHz.png
E,9.3,358.5,-0.010796687934963245,rad_pattern_9p3GHz.png
E,9.3,359.0,-0.020304093108983068,rad_pattern_9p3GHz.png
E,9.3,359.5,-0.05122897238640789,rad_pattern_9p3GHz.png
E,10.3,0.0,-0.13916375624728516,rad_pattern_10p3GHz.png
E,10.3,0.5,-0.1960832528773082,rad_pattern_10p3GHz.png
E,10.3,1.0,-0.30624163602037413,rad_pattern_10p3GHz.png
E,10.3,1.5,-0.4184880619777793,rad_pattern_10p3GHz.png
E,10.3,2.0,-0.5300519114164146,rad_pattern_10p3GHz.png
E,10.3,2.5,-0.7170325295800346,rad_pattern_10p3GHz.png
E,10.3,3.0,-0.8520462241058517,rad_pattern_10p3GHz.png
E,10.3,3.5,-1.071985779465848,rad_pattern_10p3GHz.png
E,10.3,4.0,-1.2722947127821165,rad_pattern_10p3GHz.png
E,10.3,4.5,-1.4917992550422525,rad_pattern_10p3GHz.png
E,10.3,5.0,-1.70796088026054,rad_pattern_10p3GHz.png
E,10.3,5.5,-1.9638662026009435,rad_pattern_10p3GHz.png
E,10.3,6.0,-2.207815295250981,rad_pattern_10p3GHz.png
E,10.3,6.5,-2.4512060184540374,rad_pattern_10p3GHz.png
E,10.3,7.0,-2.708368033628261,rad_pattern_10p3GHz.png
E,10.3,7.5,-2.9810155781420207,rad_pattern_10p3GHz.png
E,10.3,8.0,-3.2295848805848735,rad_pattern_10p3GHz.png
E,10.3,8.5,-3.491313010628069,rad_pattern_10p3GHz.png
E,10.3,9.0,-3.738009518608262,rad_pattern_10p3GHz.png
E,10.3,9.5,-3.9861829952555077,rad_pattern_10p3GHz.png
E,10.3,10.0,-4.1897146480940926,rad_pattern_10p3GHz.png
E,10.3,10.5,-4.404494223789754,rad_pattern_10p3GHz.png
E,10.3,11.0,-4.5876084825851,rad_pattern_10p3GHz.png
E,10.3,11.5,-4.752983621891673,rad_pattern_10p3GHz.png
E,10.3,12.0,-4.911186298727191,rad_pattern_10p3GHz.png
E,10.3,12.5,-5.013946928022765,rad_pattern_10p3GHz.png
E,10.3,13.0,-5.125301954984909,rad_pattern_10p3GHz.png
E,10.3,13.5,-5.2246089799230795,rad_pattern_10p3GHz.png
E,10.3,14.0,-5.296370601272955,rad_pattern_10p3GHz.png
E,10.3,14.5,-5.364817783325073,rad_pattern_10p3GHz.png
E,10.3,15.0,-5.420724765086,rad_pattern_10p3GHz.png
E,10.3,15.5,-5.481526737690867,rad_pattern_10p3GHz.png
E,10.3,16.0,-5.521377830343681,rad_pattern_10p3GHz.png
E,10.3,16.5,-5.58724573302743,rad_pattern_10p3GHz.png
E,10.3,17.0,-5.647854026050393,rad_pattern_10p3GHz.png
E,10.3,17.5,-5.706892130758842,rad_pattern_10p3GHz.png
E,10.3,18.0,-5.792002854518678,rad_pattern_10p3GHz.png
E,10.3,18.5,-5.8750739427837715,rad_pattern_10p3GHz.png
E,10.3,19.0,-5.983886991305845,rad_pattern_10p3GHz.png
E,10.3,19.5,-6.092337266602968,rad_pattern_10p3GHz.png
E,10.3,20.0,-6.223004118681594,rad_pattern_10p3GHz.png
E,10.3,20.5,-6.390128966403882,rad_pattern_10p3GHz.png
E,10.3,21.0,-6.544986820068026,rad_pattern_10p3GHz.png
E,10.3,21.5,-6.745432679077133,rad_pattern_10p3GHz.png
E,10.3,22.0,-6.971071339198275,rad_pattern_10p3GHz.png
E,10.3,22.5,-7.199335573057784,rad_pattern_10p3GHz.png
E,10.3,23.0,-7.4390815690215675,rad_pattern_10p3GHz.png
E,10.3,23.5,-7.712286346410526,rad_pattern_10p3GHz.png
E,10.3,24.0,-8.00649755666473,rad_pattern_10p3GHz.png
E,10.3,24.5,-8.32547385688034,rad_pattern_10p3GHz.png
E,10.3,25.0,-8.644068372226368,rad_pattern_10p3GHz.png
E,10.3,25.5,-9.007120872786633,rad_pattern_10p3GHz.png
E,10.3,26.0,-9.347039912646188,rad_pattern_10p3GHz.png
E,10.3,26.5,-9.736097168416151,rad_pattern_10p3GHz.png
E,10.3,27.0,-10.14926469132056,rad_pattern_10p3GHz.png
E,10.3,27.5,-10.586042596771321,rad_pattern_10p3GHz.png
E,10.3,28.0,-10.996385830270192,rad_pattern_10p3GHz.png
E,10.3,28.5,-11.417311377938653,rad_pattern_10p3GHz.png
E,10.3,29.0,-11.82775055917941,rad_pattern_10p3GHz.png
E,10.3,29.5,-12.27086122686963,rad_pattern_10p3GHz.png
E,10.3,30.0,-12.64021667936192,rad_pattern_10p3GHz.png
E,10.3,30.5,-13.03982129494305,rad_pattern_10p3GHz.png
E,10.3,31.0,-13.387094492546673,rad_pattern_10p3GHz.png
E,10.3,31.5,-13.678806095827401,rad_pattern_10p3GHz.png
E,10.3,32.0,-13.964494828519165,rad_pattern_10p3GHz.png
E,10.3,32.5,-14.193417202188563,rad_pattern_10p3GHz.png
E,10.3,33.0,-14.387774367061883,rad_pattern_10p3GHz.png
E,10.3,33.5,-14.589253311073222,rad_pattern_10p3GHz.png
E,10.3,34.0,-14.701070685019449,rad_pattern_10p3GHz.png
E,10.3,34.5,-14.771434947550127,rad_pattern_10p3GHz.png
E,10.3,35.0,-14.806862489756476,rad_pattern_10p3GHz.png
E,10.3,35.5,-14.806862489756476,rad_pattern_10p3GHz.png
E,10.3,36.0,-14.799451888720764,rad_pattern_10p3GHz.png
E,10.3,36.5,-14.754349880776811,rad_pattern_10p3GHz.png
E,10.3,37.0,-14.714217009466498,rad_pattern_10p3GHz.png
E,10.3,37.5,-14.65505692714661,rad_pattern_10p3GHz.png
E,10.3,38.0,-14.619703890269626,rad_pattern_10p3GHz.png
E,10.3,38.5,-14.56747599391571,rad_pattern_10p3GHz.png
E,10.3,39.0,-14.51734063684625,rad_pattern_10p3GHz.png
E,10.3,39.5,-14.488944602954096,rad_pattern_10p3GHz.png
E,10.3,40.0,-14.45459455108599,rad_pattern_10p3GHz.png
E,10.3,40.5,-14.44109839277419,rad_pattern_10p3GHz.png
E,10.3,41.0,-14.45459455108599,rad_pattern_10p3GHz.png
E,10.3,41.5,-14.469261193154562,rad_pattern_10p3GHz.png
E,10.3,42.0,-14.481317099528049,rad_pattern_10p3GHz.png
E,10.3,42.5,-14.530083522615069,rad_pattern_10p3GHz.png
E,10.3,43.0,-14.615124776102054,rad_pattern_10p3GHz.png
E,10.3,43.5,-14.663575490210068,rad_pattern_10p3GHz.png
E,10.3,44.0,-14.788649906898591,rad_pattern_10p3GHz.png
E,10.3,44.5,-14.892492537313228,rad_pattern_10p3GHz.png
E,10.3,45.0,-15.0769725812018,rad_pattern_10p3GHz.png
E,10.3,45.5,-15.219631384439197,rad_pattern_10p3GHz.png
E,10.3,46.0,-15.441896427682174,rad_pattern_10p3GHz.png
E,10.3,46.5,-15.643327963741912,rad_pattern_10p3GHz.png
E,10.3,47.0,-15.884598879306996,rad_pattern_10p3GHz.png
E,10.3,47.5,-16.124618607534128,rad_pattern_10p3GHz.png
E,10.3,48.0,-16.40208974453112,rad_pattern_10p3GHz.png
E,10.3,48.5,-16.72858600017292,rad_pattern_10p3GHz.png
E,10.3,49.0,-17.02534705658943,rad_pattern_10p3GHz.png
E,10.3,49.5,-17.38609756272049,rad_pattern_10p3GHz.png
E,10.3,50.0,-17.7648160938129,rad_pattern_10p3GHz.png
E,10.3,50.5,-18.123581932289863,rad_pattern_10p3GHz.png
E,10.3,51.0,-18.48141732689479,rad_pattern_10p3GHz.png
E,10.3,51.5,-18.90589382530312,rad_pattern_10p3GHz.png
E,10.3,52.0,-19.32018783695307,rad_pattern_10p3GHz.png
E,10.3,52.5,-19.662268894362906,rad_pattern_10p3GHz.png
E,10.3,53.0,-20.073592378969522,rad_pattern_10p3GHz.png
E,10.3,53.5,-20.43750096312348,rad_pattern_10p3GHz.png
E,10.3,54.0,-20.788396484386936,rad_pattern_10p3GHz.png
E,10.3,54.5,-21.134542220451106,rad_pattern_10p3GHz.png
E,10.3,55.0,-21.43332035893251,rad_pattern_10p3GHz.png
E,10.3,55.5,-21.683884686133432,rad_pattern_10p3GHz.png
E,10.3,56.0,-21.941011284620195,rad_pattern_10p3GHz.png
E,10.3,56.5,-22.15764816838737,rad_pattern_10p3GHz.png
E,10.3,57.0,-22.33377792973261,rad_pattern_10p3GHz.png
E,10.3,57.5,-22.525130704290873,rad_pattern_10p3GHz.png
E,10.3,58.0,-22.65128657905227,rad_pattern_10p3GHz.png
E,10.3,58.5,-22.746231164316992,rad_pattern_10p3GHz.png
E,10.3,59.0,-22.855958339178702,rad_pattern_10p3GHz.png
E,10.3,59.5,-22.93001629651008,rad_pattern_10p3GHz.png
E,10.3,60.0,-22.973596036547587,rad_pattern_10p3GHz.png
E,10.3,60.5,-23.002234920015756,rad_pattern_10p3GHz.png
E,10.3,61.0,-23.021604519845464,rad_pattern_10p3GHz.png
E,10.3,61.5,-23.030558922095047,rad_pattern_10p3GHz.png
E,10.3,62.0,-23.02473043315718,rad_pattern_10p3GHz.png
E,10.3,62.5,-23.02473043315718,rad_pattern_10p3GHz.png
E,10.3,63.0,-23.012844710182367,rad_pattern_10p3GHz.png
E,10.3,63.5,-23.012220216763158,rad_pattern_10p3GHz.png
E,10.3,64.0,-23.012220216763158,rad_pattern_10p3GHz.png
E,10.3,64.5,-23.011117920981437,rad_pattern_10p3GHz.png
E,10.3,65.0,-23.009514639732576,rad_pattern_10p3GHz.png
E,10.3,65.5,-23.007373133232534,rad_pattern_10p3GHz.png
E,10.3,66.0,-22.97830179317931,rad_pattern_10p3GHz.png
E,10.3,66.5,-22.97504628536152,rad_pattern_10p3GHz.png
E,10.3,67.0,-22.906664858656562,rad_pattern_10p3GHz.png
E,10.3,67.5,-22.860043006221495,rad_pattern_10p3GHz.png
E,10.3,68.0,-22.779687106623168,rad_pattern_10p3GHz.png
E,10.3,68.5,-22.74738301541667,rad_pattern_10p3GHz.png
E,10.3,69.0,-22.666625071252053,rad_pattern_10p3GHz.png
E,10.3,69.5,-22.599441239255665,rad_pattern_10p3GHz.png
E,10.3,70.0,-22.490855901873207,rad_pattern_10p3GHz.png
E,10.3,70.5,-22.401410576143842,rad_pattern_10p3GHz.png
E,10.3,71.0,-22.328903367620875,rad_pattern_10p3GHz.png
E,10.3,71.5,-22.256197026407733,rad_pattern_10p3GHz.png
E,10.3,72.0,-22.192077030238902,rad_pattern_10p3GHz.png
E,10.3,72.5,-22.099639200266086,rad_pattern_10p3GHz.png
E,10.3,73.0,-22.06159049822435,rad_pattern_10p3GHz.png
E,10.3,73.5,-22.058853383667003,rad_pattern_10p3GHz.png
E,10.3,74.0,-22.058853383667003,rad_pattern_10p3GHz.png
E,10.3,74.5,-22.09875564028181,rad_pattern_10p3GHz.png
E,10.3,75.0,-22.12158883839921,rad_pattern_10p3GHz.png
E,10.3,75.5,-22.20687545435414,rad_pattern_10p3GHz.png
E,10.3,76.0,-22.28420728479046,rad_pattern_10p3GHz.png
E,10.3,76.5,-22.35414710477475,rad_pattern_10p3GHz.png
E,10.3,77.0,-22.43707712110483,rad_pattern_10p3GHz.png
E,10.3,77.5,-22.51885301307836,rad_pattern_10p3GHz.png
E,10.3,78.0,-22.615837654330424,rad_pattern_10p3GHz.png
E,10.3,78.5,-22.656054741319938,rad_pattern_10p3GHz.png
E,10.3,79.0,-22.763928172110187,rad_pattern_10p3GHz.png
E,10.3,79.5,-22.763928172110187,rad_pattern_10p3GHz.png
E,10.3,80.0,-22.77671084724925,rad_pattern_10p3GHz.png
E,10.3,80.5,-22.77671084724925,rad_pattern_10p3GHz.png
E,10.3,81.0,-22.799189427537225,rad_pattern_10p3GHz.png
E,10.3,81.5,-22.799189427537225,rad_pattern_10p3GHz.png
E,10.3,82.0,-22.72162270773431,rad_pattern_10p3GHz.png
E,10.3,82.5,-22.672151868495014,rad_pattern_10p3GHz.png
E,10.3,83.0,-22.672151868495014,rad_pattern_10p3GHz.png
E,10.3,83.5,-22.73113380325488,rad_pattern_10p3GHz.png
E,10.3,84.0,-22.736766940605765,rad_pattern_10p3GHz.png
E,10.3,84.5,-22.736766940605765,rad_pattern_10p3GHz.png
E,10.3,85.0,-22.977325774765312,rad_pattern_10p3GHz.png
E,10.3,85.5,-22.979606231296398,rad_pattern_10p3GHz.png
E,10.3,86.0,-23.101390010568075,rad_pattern_10p3GHz.png
E,10.3,86.5,-23.33944955828137,rad_pattern_10p3GHz.png
E,10.3,87.0,-23.34096886346704,rad_pattern_10p3GHz.png
E,10.3,87.5,-23.43173951860815,rad_pattern_10p3GHz.png
E,10.3,88.0,-23.66505230738171,rad_pattern_10p3GHz.png
E,10.3,88.5,-23.81134450577111,rad_pattern_10p3GHz.png
E,10.3,89.0,-23.986611650005372,rad_pattern_10p3GHz.png
E,10.3,89.5,-23.98755933150705,rad_pattern_10p3GHz.png
E,10.3,90.0,-24.045372753435593,rad_pattern_10p3GHz.png
E,10.3,90.5,-24.101740982486405,rad_pattern_10p3GHz.png
E,10.3,91.0,-24.101740982486405,rad_pattern_10p3GHz.png
E,10.3,91.5,-24.071401329116892,rad_pattern_10p3GHz.png
E,10.3,92.0,-23.953934645857853,rad_pattern_10p3GHz.png
E,10.3,92.5,-23.951576838016006,rad_pattern_10p3GHz.png
E,10.3,93.0,-23.891015155511962,rad_pattern_10p3GHz.png
E,10.3,93.5,-23.85888968048458,rad_pattern_10p3GHz.png
E,10.3,94.0,-23.85888968048458,rad_pattern_10p3GHz.png
E,10.3,94.5,-23.87980419947619,rad_pattern_10p3GHz.png
E,10.3,95.0,-23.96154387920447,rad_pattern_10p3GHz.png
E,10.3,95.5,-24.07146132756289,rad_pattern_10p3GHz.png
E,10.3,96.0,-24.266935266240562,rad_pattern_10p3GHz.png
E,10.3,96.5,-24.378616588301863,rad_pattern_10p3GHz.png
E,10.3,97.0,-24.604977327719652,rad_pattern_10p3GHz.png
E,10.3,97.5,-24.712337558607107,rad_pattern_10p3GHz.png
E,10.3,98.0,-24.912845684142905,rad_pattern_10p3GHz.png
E,10.3,98.5,-24.961857889009263,rad_pattern_10p3GHz.png
E,10.3,99.0,-25.128826655697807,rad_pattern_10p3GHz.png
E,10.3,99.5,-25.181353908832985,rad_pattern_10p3GHz.png
E,10.3,100.0,-25.34243163232568,rad_pattern_10p3GHz.png
E,10.3,100.5,-25.360273433753303,rad_pattern_10p3GHz.png
E,10.3,101.0,-25.360273433753303,rad_pattern_10p3GHz.png
E,10.3,101.5,-25.29242484724524,rad_pattern_10p3GHz.png
E,10.3,102.0,-25.218220158444716,rad_pattern_10p3GHz.png
E,10.3,102.5,-25.149455615172617,rad_pattern_10p3GHz.png
E,10.3,103.0,-25.102031131776027,rad_pattern_10p3GHz.png
E,10.3,103.5,-25.032370156608863,rad_pattern_10p3GHz.png
E,10.3,104.0,-25.0040664161486,rad_pattern_10p3GHz.png
E,10.3,104.5,-25.0040664161486,rad_pattern_10p3GHz.png
E,10.3,105.0,-25.11583595818248,rad_pattern_10p3GHz.png
E,10.3,105.5,-25.227454579057202,rad_pattern_10p3GHz.png
E,10.3,106.0,-25.394579957521067,rad_pattern_10p3GHz.png
E,10.3,106.5,-25.58905479704147,rad_pattern_10p3GHz.png
E,10.3,107.0,-25.69153213848042,rad_pattern_10p3GHz.png
E,10.3,107.5,-25.79336038146967,rad_pattern_10p3GHz.png
E,10.3,108.0,-25.930921422197965,rad_pattern_10p3GHz.png
E,10.3,108.5,-26.16865716669616,rad_pattern_10p3GHz.png
E,10.3,109.0,-26.305633061420963,rad_pattern_10p3GHz.png
E,10.3,109.5,-26.469400457019784,rad_pattern_10p3GHz.png
E,10.3,110.0,-26.578172547568148,rad_pattern_10p3GHz.png
E,10.3,110.5,-26.68659127549793,rad_pattern_10p3GHz.png
E,10.3,111.0,-26.7197236990207,rad_pattern_10p3GHz.png
E,10.3,111.5,-26.7197236990207,rad_pattern_10p3GHz.png
E,10.3,112.0,-26.617773686257948,rad_pattern_10p3GHz.png
E,10.3,112.5,-26.520233861752818,rad_pattern_10p3GHz.png
E,10.3,113.0,-26.470858734657188,rad_pattern_10p3GHz.png
E,10.3,113.5,-26.470858734657188,rad_pattern_10p3GHz.png
E,10.3,114.0,-26.42113564300854,rad_pattern_10p3GHz.png
E,10.3,114.5,-26.372912288607537,rad_pattern_10p3GHz.png
E,10.3,115.0,-26.372912288607537,rad_pattern_10p3GHz.png
E,10.3,115.5,-26.463636071100996,rad_pattern_10p3GHz.png
E,10.3,116.0,-26.697054258762765,rad_pattern_10p3GHz.png
E,10.3,116.5,-26.7489187148192,rad_pattern_10p3GHz.png
E,10.3,117.0,-26.91681320490419,rad_pattern_10p3GHz.png
E,10.3,117.5,-27.162082632562758,rad_pattern_10p3GHz.png
E,10.3,118.0,-27.432637510382936,rad_pattern_10p3GHz.png
E,10.3,118.5,-27.483480580533676,rad_pattern_10p3GHz.png
E,10.3,119.0,-27.663252097015864,rad_pattern_10p3GHz.png
E,10.3,119.5,-27.792386086160175,rad_pattern_10p3GHz.png
E,10.3,120.0,-27.971737523047548,rad_pattern_10p3GHz.png
E,10.3,120.5,-28.021695289399762,rad_pattern_10p3GHz.png
E,10.3,121.0,-28.135798053301453,rad_pattern_10p3GHz.png
E,10.3,121.5,-28.26463853158692,rad_pattern_10p3GHz.png
E,10.3,122.0,-28.378178719153905,rad_pattern_10p3GHz.png
E,10.3,122.5,-28.555421815373624,rad_pattern_10p3GHz.png
E,10.3,123.0,-28.555421815373624,rad_pattern_10p3GHz.png
E,10.3,123.5,-28.475352196322696,rad_pattern_10p3GHz.png
E,10.3,124.0,-28.475352196322696,rad_pattern_10p3GHz.png
E,10.3,124.5,-28.459266507812234,rad_pattern_10p3GHz.png
E,10.3,125.0,-28.409747553458537,rad_pattern_10p3GHz.png
E,10.3,125.5,-28.36253383102026,rad_pattern_10p3GHz.png
E,10.3,126.0,-28.37566936574292,rad_pattern_10p3GHz.png
E,10.3,126.5,-28.37566936574292,rad_pattern_10p3GHz.png
E,10.3,127.0,-28.502858714046376,rad_pattern_10p3GHz.png
E,10.3,127.5,-28.502858714046376,rad_pattern_10p3GHz.png
E,10.3,128.0,-28.36361460993671,rad_pattern_10p3GHz.png
E,10.3,128.5,-28.36361460993671,rad_pattern_10p3GHz.png
E,10.3,129.0,-28.472093748250266,rad_pattern_10p3GHz.png
E,10.3,129.5,-28.49446862787526,rad_pattern_10p3GHz.png
E,10.3,130.0,-28.5574398080888,rad_pattern_10p3GHz.png
E,10.3,130.5,-28.601572885185504,rad_pattern_10p3GHz.png
E,10.3,131.0,-28.704978323836762,rad_pattern_10p3GHz.png
E,10.3,131.5,-28.72673386254868,rad_pattern_10p3GHz.png
E,10.3,132.0,-28.85141660912878,rad_pattern_10p3GHz.png
E,10.3,132.5,-29.014746425598407,rad_pattern_10p3GHz.png
E,10.3,133.0,-28.85141660912878,rad_pattern_10p3GHz.png
E,10.3,133.5,-29.057258202387832,rad_pattern_10p3GHz.png
E,10.3,134.0,-28.73034751544643,rad_pattern_10p3GHz.png
E,10.3,134.5,-28.64931277312805,rad_pattern_10p3GHz.png
E,10.3,135.0,-28.628873203345012,rad_pattern_10p3GHz.png
E,10.3,135.5,-28.628873203345012,rad_pattern_10p3GHz.png
E,10.3,136.0,-28.648613882849265,rad_pattern_10p3GHz.png
E,10.3,136.5,-28.648613882849265,rad_pattern_10p3GHz.png
E,10.3,137.0,-28.56552823003447,rad_pattern_10p3GHz.png
E,10.3,137.5,-28.44105688654325,rad_pattern_10p3GHz.png
E,10.3,138.0,-28.56552823003447,rad_pattern_10p3GHz.png
E,10.3,138.5,-28.4792636155509,rad_pattern_10p3GHz.png
E,10.3,139.0,-28.601570936386597,rad_pattern_10p3GHz.png
E,10.3,139.5,-28.516724374003406,rad_pattern_10p3GHz.png
E,10.3,140.0,-28.5981497248131,rad_pattern_10p3GHz.png
E,10.3,140.5,-28.55340545975448,rad_pattern_10p3GHz.png
E,10.3,141.0,-28.5981497248131,rad_pattern_10p3GHz.png
E,10.3,141.5,-28.715926603090256,rad_pattern_10p3GHz.png
E,10.3,142.0,-28.751419175469,rad_pattern_10p3GHz.png
E,10.3,142.5,-28.751419175469,rad_pattern_10p3GHz.png
E,10.3,143.0,-28.751419175469,rad_pattern_10p3GHz.png
E,10.3,143.5,-28.99422980939648,rad_pattern_10p3GHz.png
E,10.3,144.0,-29.07503023674415,rad_pattern_10p3GHz.png
E,10.3,144.5,-29.13217910775532,rad_pattern_10p3GHz.png
E,10.3,145.0,-29.196059613504094,rad_pattern_10p3GHz.png
E,10.3,145.5,-29.13217910775532,rad_pattern_10p3GHz.png
E,10.3,146.0,-29.35708463933194,rad_pattern_10p3GHz.png
E,10.3,146.5,-29.349179555337223,rad_pattern_10p3GHz.png
E,10.3,147.0,-29.373307588469633,rad_pattern_10p3GHz.png
E,10.3,147.5,-29.429109950735107,rad_pattern_10p3GHz.png
E,10.3,148.0,-29.508847112442137,rad_pattern_10p3GHz.png
E,10.3,148.5,-29.58835921779052,rad_pattern_10p3GHz.png
E,10.3,149.0,-29.667607175144827,rad_pattern_10p3GHz.png
E,10.3,149.5,-29.667607175144827,rad_pattern_10p3GHz.png
E,10.3,150.0,-29.875639127141532,rad_pattern_10p3GHz.png
E,10.3,150.5,-29.875639127141532,rad_pattern_10p3GHz.png
E,10.3,151.0,-29.850451024531186,rad_pattern_10p3GHz.png
E,10.3,151.5,-29.825104190971462,rad_pattern_10p3GHz.png
E,10.3,152.0,-29.825104190971462,rad_pattern_10p3GHz.png
E,10.3,152.5,-29.838580788179357,rad_pattern_10p3GHz.png
E,10.3,153.0,-29.877361120213788,rad_pattern_10p3GHz.png
E,10.3,153.5,-29.877361120213788,rad_pattern_10p3GHz.png
E,10.3,154.0,-29.916141452248223,rad_pattern_10p3GHz.png
E,10.3,154.5,-29.916141452248223,rad_pattern_10p3GHz.png
E,10.3,155.0,-29.928467338356132,rad_pattern_10p3GHz.png
E,10.3,155.5,-29.928467338356132,rad_pattern_10p3GHz.png
E,10.3,156.0,-29.928467338356132,rad_pattern_10p3GHz.png
E,10.3,156.5,-29.96667837155882,rad_pattern_10p3GHz.png
E,10.3,157.0,-29.978018747930246,rad_pattern_10p3GHz.png
E,10.3,157.5,-30.10690344218936,rad_pattern_10p3GHz.png
E,10.3,158.0,-30.093453737627375,rad_pattern_10p3GHz.png
E,10.3,158.5,-30.093453737627375,rad_pattern_10p3GHz.png
E,10.3,159.0,-30.08000403306539,rad_pattern_10p3GHz.png
E,10.3,159.5,-30.052985273418024,rad_pattern_10p3GHz.png
E,10.3,160.0,-30.052985273418024,rad_pattern_10p3GHz.png
E,10.3,160.5,-30.154173990841965,rad_pattern_10p3GHz.png
E,10.3,161.0,-30.172455054286186,rad_pattern_10p3GHz.png
E,10.3,161.5,-30.172455054286186,rad_pattern_10p3GHz.png
E,10.3,162.0,-30.190736117730403,rad_pattern_10p3GHz.png
E,10.3,162.5,-30.190736117730403,rad_pattern_10p3GHz.png
E,10.3,163.0,-30.226888501980493,rad_pattern_10p3GHz.png
E,10.3,163.5,-30.199132509164894,rad_pattern_10p3GHz.png
E,10.3,164.0,-30.199132509164894,rad_pattern_10p3GHz.png
E,10.3,164.5,-30.199132509164894,rad_pattern_10p3GHz.png
E,10.3,165.0,-30.234623447254442,rad_pattern_10p3GHz.png
E,10.3,165.5,-30.26257126073867,rad_pattern_10p3GHz.png
E,10.3,166.0,-30.266171843326305,rad_pattern_10p3GHz.png
E,10.3,166.5,-30.269578525795627,rad_pattern_10p3GHz.png
E,10.3,167.0,-30.269578525795627,rad_pattern_10p3GHz.png
E,10.3,167.5,-30.21314378018641,rad_pattern_10p3GHz.png
E,10.3,168.0,-30.184859808668428,rad_pattern_10p3GHz.png
E,10.3,168.5,-30.21314378018641,rad_pattern_10p3GHz.png
E,10.3,169.0,-30.2755627021928,rad_pattern_10p3GHz.png
E,10.3,169.5,-30.2755627021928,rad_pattern_10p3GHz.png
E,10.3,170.0,-30.19024480900601,rad_pattern_10p3GHz.png
E,10.3,170.5,-30.19024480900601,rad_pattern_10p3GHz.png
E,10.3,171.0,-30.456306775446606,rad_pattern_10p3GHz.png
E,10.3,171.5,-30.456306775446606,rad_pattern_10p3GHz.png
E,10.3,172.0,-30.37042261138924,rad_pattern_10p3GHz.png
E,10.3,172.5,-30.313056210244298,rad_pattern_10p3GHz.png
E,10.3,173.0,-30.313056210244298,rad_pattern_10p3GHz.png
E,10.3,173.5,-30.313056210244298,rad_pattern_10p3GHz.png
E,10.3,174.0,-30.28434741703125,rad_pattern_10p3GHz.png
E,10.3,174.5,-29.240309572972222,rad_pattern_10p3GHz.png
E,10.3,175.0,-29.240309572972222,rad_pattern_10p3GHz.png
E,10.3,175.5,-29.41800062681257,rad_pattern_10p3GHz.png
E,10.3,176.0,-29.41800062681257,rad_pattern_10p3GHz.png
E,10.3,176.5,-29.187259874443853,rad_pattern_10p3GHz.png
E,10.3,177.0,-29.187259874443853,rad_pattern_10p3GHz.png
E,10.3,177.5,-29.334425762557206,rad_pattern_10p3GHz.png
E,10.3,178.0,-29.334425762557206,rad_pattern_10p3GHz.png
E,10.3,178.5,-29.25777741674433,rad_pattern_10p3GHz.png
E,10.3,179.0,-29.25777741674433,rad_pattern_10p3GHz.png
E,10.3,179.5,-29.527847043274353,rad_pattern_10p3GHz.png
E,10.3,180.0,-29.527847043274353,rad_pattern_10p3GHz.png
E,10.3,180.5,-29.527847043274353,rad_pattern_10p3GHz.png
E,10.3,181.0,-29.25777741674433,rad_pattern_10p3GHz.png
E,10.3,181.5,-29.25777741674433,rad_pattern_10p3GHz.png
E,10.3,182.0,-29.334425762557206,rad_pattern_10p3GHz.png
E,10.3,182.5,-29.709938979273904,rad_pattern_10p3GHz.png
E,10.3,183.0,-29.709938979273904,rad_pattern_10p3GHz.png
E,10.3,183.5,-29.41800062681257,rad_pattern_10p3GHz.png
E,10.3,184.0,-29.41800062681257,rad_pattern_10p3GHz.png
E,10.3,184.5,-29.41800062681257,rad_pattern_10p3GHz.png
E,10.3,185.0,-29.530816146642444,rad_pattern_10p3GHz.png
E,10.3,185.5,-29.530816146642444,rad_pattern_10p3GHz.png
E,10.3,186.0,-29.556493629345592,rad_pattern_10p3GHz.png
E,10.3,186.5,-29.61389556226935,rad_pattern_10p3GHz.png
E,10.3,187.0,-29.61389556226935,rad_pattern_10p3GHz.png
E,10.3,187.5,-29.61389556226935,rad_pattern_10p3GHz.png
E,10.3,188.0,-29.671262838926587,rad_pattern_10p3GHz.png
E,10.3,188.5,-29.87169389800168,rad_pattern_10p3GHz.png
E,10.3,189.0,-29.87169389800168,rad_pattern_10p3GHz.png
E,10.3,189.5,-29.867060065110824,rad_pattern_10p3GHz.png
E,10.3,190.0,-29.867060065110824,rad_pattern_10p3GHz.png
E,10.3,190.5,-29.92396725524604,rad_pattern_10p3GHz.png
E,10.3,191.0,-29.92396725524604,rad_pattern_10p3GHz.png
E,10.3,191.5,-29.946643348424203,rad_pattern_10p3GHz.png
E,10.3,192.0,-29.946643348424203,rad_pattern_10p3GHz.png
E,10.3,192.5,-30.003079563620965,rad_pattern_10p3GHz.png
E,10.3,193.0,-30.059355406781453,rad_pattern_10p3GHz.png
E,10.3,193.5,-30.003079563620965,rad_pattern_10p3GHz.png
E,10.3,194.0,-29.996257909687895,rad_pattern_10p3GHz.png
E,10.3,194.5,-29.932983385801528,rad_pattern_10p3GHz.png
E,10.3,195.0,-29.960861616737247,rad_pattern_10p3GHz.png
E,10.3,195.5,-29.960861616737247,rad_pattern_10p3GHz.png
E,10.3,196.0,-30.016449289031186,rad_pattern_10p3GHz.png
E,10.3,196.5,-30.04414960786014,rad_pattern_10p3GHz.png
E,10.3,197.0,-30.016449289031186,rad_pattern_10p3GHz.png
E,10.3,197.5,-29.185233298304723,rad_pattern_10p3GHz.png
E,10.3,198.0,-29.130211911614158,rad_pattern_10p3GHz.png
E,10.3,198.5,-29.185233298304723,rad_pattern_10p3GHz.png
E,10.3,199.0,-29.29473464293086,rad_pattern_10p3GHz.png
E,10.3,199.5,-29.29473464293086,rad_pattern_10p3GHz.png
E,10.3,200.0,-29.25779784919239,rad_pattern_10p3GHz.png
E,10.3,200.5,-29.183428552091016,rad_pattern_10p3GHz.png
E,10.3,201.0,-29.129334992897352,rad_pattern_10p3GHz.png
E,10.3,201.5,-29.183428552091016,rad_pattern_10p3GHz.png
E,10.3,202.0,-29.382099739242808,rad_pattern_10p3GHz.png
E,10.3,202.5,-29.382099739242808,rad_pattern_10p3GHz.png
E,10.3,203.0,-29.25311928922942,rad_pattern_10p3GHz.png
E,10.3,203.5,-29.25311928922942,rad_pattern_10p3GHz.png
E,10.3,204.0,-29.294493750030377,rad_pattern_10p3GHz.png
E,10.3,204.5,-29.332702616872236,rad_pattern_10p3GHz.png
E,10.3,205.0,-29.294493750030377,rad_pattern_10p3GHz.png
E,10.3,205.5,-29.399061673809484,rad_pattern_10p3GHz.png
E,10.3,206.0,-29.28233669662944,rad_pattern_10p3GHz.png
E,10.3,206.5,-29.38613456681043,rad_pattern_10p3GHz.png
E,10.3,207.0,-29.38613456681043,rad_pattern_10p3GHz.png
E,10.3,207.5,-29.437426321304006,rad_pattern_10p3GHz.png
E,10.3,208.0,-29.437426321304006,rad_pattern_10p3GHz.png
E,10.3,208.5,-29.437426321304006,rad_pattern_10p3GHz.png
E,10.3,209.0,-29.55283648889072,rad_pattern_10p3GHz.png
E,10.3,209.5,-29.70711364061214,rad_pattern_10p3GHz.png
E,10.3,210.0,-29.732090030874794,rad_pattern_10p3GHz.png
E,10.3,210.5,-29.70711364061214,rad_pattern_10p3GHz.png
E,10.3,211.0,-29.732090030874794,rad_pattern_10p3GHz.png
E,10.3,211.5,-29.677373895210863,rad_pattern_10p3GHz.png
E,10.3,212.0,-29.82132298842305,rad_pattern_10p3GHz.png
E,10.3,212.5,-29.677373895210863,rad_pattern_10p3GHz.png
E,10.3,213.0,-29.91021168646107,rad_pattern_10p3GHz.png
E,10.3,213.5,-29.66183832349804,rad_pattern_10p3GHz.png
E,10.3,214.0,-29.709938975899096,rad_pattern_10p3GHz.png
E,10.3,214.5,-29.709938975899096,rad_pattern_10p3GHz.png
E,10.3,215.0,-29.98234987420367,rad_pattern_10p3GHz.png
E,10.3,215.5,-30.005898528843872,rad_pattern_10p3GHz.png
E,10.3,216.0,-30.046241884344646,rad_pattern_10p3GHz.png
E,10.3,216.5,-30.005898528843872,rad_pattern_10p3GHz.png
E,10.3,217.0,-30.069624847356017,rad_pattern_10p3GHz.png
E,10.3,217.5,-29.90763037335414,rad_pattern_10p3GHz.png
E,10.3,218.0,-30.092690304742575,rad_pattern_10p3GHz.png
E,10.3,218.5,-30.034139989492587,rad_pattern_10p3GHz.png
E,10.3,219.0,-30.115441621936938,rad_pattern_10p3GHz.png
E,10.3,219.5,-30.097113181529238,rad_pattern_10p3GHz.png
E,10.3,220.0,-30.1785377936348,rad_pattern_10p3GHz.png
E,10.3,220.5,-30.159846171282062,rad_pattern_10p3GHz.png
E,10.3,221.0,-30.159846171282062,rad_pattern_10p3GHz.png
E,10.3,221.5,-30.07826639740854,rad_pattern_10p3GHz.png
E,10.3,222.0,-30.07826639740854,rad_pattern_10p3GHz.png
E,10.3,222.5,-30.447794623808115,rad_pattern_10p3GHz.png
E,10.3,223.0,-30.447794623808115,rad_pattern_10p3GHz.png
E,10.3,223.5,-30.243481191479464,rad_pattern_10p3GHz.png
E,10.3,224.0,-29.95738681605962,rad_pattern_10p3GHz.png
E,10.3,224.5,-29.94716841642406,rad_pattern_10p3GHz.png
E,10.3,225.0,-29.936950016788497,rad_pattern_10p3GHz.png
E,10.3,225.5,-29.92673161715294,rad_pattern_10p3GHz.png
E,10.3,226.0,-29.92673161715294,rad_pattern_10p3GHz.png
E,10.3,226.5,-30.202613456077064,rad_pattern_10p3GHz.png
E,10.3,227.0,-30.202613456077064,rad_pattern_10p3GHz.png
E,10.3,227.5,-30.140613126860796,rad_pattern_10p3GHz.png
E,10.3,228.0,-29.915025672160755,rad_pattern_10p3GHz.png
E,10.3,228.5,-28.685928800052245,rad_pattern_10p3GHz.png
E,10.3,229.0,-28.39770544922357,rad_pattern_10p3GHz.png
E,10.3,229.5,-28.39770544922357,rad_pattern_10p3GHz.png
E,10.3,230.0,-28.268710075835585,rad_pattern_10p3GHz.png
E,10.3,230.5,-28.431432499436028,rad_pattern_10p3GHz.png
E,10.3,231.0,-28.268710075835585,rad_pattern_10p3GHz.png
E,10.3,231.5,-28.264489661771297,rad_pattern_10p3GHz.png
E,10.3,232.0,-28.264489661771297,rad_pattern_10p3GHz.png
E,10.3,232.5,-28.340783272547732,rad_pattern_10p3GHz.png
E,10.3,233.0,-28.340783272547732,rad_pattern_10p3GHz.png
E,10.3,233.5,-28.329048881173048,rad_pattern_10p3GHz.png
E,10.3,234.0,-28.329048881173048,rad_pattern_10p3GHz.png
E,10.3,234.5,-28.36253383102026,rad_pattern_10p3GHz.png
E,10.3,235.0,-28.409747553458537,rad_pattern_10p3GHz.png
E,10.3,235.5,-28.523353909791023,rad_pattern_10p3GHz.png
E,10.3,236.0,-28.523353909791023,rad_pattern_10p3GHz.png
E,10.3,236.5,-28.523353909791023,rad_pattern_10p3GHz.png
E,10.3,237.0,-28.475352196322696,rad_pattern_10p3GHz.png
E,10.3,237.5,-28.402610698390507,rad_pattern_10p3GHz.png
E,10.3,238.0,-28.24948553472536,rad_pattern_10p3GHz.png
E,10.3,238.5,-28.200228182000796,rad_pattern_10p3GHz.png
E,10.3,239.0,-28.190225875932942,rad_pattern_10p3GHz.png
E,10.3,239.5,-28.190225875932942,rad_pattern_10p3GHz.png
E,10.3,240.0,-28.190225875932942,rad_pattern_10p3GHz.png
E,10.3,240.5,-28.193909287479112,rad_pattern_10p3GHz.png
E,10.3,241.0,-28.17971118707536,rad_pattern_10p3GHz.png
E,10.3,241.5,-28.1570213281836,rad_pattern_10p3GHz.png
E,10.3,242.0,-28.10589872474822,rad_pattern_10p3GHz.png
E,10.3,242.5,-28.10589872474822,rad_pattern_10p3GHz.png
E,10.3,243.0,-28.10589872474822,rad_pattern_10p3GHz.png
E,10.3,243.5,-28.05453202757528,rad_pattern_10p3GHz.png
E,10.3,244.0,-28.015750661164564,rad_pattern_10p3GHz.png
E,10.3,244.5,-27.963716165607032,rad_pattern_10p3GHz.png
E,10.3,245.0,-27.756033014423146,rad_pattern_10p3GHz.png
E,10.3,245.5,-27.418883859360854,rad_pattern_10p3GHz.png
E,10.3,246.0,-27.172456522956388,rad_pattern_10p3GHz.png
E,10.3,246.5,-26.911148729523635,rad_pattern_10p3GHz.png
E,10.3,247.0,-26.831503174770244,rad_pattern_10p3GHz.png
E,10.3,247.5,-26.751553307446347,rad_pattern_10p3GHz.png
E,10.3,248.0,-26.671373382762315,rad_pattern_10p3GHz.png
E,10.3,248.5,-26.62845681716341,rad_pattern_10p3GHz.png
E,10.3,249.0,-26.585023165762387,rad_pattern_10p3GHz.png
E,10.3,249.5,-26.03700566785585,rad_pattern_10p3GHz.png
E,10.3,250.0,-25.654489872442745,rad_pattern_10p3GHz.png
E,10.3,250.5,-25.654489872442745,rad_pattern_10p3GHz.png
E,10.3,251.0,-25.65637932545709,rad_pattern_10p3GHz.png
E,10.3,251.5,-25.729818203813583,rad_pattern_10p3GHz.png
E,10.3,252.0,-25.78450447014888,rad_pattern_10p3GHz.png
E,10.3,252.5,-25.78450447014888,rad_pattern_10p3GHz.png
E,10.3,253.0,-25.655448281685118,rad_pattern_10p3GHz.png
E,10.3,253.5,-25.58905479704147,rad_pattern_10p3GHz.png
E,10.3,254.0,-25.35884409399118,rad_pattern_10p3GHz.png
E,10.3,254.5,-25.12846647750375,rad_pattern_10p3GHz.png
E,10.3,255.0,-25.059969523761705,rad_pattern_10p3GHz.png
E,10.3,255.5,-24.836146969832917,rad_pattern_10p3GHz.png
E,10.3,256.0,-24.69598330110548,rad_pattern_10p3GHz.png
E,10.3,256.5,-24.499443492307407,rad_pattern_10p3GHz.png
E,10.3,257.0,-24.246240612080122,rad_pattern_10p3GHz.png
E,10.3,257.5,-24.061397301195235,rad_pattern_10p3GHz.png
E,10.3,258.0,-24.061397301195235,rad_pattern_10p3GHz.png
E,10.3,258.5,-24.08490267937362,rad_pattern_10p3GHz.png
E,10.3,259.0,-24.124354358802872,rad_pattern_10p3GHz.png
E,10.3,259.5,-24.220282959822455,rad_pattern_10p3GHz.png
E,10.3,260.0,-24.315960488867926,rad_pattern_10p3GHz.png
E,10.3,260.5,-24.372926287360723,rad_pattern_10p3GHz.png
E,10.3,261.0,-24.372926287360723,rad_pattern_10p3GHz.png
E,10.3,261.5,-24.34435116266368,rad_pattern_10p3GHz.png
E,10.3,262.0,-24.181128933622173,rad_pattern_10p3GHz.png
E,10.3,262.5,-24.01694092203739,rad_pattern_10p3GHz.png
E,10.3,263.0,-23.930921068513275,rad_pattern_10p3GHz.png
E,10.3,263.5,-23.765717804300625,rad_pattern_10p3GHz.png
E,10.3,264.0,-23.570941652446187,rad_pattern_10p3GHz.png
E,10.3,264.5,-23.31496789499305,rad_pattern_10p3GHz.png
E,10.3,265.0,-23.205211395972537,rad_pattern_10p3GHz.png
E,10.3,265.5,-23.037238289768,rad_pattern_10p3GHz.png
E,10.3,266.0,-22.89745427636888,rad_pattern_10p3GHz.png
E,10.3,266.5,-22.89745427636888,rad_pattern_10p3GHz.png
E,10.3,267.0,-22.91060204336058,rad_pattern_10p3GHz.png
E,10.3,267.5,-22.935362079561948,rad_pattern_10p3GHz.png
E,10.3,268.0,-22.9417563281248,rad_pattern_10p3GHz.png
E,10.3,268.5,-23.031132649897305,rad_pattern_10p3GHz.png
E,10.3,269.0,-23.061286898825728,rad_pattern_10p3GHz.png
E,10.3,269.5,-23.062543615762607,rad_pattern_10p3GHz.png
E,10.3,270.0,-23.062543615762607,rad_pattern_10p3GHz.png
E,10.3,270.5,-22.975615353992726,rad_pattern_10p3GHz.png
E,10.3,271.0,-22.85897056780085,rad_pattern_10p3GHz.png
E,10.3,271.5,-22.653862568651487,rad_pattern_10p3GHz.png
E,10.3,272.0,-22.623973234793556,rad_pattern_10p3GHz.png
E,10.3,272.5,-22.447329385778186,rad_pattern_10p3GHz.png
E,10.3,273.0,-22.26985250793422,rad_pattern_10p3GHz.png
E,10.3,273.5,-22.207203417681082,rad_pattern_10p3GHz.png
E,10.3,274.0,-21.970663862592527,rad_pattern_10p3GHz.png
E,10.3,274.5,-21.87777556187817,rad_pattern_10p3GHz.png
E,10.3,275.0,-21.757821496607196,rad_pattern_10p3GHz.png
E,10.3,275.5,-21.747385692917486,rad_pattern_10p3GHz.png
E,10.3,276.0,-21.703556431709732,rad_pattern_10p3GHz.png
E,10.3,276.5,-21.67805142144999,rad_pattern_10p3GHz.png
E,10.3,277.0,-21.703556431709732,rad_pattern_10p3GHz.png
E,10.3,277.5,-21.739959174973013,rad_pattern_10p3GHz.png
E,10.3,278.0,-21.744330144000006,rad_pattern_10p3GHz.png
E,10.3,278.5,-21.7926334243014,rad_pattern_10p3GHz.png
E,10.3,279.0,-21.7926334243014,rad_pattern_10p3GHz.png
E,10.3,279.5,-21.7926334243014,rad_pattern_10p3GHz.png
E,10.3,280.0,-21.70701374346169,rad_pattern_10p3GHz.png
E,10.3,280.5,-21.6294499525578,rad_pattern_10p3GHz.png
E,10.3,281.0,-21.55639425413036,rad_pattern_10p3GHz.png
E,10.3,281.5,-21.426019020008074,rad_pattern_10p3GHz.png
E,10.3,282.0,-21.339843061392546,rad_pattern_10p3GHz.png
E,10.3,282.5,-21.214549000033212,rad_pattern_10p3GHz.png
E,10.3,283.0,-21.132743059744957,rad_pattern_10p3GHz.png
E,10.3,283.5,-21.056629579434034,rad_pattern_10p3GHz.png
E,10.3,284.0,-20.98009078586428,rad_pattern_10p3GHz.png
E,10.3,284.5,-20.95189125903931,rad_pattern_10p3GHz.png
E,10.3,285.0,-20.95189125903931,rad_pattern_10p3GHz.png
E,10.3,285.5,-21.01870287355464,rad_pattern_10p3GHz.png
E,10.3,286.0,-21.086421359813638,rad_pattern_10p3GHz.png
E,10.3,286.5,-21.181224751992158,rad_pattern_10p3GHz.png
E,10.3,287.0,-21.27523711191926,rad_pattern_10p3GHz.png
E,10.3,287.5,-21.34087674907217,rad_pattern_10p3GHz.png
E,10.3,288.0,-21.469675343922983,rad_pattern_10p3GHz.png
E,10.3,288.5,-21.561435000718863,rad_pattern_10p3GHz.png
E,10.3,289.0,-21.65231137099326,rad_pattern_10p3GHz.png
E,10.3,289.5,-21.752012395553248,rad_pattern_10p3GHz.png
E,10.3,290.0,-21.814161443582744,rad_pattern_10p3GHz.png
E,10.3,290.5,-21.90261365764904,rad_pattern_10p3GHz.png
E,10.3,291.0,-21.909148148767663,rad_pattern_10p3GHz.png
E,10.3,291.5,-21.942149710458615,rad_pattern_10p3GHz.png
E,10.3,292.0,-21.97453404218167,rad_pattern_10p3GHz.png
E,10.3,292.5,-21.999512777235086,rad_pattern_10p3GHz.png
E,10.3,293.0,-22.010788093144978,rad_pattern_10p3GHz.png
E,10.3,293.5,-22.018379237655015,rad_pattern_10p3GHz.png
E,10.3,294.0,-22.018379237655015,rad_pattern_10p3GHz.png
E,10.3,294.5,-22.02147466161597,rad_pattern_10p3GHz.png
E,10.3,295.0,-22.02801622752617,rad_pattern_10p3GHz.png
E,10.3,295.5,-22.041665695676787,rad_pattern_10p3GHz.png
E,10.3,296.0,-22.055315163827398,rad_pattern_10p3GHz.png
E,10.3,296.5,-22.081764549801814,rad_pattern_10p3GHz.png
E,10.3,297.0,-22.081764549801814,rad_pattern_10p3GHz.png
E,10.3,297.5,-22.041943842972767,rad_pattern_10p3GHz.png
E,10.3,298.0,-22.040549140858882,rad_pattern_10p3GHz.png
E,10.3,298.5,-21.960414477177494,rad_pattern_10p3GHz.png
E,10.3,299.0,-21.814830018257435,rad_pattern_10p3GHz.png
E,10.3,299.5,-21.682693441375687,rad_pattern_10p3GHz.png
E,10.3,300.0,-21.56081143448508,rad_pattern_10p3GHz.png
E,10.3,300.5,-21.35881153703585,rad_pattern_10p3GHz.png
E,10.3,301.0,-21.160533399394065,rad_pattern_10p3GHz.png
E,10.3,301.5,-20.90737751726647,rad_pattern_10p3GHz.png
E,10.3,302.0,-20.644172376445447,rad_pattern_10p3GHz.png
E,10.3,302.5,-20.359073446002892,rad_pattern_10p3GHz.png
E,10.3,303.0,-20.024027800656228,rad_pattern_10p3GHz.png
E,10.3,303.5,-19.736385310688586,rad_pattern_10p3GHz.png
E,10.3,304.0,-19.36719323732782,rad_pattern_10p3GHz.png
E,10.3,304.5,-18.981736216204286,rad_pattern_10p3GHz.png
E,10.3,305.0,-18.61048784195602,rad_pattern_10p3GHz.png
E,10.3,305.5,-18.214337402558836,rad_pattern_10p3GHz.png
E,10.3,306.0,-17.851327244006537,rad_pattern_10p3GHz.png
E,10.3,306.5,-17.48312667548505,rad_pattern_10p3GHz.png
E,10.3,307.0,-17.113371700063343,rad_pattern_10p3GHz.png
E,10.3,307.5,-16.736539316659144,rad_pattern_10p3GHz.png
E,10.3,308.0,-16.404373198862036,rad_pattern_10p3GHz.png
E,10.3,308.5,-16.088864515816457,rad_pattern_10p3GHz.png
E,10.3,309.0,-15.76378793497553,rad_pattern_10p3GHz.png
E,10.3,309.5,-15.455133379785064,rad_pattern_10p3GHz.png
E,10.3,310.0,-15.199888530220626,rad_pattern_10p3GHz.png
E,10.3,310.5,-14.946853272887981,rad_pattern_10p3GHz.png
E,10.3,311.0,-14.708332548310253,rad_pattern_10p3GHz.png
E,10.3,311.5,-14.515210901212292,rad_pattern_10p3GHz.png
E,10.3,312.0,-14.31582495773496,rad_pattern_10p3GHz.png
E,10.3,312.5,-14.16066447386033,rad_pattern_10p3GHz.png
E,10.3,313.0,-14.005200361948244,rad_pattern_10p3GHz.png
E,10.3,313.5,-13.906026035357321,rad_pattern_10p3GHz.png
E,10.3,314.0,-13.786815449607094,rad_pattern_10p3GHz.png
E,10.3,314.5,-13.706994773029251,rad_pattern_10p3GHz.png
E,10.3,315.0,-13.64615665344773,rad_pattern_10p3GHz.png
E,10.3,315.5,-13.604701091797903,rad_pattern_10p3GHz.png
E,10.3,316.0,-13.562387679627829,rad_pattern_10p3GHz.png
E,10.3,316.5,-13.558133281384706,rad_pattern_10p3GHz.png
E,10.3,317.0,-13.558133281384706,rad_pattern_10p3GHz.png
E,10.3,317.5,-13.559480004213139,rad_pattern_10p3GHz.png
E,10.3,318.0,-13.567512823720172,rad_pattern_10p3GHz.png
E,10.3,318.5,-13.593258986906974,rad_pattern_10p3GHz.png
E,10.3,319.0,-13.629879335534714,rad_pattern_10p3GHz.png
E,10.3,319.5,-13.641651579795411,rad_pattern_10p3GHz.png
E,10.3,320.0,-13.641651579795411,rad_pattern_10p3GHz.png
E,10.3,320.5,-13.650726382860832,rad_pattern_10p3GHz.png
E,10.3,321.0,-13.650726382860832,rad_pattern_10p3GHz.png
E,10.3,321.5,-13.596704783015365,rad_pattern_10p3GHz.png
E,10.3,322.0,-13.559806924815625,rad_pattern_10p3GHz.png
E,10.3,322.5,-13.475834903792148,rad_pattern_10p3GHz.png
E,10.3,323.0,-13.349835239114764,rad_pattern_10p3GHz.png
E,10.3,323.5,-13.239230508835632,rad_pattern_10p3GHz.png
E,10.3,324.0,-13.058907191720142,rad_pattern_10p3GHz.png
E,10.3,324.5,-12.864647119137516,rad_pattern_10p3GHz.png
E,10.3,325.0,-12.58829014115933,rad_pattern_10p3GHz.png
E,10.3,325.5,-12.335613579378844,rad_pattern_10p3GHz.png
E,10.3,326.0,-12.023589457330424,rad_pattern_10p3GHz.png
E,10.3,326.5,-11.711065523824349,rad_pattern_10p3GHz.png
E,10.3,327.0,-11.37269021032531,rad_pattern_10p3GHz.png
E,10.3,327.5,-11.018492478354439,rad_pattern_10p3GHz.png
E,10.3,328.0,-10.66746033218385,rad_pattern_10p3GHz.png
E,10.3,328.5,-10.302375898530197,rad_pattern_10p3GHz.png
E,10.3,329.0,-9.926783757552112,rad_pattern_10p3GHz.png
E,10.3,329.5,-9.588195477023426,rad_pattern_10p3GHz.png
E,10.3,330.0,-9.244401266777402,rad_pattern_10p3GHz.png
E,10.3,330.5,-8.90405689847848,rad_pattern_10p3GHz.png
E,10.3,331.0,-8.55403529656111,rad_pattern_10p3GHz.png
E,10.3,331.5,-8.22636763520958,rad_pattern_10p3GHz.png
E,10.3,332.0,-7.918657706682065,rad_pattern_10p3GHz.png
E,10.3,332.5,-7.625374803313537,rad_pattern_10p3GHz.png
E,10.3,333.0,-7.356802863566969,rad_pattern_10p3GHz.png
E,10.3,333.5,-7.07314437636688,rad_pattern_10p3GHz.png
E,10.3,334.0,-6.852117804308385,rad_pattern_10p3GHz.png
E,10.3,334.5,-6.616012375638736,rad_pattern_10p3GHz.png
E,10.3,335.0,-6.405220447958829,rad_pattern_10p3GHz.png
E,10.3,335.5,-6.2272787053841405,rad_pattern_10p3GHz.png
E,10.3,336.0,-6.0400086725430775,rad_pattern_10p3GHz.png
E,10.3,336.5,-5.878427792230841,rad_pattern_10p3GHz.png
E,10.3,337.0,-5.757837293537428,rad_pattern_10p3GHz.png
E,10.3,337.5,-5.633609144590022,rad_pattern_10p3GHz.png
E,10.3,338.0,-5.532350077477197,rad_pattern_10p3GHz.png
E,10.3,338.5,-5.430707013936239,rad_pattern_10p3GHz.png
E,10.3,339.0,-5.347380704261322,rad_pattern_10p3GHz.png
E,10.3,339.5,-5.273660136721972,rad_pattern_10p3GHz.png
E,10.3,340.0,-5.198017553937383,rad_pattern_10p3GHz.png
E,10.3,340.5,-5.147948036853716,rad_pattern_10p3GHz.png
E,10.3,341.0,-5.08792635725764,rad_pattern_10p3GHz.png
E,10.3,341.5,-5.0158083678614,rad_pattern_10p3GHz.png
E,10.3,342.0,-4.960256746096647,rad_pattern_10p3GHz.png
E,10.3,342.5,-4.893125635826852,rad_pattern_10p3GHz.png
E,10.3,343.0,-4.803891968978061,rad_pattern_10p3GHz.png
E,10.3,343.5,-4.70972544451644,rad_pattern_10p3GHz.png
E,10.3,344.0,-4.623990956763706,rad_pattern_10p3GHz.png
E,10.3,344.5,-4.480552207932455,rad_pattern_10p3GHz.png
E,10.3,345.0,-4.34623872722732,rad_pattern_10p3GHz.png
E,10.3,345.5,-4.202165575234893,rad_pattern_10p3GHz.png
E,10.3,346.0,-4.034562395479053,rad_pattern_10p3GHz.png
E,10.3,346.5,-3.8304719693927787,rad_pattern_10p3GHz.png
E,10.3,347.0,-3.623632165085681,rad_pattern_10p3GHz.png
E,10.3,347.5,-3.427358810418653,rad_pattern_10p3GHz.png
E,10.3,348.0,-3.1872526009578515,rad_pattern_10p3GHz.png
E,10.3,348.5,-2.9608917970264805,rad_pattern_10p3GHz.png
E,10.3,349.0,-2.7235905157168574,rad_pattern_10p3GHz.png
E,10.3,349.5,-2.4887593904932004,rad_pattern_10p3GHz.png
E,10.3,350.0,-2.2455978982499794,rad_pattern_10p3GHz.png
E,10.3,350.5,-2.0045010486052135,rad_pattern_10p3GHz.png
E,10.3,351.0,-1.7856341055975236,rad_pattern_10p3GHz.png
E,10.3,351.5,-1.5617020837311415,rad_pattern_10p3GHz.png
E,10.3,352.0,-1.357356763719416,rad_pattern_10p3GHz.png
E,10.3,352.5,-1.1516127768558029,rad_pattern_10p3GHz.png
E,10.3,353.0,-0.9551902474349312,rad_pattern_10p3GHz.png
E,10.3,353.5,-0.7688732196704358,rad_pattern_10p3GHz.png
E,10.3,354.0,-0.6206194013838022,rad_pattern_10p3GHz.png
E,10.3,354.5,-0.5084510640956488,rad_pattern_10p3GHz.png
E,10.3,355.0,-0.3605022606147763,rad_pattern_10p3GHz.png
E,10.3,355.5,-0.2746654846767811,rad_pattern_10p3GHz.png
E,10.3,356.0,-0.16827350695873378,rad_pattern_10p3GHz.png
E,10.3,356.5,-0.08745068771703401,rad_pattern_10p3GHz.png
E,10.3,357.0,-0.03927376533026106,rad_pattern_10p3GHz.png
E,10.3,357.5,0.0,rad_pattern_10p3GHz.png
E,10.3,358.0,0.0,rad_pattern_10p3GHz.png
E,10.3,358.5,-0.010796687934963245,rad_pattern_10p3GHz.png
E,10.3,359.0,-0.020304093108983068,rad_pattern_10p3GHz.png
E,10.3,359.5,-0.07927205711593999,rad_pattern_10p3GHz.png
E,11.3,0.0,-0.13932600224874037,rad_pattern_11p3GHz.png
E,11.3,0.5,-0.2527008679252951,rad_pattern_11p3GHz.png
E,11.3,1.0,-0.3364735589159551,rad_pattern_11p3GHz.png
E,11.3,1.5,-0.4770212887989942,rad_pattern_11p3GHz.png
E,11.3,2.0,-0.636583041980618,rad_pattern_11p3GHz.png
E,11.3,2.5,-0.8025958140533831,rad_pattern_11p3GHz.png
E,11.3,3.0,-0.9645237157358721,rad_pattern_11p3GHz.png
E,11.3,3.5,-1.1804782303029917,rad_pattern_11p3GHz.png
E,11.3,4.0,-1.3959482687082527,rad_pattern_11p3GHz.png
E,11.3,4.5,-1.6093615647226471,rad_pattern_11p3GHz.png
E,11.3,5.0,-1.8231612066496652,rad_pattern_11p3GHz.png
E,11.3,5.5,-2.0873850849361553,rad_pattern_11p3GHz.png
E,11.3,6.0,-2.3002922310548577,rad_pattern_11p3GHz.png
E,11.3,6.5,-2.549785535964432,rad_pattern_11p3GHz.png
E,11.3,7.0,-2.787168671487045,rad_pattern_11p3GHz.png
E,11.3,7.5,-3.019785853889207,rad_pattern_11p3GHz.png
E,11.3,8.0,-3.2175394418396372,rad_pattern_11p3GHz.png
E,11.3,8.5,-3.408511981919066,rad_pattern_11p3GHz.png
E,11.3,9.0,-3.610225235369036,rad_pattern_11p3GHz.png
E,11.3,9.5,-3.767528962909754,rad_pattern_11p3GHz.png
E,11.3,10.0,-3.9049200420765686,rad_pattern_11p3GHz.png
E,11.3,10.5,-4.04034953600366,rad_pattern_11p3GHz.png
E,11.3,11.0,-4.129595675041099,rad_pattern_11p3GHz.png
E,11.3,11.5,-4.225807721933904,rad_pattern_11p3GHz.png
E,11.3,12.0,-4.297856927891463,rad_pattern_11p3GHz.png
E,11.3,12.5,-4.349212075241841,rad_pattern_11p3GHz.png
E,11.3,13.0,-4.386461746778707,rad_pattern_11p3GHz.png
E,11.3,13.5,-4.453288491522997,rad_pattern_11p3GHz.png
E,11.3,14.0,-4.490369603613939,rad_pattern_11p3GHz.png
E,11.3,14.5,-4.525231622244771,rad_pattern_11p3GHz.png
E,11.3,15.0,-4.579112072520964,rad_pattern_11p3GHz.png
E,11.3,15.5,-4.645825849639561,rad_pattern_11p3GHz.png
E,11.3,16.0,-4.719247572433002,rad_pattern_11p3GHz.png
E,11.3,16.5,-4.800930384844769,rad_pattern_11p3GHz.png
E,11.3,17.0,-4.918990428594579,rad_pattern_11p3GHz.png
E,11.3,17.5,-5.032284946954178,rad_pattern_11p3GHz.png
E,11.3,18.0,-5.19804884402204,rad_pattern_11p3GHz.png
E,11.3,18.5,-5.3358387630762785,rad_pattern_11p3GHz.png
E,11.3,19.0,-5.54391566375913,rad_pattern_11p3GHz.png
E,11.3,19.5,-5.7348460772643435,rad_pattern_11p3GHz.png
E,11.3,20.0,-5.976051328177416,rad_pattern_11p3GHz.png
E,11.3,20.5,-6.227547985859065,rad_pattern_11p3GHz.png
E,11.3,21.0,-6.5179174253932075,rad_pattern_11p3GHz.png
E,11.3,21.5,-6.80486827286866,rad_pattern_11p3GHz.png
E,11.3,22.0,-7.1484293727009245,rad_pattern_11p3GHz.png
E,11.3,22.5,-7.479476956719054,rad_pattern_11p3GHz.png
E,11.3,23.0,-7.821935517600771,rad_pattern_11p3GHz.png
E,11.3,23.5,-8.232155322000892,rad_pattern_11p3GHz.png
E,11.3,24.0,-8.649217656138678,rad_pattern_11p3GHz.png
E,11.3,24.5,-9.07419708597071,rad_pattern_11p3GHz.png
E,11.3,25.0,-9.492665794572986,rad_pattern_11p3GHz.png
E,11.3,25.5,-9.86221536252824,rad_pattern_11p3GHz.png
E,11.3,26.0,-10.265061607206619,rad_pattern_11p3GHz.png
E,11.3,26.5,-10.6540959095409,rad_pattern_11p3GHz.png
E,11.3,27.0,-11.054164939305554,rad_pattern_11p3GHz.png
E,11.3,27.5,-11.42727856404823,rad_pattern_11p3GHz.png
E,11.3,28.0,-11.695336529740437,rad_pattern_11p3GHz.png
E,11.3,28.5,-11.961737241217786,rad_pattern_11p3GHz.png
E,11.3,29.0,-12.1646328312708,rad_pattern_11p3GHz.png
E,11.3,29.5,-12.371385762570625,rad_pattern_11p3GHz.png
E,11.3,30.0,-12.482315505131869,rad_pattern_11p3GHz.png
E,11.3,30.5,-12.573762445550226,rad_pattern_11p3GHz.png
E,11.3,31.0,-12.627871874033012,rad_pattern_11p3GHz.png
E,11.3,31.5,-12.627871874033012,rad_pattern_11p3GHz.png
E,11.3,32.0,-12.61008695730698,rad_pattern_11p3GHz.png
E,11.3,32.5,-12.574709883240118,rad_pattern_11p3GHz.png
E,11.3,33.0,-12.52758007554759,rad_pattern_11p3GHz.png
E,11.3,33.5,-12.47245611572562,rad_pattern_11p3GHz.png
E,11.3,34.0,-12.424277070554748,rad_pattern_11p3GHz.png
E,11.3,34.5,-12.374431706403175,rad_pattern_11p3GHz.png
E,11.3,35.0,-12.339591201471698,rad_pattern_11p3GHz.png
E,11.3,35.5,-12.306509769063137,rad_pattern_11p3GHz.png
E,11.3,36.0,-12.306509769063137,rad_pattern_11p3GHz.png
E,11.3,36.5,-12.32043447974792,rad_pattern_11p3GHz.png
E,11.3,37.0,-12.326280193919576,rad_pattern_11p3GHz.png
E,11.3,37.5,-12.3831616089392,rad_pattern_11p3GHz.png
E,11.3,38.0,-12.449293724132179,rad_pattern_11p3GHz.png
E,11.3,38.5,-12.522117514934994,rad_pattern_11p3GHz.png
E,11.3,39.0,-12.644074006900816,rad_pattern_11p3GHz.png
E,11.3,39.5,-12.782632150795987,rad_pattern_11p3GHz.png
E,11.3,40.0,-12.927138236691864,rad_pattern_11p3GHz.png
E,11.3,40.5,-13.096866238796451,rad_pattern_11p3GHz.png
E,11.3,41.0,-13.275316215042793,rad_pattern_11p3GHz.png
E,11.3,41.5,-13.490108118350104,rad_pattern_11p3GHz.png
E,11.3,42.0,-13.70351282727577,rad_pattern_11p3GHz.png
E,11.3,42.5,-13.956464820424447,rad_pattern_11p3GHz.png
E,11.3,43.0,-14.20805520541484,rad_pattern_11p3GHz.png
E,11.3,43.5,-14.541018889159915,rad_pattern_11p3GHz.png
E,11.3,44.0,-14.808674234293619,rad_pattern_11p3GHz.png
E,11.3,44.5,-15.096993319012286,rad_pattern_11p3GHz.png
E,11.3,45.0,-15.444842938747183,rad_pattern_11p3GHz.png
E,11.3,45.5,-15.730732053196839,rad_pattern_11p3GHz.png
E,11.3,46.0,-16.09730571492395,rad_pattern_11p3GHz.png
E,11.3,46.5,-16.44188639741103,rad_pattern_11p3GHz.png
E,11.3,47.0,-16.74535211223882,rad_pattern_11p3GHz.png
E,11.3,47.5,-17.026705672128042,rad_pattern_11p3GHz.png
E,11.3,48.0,-17.30889471071749,rad_pattern_11p3GHz.png
E,11.3,48.5,-17.647830962840512,rad_pattern_11p3GHz.png
E,11.3,49.0,-17.903507379880043,rad_pattern_11p3GHz.png
E,11.3,49.5,-18.123012760532824,rad_pattern_11p3GHz.png
E,11.3,50.0,-18.382738898671537,rad_pattern_11p3GHz.png
E,11.3,50.5,-18.597466995225258,rad_pattern_11p3GHz.png
E,11.3,51.0,-18.806578203283987,rad_pattern_11p3GHz.png
E,11.3,51.5,-18.95984852516772,rad_pattern_11p3GHz.png
E,11.3,52.0,-19.05890002313655,rad_pattern_11p3GHz.png
E,11.3,52.5,-19.18811331777007,rad_pattern_11p3GHz.png
E,11.3,53.0,-19.287296376305132,rad_pattern_11p3GHz.png
E,11.3,53.5,-19.338894199302505,rad_pattern_11p3GHz.png
E,11.3,54.0,-19.407072475906325,rad_pattern_11p3GHz.png
E,11.3,54.5,-19.407072475906325,rad_pattern_11p3GHz.png
E,11.3,55.0,-19.380096715397002,rad_pattern_11p3GHz.png
E,11.3,55.5,-19.37471404586042,rad_pattern_11p3GHz.png
E,11.3,56.0,-19.35159908162422,rad_pattern_11p3GHz.png
E,11.3,56.5,-19.295335597696404,rad_pattern_11p3GHz.png
E,11.3,57.0,-19.23876824545109,rad_pattern_11p3GHz.png
E,11.3,57.5,-19.18847478770005,rad_pattern_11p3GHz.png
E,11.3,58.0,-19.121406043846857,rad_pattern_11p3GHz.png
E,11.3,58.5,-19.05331837407414,rad_pattern_11p3GHz.png
E,11.3,59.0,-18.969397355265688,rad_pattern_11p3GHz.png
E,11.3,59.5,-18.92876333307444,rad_pattern_11p3GHz.png
E,11.3,60.0,-18.843113712875468,rad_pattern_11p3GHz.png
E,11.3,60.5,-18.807261227936326,rad_pattern_11p3GHz.png
E,11.3,61.0,-18.734799974085693,rad_pattern_11p3GHz.png
E,11.3,61.5,-18.700562447710393,rad_pattern_11p3GHz.png
E,11.3,62.0,-18.692366368578316,rad_pattern_11p3GHz.png
E,11.3,62.5,-18.66911018482399,rad_pattern_11p3GHz.png
E,11.3,63.0,-18.66911018482399,rad_pattern_11p3GHz.png
E,11.3,63.5,-18.682024260709632,rad_pattern_11p3GHz.png
E,11.3,64.0,-18.694396600860006,rad_pattern_11p3GHz.png
E,11.3,64.5,-18.732090524741363,rad_pattern_11p3GHz.png
E,11.3,65.0,-18.769342761667602,rad_pattern_11p3GHz.png
E,11.3,65.5,-18.818194813285896,rad_pattern_11p3GHz.png
E,11.3,66.0,-18.866144697842277,rad_pattern_11p3GHz.png
E,11.3,66.5,-18.913181714535096,rad_pattern_11p3GHz.png
E,11.3,67.0,-18.95929520123513,rad_pattern_11p3GHz.png
E,11.3,67.5,-19.00447454337466,rad_pattern_11p3GHz.png
E,11.3,68.0,-19.070468957995843,rad_pattern_11p3GHz.png
E,11.3,68.5,-19.134302463667865,rad_pattern_11p3GHz.png
E,11.3,69.0,-19.182081472868912,rad_pattern_11p3GHz.png
E,11.3,69.5,-19.212824614644365,rad_pattern_11p3GHz.png
E,11.3,70.0,-19.270246177528634,rad_pattern_11p3GHz.png
E,11.3,70.5,-19.3291742669707,rad_pattern_11p3GHz.png
E,11.3,71.0,-19.402894970568976,rad_pattern_11p3GHz.png
E,11.3,71.5,-19.477230164889697,rad_pattern_11p3GHz.png
E,11.3,72.0,-19.586515465863815,rad_pattern_11p3GHz.png
E,11.3,72.5,-19.676747208970742,rad_pattern_11p3GHz.png
E,11.3,73.0,-19.785414296375954,rad_pattern_11p3GHz.png
E,11.3,73.5,-19.946329748587132,rad_pattern_11p3GHz.png
E,11.3,74.0,-20.069877661951733,rad_pattern_11p3GHz.png
E,11.3,74.5,-20.2326131344506,rad_pattern_11p3GHz.png
E,11.3,75.0,-20.374875827274703,rad_pattern_11p3GHz.png
E,11.3,75.5,-20.516520802508566,rad_pattern_11p3GHz.png
E,11.3,76.0,-20.678631217465103,rad_pattern_11p3GHz.png
E,11.3,76.5,-20.84636839967931,rad_pattern_11p3GHz.png
E,11.3,77.0,-21.00703702213084,rad_pattern_11p3GHz.png
E,11.3,77.5,-21.151823258906465,rad_pattern_11p3GHz.png
E,11.3,78.0,-21.261029808778094,rad_pattern_11p3GHz.png
E,11.3,78.5,-21.375050457879652,rad_pattern_11p3GHz.png
E,11.3,79.0,-21.431754952425248,rad_pattern_11p3GHz.png
E,11.3,79.5,-21.567325289795956,rad_pattern_11p3GHz.png
E,11.3,80.0,-21.65007084677507,rad_pattern_11p3GHz.png
E,11.3,80.5,-21.693189909797464,rad_pattern_11p3GHz.png
E,11.3,81.0,-21.7926334243014,rad_pattern_11p3GHz.png
E,11.3,81.5,-21.92440347832515,rad_pattern_11p3GHz.png
E,11.3,82.0,-21.989900024586305,rad_pattern_11p3GHz.png
E,11.3,82.5,-22.12383442546027,rad_pattern_11p3GHz.png
E,11.3,83.0,-22.30312193475805,rad_pattern_11p3GHz.png
E,11.3,83.5,-22.431445954808435,rad_pattern_11p3GHz.png
E,11.3,84.0,-22.61608778416735,rad_pattern_11p3GHz.png
E,11.3,84.5,-22.73113380325488,rad_pattern_11p3GHz.png
E,11.3,85.0,-22.977325774765312,rad_pattern_11p3GHz.png
E,11.3,85.5,-23.03953516717618,rad_pattern_11p3GHz.png
E,11.3,86.0,-23.33207506244045,rad_pattern_11p3GHz.png
E,11.3,86.5,-23.42426911164839,rad_pattern_11p3GHz.png
E,11.3,87.0,-23.42756190935403,rad_pattern_11p3GHz.png
E,11.3,87.5,-23.547264775626047,rad_pattern_11p3GHz.png
E,11.3,88.0,-23.693941275312827,rad_pattern_11p3GHz.png
E,11.3,88.5,-23.782448785075296,rad_pattern_11p3GHz.png
E,11.3,89.0,-23.87053388809088,rad_pattern_11p3GHz.png
E,11.3,89.5,-23.871699352827005,rad_pattern_11p3GHz.png
E,11.3,90.0,-23.900839182790598,rad_pattern_11p3GHz.png
E,11.3,90.5,-23.95841568425144,rad_pattern_11p3GHz.png
E,11.3,91.0,-24.101740982486405,rad_pattern_11p3GHz.png
E,11.3,91.5,-24.21587393849618,rad_pattern_11p3GHz.png
E,11.3,92.0,-24.27366221801687,rad_pattern_11p3GHz.png
E,11.3,92.5,-24.38597213017914,rad_pattern_11p3GHz.png
E,11.3,93.0,-24.49714456410697,rad_pattern_11p3GHz.png
E,11.3,93.5,-24.64143520869455,rad_pattern_11p3GHz.png
E,11.3,94.0,-24.839649444899504,rad_pattern_11p3GHz.png
E,11.3,94.5,-25.0658403240499,rad_pattern_11p3GHz.png
E,11.3,95.0,-25.09464839265297,rad_pattern_11p3GHz.png
E,11.3,95.5,-25.262270779375463,rad_pattern_11p3GHz.png
E,11.3,96.0,-25.428943791549372,rad_pattern_11p3GHz.png
E,11.3,96.5,-25.48641492790616,rad_pattern_11p3GHz.png
E,11.3,97.0,-25.67316572821659,rad_pattern_11p3GHz.png
E,11.3,97.5,-25.68064322558782,rad_pattern_11p3GHz.png
E,11.3,98.0,-25.750862167316257,rad_pattern_11p3GHz.png
E,11.3,98.5,-25.770566491360494,rad_pattern_11p3GHz.png
E,11.3,99.0,-25.761062081713217,rad_pattern_11p3GHz.png
E,11.3,99.5,-25.770566491360494,rad_pattern_11p3GHz.png
E,11.3,100.0,-25.789545038228624,rad_pattern_11p3GHz.png
E,11.3,100.5,-25.893039455353183,rad_pattern_11p3GHz.png
E,11.3,101.0,-26.03500216701873,rad_pattern_11p3GHz.png
E,11.3,101.5,-26.114369097501633,rad_pattern_11p3GHz.png
E,11.3,102.0,-26.165138911470354,rad_pattern_11p3GHz.png
E,11.3,102.5,-26.362898555790988,rad_pattern_11p3GHz.png
E,11.3,103.0,-26.503900252005398,rad_pattern_11p3GHz.png
E,11.3,103.5,-26.58171864384494,rad_pattern_11p3GHz.png
E,11.3,104.0,-26.799072401533007,rad_pattern_11p3GHz.png
E,11.3,104.5,-26.8413351598315,rad_pattern_11p3GHz.png
E,11.3,105.0,-26.93876839277479,rad_pattern_11p3GHz.png
E,11.3,105.5,-27.050282328304547,rad_pattern_11p3GHz.png
E,11.3,106.0,-27.1615553474418,rad_pattern_11p3GHz.png
E,11.3,106.5,-27.228155148665916,rad_pattern_11p3GHz.png
E,11.3,107.0,-27.2448479995555,rad_pattern_11p3GHz.png
E,11.3,107.5,-27.26559651929382,rad_pattern_11p3GHz.png
E,11.3,108.0,-27.26559651929382,rad_pattern_11p3GHz.png
E,11.3,108.5,-27.26559651929382,rad_pattern_11p3GHz.png
E,11.3,109.0,-27.19238042244919,rad_pattern_11p3GHz.png
E,11.3,109.5,-27.118826659413052,rad_pattern_11p3GHz.png
E,11.3,110.0,-27.09927453618999,rad_pattern_11p3GHz.png
E,11.3,110.5,-27.09927453618999,rad_pattern_11p3GHz.png
E,11.3,111.0,-27.105944317401544,rad_pattern_11p3GHz.png
E,11.3,111.5,-27.186739314508554,rad_pattern_11p3GHz.png
E,11.3,112.0,-27.34749359072777,rad_pattern_11p3GHz.png
E,11.3,112.5,-27.36927718853284,rad_pattern_11p3GHz.png
E,11.3,113.0,-27.507047817019963,rad_pattern_11p3GHz.png
E,11.3,113.5,-27.529821184593555,rad_pattern_11p3GHz.png
E,11.3,114.0,-27.62450854690192,rad_pattern_11p3GHz.png
E,11.3,114.5,-27.74184809946629,rad_pattern_11p3GHz.png
E,11.3,115.0,-27.74184809946629,rad_pattern_11p3GHz.png
E,11.3,115.5,-27.756033014423146,rad_pattern_11p3GHz.png
E,11.3,116.0,-27.82184361329481,rad_pattern_11p3GHz.png
E,11.3,116.5,-27.989896431540945,rad_pattern_11p3GHz.png
E,11.3,117.0,-27.989896431540945,rad_pattern_11p3GHz.png
E,11.3,117.5,-27.782754161604206,rad_pattern_11p3GHz.png
E,11.3,118.0,-27.651871286397196,rad_pattern_11p3GHz.png
E,11.3,118.5,-27.640076614604872,rad_pattern_11p3GHz.png
E,11.3,119.0,-27.651871286397196,rad_pattern_11p3GHz.png
E,11.3,119.5,-27.63795995394809,rad_pattern_11p3GHz.png
E,11.3,120.0,-27.634675336198526,rad_pattern_11p3GHz.png
E,11.3,120.5,-27.620107229395863,rad_pattern_11p3GHz.png
E,11.3,121.0,-27.620107229395863,rad_pattern_11p3GHz.png
E,11.3,121.5,-27.654851164891028,rad_pattern_11p3GHz.png
E,11.3,122.0,-27.768417926165515,rad_pattern_11p3GHz.png
E,11.3,122.5,-27.88158254340913,rad_pattern_11p3GHz.png
E,11.3,123.0,-27.970092813984312,rad_pattern_11p3GHz.png
E,11.3,123.5,-28.05845190291414,rad_pattern_11p3GHz.png
E,11.3,124.0,-28.250820322040063,rad_pattern_11p3GHz.png
E,11.3,124.5,-28.32226924244119,rad_pattern_11p3GHz.png
E,11.3,125.0,-28.442986042544675,rad_pattern_11p3GHz.png
E,11.3,125.5,-28.49037854459053,rad_pattern_11p3GHz.png
E,11.3,126.0,-28.537333076273796,rad_pattern_11p3GHz.png
E,11.3,126.5,-28.664735871820685,rad_pattern_11p3GHz.png
E,11.3,127.0,-28.872894086245207,rad_pattern_11p3GHz.png
E,11.3,127.5,-29.022789065345407,rad_pattern_11p3GHz.png
E,11.3,128.0,-29.022789065345407,rad_pattern_11p3GHz.png
E,11.3,128.5,-28.964237169240047,rad_pattern_11p3GHz.png
E,11.3,129.0,-28.964237169240047,rad_pattern_11p3GHz.png
E,11.3,129.5,-29.131082714644005,rad_pattern_11p3GHz.png
E,11.3,130.0,-29.256859375616774,rad_pattern_11p3GHz.png
E,11.3,130.5,-29.278770089114367,rad_pattern_11p3GHz.png
E,11.3,131.0,-29.278770089114367,rad_pattern_11p3GHz.png
E,11.3,131.5,-29.278770089114367,rad_pattern_11p3GHz.png
E,11.3,132.0,-29.422900723957913,rad_pattern_11p3GHz.png
E,11.3,132.5,-29.22069546754314,rad_pattern_11p3GHz.png
E,11.3,133.0,-29.22069546754314,rad_pattern_11p3GHz.png
E,11.3,133.5,-29.22069546754314,rad_pattern_11p3GHz.png
E,11.3,134.0,-29.180735757853963,rad_pattern_11p3GHz.png
E,11.3,134.5,-29.201174800492392,rad_pattern_11p3GHz.png
E,11.3,135.0,-29.201174800492392,rad_pattern_11p3GHz.png
E,11.3,135.5,-29.22161384313082,rad_pattern_11p3GHz.png
E,11.3,136.0,-29.75301420969972,rad_pattern_11p3GHz.png
E,11.3,136.5,-29.75301420969972,rad_pattern_11p3GHz.png
E,11.3,137.0,-29.58835921779052,rad_pattern_11p3GHz.png
E,11.3,137.5,-29.30240749508129,rad_pattern_11p3GHz.png
E,11.3,138.0,-29.259673332044823,rad_pattern_11p3GHz.png
E,11.3,138.5,-29.178041094861136,rad_pattern_11p3GHz.png
E,11.3,139.0,-29.093822534991133,rad_pattern_11p3GHz.png
E,11.3,139.5,-29.01227347593002,rad_pattern_11p3GHz.png
E,11.3,140.0,-29.093822534991133,rad_pattern_11p3GHz.png
E,11.3,140.5,-28.92359225256369,rad_pattern_11p3GHz.png
E,11.3,141.0,-29.131086776062425,rad_pattern_11p3GHz.png
E,11.3,141.5,-29.022802347860853,rad_pattern_11p3GHz.png
E,11.3,142.0,-29.04047923942508,rad_pattern_11p3GHz.png
E,11.3,142.5,-29.022802347860853,rad_pattern_11p3GHz.png
E,11.3,143.0,-28.99422980939648,rad_pattern_11p3GHz.png
E,11.3,143.5,-28.99422980939648,rad_pattern_11p3GHz.png
E,11.3,144.0,-29.07503023674415,rad_pattern_11p3GHz.png
E,11.3,144.5,-29.07503023674415,rad_pattern_11p3GHz.png
E,11.3,145.0,-29.196059613504094,rad_pattern_11p3GHz.png
E,11.3,145.5,-29.027986799980646,rad_pattern_11p3GHz.png
E,11.3,146.0,-29.204909473402324,rad_pattern_11p3GHz.png
E,11.3,146.5,-29.07650517269478,rad_pattern_11p3GHz.png
E,11.3,147.0,-29.156401061804992,rad_pattern_11p3GHz.png
E,11.3,147.5,-29.156401061804992,rad_pattern_11p3GHz.png
E,11.3,148.0,-29.171773142684337,rad_pattern_11p3GHz.png
E,11.3,148.5,-29.27592957198755,rad_pattern_11p3GHz.png
E,11.3,149.0,-29.355357764871894,rad_pattern_11p3GHz.png
E,11.3,149.5,-29.53858815408275,rad_pattern_11p3GHz.png
E,11.3,150.0,-29.563536015101743,rad_pattern_11p3GHz.png
E,11.3,150.5,-29.55283648889072,rad_pattern_11p3GHz.png
E,11.3,151.0,-29.695887820762934,rad_pattern_11p3GHz.png
E,11.3,151.5,-29.566661023914584,rad_pattern_11p3GHz.png
E,11.3,152.0,-29.695887820762934,rad_pattern_11p3GHz.png
E,11.3,152.5,-29.6446768879671,rad_pattern_11p3GHz.png
E,11.3,153.0,-29.683457878624445,rad_pattern_11p3GHz.png
E,11.3,153.5,-29.683457878624445,rad_pattern_11p3GHz.png
E,11.3,154.0,-29.722238869281792,rad_pattern_11p3GHz.png
E,11.3,154.5,-29.734652554243812,rad_pattern_11p3GHz.png
E,11.3,155.0,-29.993060799695215,rad_pattern_11p3GHz.png
E,11.3,155.5,-29.746542466242282,rad_pattern_11p3GHz.png
E,11.3,156.0,-29.875639127141532,rad_pattern_11p3GHz.png
E,11.3,156.5,-29.84904809179395,rad_pattern_11p3GHz.png
E,11.3,157.0,-29.84904809179395,rad_pattern_11p3GHz.png
E,11.3,157.5,-29.84904809179395,rad_pattern_11p3GHz.png
E,11.3,158.0,-29.822358142130565,rad_pattern_11p3GHz.png
E,11.3,158.5,-30.08000403306539,rad_pattern_11p3GHz.png
E,11.3,159.0,-29.897354259261867,rad_pattern_11p3GHz.png
E,11.3,159.5,-30.025874039787137,rad_pattern_11p3GHz.png
E,11.3,160.0,-30.025874039787137,rad_pattern_11p3GHz.png
E,11.3,160.5,-30.062766197531843,rad_pattern_11p3GHz.png
E,11.3,161.0,-30.0810479203918,rad_pattern_11p3GHz.png
E,11.3,161.5,-30.0810479203918,rad_pattern_11p3GHz.png
E,11.3,162.0,-30.099329643251757,rad_pattern_11p3GHz.png
E,11.3,162.5,-30.099329643251757,rad_pattern_11p3GHz.png
E,11.3,163.0,-30.04414960786014,rad_pattern_11p3GHz.png
E,11.3,163.5,-30.04414960786014,rad_pattern_11p3GHz.png
E,11.3,164.0,-30.016449289031186,rad_pattern_11p3GHz.png
E,11.3,164.5,-29.960861616737247,rad_pattern_11p3GHz.png
E,11.3,165.0,-29.960861616737247,rad_pattern_11p3GHz.png
E,11.3,165.5,-29.932983385801528,rad_pattern_11p3GHz.png
E,11.3,166.0,-29.996257909687895,rad_pattern_11p3GHz.png
E,11.3,166.5,-30.003079563620965,rad_pattern_11p3GHz.png
E,11.3,167.0,-30.094016112140434,rad_pattern_11p3GHz.png
E,11.3,167.5,-30.003079563620965,rad_pattern_11p3GHz.png
E,11.3,168.0,-29.946643348424203,rad_pattern_11p3GHz.png
E,11.3,168.5,-29.946643348424203,rad_pattern_11p3GHz.png
E,11.3,169.0,-30.12816977021431,rad_pattern_11p3GHz.png
E,11.3,169.5,-30.12816977021431,rad_pattern_11p3GHz.png
E,11.3,170.0,-30.01441352807706,rad_pattern_11p3GHz.png
E,11.3,170.5,-29.95738681605962,rad_pattern_11p3GHz.png
E,11.3,171.0,-29.95738681605962,rad_pattern_11p3GHz.png
E,11.3,171.5,-29.990275852766707,rad_pattern_11p3GHz.png
E,11.3,172.0,-29.990275852766707,rad_pattern_11p3GHz.png
E,11.3,172.5,-29.93298099403288,rad_pattern_11p3GHz.png
E,11.3,173.0,-29.87563343599599,rad_pattern_11p3GHz.png
E,11.3,173.5,-29.326608991026248,rad_pattern_11p3GHz.png
E,11.3,174.0,-29.269082077345107,rad_pattern_11p3GHz.png
E,11.3,174.5,-29.269082077345107,rad_pattern_11p3GHz.png
E,11.3,175.0,-29.21404112331703,rad_pattern_11p3GHz.png
E,11.3,175.5,-29.21404112331703,rad_pattern_11p3GHz.png
E,11.3,176.0,-29.21611052249897,rad_pattern_11p3GHz.png
E,11.3,176.5,-29.21611052249897,rad_pattern_11p3GHz.png
E,11.3,177.0,-29.21611052249897,rad_pattern_11p3GHz.png
E,11.3,177.5,-29.334425762557206,rad_pattern_11p3GHz.png
E,11.3,178.0,-29.334425762557206,rad_pattern_11p3GHz.png
E,11.3,178.5,-29.19998540525852,rad_pattern_11p3GHz.png
E,11.3,179.0,-29.19998540525852,rad_pattern_11p3GHz.png
E,11.3,179.5,-29.498951037531448,rad_pattern_11p3GHz.png
E,11.3,180.0,-29.50858317149867,rad_pattern_11p3GHz.png
E,11.3,180.5,-29.50858317149867,rad_pattern_11p3GHz.png
E,11.3,181.0,-29.219249673192966,rad_pattern_11p3GHz.png
E,11.3,181.5,-29.219249673192966,rad_pattern_11p3GHz.png
E,11.3,182.0,-29.334425762557206,rad_pattern_11p3GHz.png
E,11.3,182.5,-29.419794345774868,rad_pattern_11p3GHz.png
E,11.3,183.0,-29.419794345774868,rad_pattern_11p3GHz.png
E,11.3,183.5,-29.41800062681257,rad_pattern_11p3GHz.png
E,11.3,184.0,-29.41800062681257,rad_pattern_11p3GHz.png
E,11.3,184.5,-29.41800062681257,rad_pattern_11p3GHz.png
E,11.3,185.0,-29.530816146642444,rad_pattern_11p3GHz.png
E,11.3,185.5,-29.530816146642444,rad_pattern_11p3GHz.png
E,11.3,186.0,-29.556493629345592,rad_pattern_11p3GHz.png
E,11.3,186.5,-29.642579200597968,rad_pattern_11p3GHz.png
E,11.3,187.0,-29.642579200597968,rad_pattern_11p3GHz.png
E,11.3,187.5,-29.642579200597968,rad_pattern_11p3GHz.png
E,11.3,188.0,-29.671262838926587,rad_pattern_11p3GHz.png
E,11.3,188.5,-29.87169389800168,rad_pattern_11p3GHz.png
E,11.3,189.0,-29.87169389800168,rad_pattern_11p3GHz.png
E,11.3,189.5,-29.928833830536007,rad_pattern_11p3GHz.png
E,11.3,190.0,-30.01441352807706,rad_pattern_11p3GHz.png
E,11.3,190.5,-30.01441352807706,rad_pattern_11p3GHz.png
E,11.3,191.0,-29.980774787873322,rad_pattern_11p3GHz.png
E,11.3,191.5,-29.946643348424203,rad_pattern_11p3GHz.png
E,11.3,192.0,-29.946643348424203,rad_pattern_11p3GHz.png
E,11.3,192.5,-30.003079563620965,rad_pattern_11p3GHz.png
E,11.3,193.0,-30.094016112140434,rad_pattern_11p3GHz.png
E,11.3,193.5,-30.003079563620965,rad_pattern_11p3GHz.png
E,11.3,194.0,-30.115441621936938,rad_pattern_11p3GHz.png
E,11.3,194.5,-29.932983385801528,rad_pattern_11p3GHz.png
E,11.3,195.0,-29.960861616737247,rad_pattern_11p3GHz.png
E,11.3,195.5,-29.960861616737247,rad_pattern_11p3GHz.png
E,11.3,196.0,-30.016449289031186,rad_pattern_11p3GHz.png
E,11.3,196.5,-30.016449289031186,rad_pattern_11p3GHz.png
E,11.3,197.0,-29.376818129420652,rad_pattern_11p3GHz.png
E,11.3,197.5,-28.82842402695657,rad_pattern_11p3GHz.png
E,11.3,198.0,-28.81958972306537,rad_pattern_11p3GHz.png
E,11.3,198.5,-28.81958972306537,rad_pattern_11p3GHz.png
E,11.3,199.0,-29.04778672035623,rad_pattern_11p3GHz.png
E,11.3,199.5,-29.04778672035623,rad_pattern_11p3GHz.png
E,11.3,200.0,-29.010808273057677,rad_pattern_11p3GHz.png
E,11.3,200.5,-28.973703272462615,rad_pattern_11p3GHz.png
E,11.3,201.0,-28.963432566886254,rad_pattern_11p3GHz.png
E,11.3,201.5,-28.963432566886254,rad_pattern_11p3GHz.png
E,11.3,202.0,-28.94182487985595,rad_pattern_11p3GHz.png
E,11.3,202.5,-28.968463932090568,rad_pattern_11p3GHz.png
E,11.3,203.0,-28.968463932090568,rad_pattern_11p3GHz.png
E,11.3,203.5,-29.0860960317391,rad_pattern_11p3GHz.png
E,11.3,204.0,-29.112578915270216,rad_pattern_11p3GHz.png
E,11.3,204.5,-29.16530070291863,rad_pattern_11p3GHz.png
E,11.3,205.0,-29.217713422598692,rad_pattern_11p3GHz.png
E,11.3,205.5,-29.334425762557206,rad_pattern_11p3GHz.png
E,11.3,206.0,-29.217713422598692,rad_pattern_11p3GHz.png
E,11.3,206.5,-29.32149847833504,rad_pattern_11p3GHz.png
E,11.3,207.0,-29.32149847833504,rad_pattern_11p3GHz.png
E,11.3,207.5,-29.502043672609297,rad_pattern_11p3GHz.png
E,11.3,208.0,-29.502043672609297,rad_pattern_11p3GHz.png
E,11.3,208.5,-29.48825969396385,rad_pattern_11p3GHz.png
E,11.3,209.0,-29.48825969396385,rad_pattern_11p3GHz.png
E,11.3,209.5,-29.53858815408275,rad_pattern_11p3GHz.png
E,11.3,210.0,-29.667607175144827,rad_pattern_11p3GHz.png
E,11.3,210.5,-29.53858815408275,rad_pattern_11p3GHz.png
E,11.3,211.0,-29.667607175144827,rad_pattern_11p3GHz.png
E,11.3,211.5,-29.523912036424587,rad_pattern_11p3GHz.png
E,11.3,212.0,-29.404666835745314,rad_pattern_11p3GHz.png
E,11.3,212.5,-29.349179555337223,rad_pattern_11p3GHz.png
E,11.3,213.0,-29.349179555337223,rad_pattern_11p3GHz.png
E,11.3,213.5,-29.349179555337223,rad_pattern_11p3GHz.png
E,11.3,214.0,-29.3972814133399,rad_pattern_11p3GHz.png
E,11.3,214.5,-29.3972814133399,rad_pattern_11p3GHz.png
E,11.3,215.0,-29.42109286318227,rad_pattern_11p3GHz.png
E,11.3,215.5,-29.46820157339802,rad_pattern_11p3GHz.png
E,11.3,216.0,-29.46820157339802,rad_pattern_11p3GHz.png
E,11.3,216.5,-29.38738971642016,rad_pattern_11p3GHz.png
E,11.3,217.0,-29.38738971642016,rad_pattern_11p3GHz.png
E,11.3,217.5,-29.392963773869514,rad_pattern_11p3GHz.png
E,11.3,218.0,-29.47406194369008,rad_pattern_11p3GHz.png
E,11.3,218.5,-29.392963773869514,rad_pattern_11p3GHz.png
E,11.3,219.0,-29.50123024690015,rad_pattern_11p3GHz.png
E,11.3,219.5,-29.37907631769238,rad_pattern_11p3GHz.png
E,11.3,220.0,-29.50123024690015,rad_pattern_11p3GHz.png
E,11.3,220.5,-29.46369758506176,rad_pattern_11p3GHz.png
E,11.3,221.0,-29.46369758506176,rad_pattern_11p3GHz.png
E,11.3,221.5,-29.46369758506176,rad_pattern_11p3GHz.png
E,11.3,222.0,-29.485288748875984,rad_pattern_11p3GHz.png
E,11.3,222.5,-29.485288748875984,rad_pattern_11p3GHz.png
E,11.3,223.0,-29.710880296941173,rad_pattern_11p3GHz.png
E,11.3,223.5,-29.75301420969972,rad_pattern_11p3GHz.png
E,11.3,224.0,-29.75301420969972,rad_pattern_11p3GHz.png
E,11.3,224.5,-29.385124938162715,rad_pattern_11p3GHz.png
E,11.3,225.0,-29.38512489968602,rad_pattern_11p3GHz.png
E,11.3,225.5,-29.38512489968602,rad_pattern_11p3GHz.png
E,11.3,226.0,-29.38512486120932,rad_pattern_11p3GHz.png
E,11.3,226.5,-29.057258202387832,rad_pattern_11p3GHz.png
E,11.3,227.0,-28.771213196801664,rad_pattern_11p3GHz.png
E,11.3,227.5,-29.014746425598407,rad_pattern_11p3GHz.png
E,11.3,228.0,-28.769741305709374,rad_pattern_11p3GHz.png
E,11.3,228.5,-28.9307061764996,rad_pattern_11p3GHz.png
E,11.3,229.0,-28.683093204362752,rad_pattern_11p3GHz.png
E,11.3,229.5,-28.886811282318924,rad_pattern_11p3GHz.png
E,11.3,230.0,-28.72024346739917,rad_pattern_11p3GHz.png
E,11.3,230.5,-28.801606017520157,rad_pattern_11p3GHz.png
E,11.3,231.0,-28.72024346739917,rad_pattern_11p3GHz.png
E,11.3,231.5,-28.801606017520157,rad_pattern_11p3GHz.png
E,11.3,232.0,-28.837720216711986,rad_pattern_11p3GHz.png
E,11.3,232.5,-28.999953672661384,rad_pattern_11p3GHz.png
E,11.3,233.0,-28.999953672661384,rad_pattern_11p3GHz.png
E,11.3,233.5,-28.930505508842906,rad_pattern_11p3GHz.png
E,11.3,234.0,-28.907081124775512,rad_pattern_11p3GHz.png
E,11.3,234.5,-28.930505508842906,rad_pattern_11p3GHz.png
E,11.3,235.0,-29.027974424433314,rad_pattern_11p3GHz.png
E,11.3,235.5,-29.044451078587624,rad_pattern_11p3GHz.png
E,11.3,236.0,-29.124753008783447,rad_pattern_11p3GHz.png
E,11.3,236.5,-29.180735757853963,rad_pattern_11p3GHz.png
E,11.3,237.0,-29.204925739633467,rad_pattern_11p3GHz.png
E,11.3,237.5,-29.236136980630363,rad_pattern_11p3GHz.png
E,11.3,238.0,-29.236136980630363,rad_pattern_11p3GHz.png
E,11.3,238.5,-29.18680336626803,rad_pattern_11p3GHz.png
E,11.3,239.0,-29.18680336626803,rad_pattern_11p3GHz.png
E,11.3,239.5,-29.18680336626803,rad_pattern_11p3GHz.png
E,11.3,240.0,-29.1369912099817,rad_pattern_11p3GHz.png
E,11.3,240.5,-28.645821405604647,rad_pattern_11p3GHz.png
E,11.3,241.0,-28.258480499783342,rad_pattern_11p3GHz.png
E,11.3,241.5,-27.884889689189222,rad_pattern_11p3GHz.png
E,11.3,242.0,-27.83393649493102,rad_pattern_11p3GHz.png
E,11.3,242.5,-27.524232693632918,rad_pattern_11p3GHz.png
E,11.3,243.0,-27.524232693632918,rad_pattern_11p3GHz.png
E,11.3,243.5,-27.34353642485777,rad_pattern_11p3GHz.png
E,11.3,244.0,-27.614473797758944,rad_pattern_11p3GHz.png
E,11.3,244.5,-27.614473797758944,rad_pattern_11p3GHz.png
E,11.3,245.0,-27.626805677744954,rad_pattern_11p3GHz.png
E,11.3,245.5,-27.626805677744954,rad_pattern_11p3GHz.png
E,11.3,246.0,-27.559937324103863,rad_pattern_11p3GHz.png
E,11.3,246.5,-27.480527070487557,rad_pattern_11p3GHz.png
E,11.3,247.0,-27.34749359072777,rad_pattern_11p3GHz.png
E,11.3,247.5,-27.34749359072777,rad_pattern_11p3GHz.png
E,11.3,248.0,-27.36927718853284,rad_pattern_11p3GHz.png
E,11.3,248.5,-27.36927718853284,rad_pattern_11p3GHz.png
E,11.3,249.0,-27.234611931461608,rad_pattern_11p3GHz.png
E,11.3,249.5,-27.08921176238891,rad_pattern_11p3GHz.png
E,11.3,250.0,-26.980742097982304,rad_pattern_11p3GHz.png
E,11.3,250.5,-26.807748953226575,rad_pattern_11p3GHz.png
E,11.3,251.0,-26.789982756510604,rad_pattern_11p3GHz.png
E,11.3,251.5,-26.789982756510604,rad_pattern_11p3GHz.png
E,11.3,252.0,-26.73494355758859,rad_pattern_11p3GHz.png
E,11.3,252.5,-26.73494355758859,rad_pattern_11p3GHz.png
E,11.3,253.0,-26.44180184826534,rad_pattern_11p3GHz.png
E,11.3,253.5,-26.430815504269745,rad_pattern_11p3GHz.png
E,11.3,254.0,-26.430815504269745,rad_pattern_11p3GHz.png
E,11.3,254.5,-26.446794377073374,rad_pattern_11p3GHz.png
E,11.3,255.0,-26.476722476798155,rad_pattern_11p3GHz.png
E,11.3,255.5,-26.517917583467575,rad_pattern_11p3GHz.png
E,11.3,256.0,-26.476722476798155,rad_pattern_11p3GHz.png
E,11.3,256.5,-26.34335715877411,rad_pattern_11p3GHz.png
E,11.3,257.0,-26.293745824961665,rad_pattern_11p3GHz.png
E,11.3,257.5,-26.09638569501632,rad_pattern_11p3GHz.png
E,11.3,258.0,-26.011686963725626,rad_pattern_11p3GHz.png
E,11.3,258.5,-25.9103586383253,rad_pattern_11p3GHz.png
E,11.3,259.0,-25.85366746818,rad_pattern_11p3GHz.png
E,11.3,259.5,-25.660365948019457,rad_pattern_11p3GHz.png
E,11.3,260.0,-25.494844566753272,rad_pattern_11p3GHz.png
E,11.3,260.5,-25.352411729127397,rad_pattern_11p3GHz.png
E,11.3,261.0,-25.128826655697807,rad_pattern_11p3GHz.png
E,11.3,261.5,-25.027365698809714,rad_pattern_11p3GHz.png
E,11.3,262.0,-25.027365698809714,rad_pattern_11p3GHz.png
E,11.3,262.5,-25.03515221283387,rad_pattern_11p3GHz.png
E,11.3,263.0,-25.03515221283387,rad_pattern_11p3GHz.png
E,11.3,263.5,-24.96288808514052,rad_pattern_11p3GHz.png
E,11.3,264.0,-24.847941252144583,rad_pattern_11p3GHz.png
E,11.3,264.5,-24.738801011245133,rad_pattern_11p3GHz.png
E,11.3,265.0,-24.513701664408988,rad_pattern_11p3GHz.png
E,11.3,265.5,-24.40073217645567,rad_pattern_11p3GHz.png
E,11.3,266.0,-24.25886095316774,rad_pattern_11p3GHz.png
E,11.3,266.5,-24.032007209828645,rad_pattern_11p3GHz.png
E,11.3,267.0,-23.862148154773784,rad_pattern_11p3GHz.png
E,11.3,267.5,-23.691666916600262,rad_pattern_11p3GHz.png
E,11.3,268.0,-23.491716024089044,rad_pattern_11p3GHz.png
E,11.3,268.5,-23.349003518657856,rad_pattern_11p3GHz.png
E,11.3,269.0,-23.263601510839553,rad_pattern_11p3GHz.png
E,11.3,269.5,-23.149051362834477,rad_pattern_11p3GHz.png
E,11.3,270.0,-23.120357144993054,rad_pattern_11p3GHz.png
E,11.3,270.5,-23.062543615762607,rad_pattern_11p3GHz.png
E,11.3,271.0,-23.061286898825728,rad_pattern_11p3GHz.png
E,11.3,271.5,-22.944439196781193,rad_pattern_11p3GHz.png
E,11.3,272.0,-22.883979355546398,rad_pattern_11p3GHz.png
E,11.3,272.5,-22.825184649345193,rad_pattern_11p3GHz.png
E,11.3,273.0,-22.473477316606097,rad_pattern_11p3GHz.png
E,11.3,273.5,-22.468602209292794,rad_pattern_11p3GHz.png
E,11.3,274.0,-22.20342044591646,rad_pattern_11p3GHz.png
E,11.3,274.5,-22.10829225173241,rad_pattern_11p3GHz.png
E,11.3,275.0,-21.867932030496544,rad_pattern_11p3GHz.png
E,11.3,275.5,-21.718612601533952,rad_pattern_11p3GHz.png
E,11.3,276.0,-21.5373301132375,rad_pattern_11p3GHz.png
E,11.3,276.5,-21.352374246878743,rad_pattern_11p3GHz.png
E,11.3,277.0,-21.1951801293801,rad_pattern_11p3GHz.png
E,11.3,277.5,-21.040862997077003,rad_pattern_11p3GHz.png
E,11.3,278.0,-20.947254187755863,rad_pattern_11p3GHz.png
E,11.3,278.5,-20.8652978048716,rad_pattern_11p3GHz.png
E,11.3,279.0,-20.790189709378833,rad_pattern_11p3GHz.png
E,11.3,279.5,-20.661870508642995,rad_pattern_11p3GHz.png
E,11.3,280.0,-20.59510140292583,rad_pattern_11p3GHz.png
E,11.3,280.5,-20.489348070427802,rad_pattern_11p3GHz.png
E,11.3,281.0,-20.331405570923298,rad_pattern_11p3GHz.png
E,11.3,281.5,-20.1958750337232,rad_pattern_11p3GHz.png
E,11.3,282.0,-20.035562779130085,rad_pattern_11p3GHz.png
E,11.3,282.5,-19.84750372837353,rad_pattern_11p3GHz.png
E,11.3,283.0,-19.65931815266759,rad_pattern_11p3GHz.png
E,11.3,283.5,-19.493717596386293,rad_pattern_11p3GHz.png
E,11.3,284.0,-19.332547043524087,rad_pattern_11p3GHz.png
E,11.3,284.5,-19.121624503736395,rad_pattern_11p3GHz.png
E,11.3,285.0,-18.95984852516772,rad_pattern_11p3GHz.png
E,11.3,285.5,-18.80289052888786,rad_pattern_11p3GHz.png
E,11.3,286.0,-18.699947606555426,rad_pattern_11p3GHz.png
E,11.3,286.5,-18.564594635644966,rad_pattern_11p3GHz.png
E,11.3,287.0,-18.467719146884907,rad_pattern_11p3GHz.png
E,11.3,287.5,-18.378316275150116,rad_pattern_11p3GHz.png
E,11.3,288.0,-18.325370551333034,rad_pattern_11p3GHz.png
E,11.3,288.5,-18.25237269641815,rad_pattern_11p3GHz.png
E,11.3,289.0,-18.18733161658614,rad_pattern_11p3GHz.png
E,11.3,289.5,-18.13121936738632,rad_pattern_11p3GHz.png
E,11.3,290.0,-18.082386777701323,rad_pattern_11p3GHz.png
E,11.3,290.5,-17.988067829034105,rad_pattern_11p3GHz.png
E,11.3,291.0,-17.92018667330048,rad_pattern_11p3GHz.png
E,11.3,291.5,-17.867936427809628,rad_pattern_11p3GHz.png
E,11.3,292.0,-17.81425841534436,rad_pattern_11p3GHz.png
E,11.3,292.5,-17.70590804997254,rad_pattern_11p3GHz.png
E,11.3,293.0,-17.63840283369095,rad_pattern_11p3GHz.png
E,11.3,293.5,-17.603911735925326,rad_pattern_11p3GHz.png
E,11.3,294.0,-17.521697801976973,rad_pattern_11p3GHz.png
E,11.3,294.5,-17.516136117704573,rad_pattern_11p3GHz.png
E,11.3,295.0,-17.516636155925244,rad_pattern_11p3GHz.png
E,11.3,295.5,-17.50551347815224,rad_pattern_11p3GHz.png
E,11.3,296.0,-17.516636155925244,rad_pattern_11p3GHz.png
E,11.3,296.5,-17.557346904931002,rad_pattern_11p3GHz.png
E,11.3,297.0,-17.608758247183335,rad_pattern_11p3GHz.png
E,11.3,297.5,-17.65836887973165,rad_pattern_11p3GHz.png
E,11.3,298.0,-17.747085490801307,rad_pattern_11p3GHz.png
E,11.3,298.5,-17.784468256891667,rad_pattern_11p3GHz.png
E,11.3,299.0,-17.895248697235832,rad_pattern_11p3GHz.png
E,11.3,299.5,-18.004135112928104,rad_pattern_11p3GHz.png
E,11.3,300.0,-18.064980824869462,rad_pattern_11p3GHz.png
E,11.3,300.5,-18.135882238202132,rad_pattern_11p3GHz.png
E,11.3,301.0,-18.215834113891717,rad_pattern_11p3GHz.png
E,11.3,301.5,-18.274938760047586,rad_pattern_11p3GHz.png
E,11.3,302.0,-18.333784956441765,rad_pattern_11p3GHz.png
E,11.3,302.5,-18.370399881978184,rad_pattern_11p3GHz.png
E,11.3,303.0,-18.38142081502267,rad_pattern_11p3GHz.png
E,11.3,303.5,-18.396479576892613,rad_pattern_11p3GHz.png
E,11.3,304.0,-18.38142081502267,rad_pattern_11p3GHz.png
E,11.3,304.5,-18.340099418616564,rad_pattern_11p3GHz.png
E,11.3,305.0,-18.29073052361373,rad_pattern_11p3GHz.png
E,11.3,305.5,-18.167257490446,rad_pattern_11p3GHz.png
E,11.3,306.0,-18.059632620449573,rad_pattern_11p3GHz.png
E,11.3,306.5,-17.916809066345035,rad_pattern_11p3GHz.png
E,11.3,307.0,-17.772497127898884,rad_pattern_11p3GHz.png
E,11.3,307.5,-17.5578541831638,rad_pattern_11p3GHz.png
E,11.3,308.0,-17.324858567618907,rad_pattern_11p3GHz.png
E,11.3,308.5,-17.072992197845576,rad_pattern_11p3GHz.png
E,11.3,309.0,-16.838066173123224,rad_pattern_11p3GHz.png
E,11.3,309.5,-16.52096024479094,rad_pattern_11p3GHz.png
E,11.3,310.0,-16.20652103991144,rad_pattern_11p3GHz.png
E,11.3,310.5,-15.928216653406084,rad_pattern_11p3GHz.png
E,11.3,311.0,-15.576018641137939,rad_pattern_11p3GHz.png
E,11.3,311.5,-15.254621064478025,rad_pattern_11p3GHz.png
E,11.3,312.0,-14.95190164032648,rad_pattern_11p3GHz.png
E,11.3,312.5,-14.611716805158053,rad_pattern_11p3GHz.png
E,11.3,313.0,-14.270084216348828,rad_pattern_11p3GHz.png
E,11.3,313.5,-13.987758892341219,rad_pattern_11p3GHz.png
E,11.3,314.0,-13.643466739748071,rad_pattern_11p3GHz.png
E,11.3,314.5,-13.400636985901247,rad_pattern_11p3GHz.png
E,11.3,315.0,-13.114663904608584,rad_pattern_11p3GHz.png
E,11.3,315.5,-12.827216655169764,rad_pattern_11p3GHz.png
E,11.3,316.0,-12.622284592222346,rad_pattern_11p3GHz.png
E,11.3,316.5,-12.352026159075095,rad_pattern_11p3GHz.png
E,11.3,317.0,-12.120060118110526,rad_pattern_11p3GHz.png
E,11.3,317.5,-11.91082194440764,rad_pattern_11p3GHz.png
E,11.3,318.0,-11.758943824982886,rad_pattern_11p3GHz.png
E,11.3,318.5,-11.603035269927453,rad_pattern_11p3GHz.png
E,11.3,319.0,-11.477995985549317,rad_pattern_11p3GHz.png
E,11.3,319.5,-11.35672832021314,rad_pattern_11p3GHz.png
E,11.3,320.0,-11.276737360307628,rad_pattern_11p3GHz.png
E,11.3,320.5,-11.187813020506418,rad_pattern_11p3GHz.png
E,11.3,321.0,-11.131115345665854,rad_pattern_11p3GHz.png
E,11.3,321.5,-11.10934444332067,rad_pattern_11p3GHz.png
E,11.3,322.0,-11.085420794247355,rad_pattern_11p3GHz.png
E,11.3,322.5,-11.077717706510729,rad_pattern_11p3GHz.png
E,11.3,323.0,-11.077717706510729,rad_pattern_11p3GHz.png
E,11.3,323.5,-11.082279885478869,rad_pattern_11p3GHz.png
E,11.3,324.0,-11.088436262043164,rad_pattern_11p3GHz.png
E,11.3,324.5,-11.09040377456635,rad_pattern_11p3GHz.png
E,11.3,325.0,-11.100123286496672,rad_pattern_11p3GHz.png
E,11.3,325.5,-11.100123286496672,rad_pattern_11p3GHz.png
E,11.3,326.0,-11.069472633110117,rad_pattern_11p3GHz.png
E,11.3,326.5,-11.021080142036912,rad_pattern_11p3GHz.png
E,11.3,327.0,-10.938606389050992,rad_pattern_11p3GHz.png
E,11.3,327.5,-10.832350482308364,rad_pattern_11p3GHz.png
E,11.3,328.0,-10.694833466264953,rad_pattern_11p3GHz.png
E,11.3,328.5,-10.521598755598081,rad_pattern_11p3GHz.png
E,11.3,329.0,-10.303546731901946,rad_pattern_11p3GHz.png
E,11.3,329.5,-10.085089876211807,rad_pattern_11p3GHz.png
E,11.3,330.0,-9.79626985092154,rad_pattern_11p3GHz.png
E,11.3,330.5,-9.495845878706575,rad_pattern_11p3GHz.png
E,11.3,331.0,-9.174470953319968,rad_pattern_11p3GHz.png
E,11.3,331.5,-8.872446763275093,rad_pattern_11p3GHz.png
E,11.3,332.0,-8.54088455713956,rad_pattern_11p3GHz.png
E,11.3,332.5,-8.194564325504942,rad_pattern_11p3GHz.png
E,11.3,333.0,-7.834862056164297,rad_pattern_11p3GHz.png
E,11.3,333.5,-7.4997398451900565,rad_pattern_11p3GHz.png
E,11.3,334.0,-7.176004674603327,rad_pattern_11p3GHz.png
E,11.3,334.5,-6.8631373196927115,rad_pattern_11p3GHz.png
E,11.3,335.0,-6.544986820068026,rad_pattern_11p3GHz.png
E,11.3,335.5,-6.241732470400883,rad_pattern_11p3GHz.png
E,11.3,336.0,-5.9490981464612815,rad_pattern_11p3GHz.png
E,11.3,336.5,-5.6895155857935364,rad_pattern_11p3GHz.png
E,11.3,337.0,-5.446569175925074,rad_pattern_11p3GHz.png
E,11.3,337.5,-5.220013620986492,rad_pattern_11p3GHz.png
E,11.3,338.0,-5.0118937446016325,rad_pattern_11p3GHz.png
E,11.3,338.5,-4.829383220541665,rad_pattern_11p3GHz.png
E,11.3,339.0,-4.656275012080226,rad_pattern_11p3GHz.png
E,11.3,339.5,-4.502236460829636,rad_pattern_11p3GHz.png
E,11.3,340.0,-4.3507774241659405,rad_pattern_11p3GHz.png
E,11.3,340.5,-4.243575373044404,rad_pattern_11p3GHz.png
E,11.3,341.0,-4.13695568395741,rad_pattern_11p3GHz.png
E,11.3,341.5,-4.046817937062837,rad_pattern_11p3GHz.png
E,11.3,342.0,-3.9638318207479593,rad_pattern_11p3GHz.png
E,11.3,342.5,-3.8803579509567676,rad_pattern_11p3GHz.png
E,11.3,343.0,-3.809598153716596,rad_pattern_11p3GHz.png
E,11.3,343.5,-3.734244962536579,rad_pattern_11p3GHz.png
E,11.3,344.0,-3.663069083077726,rad_pattern_11p3GHz.png
E,11.3,344.5,-3.5753372012337294,rad_pattern_11p3GHz.png
E,11.3,345.0,-3.504571464210258,rad_pattern_11p3GHz.png
E,11.3,345.5,-3.409329443154949,rad_pattern_11p3GHz.png
E,11.3,346.0,-3.312485328222948,rad_pattern_11p3GHz.png
E,11.3,346.5,-3.1918729963116697,rad_pattern_11p3GHz.png
E,11.3,347.0,-3.0627306157837992,rad_pattern_11p3GHz.png
E,11.3,347.5,-2.9257105519753033,rad_pattern_11p3GHz.png
E,11.3,348.0,-2.78343902085458,rad_pattern_11p3GHz.png
E,11.3,348.5,-2.615352904908235,rad_pattern_11p3GHz.png
E,11.3,349.0,-2.4231615380203024,rad_pattern_11p3GHz.png
E,11.3,349.5,-2.2401429006095164,rad_pattern_11p3GHz.png
E,11.3,350.0,-2.0697855559268845,rad_pattern_11p3GHz.png
E,11.3,350.5,-1.8665505047936826,rad_pattern_11p3GHz.png
E,11.3,351.0,-1.6562742630225316,rad_pattern_11p3GHz.png
E,11.3,351.5,-1.4701173193761967,rad_pattern_11p3GHz.png
E,11.3,352.0,-1.2879903886581054,rad_pattern_11p3GHz.png
E,11.3,352.5,-1.1018350408783562,rad_pattern_11p3GHz.png
E,11.3,353.0,-0.9261540976871672,rad_pattern_11p3GHz.png
E,11.3,353.5,-0.749501812520716,rad_pattern_11p3GHz.png
E,11.3,354.0,-0.6057075959684965,rad_pattern_11p3GHz.png
E,11.3,354.5,-0.47300271101950386,rad_pattern_11p3GHz.png
E,11.3,355.0,-0.3229395593939941,rad_pattern_11p3GHz.png
E,11.3,355.5,-0.2676862408693417,rad_pattern_11p3GHz.png
E,11.3,356.0,-0.1289710665080328,rad_pattern_11p3GHz.png
E,11.3,356.5,-0.08229497803847252,rad_pattern_11p3GHz.png
E,11.3,357.0,-0.03773747480293821,rad_pattern_11p3GHz.png
E,11.3,357.5,0.0,rad_pattern_11p3GHz.png
E,11.3,358.0,0.0,rad_pattern_11p3GHz.png
E,11.3,358.5,-0.010796687934963245,rad_pattern_11p3GHz.png
E,11.3,359.0,-0.021112223183887835,rad_pattern_11p3GHz.png
E,11.3,359.5,-0.08021667129798615,rad_pattern_11p3GHz.png
E,12.3,0.0,-0.2722730875096957,rad_pattern_12p3GHz.png
E,12.3,0.5,-0.3868381716761,rad_pattern_12p3GHz.png
E,12.3,1.0,-0.5009030211465877,rad_pattern_12p3GHz.png
E,12.3,1.5,-0.7224406937900305,rad_pattern_12p3GHz.png
E,12.3,2.0,-0.8861163840546915,rad_pattern_12p3GHz.png
E,12.3,2.5,-1.0594299742551314,rad_pattern_12p3GHz.png
E,12.3,3.0,-1.2764521836985168,rad_pattern_12p3GHz.png
E,12.3,3.5,-1.4898670740440814,rad_pattern_12p3GHz.png
E,12.3,4.0,-1.7095880225102533,rad_pattern_12p3GHz.png
E,12.3,4.5,-1.9455776433566605,rad_pattern_12p3GHz.png
E,12.3,5.0,-2.1731269567363007,rad_pattern_12p3GHz.png
E,12.3,5.5,-2.3838903322690186,rad_pattern_12p3GHz.png
E,12.3,6.0,-2.5897854030802456,rad_pattern_12p3GHz.png
E,12.3,6.5,-2.7653538704096654,rad_pattern_12p3GHz.png
E,12.3,7.0,-2.9481715082874516,rad_pattern_12p3GHz.png
E,12.3,7.5,-3.086771129463745,rad_pattern_12p3GHz.png
E,12.3,8.0,-3.189636031747245,rad_pattern_12p3GHz.png
E,12.3,8.5,-3.2756131620926183,rad_pattern_12p3GHz.png
E,12.3,9.0,-3.3465647265386984,rad_pattern_12p3GHz.png
E,12.3,9.5,-3.404520684102824,rad_pattern_12p3GHz.png
E,12.3,10.0,-3.431729396342984,rad_pattern_12p3GHz.png
E,12.3,10.5,-3.4472201225735866,rad_pattern_12p3GHz.png
E,12.3,11.0,-3.449520321072601,rad_pattern_12p3GHz.png
E,12.3,11.5,-3.4545746786153693,rad_pattern_12p3GHz.png
E,12.3,12.0,-3.4631732049017963,rad_pattern_12p3GHz.png
E,12.3,12.5,-3.4697147233438024,rad_pattern_12p3GHz.png
E,12.3,13.0,-3.48734820630105,rad_pattern_12p3GHz.png
E,12.3,13.5,-3.5104835561229173,rad_pattern_12p3GHz.png
E,12.3,14.0,-3.5612162712102347,rad_pattern_12p3GHz.png
E,12.3,14.5,-3.63077393397187,rad_pattern_12p3GHz.png
E,12.3,15.0,-3.724954502535276,rad_pattern_12p3GHz.png
E,12.3,15.5,-3.83870327915454,rad_pattern_12p3GHz.png
E,12.3,16.0,-3.974239110735251,rad_pattern_12p3GHz.png
E,12.3,16.5,-4.148065275656975,rad_pattern_12p3GHz.png
E,12.3,17.0,-4.338872018262425,rad_pattern_12p3GHz.png
E,12.3,17.5,-4.554875913817469,rad_pattern_12p3GHz.png
E,12.3,18.0,-4.822391385074603,rad_pattern_12p3GHz.png
E,12.3,18.5,-5.097199394353595,rad_pattern_12p3GHz.png
E,12.3,19.0,-5.433021955314011,rad_pattern_12p3GHz.png
E,12.3,19.5,-5.768086196384289,rad_pattern_12p3GHz.png
E,12.3,20.0,-6.138913729711177,rad_pattern_12p3GHz.png
E,12.3,20.5,-6.50880939964328,rad_pattern_12p3GHz.png
E,12.3,21.0,-6.914834997858076,rad_pattern_12p3GHz.png
E,12.3,21.5,-7.374722640205118,rad_pattern_12p3GHz.png
E,12.3,22.0,-7.831233498415656,rad_pattern_12p3GHz.png
E,12.3,22.5,-8.259407859589793,rad_pattern_12p3GHz.png
E,12.3,23.0,-8.697457726572164,rad_pattern_12p3GHz.png
E,12.3,23.5,-9.08859056110142,rad_pattern_12p3GHz.png
E,12.3,24.0,-9.511966266452216,rad_pattern_12p3GHz.png
E,12.3,24.5,-9.916813444951867,rad_pattern_12p3GHz.png
E,12.3,25.0,-10.24886441980686,rad_pattern_12p3GHz.png
E,12.3,25.5,-10.550649854084533,rad_pattern_12p3GHz.png
E,12.3,26.0,-10.735576272410224,rad_pattern_12p3GHz.png
E,12.3,26.5,-10.916889869522791,rad_pattern_12p3GHz.png
E,12.3,27.0,-11.045830565672343,rad_pattern_12p3GHz.png
E,12.3,27.5,-11.094659667658096,rad_pattern_12p3GHz.png
E,12.3,28.0,-11.111577090832707,rad_pattern_12p3GHz.png
E,12.3,28.5,-11.111577090832707,rad_pattern_12p3GHz.png
E,12.3,29.0,-11.078593276158365,rad_pattern_12p3GHz.png
E,12.3,29.5,-11.029764369926635,rad_pattern_12p3GHz.png
E,12.3,30.0,-10.982879966389586,rad_pattern_12p3GHz.png
E,12.3,30.5,-10.920209633124081,rad_pattern_12p3GHz.png
E,12.3,31.0,-10.881077225928138,rad_pattern_12p3GHz.png
E,12.3,31.5,-10.845988230885155,rad_pattern_12p3GHz.png
E,12.3,32.0,-10.845988230885155,rad_pattern_12p3GHz.png
E,12.3,32.5,-10.858560069181351,rad_pattern_12p3GHz.png
E,12.3,33.0,-10.89317303846802,rad_pattern_12p3GHz.png
E,12.3,33.5,-10.958336941048348,rad_pattern_12p3GHz.png
E,12.3,34.0,-11.038817003912733,rad_pattern_12p3GHz.png
E,12.3,34.5,-11.165103400522224,rad_pattern_12p3GHz.png
E,12.3,35.0,-11.322065449921201,rad_pattern_12p3GHz.png
E,12.3,35.5,-11.51766883700353,rad_pattern_12p3GHz.png
E,12.3,36.0,-11.728781521414184,rad_pattern_12p3GHz.png
E,12.3,36.5,-11.944703405373815,rad_pattern_12p3GHz.png
E,12.3,37.0,-12.21651024987709,rad_pattern_12p3GHz.png
E,12.3,37.5,-12.511207141033612,rad_pattern_12p3GHz.png
E,12.3,38.0,-12.826790604793224,rad_pattern_12p3GHz.png
E,12.3,38.5,-13.16259325095211,rad_pattern_12p3GHz.png
E,12.3,39.0,-13.54618756944846,rad_pattern_12p3GHz.png
E,12.3,39.5,-13.906468980388464,rad_pattern_12p3GHz.png
E,12.3,40.0,-14.314026611187057,rad_pattern_12p3GHz.png
E,12.3,40.5,-14.697595241442137,rad_pattern_12p3GHz.png
E,12.3,41.0,-15.101150546491867,rad_pattern_12p3GHz.png
E,12.3,41.5,-15.495159785085534,rad_pattern_12p3GHz.png
E,12.3,42.0,-15.850181697248065,rad_pattern_12p3GHz.png
E,12.3,42.5,-16.204150712337505,rad_pattern_12p3GHz.png
E,12.3,43.0,-16.557052891532994,rad_pattern_12p3GHz.png
E,12.3,43.5,-16.805992079846938,rad_pattern_12p3GHz.png
E,12.3,44.0,-17.054105459878457,rad_pattern_12p3GHz.png
E,12.3,44.5,-17.26028785793671,rad_pattern_12p3GHz.png
E,12.3,45.0,-17.363154906777932,rad_pattern_12p3GHz.png
E,12.3,45.5,-17.505064840065668,rad_pattern_12p3GHz.png
E,12.3,46.0,-17.543715583259317,rad_pattern_12p3GHz.png
E,12.3,46.5,-17.581237069085965,rad_pattern_12p3GHz.png
E,12.3,47.0,-17.581237069085965,rad_pattern_12p3GHz.png
E,12.3,47.5,-17.54756341022954,rad_pattern_12p3GHz.png
E,12.3,48.0,-17.535927160414612,rad_pattern_12p3GHz.png
E,12.3,48.5,-17.461251314975204,rad_pattern_12p3GHz.png
E,12.3,49.0,-17.393559210100523,rad_pattern_12p3GHz.png
E,12.3,49.5,-17.3375371965279,rad_pattern_12p3GHz.png
E,12.3,50.0,-17.249149201906672,rad_pattern_12p3GHz.png
E,12.3,50.5,-17.178784054683934,rad_pattern_12p3GHz.png
E,12.3,51.0,-17.103539599261808,rad_pattern_12p3GHz.png
E,12.3,51.5,-17.049631754427374,rad_pattern_12p3GHz.png
E,12.3,52.0,-17.012464595553077,rad_pattern_12p3GHz.png
E,12.3,52.5,-16.97947939932803,rad_pattern_12p3GHz.png
E,12.3,53.0,-16.96304941644055,rad_pattern_12p3GHz.png
E,12.3,53.5,-16.962880926376044,rad_pattern_12p3GHz.png
E,12.3,54.0,-16.954691794154808,rad_pattern_12p3GHz.png
E,12.3,54.5,-16.954691794154808,rad_pattern_12p3GHz.png
E,12.3,55.0,-16.967674930656873,rad_pattern_12p3GHz.png
E,12.3,55.5,-16.99361243431422,rad_pattern_12p3GHz.png
E,12.3,56.0,-17.027527685907064,rad_pattern_12p3GHz.png
E,12.3,56.5,-17.059834853629898,rad_pattern_12p3GHz.png
E,12.3,57.0,-17.123253512511614,rad_pattern_12p3GHz.png
E,12.3,57.5,-17.177149210844124,rad_pattern_12p3GHz.png
E,12.3,58.0,-17.24806003319254,rad_pattern_12p3GHz.png
E,12.3,58.5,-17.37009726993409,rad_pattern_12p3GHz.png
E,12.3,59.0,-17.469663432267087,rad_pattern_12p3GHz.png
E,12.3,59.5,-17.59773992717042,rad_pattern_12p3GHz.png
E,12.3,60.0,-17.73463706931611,rad_pattern_12p3GHz.png
E,12.3,60.5,-17.870420738415294,rad_pattern_12p3GHz.png
E,12.3,61.0,-18.016396868102735,rad_pattern_12p3GHz.png
E,12.3,61.5,-18.25187178745532,rad_pattern_12p3GHz.png
E,12.3,62.0,-18.424175827591984,rad_pattern_12p3GHz.png
E,12.3,62.5,-18.658498937920417,rad_pattern_12p3GHz.png
E,12.3,63.0,-18.87983353909545,rad_pattern_12p3GHz.png
E,12.3,63.5,-19.138933083326958,rad_pattern_12p3GHz.png
E,12.3,64.0,-19.422662763530337,rad_pattern_12p3GHz.png
E,12.3,64.5,-19.693830373564243,rad_pattern_12p3GHz.png
E,12.3,65.0,-19.935750540739143,rad_pattern_12p3GHz.png
E,12.3,65.5,-20.25673820337453,rad_pattern_12p3GHz.png
E,12.3,66.0,-20.524247756975406,rad_pattern_12p3GHz.png
E,12.3,66.5,-20.737804279482084,rad_pattern_12p3GHz.png
E,12.3,67.0,-20.98057565775353,rad_pattern_12p3GHz.png
E,12.3,67.5,-21.22319844017125,rad_pattern_12p3GHz.png
E,12.3,68.0,-21.503141691885038,rad_pattern_12p3GHz.png
E,12.3,68.5,-21.739390105487967,rad_pattern_12p3GHz.png
E,12.3,69.0,-21.89947332604361,rad_pattern_12p3GHz.png
E,12.3,69.5,-22.139764488172457,rad_pattern_12p3GHz.png
E,12.3,70.0,-22.39940766868732,rad_pattern_12p3GHz.png
E,12.3,70.5,-22.601530157397413,rad_pattern_12p3GHz.png
E,12.3,71.0,-22.87674964160099,rad_pattern_12p3GHz.png
E,12.3,71.5,-23.132825135990274,rad_pattern_12p3GHz.png
E,12.3,72.0,-23.306313671147795,rad_pattern_12p3GHz.png
E,12.3,72.5,-23.634487196116336,rad_pattern_12p3GHz.png
E,12.3,73.0,-23.83438263635421,rad_pattern_12p3GHz.png
E,12.3,73.5,-24.033780713271845,rad_pattern_12p3GHz.png
E,12.3,74.0,-24.204847751013773,rad_pattern_12p3GHz.png
E,12.3,74.5,-24.4309053150058,rad_pattern_12p3GHz.png
E,12.3,75.0,-24.593090519351634,rad_pattern_12p3GHz.png
E,12.3,75.5,-24.699095060967775,rad_pattern_12p3GHz.png
E,12.3,76.0,-24.86047733007924,rad_pattern_12p3GHz.png
E,12.3,76.5,-24.993489782775743,rad_pattern_12p3GHz.png
E,12.3,77.0,-25.091202931573246,rad_pattern_12p3GHz.png
E,12.3,77.5,-25.201240855250454,rad_pattern_12p3GHz.png
E,12.3,78.0,-25.298126811008018,rad_pattern_12p3GHz.png
E,12.3,78.5,-25.338089901090072,rad_pattern_12p3GHz.png
E,12.3,79.0,-25.349202952439985,rad_pattern_12p3GHz.png
E,12.3,79.5,-25.416637152141437,rad_pattern_12p3GHz.png
E,12.3,80.0,-25.512164032194576,rad_pattern_12p3GHz.png
E,12.3,80.5,-25.60737666816724,rad_pattern_12p3GHz.png
E,12.3,81.0,-25.673698790898396,rad_pattern_12p3GHz.png
E,12.3,81.5,-25.739591036189154,rad_pattern_12p3GHz.png
E,12.3,82.0,-25.83366630058157,rad_pattern_12p3GHz.png
E,12.3,82.5,-25.92735237478855,rad_pattern_12p3GHz.png
E,12.3,83.0,-25.96322423600449,rad_pattern_12p3GHz.png
E,12.3,83.5,-26.084725477512826,rad_pattern_12p3GHz.png
E,12.3,84.0,-26.148304767472663,rad_pattern_12p3GHz.png
E,12.3,84.5,-26.148304767472663,rad_pattern_12p3GHz.png
E,12.3,85.0,-26.21133880385687,rad_pattern_12p3GHz.png
E,12.3,85.5,-26.30262368194276,rad_pattern_12p3GHz.png
E,12.3,86.0,-26.30262368194276,rad_pattern_12p3GHz.png
E,12.3,86.5,-26.25263315416512,rad_pattern_12p3GHz.png
E,12.3,87.0,-26.226534492593075,rad_pattern_12p3GHz.png
E,12.3,87.5,-26.25263315416512,rad_pattern_12p3GHz.png
E,12.3,88.0,-26.226534492593075,rad_pattern_12p3GHz.png
E,12.3,88.5,-26.172190034331752,rad_pattern_12p3GHz.png
E,12.3,89.0,-26.172190034331752,rad_pattern_12p3GHz.png
E,12.3,89.5,-26.230687073854806,rad_pattern_12p3GHz.png
E,12.3,90.0,-26.288499923303615,rad_pattern_12p3GHz.png
E,12.3,90.5,-26.346312772752423,rad_pattern_12p3GHz.png
E,12.3,91.0,-26.346312772752423,rad_pattern_12p3GHz.png
E,12.3,91.5,-26.461211188909363,rad_pattern_12p3GHz.png
E,12.3,92.0,-26.544212545530357,rad_pattern_12p3GHz.png
E,12.3,92.5,-26.604218322733463,rad_pattern_12p3GHz.png
E,12.3,93.0,-26.772102733106376,rad_pattern_12p3GHz.png
E,12.3,93.5,-26.772102733106376,rad_pattern_12p3GHz.png
E,12.3,94.0,-26.772102733106376,rad_pattern_12p3GHz.png
E,12.3,94.5,-26.79232775759305,rad_pattern_12p3GHz.png
E,12.3,95.0,-26.9362817357235,rad_pattern_12p3GHz.png
E,12.3,95.5,-26.873110978413482,rad_pattern_12p3GHz.png
E,12.3,96.0,-26.873110978413482,rad_pattern_12p3GHz.png
E,12.3,96.5,-26.86672665015083,rad_pattern_12p3GHz.png
E,12.3,97.0,-26.802232027775876,rad_pattern_12p3GHz.png
E,12.3,97.5,-26.802232027775876,rad_pattern_12p3GHz.png
E,12.3,98.0,-26.802232027775876,rad_pattern_12p3GHz.png
E,12.3,98.5,-26.880202896001013,rad_pattern_12p3GHz.png
E,12.3,99.0,-26.899951814789233,rad_pattern_12p3GHz.png
E,12.3,99.5,-27.014049845905582,rad_pattern_12p3GHz.png
E,12.3,100.0,-27.11786618280384,rad_pattern_12p3GHz.png
E,12.3,100.5,-27.12805845693921,rad_pattern_12p3GHz.png
E,12.3,101.0,-27.220136023508356,rad_pattern_12p3GHz.png
E,12.3,101.5,-27.259852866439264,rad_pattern_12p3GHz.png
E,12.3,102.0,-27.361528945295785,rad_pattern_12p3GHz.png
E,12.3,102.5,-27.418018900692754,rad_pattern_12p3GHz.png
E,12.3,103.0,-27.468055473560867,rad_pattern_12p3GHz.png
E,12.3,103.5,-27.5806100802783,rad_pattern_12p3GHz.png
E,12.3,104.0,-27.601828709253642,rad_pattern_12p3GHz.png
E,12.3,104.5,-27.61526417215087,rad_pattern_12p3GHz.png
E,12.3,105.0,-27.68588706150348,rad_pattern_12p3GHz.png
E,12.3,105.5,-27.61526417215087,rad_pattern_12p3GHz.png
E,12.3,106.0,-27.683046404282305,rad_pattern_12p3GHz.png
E,12.3,106.5,-27.683046404282305,rad_pattern_12p3GHz.png
E,12.3,107.0,-27.70241205985988,rad_pattern_12p3GHz.png
E,12.3,107.5,-27.785216545550657,rad_pattern_12p3GHz.png
E,12.3,108.0,-27.959253181352743,rad_pattern_12p3GHz.png
E,12.3,108.5,-27.959253181352743,rad_pattern_12p3GHz.png
E,12.3,109.0,-28.050105693150517,rad_pattern_12p3GHz.png
E,12.3,109.5,-28.050105693150517,rad_pattern_12p3GHz.png
E,12.3,110.0,-28.094453846928875,rad_pattern_12p3GHz.png
E,12.3,110.5,-28.23288528983264,rad_pattern_12p3GHz.png
E,12.3,111.0,-28.266805000166663,rad_pattern_12p3GHz.png
E,12.3,111.5,-28.266805000166663,rad_pattern_12p3GHz.png
E,12.3,112.0,-28.266805000166663,rad_pattern_12p3GHz.png
E,12.3,112.5,-28.427702259906926,rad_pattern_12p3GHz.png
E,12.3,113.0,-28.480973021164683,rad_pattern_12p3GHz.png
E,12.3,113.5,-28.53404383944471,rad_pattern_12p3GHz.png
E,12.3,114.0,-28.586901833645943,rad_pattern_12p3GHz.png
E,12.3,114.5,-28.704135845775756,rad_pattern_12p3GHz.png
E,12.3,115.0,-28.704135845775756,rad_pattern_12p3GHz.png
E,12.3,115.5,-28.679419230826266,rad_pattern_12p3GHz.png
E,12.3,116.0,-28.679419230826266,rad_pattern_12p3GHz.png
E,12.3,116.5,-28.679419230826266,rad_pattern_12p3GHz.png
E,12.3,117.0,-28.731270182147437,rad_pattern_12p3GHz.png
E,12.3,117.5,-28.769468709994868,rad_pattern_12p3GHz.png
E,12.3,118.0,-28.820418605147104,rad_pattern_12p3GHz.png
E,12.3,118.5,-28.806457493693806,rad_pattern_12p3GHz.png
E,12.3,119.0,-28.820418605147104,rad_pattern_12p3GHz.png
E,12.3,119.5,-28.856743796280277,rad_pattern_12p3GHz.png
E,12.3,120.0,-28.935588224894563,rad_pattern_12p3GHz.png
E,12.3,120.5,-28.94623792050555,rad_pattern_12p3GHz.png
E,12.3,121.0,-28.956153470248168,rad_pattern_12p3GHz.png
E,12.3,121.5,-28.956153470248168,rad_pattern_12p3GHz.png
E,12.3,122.0,-28.956153470248168,rad_pattern_12p3GHz.png
E,12.3,122.5,-28.940911718004994,rad_pattern_12p3GHz.png
E,12.3,123.0,-28.909571275651317,rad_pattern_12p3GHz.png
E,12.3,123.5,-28.78925618454691,rad_pattern_12p3GHz.png
E,12.3,124.0,-28.81313122882882,rad_pattern_12p3GHz.png
E,12.3,124.5,-28.81313122882882,rad_pattern_12p3GHz.png
E,12.3,125.0,-28.81313122882882,rad_pattern_12p3GHz.png
E,12.3,125.5,-28.80329858835353,rad_pattern_12p3GHz.png
E,12.3,126.0,-28.762906447818867,rad_pattern_12p3GHz.png
E,12.3,126.5,-28.80329858835353,rad_pattern_12p3GHz.png
E,12.3,127.0,-28.849728951565975,rad_pattern_12p3GHz.png
E,12.3,127.5,-28.895610412996767,rad_pattern_12p3GHz.png
E,12.3,128.0,-28.895610412996767,rad_pattern_12p3GHz.png
E,12.3,128.5,-28.859591690066807,rad_pattern_12p3GHz.png
E,12.3,129.0,-28.778244207900965,rad_pattern_12p3GHz.png
E,12.3,129.5,-28.859591690066807,rad_pattern_12p3GHz.png
E,12.3,130.0,-28.94486195188201,rad_pattern_12p3GHz.png
E,12.3,130.5,-28.966912711713537,rad_pattern_12p3GHz.png
E,12.3,131.0,-28.988812133326785,rad_pattern_12p3GHz.png
E,12.3,131.5,-29.051323369636084,rad_pattern_12p3GHz.png
E,12.3,132.0,-29.051323369636084,rad_pattern_12p3GHz.png
E,12.3,132.5,-29.154540284431,rad_pattern_12p3GHz.png
E,12.3,133.0,-28.951990706079652,rad_pattern_12p3GHz.png
E,12.3,133.5,-29.238014932984445,rad_pattern_12p3GHz.png
E,12.3,134.0,-29.157176978648632,rad_pattern_12p3GHz.png
E,12.3,134.5,-29.19805514361038,rad_pattern_12p3GHz.png
E,12.3,135.0,-29.19805514361038,rad_pattern_12p3GHz.png
E,12.3,135.5,-29.238933308572125,rad_pattern_12p3GHz.png
E,12.3,136.0,-29.770333675141025,rad_pattern_12p3GHz.png
E,12.3,136.5,-29.770333675141025,rad_pattern_12p3GHz.png
E,12.3,137.0,-29.64652067492233,rad_pattern_12p3GHz.png
E,12.3,137.5,-29.64652067492233,rad_pattern_12p3GHz.png
E,12.3,138.0,-29.64652067492233,rad_pattern_12p3GHz.png
E,12.3,138.5,-29.60337658669072,rad_pattern_12p3GHz.png
E,12.3,139.0,-29.60337658669072,rad_pattern_12p3GHz.png
E,12.3,139.5,-29.807195086883915,rad_pattern_12p3GHz.png
E,12.3,140.0,-29.807195086883915,rad_pattern_12p3GHz.png
E,12.3,140.5,-29.866370068545855,rad_pattern_12p3GHz.png
E,12.3,141.0,-29.866370068545855,rad_pattern_12p3GHz.png
E,12.3,141.5,-29.866370068545855,rad_pattern_12p3GHz.png
E,12.3,142.0,-29.554795607815628,rad_pattern_12p3GHz.png
E,12.3,142.5,-29.161784787836194,rad_pattern_12p3GHz.png
E,12.3,143.0,-28.93067543458071,rad_pattern_12p3GHz.png
E,12.3,143.5,-28.849736246402863,rad_pattern_12p3GHz.png
E,12.3,144.0,-28.86054390846377,rad_pattern_12p3GHz.png
E,12.3,144.5,-28.80330739109318,rad_pattern_12p3GHz.png
E,12.3,145.0,-28.813148519155238,rad_pattern_12p3GHz.png
E,12.3,145.5,-28.796636041005733,rad_pattern_12p3GHz.png
E,12.3,146.0,-28.813148519155238,rad_pattern_12p3GHz.png
E,12.3,146.5,-28.88538877040187,rad_pattern_12p3GHz.png
E,12.3,147.0,-28.88538877040187,rad_pattern_12p3GHz.png
E,12.3,147.5,-28.876571675203035,rad_pattern_12p3GHz.png
E,12.3,148.0,-28.79683059844378,rad_pattern_12p3GHz.png
E,12.3,148.5,-28.867013730804658,rad_pattern_12p3GHz.png
E,12.3,149.0,-28.867013730804658,rad_pattern_12p3GHz.png
E,12.3,149.5,-28.867013730804658,rad_pattern_12p3GHz.png
E,12.3,150.0,-28.881750695351936,rad_pattern_12p3GHz.png
E,12.3,150.5,-28.896193108957785,rad_pattern_12p3GHz.png
E,12.3,151.0,-28.91034921338726,rad_pattern_12p3GHz.png
E,12.3,151.5,-29.11802069088942,rad_pattern_12p3GHz.png
E,12.3,152.0,-29.131634443351484,rad_pattern_12p3GHz.png
E,12.3,152.5,-29.260882098124316,rad_pattern_12p3GHz.png
E,12.3,153.0,-29.131634443351484,rad_pattern_12p3GHz.png
E,12.3,153.5,-29.274181855300956,rad_pattern_12p3GHz.png
E,12.3,154.0,-29.299656162070743,rad_pattern_12p3GHz.png
E,12.3,154.5,-29.35174522799851,rad_pattern_12p3GHz.png
E,12.3,155.0,-29.55813411591223,rad_pattern_12p3GHz.png
E,12.3,155.5,-29.570155954332023,rad_pattern_12p3GHz.png
E,12.3,156.0,-29.570155954332023,rad_pattern_12p3GHz.png
E,12.3,156.5,-29.570155954332023,rad_pattern_12p3GHz.png
E,12.3,157.0,-29.619537164003425,rad_pattern_12p3GHz.png
E,12.3,157.5,-29.646219777670755,rad_pattern_12p3GHz.png
E,12.3,158.0,-29.630336465962355,rad_pattern_12p3GHz.png
E,12.3,158.5,-29.65721674549434,rad_pattern_12p3GHz.png
E,12.3,159.0,-29.823324881370013,rad_pattern_12p3GHz.png
E,12.3,159.5,-29.860426416432272,rad_pattern_12p3GHz.png
E,12.3,160.0,-29.823324881370013,rad_pattern_12p3GHz.png
E,12.3,160.5,-29.860426416432272,rad_pattern_12p3GHz.png
E,12.3,161.0,-29.769035384311778,rad_pattern_12p3GHz.png
E,12.3,161.5,-29.897268900631495,rad_pattern_12p3GHz.png
E,12.3,162.0,-29.93383268295868,rad_pattern_12p3GHz.png
E,12.3,162.5,-29.970086493687024,rad_pattern_12p3GHz.png
E,12.3,163.0,-29.970086493687024,rad_pattern_12p3GHz.png
E,12.3,163.5,-29.970086493687024,rad_pattern_12p3GHz.png
E,12.3,164.0,-29.823329541523183,rad_pattern_12p3GHz.png
E,12.3,164.5,-29.95030285124283,rad_pattern_12p3GHz.png
E,12.3,165.0,-29.95030285124283,rad_pattern_12p3GHz.png
E,12.3,165.5,-29.95030285124283,rad_pattern_12p3GHz.png
E,12.3,166.0,-29.957490886686077,rad_pattern_12p3GHz.png
E,12.3,166.5,-29.90123250379028,rad_pattern_12p3GHz.png
E,12.3,167.0,-29.957490886686077,rad_pattern_12p3GHz.png
E,12.3,167.5,-29.963962813865507,rad_pattern_12p3GHz.png
E,12.3,168.0,-29.963962813865507,rad_pattern_12p3GHz.png
E,12.3,168.5,-29.963962813865507,rad_pattern_12p3GHz.png
E,12.3,169.0,-29.998094253314626,rad_pattern_12p3GHz.png
E,12.3,169.5,-30.031732993518364,rad_pattern_12p3GHz.png
E,12.3,170.0,-30.031732993518364,rad_pattern_12p3GHz.png
E,12.3,170.5,-29.94615329597731,rad_pattern_12p3GHz.png
E,12.3,171.0,-29.94615329597731,rad_pattern_12p3GHz.png
E,12.3,171.5,-30.00759531820801,rad_pattern_12p3GHz.png
E,12.3,172.0,-30.00759531820801,rad_pattern_12p3GHz.png
E,12.3,172.5,-29.950300459474185,rad_pattern_12p3GHz.png
E,12.3,173.0,-29.950300459474185,rad_pattern_12p3GHz.png
E,12.3,173.5,-29.982445873078184,rad_pattern_12p3GHz.png
E,12.3,174.0,-29.982445873078184,rad_pattern_12p3GHz.png
E,12.3,174.5,-29.867423023105715,rad_pattern_12p3GHz.png
E,12.3,175.0,-29.867423023105715,rad_pattern_12p3GHz.png
E,12.3,175.5,-30.24677569876714,rad_pattern_12p3GHz.png
E,12.3,176.0,-30.24677569876714,rad_pattern_12p3GHz.png
E,12.3,176.5,-30.102555361706152,rad_pattern_12p3GHz.png
E,12.3,177.0,-29.958249497387236,rad_pattern_12p3GHz.png
E,12.3,177.5,-29.900905841267345,rad_pattern_12p3GHz.png
E,12.3,178.0,-29.900905841267345,rad_pattern_12p3GHz.png
E,12.3,178.5,-30.016796454508995,rad_pattern_12p3GHz.png
E,12.3,179.0,-30.13268706775064,rad_pattern_12p3GHz.png
E,12.3,179.5,-30.24857768099229,rad_pattern_12p3GHz.png
E,12.3,180.0,-30.30157632373205,rad_pattern_12p3GHz.png
E,12.3,180.5,-30.30157632373205,rad_pattern_12p3GHz.png
E,12.3,181.0,-30.238684353230166,rad_pattern_12p3GHz.png
E,12.3,181.5,-30.17579238272828,rad_pattern_12p3GHz.png
E,12.3,182.0,-30.11290041222639,rad_pattern_12p3GHz.png
E,12.3,182.5,-30.050008441724504,rad_pattern_12p3GHz.png
E,12.3,183.0,-30.050008441724504,rad_pattern_12p3GHz.png
E,12.3,183.5,-30.102555361706152,rad_pattern_12p3GHz.png
E,12.3,184.0,-30.24677569876714,rad_pattern_12p3GHz.png
E,12.3,184.5,-30.30443078530052,rad_pattern_12p3GHz.png
E,12.3,185.0,-30.39086633546305,rad_pattern_12p3GHz.png
E,12.3,185.5,-30.448442332615755,rad_pattern_12p3GHz.png
E,12.3,186.0,-30.448442332615755,rad_pattern_12p3GHz.png
E,12.3,186.5,-30.330375675685602,rad_pattern_12p3GHz.png
E,12.3,187.0,-30.330375675685602,rad_pattern_12p3GHz.png
E,12.3,187.5,-30.330375675685602,rad_pattern_12p3GHz.png
E,12.3,188.0,-30.387742076830545,rad_pattern_12p3GHz.png
E,12.3,188.5,-30.47362624088791,rad_pattern_12p3GHz.png
E,12.3,189.0,-30.47362624088791,rad_pattern_12p3GHz.png
E,12.3,189.5,-30.442796067603222,rad_pattern_12p3GHz.png
E,12.3,190.0,-30.442796067603222,rad_pattern_12p3GHz.png
E,12.3,190.5,-30.383395555376268,rad_pattern_12p3GHz.png
E,12.3,191.0,-30.292882167634104,rad_pattern_12p3GHz.png
E,12.3,191.5,-30.292882167634104,rad_pattern_12p3GHz.png
E,12.3,192.0,-30.496963677389925,rad_pattern_12p3GHz.png
E,12.3,192.5,-30.525217304833085,rad_pattern_12p3GHz.png
E,12.3,193.0,-30.525217304833085,rad_pattern_12p3GHz.png
E,12.3,193.5,-30.43421832912553,rad_pattern_12p3GHz.png
E,12.3,194.0,-30.40267153356939,rad_pattern_12p3GHz.png
E,12.3,194.5,-30.40267153356939,rad_pattern_12p3GHz.png
E,12.3,195.0,-30.609478601117118,rad_pattern_12p3GHz.png
E,12.3,195.5,-30.623411102185937,rad_pattern_12p3GHz.png
E,12.3,196.0,-30.637343603254756,rad_pattern_12p3GHz.png
E,12.3,196.5,-30.65120086460725,rad_pattern_12p3GHz.png
E,12.3,197.0,-30.65120086460725,rad_pattern_12p3GHz.png
E,12.3,197.5,-30.390865138432893,rad_pattern_12p3GHz.png
E,12.3,198.0,-30.326883458525387,rad_pattern_12p3GHz.png
E,12.3,198.5,-30.326883458525387,rad_pattern_12p3GHz.png
E,12.3,199.0,-30.354304859400425,rad_pattern_12p3GHz.png
E,12.3,199.5,-30.537107676280694,rad_pattern_12p3GHz.png
E,12.3,200.0,-30.564260092391642,rad_pattern_12p3GHz.png
E,12.3,200.5,-30.564260092391642,rad_pattern_12p3GHz.png
E,12.3,201.0,-30.564260092391642,rad_pattern_12p3GHz.png
E,12.3,201.5,-30.577764992792012,rad_pattern_12p3GHz.png
E,12.3,202.0,-30.60460043165244,rad_pattern_12p3GHz.png
E,12.3,202.5,-30.60460043165244,rad_pattern_12p3GHz.png
E,12.3,203.0,-30.60460043165244,rad_pattern_12p3GHz.png
E,12.3,203.5,-30.617918904100108,rad_pattern_12p3GHz.png
E,12.3,204.0,-30.64435061218801,rad_pattern_12p3GHz.png
E,12.3,204.5,-30.64435061218801,rad_pattern_12p3GHz.png
E,12.3,205.0,-30.579736727240878,rad_pattern_12p3GHz.png
E,12.3,205.5,-30.450499717145853,rad_pattern_12p3GHz.png
E,12.3,206.0,-30.447268930588,rad_pattern_12p3GHz.png
E,12.3,206.5,-30.444038144030145,rad_pattern_12p3GHz.png
E,12.3,207.0,-30.44080735747229,rad_pattern_12p3GHz.png
E,12.3,207.5,-30.44080735747229,rad_pattern_12p3GHz.png
E,12.3,208.0,-30.502196777650973,rad_pattern_12p3GHz.png
E,12.3,208.5,-30.69603211468874,rad_pattern_12p3GHz.png
E,12.3,209.0,-30.76060600936398,rad_pattern_12p3GHz.png
E,12.3,209.5,-30.825179904039217,rad_pattern_12p3GHz.png
E,12.3,210.0,-30.825179904039217,rad_pattern_12p3GHz.png
E,12.3,210.5,-30.55254532482776,rad_pattern_12p3GHz.png
E,12.3,211.0,-30.55254532482776,rad_pattern_12p3GHz.png
E,12.3,211.5,-30.61698970279838,rad_pattern_12p3GHz.png
E,12.3,212.0,-30.64913195173122,rad_pattern_12p3GHz.png
E,12.3,212.5,-30.681274200664063,rad_pattern_12p3GHz.png
E,12.3,213.0,-30.713416449596902,rad_pattern_12p3GHz.png
E,12.3,213.5,-30.713416449596902,rad_pattern_12p3GHz.png
E,12.3,214.0,-30.64927928177293,rad_pattern_12p3GHz.png
E,12.3,214.5,-30.55299986501612,rad_pattern_12p3GHz.png
E,12.3,215.0,-30.456720448259308,rad_pattern_12p3GHz.png
E,12.3,215.5,-30.456720448259308,rad_pattern_12p3GHz.png
E,12.3,216.0,-30.638080719558094,rad_pattern_12p3GHz.png
E,12.3,216.5,-30.638080719558094,rad_pattern_12p3GHz.png
E,12.3,217.0,-30.61110331315644,rad_pattern_12p3GHz.png
E,12.3,217.5,-30.61110331315644,rad_pattern_12p3GHz.png
E,12.3,218.0,-30.636085740424036,rad_pattern_12p3GHz.png
E,12.3,218.5,-30.636085740424036,rad_pattern_12p3GHz.png
E,12.3,219.0,-30.572097498483455,rad_pattern_12p3GHz.png
E,12.3,219.5,-30.456149422873622,rad_pattern_12p3GHz.png
E,12.3,220.0,-30.456149422873622,rad_pattern_12p3GHz.png
E,12.3,220.5,-30.340201347263793,rad_pattern_12p3GHz.png
E,12.3,221.0,-28.107723950596334,rad_pattern_12p3GHz.png
E,12.3,221.5,-28.090938738759778,rad_pattern_12p3GHz.png
E,12.3,222.0,-28.04788319973347,rad_pattern_12p3GHz.png
E,12.3,222.5,-28.090938738759778,rad_pattern_12p3GHz.png
E,12.3,223.0,-28.174340793624904,rad_pattern_12p3GHz.png
E,12.3,223.5,-28.174340793624904,rad_pattern_12p3GHz.png
E,12.3,224.0,-28.257838927083316,rad_pattern_12p3GHz.png
E,12.3,224.5,-27.93026742461134,rad_pattern_12p3GHz.png
E,12.3,225.0,-28.216959391568228,rad_pattern_12p3GHz.png
E,12.3,225.5,-28.012012610567268,rad_pattern_12p3GHz.png
E,12.3,226.0,-28.216959391568228,rad_pattern_12p3GHz.png
E,12.3,226.5,-28.133485505059152,rad_pattern_12p3GHz.png
E,12.3,227.0,-28.133485505059152,rad_pattern_12p3GHz.png
E,12.3,227.5,-28.133485505059152,rad_pattern_12p3GHz.png
E,12.3,228.0,-28.170285950432557,rad_pattern_12p3GHz.png
E,12.3,228.5,-28.335912028159402,rad_pattern_12p3GHz.png
E,12.3,229.0,-28.289647013002742,rad_pattern_12p3GHz.png
E,12.3,229.5,-28.415024914664873,rad_pattern_12p3GHz.png
E,12.3,230.0,-28.656173309094456,rad_pattern_12p3GHz.png
E,12.3,230.5,-28.859591690066807,rad_pattern_12p3GHz.png
E,12.3,231.0,-28.773854024300167,rad_pattern_12p3GHz.png
E,12.3,231.5,-28.859591690066807,rad_pattern_12p3GHz.png
E,12.3,232.0,-28.936181143840244,rad_pattern_12p3GHz.png
E,12.3,232.5,-29.202315300864576,rad_pattern_12p3GHz.png
E,12.3,233.0,-29.202315300864576,rad_pattern_12p3GHz.png
E,12.3,233.5,-29.341006340525055,rad_pattern_12p3GHz.png
E,12.3,234.0,-29.317562726590822,rad_pattern_12p3GHz.png
E,12.3,234.5,-29.317562726590822,rad_pattern_12p3GHz.png
E,12.3,235.0,-29.29396341752446,rad_pattern_12p3GHz.png
E,12.3,235.5,-29.270204519519496,rad_pattern_12p3GHz.png
E,12.3,236.0,-29.037847878117553,rad_pattern_12p3GHz.png
E,12.3,236.5,-28.701121576182707,rad_pattern_12p3GHz.png
E,12.3,237.0,-28.572741280814927,rad_pattern_12p3GHz.png
E,12.3,237.5,-28.52413205500655,rad_pattern_12p3GHz.png
E,12.3,238.0,-28.331151592380934,rad_pattern_12p3GHz.png
E,12.3,238.5,-28.281957997028226,rad_pattern_12p3GHz.png
E,12.3,239.0,-28.247117387606334,rad_pattern_12p3GHz.png
E,12.3,239.5,-28.247117387606334,rad_pattern_12p3GHz.png
E,12.3,240.0,-28.247117387606334,rad_pattern_12p3GHz.png
E,12.3,240.5,-28.275799965224646,rad_pattern_12p3GHz.png
E,12.3,241.0,-28.236415308870654,rad_pattern_12p3GHz.png
E,12.3,241.5,-28.238954230713716,rad_pattern_12p3GHz.png
E,12.3,242.0,-28.238954230713716,rad_pattern_12p3GHz.png
E,12.3,242.5,-28.238954230713716,rad_pattern_12p3GHz.png
E,12.3,243.0,-28.25247303611993,rad_pattern_12p3GHz.png
E,12.3,243.5,-28.097705682762,rad_pattern_12p3GHz.png
E,12.3,244.0,-28.110292386203998,rad_pattern_12p3GHz.png
E,12.3,244.5,-28.097705682762,rad_pattern_12p3GHz.png
E,12.3,245.0,-28.058032534300956,rad_pattern_12p3GHz.png
E,12.3,245.5,-27.94097152893144,rad_pattern_12p3GHz.png
E,12.3,246.0,-27.94097152893144,rad_pattern_12p3GHz.png
E,12.3,246.5,-27.885026459637448,rad_pattern_12p3GHz.png
E,12.3,247.0,-27.885026459637448,rad_pattern_12p3GHz.png
E,12.3,247.5,-27.81600965809848,rad_pattern_12p3GHz.png
E,12.3,248.0,-27.81600965809848,rad_pattern_12p3GHz.png
E,12.3,248.5,-27.81600965809848,rad_pattern_12p3GHz.png
E,12.3,249.0,-27.745880521244533,rad_pattern_12p3GHz.png
E,12.3,249.5,-27.691831402308356,rad_pattern_12p3GHz.png
E,12.3,250.0,-27.5017397369868,rad_pattern_12p3GHz.png
E,12.3,250.5,-27.491994599676413,rad_pattern_12p3GHz.png
E,12.3,251.0,-27.447179061826265,rad_pattern_12p3GHz.png
E,12.3,251.5,-27.227981785588486,rad_pattern_12p3GHz.png
E,12.3,252.0,-27.12751632714894,rad_pattern_12p3GHz.png
E,12.3,252.5,-27.090278887410946,rad_pattern_12p3GHz.png
E,12.3,253.0,-27.023979826542398,rad_pattern_12p3GHz.png
E,12.3,253.5,-27.007443382144363,rad_pattern_12p3GHz.png
E,12.3,254.0,-26.940634966253814,rad_pattern_12p3GHz.png
E,12.3,254.5,-26.857168349367573,rad_pattern_12p3GHz.png
E,12.3,255.0,-26.71775524068613,rad_pattern_12p3GHz.png
E,12.3,255.5,-26.529129112973425,rad_pattern_12p3GHz.png
E,12.3,256.0,-26.466030716236006,rad_pattern_12p3GHz.png
E,12.3,256.5,-26.49304069770281,rad_pattern_12p3GHz.png
E,12.3,257.0,-26.360676624215415,rad_pattern_12p3GHz.png
E,12.3,257.5,-26.323755924467953,rad_pattern_12p3GHz.png
E,12.3,258.0,-26.210736126066298,rad_pattern_12p3GHz.png
E,12.3,258.5,-26.16578100971409,rad_pattern_12p3GHz.png
E,12.3,259.0,-26.080692750077777,rad_pattern_12p3GHz.png
E,12.3,259.5,-25.972447411520275,rad_pattern_12p3GHz.png
E,12.3,260.0,-25.90200891166734,rad_pattern_12p3GHz.png
E,12.3,260.5,-25.8922945318675,rad_pattern_12p3GHz.png
E,12.3,261.0,-25.73080014223054,rad_pattern_12p3GHz.png
E,12.3,261.5,-25.59231994391967,rad_pattern_12p3GHz.png
E,12.3,262.0,-25.48991086237476,rad_pattern_12p3GHz.png
E,12.3,262.5,-25.482112722681414,rad_pattern_12p3GHz.png
E,12.3,263.0,-25.468419235023145,rad_pattern_12p3GHz.png
E,12.3,263.5,-25.446263256990676,rad_pattern_12p3GHz.png
E,12.3,264.0,-25.44300606792455,rad_pattern_12p3GHz.png
E,12.3,264.5,-25.423454616715286,rad_pattern_12p3GHz.png
E,12.3,265.0,-25.371200333032597,rad_pattern_12p3GHz.png
E,12.3,265.5,-25.31825708786068,rad_pattern_12p3GHz.png
E,12.3,266.0,-25.260606723825532,rad_pattern_12p3GHz.png
E,12.3,266.5,-25.178102540344245,rad_pattern_12p3GHz.png
E,12.3,267.0,-25.123784158592553,rad_pattern_12p3GHz.png
E,12.3,267.5,-24.98220217196502,rad_pattern_12p3GHz.png
E,12.3,268.0,-24.868838147928447,rad_pattern_12p3GHz.png
E,12.3,268.5,-24.72596216585347,rad_pattern_12p3GHz.png
E,12.3,269.0,-24.69811371877854,rad_pattern_12p3GHz.png
E,12.3,269.5,-24.69811371877854,rad_pattern_12p3GHz.png
E,12.3,270.0,-24.69811371877854,rad_pattern_12p3GHz.png
E,12.3,270.5,-24.69811371877854,rad_pattern_12p3GHz.png
E,12.3,271.0,-24.69811371877854,rad_pattern_12p3GHz.png
E,12.3,271.5,-24.72596216585347,rad_pattern_12p3GHz.png
E,12.3,272.0,-24.72596216585347,rad_pattern_12p3GHz.png
E,12.3,272.5,-24.72226826279765,rad_pattern_12p3GHz.png
E,12.3,273.0,-24.66188930531828,rad_pattern_12p3GHz.png
E,12.3,273.5,-24.54332285517226,rad_pattern_12p3GHz.png
E,12.3,274.0,-24.510889523464854,rad_pattern_12p3GHz.png
E,12.3,274.5,-24.44915429903335,rad_pattern_12p3GHz.png
E,12.3,275.0,-24.43955229532933,rad_pattern_12p3GHz.png
E,12.3,275.5,-24.37922753274678,rad_pattern_12p3GHz.png
E,12.3,276.0,-24.370474985466156,rad_pattern_12p3GHz.png
E,12.3,276.5,-24.306557933462617,rad_pattern_12p3GHz.png
E,12.3,277.0,-24.15618788533679,rad_pattern_12p3GHz.png
E,12.3,277.5,-24.120264747621608,rad_pattern_12p3GHz.png
E,12.3,278.0,-24.08392556081937,rad_pattern_12p3GHz.png
E,12.3,278.5,-24.07578290168684,rad_pattern_12p3GHz.png
E,12.3,279.0,-24.07578290168684,rad_pattern_12p3GHz.png
E,12.3,279.5,-24.06717160046792,rad_pattern_12p3GHz.png
E,12.3,280.0,-24.010093410500584,rad_pattern_12p3GHz.png
E,12.3,280.5,-23.942836373291577,rad_pattern_12p3GHz.png
E,12.3,281.0,-23.818499854057205,rad_pattern_12p3GHz.png
E,12.3,281.5,-23.682655073914077,rad_pattern_12p3GHz.png
E,12.3,282.0,-23.557729651947906,rad_pattern_12p3GHz.png
E,12.3,282.5,-23.448617252914172,rad_pattern_12p3GHz.png
E,12.3,283.0,-23.28204922022511,rad_pattern_12p3GHz.png
E,12.3,283.5,-23.121369865286955,rad_pattern_12p3GHz.png
E,12.3,284.0,-22.946498425151535,rad_pattern_12p3GHz.png
E,12.3,284.5,-22.72889349672017,rad_pattern_12p3GHz.png
E,12.3,285.0,-22.587633934452423,rad_pattern_12p3GHz.png
E,12.3,285.5,-22.369735256826512,rad_pattern_12p3GHz.png
E,12.3,286.0,-22.211526015731625,rad_pattern_12p3GHz.png
E,12.3,286.5,-21.957133737308965,rad_pattern_12p3GHz.png
E,12.3,287.0,-21.757874256890208,rad_pattern_12p3GHz.png
E,12.3,287.5,-21.56855710634601,rad_pattern_12p3GHz.png
E,12.3,288.0,-21.3406384779945,rad_pattern_12p3GHz.png
E,12.3,288.5,-21.06691908615925,rad_pattern_12p3GHz.png
E,12.3,289.0,-20.911074584572983,rad_pattern_12p3GHz.png
E,12.3,289.5,-20.6452692566306,rad_pattern_12p3GHz.png
E,12.3,290.0,-20.40395325903635,rad_pattern_12p3GHz.png
E,12.3,290.5,-20.10976044142156,rad_pattern_12p3GHz.png
E,12.3,291.0,-19.84900635997689,rad_pattern_12p3GHz.png
E,12.3,291.5,-19.586919159218986,rad_pattern_12p3GHz.png
E,12.3,292.0,-19.291825876409657,rad_pattern_12p3GHz.png
E,12.3,292.5,-19.032912041343746,rad_pattern_12p3GHz.png
E,12.3,293.0,-18.752532022043304,rad_pattern_12p3GHz.png
E,12.3,293.5,-18.437278269610285,rad_pattern_12p3GHz.png
E,12.3,294.0,-18.1848996992389,rad_pattern_12p3GHz.png
E,12.3,294.5,-17.91460041382941,rad_pattern_12p3GHz.png
E,12.3,295.0,-17.68650216566007,rad_pattern_12p3GHz.png
E,12.3,295.5,-17.50784642388397,rad_pattern_12p3GHz.png
E,12.3,296.0,-17.23777767328159,rad_pattern_12p3GHz.png
E,12.3,296.5,-17.044686851783975,rad_pattern_12p3GHz.png
E,12.3,297.0,-16.850444432411894,rad_pattern_12p3GHz.png
E,12.3,297.5,-16.655004432647946,rad_pattern_12p3GHz.png
E,12.3,298.0,-16.497539423130938,rad_pattern_12p3GHz.png
E,12.3,298.5,-16.37631870917563,rad_pattern_12p3GHz.png
E,12.3,299.0,-16.24204563785988,rad_pattern_12p3GHz.png
E,12.3,299.5,-16.095740971848237,rad_pattern_12p3GHz.png
E,12.3,300.0,-16.009870844928734,rad_pattern_12p3GHz.png
E,12.3,300.5,-15.932713803156082,rad_pattern_12p3GHz.png
E,12.3,301.0,-15.848479307897572,rad_pattern_12p3GHz.png
E,12.3,301.5,-15.758426044572454,rad_pattern_12p3GHz.png
E,12.3,302.0,-15.691557488066534,rad_pattern_12p3GHz.png
E,12.3,302.5,-15.660701656129046,rad_pattern_12p3GHz.png
E,12.3,303.0,-15.624656817813065,rad_pattern_12p3GHz.png
E,12.3,303.5,-15.624656817813065,rad_pattern_12p3GHz.png
E,12.3,304.0,-15.624656817813065,rad_pattern_12p3GHz.png
E,12.3,304.5,-15.655223233560383,rad_pattern_12p3GHz.png
E,12.3,305.0,-15.691122468720776,rad_pattern_12p3GHz.png
E,12.3,305.5,-15.751708735393734,rad_pattern_12p3GHz.png
E,12.3,306.0,-15.828448372254044,rad_pattern_12p3GHz.png
E,12.3,306.5,-15.904675241760183,rad_pattern_12p3GHz.png
E,12.3,307.0,-16.009256307241728,rad_pattern_12p3GHz.png
E,12.3,307.5,-16.101490284120043,rad_pattern_12p3GHz.png
E,12.3,308.0,-16.203856615461827,rad_pattern_12p3GHz.png
E,12.3,308.5,-16.340506330552277,rad_pattern_12p3GHz.png
E,12.3,309.0,-16.440201790332335,rad_pattern_12p3GHz.png
E,12.3,309.5,-16.542136532315386,rad_pattern_12p3GHz.png
E,12.3,310.0,-16.597445753359704,rad_pattern_12p3GHz.png
E,12.3,310.5,-16.685546840744472,rad_pattern_12p3GHz.png
E,12.3,311.0,-16.745905465614225,rad_pattern_12p3GHz.png
E,12.3,311.5,-16.745905465614225,rad_pattern_12p3GHz.png
E,12.3,312.0,-16.709578452951714,rad_pattern_12p3GHz.png
E,12.3,312.5,-16.5929971281687,rad_pattern_12p3GHz.png
E,12.3,313.0,-16.394998507041162,rad_pattern_12p3GHz.png
E,12.3,313.5,-16.194071713968917,rad_pattern_12p3GHz.png
E,12.3,314.0,-15.991332047599215,rad_pattern_12p3GHz.png
E,12.3,314.5,-15.645743968825746,rad_pattern_12p3GHz.png
E,12.3,315.0,-15.339574678735152,rad_pattern_12p3GHz.png
E,12.3,315.5,-14.950795274755844,rad_pattern_12p3GHz.png
E,12.3,316.0,-14.600121481008621,rad_pattern_12p3GHz.png
E,12.3,316.5,-14.23033954543233,rad_pattern_12p3GHz.png
E,12.3,317.0,-13.854710358378483,rad_pattern_12p3GHz.png
E,12.3,317.5,-13.403751305436817,rad_pattern_12p3GHz.png
E,12.3,318.0,-12.98805812230622,rad_pattern_12p3GHz.png
E,12.3,318.5,-12.604703945150238,rad_pattern_12p3GHz.png
E,12.3,319.0,-12.229508154994914,rad_pattern_12p3GHz.png
E,12.3,319.5,-11.885164307685109,rad_pattern_12p3GHz.png
E,12.3,320.0,-11.538333110492104,rad_pattern_12p3GHz.png
E,12.3,320.5,-11.219537631916495,rad_pattern_12p3GHz.png
E,12.3,321.0,-10.932371091209891,rad_pattern_12p3GHz.png
E,12.3,321.5,-10.670592072127423,rad_pattern_12p3GHz.png
E,12.3,322.0,-10.443563056861212,rad_pattern_12p3GHz.png
E,12.3,322.5,-10.214997805533969,rad_pattern_12p3GHz.png
E,12.3,323.0,-10.03107316788845,rad_pattern_12p3GHz.png
E,12.3,323.5,-9.868688278579754,rad_pattern_12p3GHz.png
E,12.3,324.0,-9.716072023159231,rad_pattern_12p3GHz.png
E,12.3,324.5,-9.60898295025667,rad_pattern_12p3GHz.png
E,12.3,325.0,-9.5078913145379,rad_pattern_12p3GHz.png
E,12.3,325.5,-9.44996194758425,rad_pattern_12p3GHz.png
E,12.3,326.0,-9.37904124492233,rad_pattern_12p3GHz.png
E,12.3,326.5,-9.322837827412705,rad_pattern_12p3GHz.png
E,12.3,327.0,-9.281319891344122,rad_pattern_12p3GHz.png
E,12.3,327.5,-9.239916875449747,rad_pattern_12p3GHz.png
E,12.3,328.0,-9.198517016286257,rad_pattern_12p3GHz.png
E,12.3,328.5,-9.160476904865984,rad_pattern_12p3GHz.png
E,12.3,329.0,-9.106167217855358,rad_pattern_12p3GHz.png
E,12.3,329.5,-9.02201332877149,rad_pattern_12p3GHz.png
E,12.3,330.0,-8.917979084814252,rad_pattern_12p3GHz.png
E,12.3,330.5,-8.806584165327493,rad_pattern_12p3GHz.png
E,12.3,331.0,-8.647140362965057,rad_pattern_12p3GHz.png
E,12.3,331.5,-8.460632461256775,rad_pattern_12p3GHz.png
E,12.3,332.0,-8.247203494781772,rad_pattern_12p3GHz.png
E,12.3,332.5,-7.992495110487528,rad_pattern_12p3GHz.png
E,12.3,333.0,-7.710414382447176,rad_pattern_12p3GHz.png
E,12.3,333.5,-7.42646741850259,rad_pattern_12p3GHz.png
E,12.3,334.0,-7.11592807999007,rad_pattern_12p3GHz.png
E,12.3,334.5,-6.799718453728499,rad_pattern_12p3GHz.png
E,12.3,335.0,-6.457328941331248,rad_pattern_12p3GHz.png
E,12.3,335.5,-6.117897463232648,rad_pattern_12p3GHz.png
E,12.3,336.0,-5.79618546373003,rad_pattern_12p3GHz.png
E,12.3,336.5,-5.455466763729081,rad_pattern_12p3GHz.png
E,12.3,337.0,-5.148426253539224,rad_pattern_12p3GHz.png
E,12.3,337.5,-4.845873830562187,rad_pattern_12p3GHz.png
E,12.3,338.0,-4.5564208223812805,rad_pattern_12p3GHz.png
E,12.3,338.5,-4.277769914610321,rad_pattern_12p3GHz.png
E,12.3,339.0,-4.038580371121924,rad_pattern_12p3GHz.png
E,12.3,339.5,-3.802103781576836,rad_pattern_12p3GHz.png
E,12.3,340.0,-3.597768370240008,rad_pattern_12p3GHz.png
E,12.3,340.5,-3.3997765952570376,rad_pattern_12p3GHz.png
E,12.3,341.0,-3.2308658332608964,rad_pattern_12p3GHz.png
E,12.3,341.5,-3.0769142685089825,rad_pattern_12p3GHz.png
E,12.3,342.0,-2.9570625256660747,rad_pattern_12p3GHz.png
E,12.3,342.5,-2.8532073127301985,rad_pattern_12p3GHz.png
E,12.3,343.0,-2.7471973165209427,rad_pattern_12p3GHz.png
E,12.3,343.5,-2.658493792183169,rad_pattern_12p3GHz.png
E,12.3,344.0,-2.5924564067988918,rad_pattern_12p3GHz.png
E,12.3,344.5,-2.528124296780703,rad_pattern_12p3GHz.png
E,12.3,345.0,-2.462417364977469,rad_pattern_12p3GHz.png
E,12.3,345.5,-2.403597292903843,rad_pattern_12p3GHz.png
E,12.3,346.0,-2.3482440768856563,rad_pattern_12p3GHz.png
E,12.3,346.5,-2.291602821295996,rad_pattern_12p3GHz.png
E,12.3,347.0,-2.23275368900865,rad_pattern_12p3GHz.png
E,12.3,347.5,-2.1621362777766997,rad_pattern_12p3GHz.png
E,12.3,348.0,-2.082029111511389,rad_pattern_12p3GHz.png
E,12.3,348.5,-1.9806395147029718,rad_pattern_12p3GHz.png
E,12.3,349.0,-1.8787431016442078,rad_pattern_12p3GHz.png
E,12.3,349.5,-1.7669014532245946,rad_pattern_12p3GHz.png
E,12.3,350.0,-1.6315080163371292,rad_pattern_12p3GHz.png
E,12.3,350.5,-1.494304656921944,rad_pattern_12p3GHz.png
E,12.3,351.0,-1.3463139032074523,rad_pattern_12p3GHz.png
E,12.3,351.5,-1.1973222960953933,rad_pattern_12p3GHz.png
E,12.3,352.0,-1.0350114694288308,rad_pattern_12p3GHz.png
E,12.3,352.5,-0.8860889208724458,rad_pattern_12p3GHz.png
E,12.3,353.0,-0.7533624103782692,rad_pattern_12p3GHz.png
E,12.3,353.5,-0.6106197417329255,rad_pattern_12p3GHz.png
E,12.3,354.0,-0.4624519322440328,rad_pattern_12p3GHz.png
E,12.3,354.5,-0.36439743259964175,rad_pattern_12p3GHz.png
E,12.3,355.0,-0.2574025157800932,rad_pattern_12p3GHz.png
E,12.3,355.5,-0.17671646073103986,rad_pattern_12p3GHz.png
E,12.3,356.0,-0.08274945182456861,rad_pattern_12p3GHz.png
E,12.3,356.5,-0.04535557896034348,rad_pattern_12p3GHz.png
E,12.3,357.0,-0.0003378161354810061,rad_pattern_12p3GHz.png
E,12.3,357.5,-0.0003378161354810061,rad_pattern_12p3GHz.png
E,12.3,358.0,0.0,rad_pattern_12p3GHz.png
E,12.3,358.5,-0.017319465441303805,rad_pattern_12p3GHz.png
E,12.3,359.0,-0.15129179934523407,rad_pattern_12p3GHz.png
E,12.3,359.5,-0.15648322168858897,rad_pattern_12p3GHz.png
E,13.3,0.0,-0.18549813877753962,rad_pattern_13p3GHz.png
E,13.3,0.5,-0.2712145439676057,rad_pattern_13p3GHz.png
E,13.3,1.0,-0.38193464478246497,rad_pattern_13p3GHz.png
E,13.3,1.5,-0.4928644383494927,rad_pattern_13p3GHz.png
E,13.3,2.0,-0.6023874300448142,rad_pattern_13p3GHz.png
E,13.3,2.5,-0.7608633367721787,rad_pattern_13p3GHz.png
E,13.3,3.0,-0.8648542364128637,rad_pattern_13p3GHz.png
E,13.3,3.5,-1.0228788836876177,rad_pattern_13p3GHz.png
E,13.3,4.0,-1.1208291779008732,rad_pattern_13p3GHz.png
E,13.3,4.5,-1.2276434698361243,rad_pattern_13p3GHz.png
E,13.3,5.0,-1.361842297822534,rad_pattern_13p3GHz.png
E,13.3,5.5,-1.411322999149899,rad_pattern_13p3GHz.png
E,13.3,6.0,-1.491478117693184,rad_pattern_13p3GHz.png
E,13.3,6.5,-1.5363921066388286,rad_pattern_13p3GHz.png
E,13.3,7.0,-1.5604044388144587,rad_pattern_13p3GHz.png
E,13.3,7.5,-1.5963461547975193,rad_pattern_13p3GHz.png
E,13.3,8.0,-1.5963461547975193,rad_pattern_13p3GHz.png
E,13.3,8.5,-1.6116940242012774,rad_pattern_13p3GHz.png
E,13.3,9.0,-1.5843510425690077,rad_pattern_13p3GHz.png
E,13.3,9.5,-1.5877251897608993,rad_pattern_13p3GHz.png
E,13.3,10.0,-1.5843510425690077,rad_pattern_13p3GHz.png
E,13.3,10.5,-1.5807223466323705,rad_pattern_13p3GHz.png
E,13.3,11.0,-1.5807223466323705,rad_pattern_13p3GHz.png
E,13.3,11.5,-1.6179660700848224,rad_pattern_13p3GHz.png
E,13.3,12.0,-1.6561954243141699,rad_pattern_13p3GHz.png
E,13.3,12.5,-1.7140299768728937,rad_pattern_13p3GHz.png
E,13.3,13.0,-1.7951005668228142,rad_pattern_13p3GHz.png
E,13.3,13.5,-1.8846723453949359,rad_pattern_13p3GHz.png
E,13.3,14.0,-2.018770198427969,rad_pattern_13p3GHz.png
E,13.3,14.5,-2.1716226972796804,rad_pattern_13p3GHz.png
E,13.3,15.0,-2.335701573395415,rad_pattern_13p3GHz.png
E,13.3,15.5,-2.5526202314156095,rad_pattern_13p3GHz.png
E,13.3,16.0,-2.7867451348675587,rad_pattern_13p3GHz.png
E,13.3,16.5,-3.03531709073782,rad_pattern_13p3GHz.png
E,13.3,17.0,-3.3254346063935003,rad_pattern_13p3GHz.png
E,13.3,17.5,-3.639549619975739,rad_pattern_13p3GHz.png
E,13.3,18.0,-3.9905947792953,rad_pattern_13p3GHz.png
E,13.3,18.5,-4.338558580478395,rad_pattern_13p3GHz.png
E,13.3,19.0,-4.720762191420963,rad_pattern_13p3GHz.png
E,13.3,19.5,-5.099193465688405,rad_pattern_13p3GHz.png
E,13.3,20.0,-5.499434683191545,rad_pattern_13p3GHz.png
E,13.3,20.5,-5.903355226926131,rad_pattern_13p3GHz.png
E,13.3,21.0,-6.288179097886083,rad_pattern_13p3GHz.png
E,13.3,21.5,-6.655131818843397,rad_pattern_13p3GHz.png
E,13.3,22.0,-6.99912058460389,rad_pattern_13p3GHz.png
E,13.3,22.5,-7.3364715608530275,rad_pattern_13p3GHz.png
E,13.3,23.0,-7.6121279314204315,rad_pattern_13p3GHz.png
E,13.3,23.5,-7.835584700480489,rad_pattern_13p3GHz.png
E,13.3,24.0,-8.011959159878767,rad_pattern_13p3GHz.png
E,13.3,24.5,-8.16098833346366,rad_pattern_13p3GHz.png
E,13.3,25.0,-8.27029329590026,rad_pattern_13p3GHz.png
E,13.3,25.5,-8.303392813894742,rad_pattern_13p3GHz.png
E,13.3,26.0,-8.343348344571133,rad_pattern_13p3GHz.png
E,13.3,26.5,-8.343348344571133,rad_pattern_13p3GHz.png
E,13.3,27.0,-8.331098359063862,rad_pattern_13p3GHz.png
E,13.3,27.5,-8.328965984398895,rad_pattern_13p3GHz.png
E,13.3,28.0,-8.323672670408477,rad_pattern_13p3GHz.png
E,13.3,28.5,-8.323672670408477,rad_pattern_13p3GHz.png
E,13.3,29.0,-8.33558439431761,rad_pattern_13p3GHz.png
E,13.3,29.5,-8.357880625998327,rad_pattern_13p3GHz.png
E,13.3,30.0,-8.404791336207243,rad_pattern_13p3GHz.png
E,13.3,30.5,-8.475576868765788,rad_pattern_13p3GHz.png
E,13.3,31.0,-8.555975788059069,rad_pattern_13p3GHz.png
E,13.3,31.5,-8.689014486823712,rad_pattern_13p3GHz.png
E,13.3,32.0,-8.840180967727147,rad_pattern_13p3GHz.png
E,13.3,32.5,-8.996167090980087,rad_pattern_13p3GHz.png
E,13.3,33.0,-9.20861104102319,rad_pattern_13p3GHz.png
E,13.3,33.5,-9.443158317733364,rad_pattern_13p3GHz.png
E,13.3,34.0,-9.707889613687541,rad_pattern_13p3GHz.png
E,13.3,34.5,-9.976818312798958,rad_pattern_13p3GHz.png
E,13.3,35.0,-10.23978889635324,rad_pattern_13p3GHz.png
E,13.3,35.5,-10.539735146801704,rad_pattern_13p3GHz.png
E,13.3,36.0,-10.844665334333921,rad_pattern_13p3GHz.png
E,13.3,36.5,-11.152296912239546,rad_pattern_13p3GHz.png
E,13.3,37.0,-11.470812914669438,rad_pattern_13p3GHz.png
E,13.3,37.5,-11.781890212256112,rad_pattern_13p3GHz.png
E,13.3,38.0,-12.086483918371087,rad_pattern_13p3GHz.png
E,13.3,38.5,-12.395017774677925,rad_pattern_13p3GHz.png
E,13.3,39.0,-12.669843811529471,rad_pattern_13p3GHz.png
E,13.3,39.5,-12.958671719193806,rad_pattern_13p3GHz.png
E,13.3,40.0,-13.181649336178715,rad_pattern_13p3GHz.png
E,13.3,40.5,-13.440139348984463,rad_pattern_13p3GHz.png
E,13.3,41.0,-13.640731227315918,rad_pattern_13p3GHz.png
E,13.3,41.5,-13.838786065191112,rad_pattern_13p3GHz.png
E,13.3,42.0,-13.963564914633274,rad_pattern_13p3GHz.png
E,13.3,42.5,-14.09635383196953,rad_pattern_13p3GHz.png
E,13.3,43.0,-14.183033904706623,rad_pattern_13p3GHz.png
E,13.3,43.5,-14.31102591433121,rad_pattern_13p3GHz.png
E,13.3,44.0,-14.376479209170991,rad_pattern_13p3GHz.png
E,13.3,44.5,-14.43995346489794,rad_pattern_13p3GHz.png
E,13.3,45.0,-14.521915255224364,rad_pattern_13p3GHz.png
E,13.3,45.5,-14.562238366784172,rad_pattern_13p3GHz.png
E,13.3,46.0,-14.60159394941659,rad_pattern_13p3GHz.png
E,13.3,46.5,-14.637888484595955,rad_pattern_13p3GHz.png
E,13.3,47.0,-14.673294345017794,rad_pattern_13p3GHz.png
E,13.3,47.5,-14.674773443325638,rad_pattern_13p3GHz.png
E,13.3,48.0,-14.736501951915326,rad_pattern_13p3GHz.png
E,13.3,48.5,-14.743619594529903,rad_pattern_13p3GHz.png
E,13.3,49.0,-14.804272748415777,rad_pattern_13p3GHz.png
E,13.3,49.5,-14.83870265837372,rad_pattern_13p3GHz.png
E,13.3,50.0,-14.906333477912334,rad_pattern_13p3GHz.png
E,13.3,50.5,-14.939529047368666,rad_pattern_13p3GHz.png
E,13.3,51.0,-15.045060767002564,rad_pattern_13p3GHz.png
E,13.3,51.5,-15.148770121407967,rad_pattern_13p3GHz.png
E,13.3,52.0,-15.260670675386086,rad_pattern_13p3GHz.png
E,13.3,52.5,-15.389688461136224,rad_pattern_13p3GHz.png
E,13.3,53.0,-15.558256560505939,rad_pattern_13p3GHz.png
E,13.3,53.5,-15.748925958596299,rad_pattern_13p3GHz.png
E,13.3,54.0,-15.960029585316205,rad_pattern_13p3GHz.png
E,13.3,54.5,-16.18845112096616,rad_pattern_13p3GHz.png
E,13.3,55.0,-16.40634638003316,rad_pattern_13p3GHz.png
E,13.3,55.5,-16.649721743727195,rad_pattern_13p3GHz.png
E,13.3,56.0,-16.931012321068792,rad_pattern_13p3GHz.png
E,13.3,56.5,-17.172160091066033,rad_pattern_13p3GHz.png
E,13.3,57.0,-17.460131639067615,rad_pattern_13p3GHz.png
E,13.3,57.5,-17.698194817672434,rad_pattern_13p3GHz.png
E,13.3,58.0,-17.968243879563335,rad_pattern_13p3GHz.png
E,13.3,58.5,-18.25258434686458,rad_pattern_13p3GHz.png
E,13.3,59.0,-18.471089792514835,rad_pattern_13p3GHz.png
E,13.3,59.5,-18.66908779393228,rad_pattern_13p3GHz.png
E,13.3,60.0,-18.924990358059492,rad_pattern_13p3GHz.png
E,13.3,60.5,-19.132968527375464,rad_pattern_13p3GHz.png
E,13.3,61.0,-19.336015713373666,rad_pattern_13p3GHz.png
E,13.3,61.5,-19.50901102176537,rad_pattern_13p3GHz.png
E,13.3,62.0,-19.678995252751054,rad_pattern_13p3GHz.png
E,13.3,62.5,-19.835157223143863,rad_pattern_13p3GHz.png
E,13.3,63.0,-19.991785336907178,rad_pattern_13p3GHz.png
E,13.3,63.5,-20.13442708166044,rad_pattern_13p3GHz.png
E,13.3,64.0,-20.250249290134455,rad_pattern_13p3GHz.png
E,13.3,64.5,-20.36512289028011,rad_pattern_13p3GHz.png
E,13.3,65.0,-20.531306947845756,rad_pattern_13p3GHz.png
E,13.3,65.5,-20.605951907583172,rad_pattern_13p3GHz.png
E,13.3,66.0,-20.69159473101871,rad_pattern_13p3GHz.png
E,13.3,66.5,-20.779349348434568,rad_pattern_13p3GHz.png
E,13.3,67.0,-20.851553083289037,rad_pattern_13p3GHz.png
E,13.3,67.5,-20.858502842809774,rad_pattern_13p3GHz.png
E,13.3,68.0,-20.869814752147803,rad_pattern_13p3GHz.png
E,13.3,68.5,-20.869814752147803,rad_pattern_13p3GHz.png
E,13.3,69.0,-20.85751979134316,rad_pattern_13p3GHz.png
E,13.3,69.5,-20.85751979134316,rad_pattern_13p3GHz.png
E,13.3,70.0,-20.84360339272964,rad_pattern_13p3GHz.png
E,13.3,70.5,-20.78157413862984,rad_pattern_13p3GHz.png
E,13.3,71.0,-20.73764234718715,rad_pattern_13p3GHz.png
E,13.3,71.5,-20.72825887919816,rad_pattern_13p3GHz.png
E,13.3,72.0,-20.719360333893132,rad_pattern_13p3GHz.png
E,13.3,72.5,-20.719360333893132,rad_pattern_13p3GHz.png
E,13.3,73.0,-20.752649768935708,rad_pattern_13p3GHz.png
E,13.3,73.5,-20.77767319700514,rad_pattern_13p3GHz.png
E,13.3,74.0,-20.82170302172265,rad_pattern_13p3GHz.png
E,13.3,74.5,-20.888962330057677,rad_pattern_13p3GHz.png
E,13.3,75.0,-20.93976838561626,rad_pattern_13p3GHz.png
E,13.3,75.5,-20.969210724480615,rad_pattern_13p3GHz.png
E,13.3,76.0,-21.018467497283975,rad_pattern_13p3GHz.png
E,13.3,76.5,-21.039147149546572,rad_pattern_13p3GHz.png
E,13.3,77.0,-21.0590004532739,rad_pattern_13p3GHz.png
E,13.3,77.5,-21.0590004532739,rad_pattern_13p3GHz.png
E,13.3,78.0,-21.05784726997968,rad_pattern_13p3GHz.png
E,13.3,78.5,-21.040859314612092,rad_pattern_13p3GHz.png
E,13.3,79.0,-21.040859314612092,rad_pattern_13p3GHz.png
E,13.3,79.5,-21.040859314612092,rad_pattern_13p3GHz.png
E,13.3,80.0,-21.06420021978764,rad_pattern_13p3GHz.png
E,13.3,80.5,-21.072942537983156,rad_pattern_13p3GHz.png
E,13.3,81.0,-21.159174964650337,rad_pattern_13p3GHz.png
E,13.3,81.5,-21.242759332419237,rad_pattern_13p3GHz.png
E,13.3,82.0,-21.336811855222425,rad_pattern_13p3GHz.png
E,13.3,82.5,-21.40581091933312,rad_pattern_13p3GHz.png
E,13.3,83.0,-21.535148466297656,rad_pattern_13p3GHz.png
E,13.3,83.5,-21.66022812906487,rad_pattern_13p3GHz.png
E,13.3,84.0,-21.752844169749096,rad_pattern_13p3GHz.png
E,13.3,84.5,-21.882519462456433,rad_pattern_13p3GHz.png
E,13.3,85.0,-21.887802862937445,rad_pattern_13p3GHz.png
E,13.3,85.5,-21.98798332803383,rad_pattern_13p3GHz.png
E,13.3,86.0,-21.98798332803383,rad_pattern_13p3GHz.png
E,13.3,86.5,-21.98798332803383,rad_pattern_13p3GHz.png
E,13.3,87.0,-21.998493604140915,rad_pattern_13p3GHz.png
E,13.3,87.5,-22.001261618654052,rad_pattern_13p3GHz.png
E,13.3,88.0,-22.004772306999232,rad_pattern_13p3GHz.png
E,13.3,88.5,-22.09330319523199,rad_pattern_13p3GHz.png
E,13.3,89.0,-22.094794662832864,rad_pattern_13p3GHz.png
E,13.3,89.5,-22.241187242017798,rad_pattern_13p3GHz.png
E,13.3,90.0,-22.386100332910374,rad_pattern_13p3GHz.png
E,13.3,90.5,-22.55914780356615,rad_pattern_13p3GHz.png
E,13.3,91.0,-22.64506948191691,rad_pattern_13p3GHz.png
E,13.3,91.5,-22.671979159372736,rad_pattern_13p3GHz.png
E,13.3,92.0,-22.84352132865393,rad_pattern_13p3GHz.png
E,13.3,92.5,-23.013319868655906,rad_pattern_13p3GHz.png
E,13.3,93.0,-23.12734457133179,rad_pattern_13p3GHz.png
E,13.3,93.5,-23.14754667506144,rad_pattern_13p3GHz.png
E,13.3,94.0,-23.14754667506144,rad_pattern_13p3GHz.png
E,13.3,94.5,-23.109873635975983,rad_pattern_13p3GHz.png
E,13.3,95.0,-23.109873635975983,rad_pattern_13p3GHz.png
E,13.3,95.5,-23.159651391690943,rad_pattern_13p3GHz.png
E,13.3,96.0,-23.211448121492033,rad_pattern_13p3GHz.png
E,13.3,96.5,-23.288229787083015,rad_pattern_13p3GHz.png
E,13.3,97.0,-23.367409412388167,rad_pattern_13p3GHz.png
E,13.3,97.5,-23.482130768155802,rad_pattern_13p3GHz.png
E,13.3,98.0,-23.581161815307144,rad_pattern_13p3GHz.png
E,13.3,98.5,-23.695581966237523,rad_pattern_13p3GHz.png
E,13.3,99.0,-23.88686142082661,rad_pattern_13p3GHz.png
E,13.3,99.5,-24.029563780689568,rad_pattern_13p3GHz.png
E,13.3,100.0,-24.13400856863912,rad_pattern_13p3GHz.png
E,13.3,100.5,-24.180748601539854,rad_pattern_13p3GHz.png
E,13.3,101.0,-24.34030598507775,rad_pattern_13p3GHz.png
E,13.3,101.5,-24.39125085667277,rad_pattern_13p3GHz.png
E,13.3,102.0,-24.39125085667277,rad_pattern_13p3GHz.png
E,13.3,102.5,-24.373474373539846,rad_pattern_13p3GHz.png
E,13.3,103.0,-24.362666866109183,rad_pattern_13p3GHz.png
E,13.3,103.5,-24.362666866109183,rad_pattern_13p3GHz.png
E,13.3,104.0,-24.376725230052564,rad_pattern_13p3GHz.png
E,13.3,104.5,-24.460729196651464,rad_pattern_13p3GHz.png
E,13.3,105.0,-24.585594089902468,rad_pattern_13p3GHz.png
E,13.3,105.5,-24.66920477812149,rad_pattern_13p3GHz.png
E,13.3,106.0,-24.80838026206129,rad_pattern_13p3GHz.png
E,13.3,106.5,-24.939140242417015,rad_pattern_13p3GHz.png
E,13.3,107.0,-25.124418025952842,rad_pattern_13p3GHz.png
E,13.3,107.5,-25.262257783397335,rad_pattern_13p3GHz.png
E,13.3,108.0,-25.344813639429113,rad_pattern_13p3GHz.png
E,13.3,108.5,-25.418089068342784,rad_pattern_13p3GHz.png
E,13.3,109.0,-25.490887636144933,rad_pattern_13p3GHz.png
E,13.3,109.5,-25.55329150784463,rad_pattern_13p3GHz.png
E,13.3,110.0,-25.55329150784463,rad_pattern_13p3GHz.png
E,13.3,110.5,-25.512759216463184,rad_pattern_13p3GHz.png
E,13.3,111.0,-25.479108861927166,rad_pattern_13p3GHz.png
E,13.3,111.5,-25.437922103840823,rad_pattern_13p3GHz.png
E,13.3,112.0,-25.437922103840823,rad_pattern_13p3GHz.png
E,13.3,112.5,-25.523617858566563,rad_pattern_13p3GHz.png
E,13.3,113.0,-25.630331643322787,rad_pattern_13p3GHz.png
E,13.3,113.5,-25.789696871028315,rad_pattern_13p3GHz.png
E,13.3,114.0,-25.92181814257443,rad_pattern_13p3GHz.png
E,13.3,114.5,-26.027013010570638,rad_pattern_13p3GHz.png
E,13.3,115.0,-26.208668006753307,rad_pattern_13p3GHz.png
E,13.3,115.5,-26.22245290631312,rad_pattern_13p3GHz.png
E,13.3,116.0,-26.45583297363026,rad_pattern_13p3GHz.png
E,13.3,116.5,-26.46894305044033,rad_pattern_13p3GHz.png
E,13.3,117.0,-26.61095954348474,rad_pattern_13p3GHz.png
E,13.3,117.5,-26.764684339066843,rad_pattern_13p3GHz.png
E,13.3,118.0,-26.830599132185004,rad_pattern_13p3GHz.png
E,13.3,118.5,-26.88018221541852,rad_pattern_13p3GHz.png
E,13.3,119.0,-27.006618331603754,rad_pattern_13p3GHz.png
E,13.3,119.5,-27.034764961312213,rad_pattern_13p3GHz.png
E,13.3,120.0,-27.056840068305497,rad_pattern_13p3GHz.png
E,13.3,120.5,-27.131753512008032,rad_pattern_13p3GHz.png
E,13.3,121.0,-27.28557294541647,rad_pattern_13p3GHz.png
E,13.3,121.5,-27.433321424066797,rad_pattern_13p3GHz.png
E,13.3,122.0,-27.503606795844625,rad_pattern_13p3GHz.png
E,13.3,122.5,-27.561927284414427,rad_pattern_13p3GHz.png
E,13.3,123.0,-27.71472413389167,rad_pattern_13p3GHz.png
E,13.3,123.5,-27.73896642600549,rad_pattern_13p3GHz.png
E,13.3,124.0,-27.794811993361456,rad_pattern_13p3GHz.png
E,13.3,124.5,-27.851245498227264,rad_pattern_13p3GHz.png
E,13.3,125.0,-27.922788210498464,rad_pattern_13p3GHz.png
E,13.3,125.5,-28.0103671895139,rad_pattern_13p3GHz.png
E,13.3,126.0,-28.09769856395675,rad_pattern_13p3GHz.png
E,13.3,126.5,-28.103921727993875,rad_pattern_13p3GHz.png
E,13.3,127.0,-28.103921727993875,rad_pattern_13p3GHz.png
E,13.3,127.5,-28.069054729209338,rad_pattern_13p3GHz.png
E,13.3,128.0,-28.069054729209338,rad_pattern_13p3GHz.png
E,13.3,128.5,-28.051328798182492,rad_pattern_13p3GHz.png
E,13.3,129.0,-28.037905049461667,rad_pattern_13p3GHz.png
E,13.3,129.5,-28.001057799389088,rad_pattern_13p3GHz.png
E,13.3,130.0,-28.001057799389088,rad_pattern_13p3GHz.png
E,13.3,130.5,-28.001057799389088,rad_pattern_13p3GHz.png
E,13.3,131.0,-28.004341563850044,rad_pattern_13p3GHz.png
E,13.3,131.5,-27.88201843546346,rad_pattern_13p3GHz.png
E,13.3,132.0,-27.886758268607128,rad_pattern_13p3GHz.png
E,13.3,132.5,-27.806620283303094,rad_pattern_13p3GHz.png
E,13.3,133.0,-27.806620283303094,rad_pattern_13p3GHz.png
E,13.3,133.5,-27.766774956277853,rad_pattern_13p3GHz.png
E,13.3,134.0,-27.766774956277853,rad_pattern_13p3GHz.png
E,13.3,134.5,-27.84904233083449,rad_pattern_13p3GHz.png
E,13.3,135.0,-27.88992209405778,rad_pattern_13p3GHz.png
E,13.3,135.5,-27.93080185728107,rad_pattern_13p3GHz.png
E,13.3,136.0,-28.012012499390202,rad_pattern_13p3GHz.png
E,13.3,136.5,-28.174340793624904,rad_pattern_13p3GHz.png
E,13.3,137.0,-28.33898308583321,rad_pattern_13p3GHz.png
E,13.3,137.5,-28.417555812091294,rad_pattern_13p3GHz.png
E,13.3,138.0,-28.417555812091294,rad_pattern_13p3GHz.png
E,13.3,138.5,-28.417555812091294,rad_pattern_13p3GHz.png
E,13.3,139.0,-28.496583080992202,rad_pattern_13p3GHz.png
E,13.3,139.5,-28.574756514849557,rad_pattern_13p3GHz.png
E,13.3,140.0,-28.6188904018279,rad_pattern_13p3GHz.png
E,13.3,140.5,-28.574756514849557,rad_pattern_13p3GHz.png
E,13.3,141.0,-28.737559551751822,rad_pattern_13p3GHz.png
E,13.3,141.5,-28.814452077972327,rad_pattern_13p3GHz.png
E,13.3,142.0,-28.976733685826964,rad_pattern_13p3GHz.png
E,13.3,142.5,-28.890205840491788,rad_pattern_13p3GHz.png
E,13.3,143.0,-28.97111235470925,rad_pattern_13p3GHz.png
E,13.3,143.5,-28.97111235470925,rad_pattern_13p3GHz.png
E,13.3,144.0,-29.092349702185455,rad_pattern_13p3GHz.png
E,13.3,144.5,-29.092349702185455,rad_pattern_13p3GHz.png
E,13.3,145.0,-29.04530626542195,rad_pattern_13p3GHz.png
E,13.3,145.5,-28.917363373687824,rad_pattern_13p3GHz.png
E,13.3,146.0,-28.805332980858676,rad_pattern_13p3GHz.png
E,13.3,146.5,-28.781166001692792,rad_pattern_13p3GHz.png
E,13.3,147.0,-28.781166001692792,rad_pattern_13p3GHz.png
E,13.3,147.5,-28.643682364086256,rad_pattern_13p3GHz.png
E,13.3,148.0,-28.62832211646048,rad_pattern_13p3GHz.png
E,13.3,148.5,-28.57929913556593,rad_pattern_13p3GHz.png
E,13.3,149.0,-28.57929913556593,rad_pattern_13p3GHz.png
E,13.3,149.5,-28.609144937733486,rad_pattern_13p3GHz.png
E,13.3,150.0,-28.623692861371193,rad_pattern_13p3GHz.png
E,13.3,150.5,-28.652002456138124,rad_pattern_13p3GHz.png
E,13.3,151.0,-28.652002456138124,rad_pattern_13p3GHz.png
E,13.3,151.5,-28.652002456138124,rad_pattern_13p3GHz.png
E,13.3,152.0,-28.652002456138124,rad_pattern_13p3GHz.png
E,13.3,152.5,-28.743872539788747,rad_pattern_13p3GHz.png
E,13.3,153.0,-28.743872539788747,rad_pattern_13p3GHz.png
E,13.3,153.5,-28.821725873535215,rad_pattern_13p3GHz.png
E,13.3,154.0,-28.911905934750322,rad_pattern_13p3GHz.png
E,13.3,154.5,-28.92420389971748,rad_pattern_13p3GHz.png
E,13.3,155.0,-28.92420389971748,rad_pattern_13p3GHz.png
E,13.3,155.5,-29.053416412108103,rad_pattern_13p3GHz.png
E,13.3,156.0,-29.06533175620112,rad_pattern_13p3GHz.png
E,13.3,156.5,-29.194465005221918,rad_pattern_13p3GHz.png
E,13.3,157.0,-29.20592863049892,rad_pattern_13p3GHz.png
E,13.3,157.5,-29.24376146442842,rad_pattern_13p3GHz.png
E,13.3,158.0,-29.24376146442842,rad_pattern_13p3GHz.png
E,13.3,158.5,-29.437114547269868,rad_pattern_13p3GHz.png
E,13.3,159.0,-29.32936394563341,rad_pattern_13p3GHz.png
E,13.3,159.5,-29.32936394563341,rad_pattern_13p3GHz.png
E,13.3,160.0,-28.195862694684823,rad_pattern_13p3GHz.png
E,13.3,160.5,-27.931455095821615,rad_pattern_13p3GHz.png
E,13.3,161.0,-27.849563145182447,rad_pattern_13p3GHz.png
E,13.3,161.5,-27.849563145182447,rad_pattern_13p3GHz.png
E,13.3,162.0,-27.757648190709606,rad_pattern_13p3GHz.png
E,13.3,162.5,-27.757648190709606,rad_pattern_13p3GHz.png
E,13.3,163.0,-27.710745970573434,rad_pattern_13p3GHz.png
E,13.3,163.5,-27.69109283728844,rad_pattern_13p3GHz.png
E,13.3,164.0,-27.698925239106163,rad_pattern_13p3GHz.png
E,13.3,164.5,-27.69109283728844,rad_pattern_13p3GHz.png
E,13.3,165.0,-27.698925239106163,rad_pattern_13p3GHz.png
E,13.3,165.5,-27.931336278572505,rad_pattern_13p3GHz.png
E,13.3,166.0,-27.952244262875176,rad_pattern_13p3GHz.png
E,13.3,166.5,-27.944726623380173,rad_pattern_13p3GHz.png
E,13.3,167.0,-27.966261849400972,rad_pattern_13p3GHz.png
E,13.3,167.5,-28.126636633017046,rad_pattern_13p3GHz.png
E,13.3,168.0,-28.126636633017046,rad_pattern_13p3GHz.png
E,13.3,168.5,-28.161025289971537,rad_pattern_13p3GHz.png
E,13.3,169.0,-28.376735272198037,rad_pattern_13p3GHz.png
E,13.3,169.5,-28.444272711244917,rad_pattern_13p3GHz.png
E,13.3,170.0,-28.55799243473114,rad_pattern_13p3GHz.png
E,13.3,170.5,-28.77238635748521,rad_pattern_13p3GHz.png
E,13.3,171.0,-29.009907635200694,rad_pattern_13p3GHz.png
E,13.3,171.5,-29.009907635200694,rad_pattern_13p3GHz.png
E,13.3,172.0,-28.985584331640307,rad_pattern_13p3GHz.png
E,13.3,172.5,-28.609299495549468,rad_pattern_13p3GHz.png
E,13.3,173.0,-27.88834006305615,rad_pattern_13p3GHz.png
E,13.3,173.5,-27.795458671617723,rad_pattern_13p3GHz.png
E,13.3,174.0,-27.747503292435354,rad_pattern_13p3GHz.png
E,13.3,174.5,-27.744634166620813,rad_pattern_13p3GHz.png
E,13.3,175.0,-27.663790489662293,rad_pattern_13p3GHz.png
E,13.3,175.5,-27.663790489662293,rad_pattern_13p3GHz.png
E,13.3,176.0,-27.552857109288137,rad_pattern_13p3GHz.png
E,13.3,176.5,-27.642807450419077,rad_pattern_13p3GHz.png
E,13.3,177.0,-27.642807450419077,rad_pattern_13p3GHz.png
E,13.3,177.5,-27.788513170099026,rad_pattern_13p3GHz.png
E,13.3,178.0,-27.789703364255093,rad_pattern_13p3GHz.png
E,13.3,178.5,-27.789703364255093,rad_pattern_13p3GHz.png
E,13.3,179.0,-27.588918760967797,rad_pattern_13p3GHz.png
E,13.3,179.5,-27.588918760967797,rad_pattern_13p3GHz.png
E,13.3,180.0,-28.355176772752213,rad_pattern_13p3GHz.png
E,13.3,180.5,-28.355176772752213,rad_pattern_13p3GHz.png
E,13.3,181.0,-28.355176772752213,rad_pattern_13p3GHz.png
E,13.3,181.5,-28.049688839941343,rad_pattern_13p3GHz.png
E,13.3,182.0,-28.540673375232327,rad_pattern_13p3GHz.png
E,13.3,182.5,-28.540673375232327,rad_pattern_13p3GHz.png
E,13.3,183.0,-28.712288717321368,rad_pattern_13p3GHz.png
E,13.3,183.5,-28.712288717321368,rad_pattern_13p3GHz.png
E,13.3,184.0,-28.712288717321368,rad_pattern_13p3GHz.png
E,13.3,184.5,-28.68152696654394,rad_pattern_13p3GHz.png
E,13.3,185.0,-28.64783882024711,rad_pattern_13p3GHz.png
E,13.3,185.5,-28.58738671380817,rad_pattern_13p3GHz.png
E,13.3,186.0,-28.58738671380817,rad_pattern_13p3GHz.png
E,13.3,186.5,-28.58738671380817,rad_pattern_13p3GHz.png
E,13.3,187.0,-28.670301156455142,rad_pattern_13p3GHz.png
E,13.3,187.5,-28.670301156455142,rad_pattern_13p3GHz.png
E,13.3,188.0,-28.691216207260506,rad_pattern_13p3GHz.png
E,13.3,188.5,-28.658254127242547,rad_pattern_13p3GHz.png
E,13.3,189.0,-28.658254127242547,rad_pattern_13p3GHz.png
E,13.3,189.5,-28.625066175467516,rad_pattern_13p3GHz.png
E,13.3,190.0,-28.625066175467516,rad_pattern_13p3GHz.png
E,13.3,190.5,-28.790550035206447,rad_pattern_13p3GHz.png
E,13.3,191.0,-28.790550035206447,rad_pattern_13p3GHz.png
E,13.3,191.5,-28.784854318757816,rad_pattern_13p3GHz.png
E,13.3,192.0,-28.784854318757816,rad_pattern_13p3GHz.png
E,13.3,192.5,-28.926154300263228,rad_pattern_13p3GHz.png
E,13.3,193.0,-29.010732886310276,rad_pattern_13p3GHz.png
E,13.3,193.5,-29.032053736782977,rad_pattern_13p3GHz.png
E,13.3,194.0,-29.088093429640935,rad_pattern_13p3GHz.png
E,13.3,194.5,-29.032053736782977,rad_pattern_13p3GHz.png
E,13.3,195.0,-28.365685144239855,rad_pattern_13p3GHz.png
E,13.3,195.5,-28.350210846157708,rad_pattern_13p3GHz.png
E,13.3,196.0,-28.222982789621224,rad_pattern_13p3GHz.png
E,13.3,196.5,-28.222982789621224,rad_pattern_13p3GHz.png
E,13.3,197.0,-28.18695243749258,rad_pattern_13p3GHz.png
E,13.3,197.5,-28.18695243749258,rad_pattern_13p3GHz.png
E,13.3,198.0,-28.178400168463924,rad_pattern_13p3GHz.png
E,13.3,198.5,-28.21519535424576,rad_pattern_13p3GHz.png
E,13.3,199.0,-28.141496181587264,rad_pattern_13p3GHz.png
E,13.3,199.5,-28.21519535424576,rad_pattern_13p3GHz.png
E,13.3,200.0,-28.141496181587264,rad_pattern_13p3GHz.png
E,13.3,200.5,-28.175500031713455,rad_pattern_13p3GHz.png
E,13.3,201.0,-28.13805628789689,rad_pattern_13p3GHz.png
E,13.3,201.5,-28.175500031713455,rad_pattern_13p3GHz.png
E,13.3,202.0,-28.46545694143279,rad_pattern_13p3GHz.png
E,13.3,202.5,-28.46545694143279,rad_pattern_13p3GHz.png
E,13.3,203.0,-28.46545694143279,rad_pattern_13p3GHz.png
E,13.3,203.5,-28.507531657089274,rad_pattern_13p3GHz.png
E,13.3,204.0,-28.625066175467516,rad_pattern_13p3GHz.png
E,13.3,204.5,-28.74242764536079,rad_pattern_13p3GHz.png
E,13.3,205.0,-28.782650005783783,rad_pattern_13p3GHz.png
E,13.3,205.5,-28.782650005783783,rad_pattern_13p3GHz.png
E,13.3,206.0,-28.770016385507255,rad_pattern_13p3GHz.png
E,13.3,206.5,-28.433903898649298,rad_pattern_13p3GHz.png
E,13.3,207.0,-28.420723023643923,rad_pattern_13p3GHz.png
E,13.3,207.5,-28.433903898649298,rad_pattern_13p3GHz.png
E,13.3,208.0,-28.471910662183227,rad_pattern_13p3GHz.png
E,13.3,208.5,-28.471910662183227,rad_pattern_13p3GHz.png
E,13.3,209.0,-28.522813411401298,rad_pattern_13p3GHz.png
E,13.3,209.5,-28.455142709185097,rad_pattern_13p3GHz.png
E,13.3,210.0,-28.455142709185097,rad_pattern_13p3GHz.png
E,13.3,210.5,-28.386100259918695,rad_pattern_13p3GHz.png
E,13.3,211.0,-28.386100259918695,rad_pattern_13p3GHz.png
E,13.3,211.5,-28.45050808348215,rad_pattern_13p3GHz.png
E,13.3,212.0,-28.49967633226495,rad_pattern_13p3GHz.png
E,13.3,212.5,-28.524116411272754,rad_pattern_13p3GHz.png
E,13.3,213.0,-28.67695028769165,rad_pattern_13p3GHz.png
E,13.3,213.5,-28.67695028769165,rad_pattern_13p3GHz.png
E,13.3,214.0,-28.708933664622652,rad_pattern_13p3GHz.png
E,13.3,214.5,-28.708933664622652,rad_pattern_13p3GHz.png
E,13.3,215.0,-28.796636041005733,rad_pattern_13p3GHz.png
E,13.3,215.5,-28.86054390846377,rad_pattern_13p3GHz.png
E,13.3,216.0,-28.88405548018819,rad_pattern_13p3GHz.png
E,13.3,216.5,-28.890205840491788,rad_pattern_13p3GHz.png
E,13.3,217.0,-28.890205840491788,rad_pattern_13p3GHz.png
E,13.3,217.5,-28.768738640910303,rad_pattern_13p3GHz.png
E,13.3,218.0,-28.236436584763464,rad_pattern_13p3GHz.png
E,13.3,218.5,-28.17795179480865,rad_pattern_13p3GHz.png
E,13.3,219.0,-27.956557945106162,rad_pattern_13p3GHz.png
E,13.3,219.5,-27.878862474941194,rad_pattern_13p3GHz.png
E,13.3,220.0,-27.94161731919875,rad_pattern_13p3GHz.png
E,13.3,220.5,-27.882019754043302,rad_pattern_13p3GHz.png
E,13.3,221.0,-27.925462658558978,rad_pattern_13p3GHz.png
E,13.3,221.5,-27.925462658558978,rad_pattern_13p3GHz.png
E,13.3,222.0,-27.968434570449734,rad_pattern_13p3GHz.png
E,13.3,222.5,-28.050105693150517,rad_pattern_13p3GHz.png
E,13.3,223.0,-28.13348515612937,rad_pattern_13p3GHz.png
E,13.3,223.5,-28.13348515612937,rad_pattern_13p3GHz.png
E,13.3,224.0,-28.17549990052519,rad_pattern_13p3GHz.png
E,13.3,224.5,-28.052884823029434,rad_pattern_13p3GHz.png
E,13.3,225.0,-28.298718414179323,rad_pattern_13p3GHz.png
E,13.3,225.5,-28.257242209346984,rad_pattern_13p3GHz.png
E,13.3,226.0,-28.380477336995533,rad_pattern_13p3GHz.png
E,13.3,226.5,-28.41945557968256,rad_pattern_13p3GHz.png
E,13.3,227.0,-28.66593357785302,rad_pattern_13p3GHz.png
E,13.3,227.5,-28.74622013550353,rad_pattern_13p3GHz.png
E,13.3,228.0,-28.74622013550353,rad_pattern_13p3GHz.png
E,13.3,228.5,-28.988812133326785,rad_pattern_13p3GHz.png
E,13.3,229.0,-28.744053327989985,rad_pattern_13p3GHz.png
E,13.3,229.5,-28.863399543638444,rad_pattern_13p3GHz.png
E,13.3,230.0,-28.659652510215434,rad_pattern_13p3GHz.png
E,13.3,230.5,-28.44875196487733,rad_pattern_13p3GHz.png
E,13.3,231.0,-28.36740287753867,rad_pattern_13p3GHz.png
E,13.3,231.5,-28.17793403018531,rad_pattern_13p3GHz.png
E,13.3,232.0,-28.114689451633108,rad_pattern_13p3GHz.png
E,13.3,232.5,-28.114689451633108,rad_pattern_13p3GHz.png
E,13.3,233.0,-28.069054729209338,rad_pattern_13p3GHz.png
E,13.3,233.5,-28.016947648429692,rad_pattern_13p3GHz.png
E,13.3,234.0,-27.92973328857316,rad_pattern_13p3GHz.png
E,13.3,234.5,-27.963030454975556,rad_pattern_13p3GHz.png
E,13.3,235.0,-27.92973328857316,rad_pattern_13p3GHz.png
E,13.3,235.5,-27.963030454975556,rad_pattern_13p3GHz.png
E,13.3,236.0,-27.899021451526476,rad_pattern_13p3GHz.png
E,13.3,236.5,-28.155851101172885,rad_pattern_13p3GHz.png
E,13.3,237.0,-27.561927284414427,rad_pattern_13p3GHz.png
E,13.3,237.5,-27.561927284414427,rad_pattern_13p3GHz.png
E,13.3,238.0,-27.561927284414427,rad_pattern_13p3GHz.png
E,13.3,238.5,-27.543334842176176,rad_pattern_13p3GHz.png
E,13.3,239.0,-27.543334842176176,rad_pattern_13p3GHz.png
E,13.3,239.5,-27.533349405529524,rad_pattern_13p3GHz.png
E,13.3,240.0,-27.48344483927251,rad_pattern_13p3GHz.png
E,13.3,240.5,-27.304208477536996,rad_pattern_13p3GHz.png
E,13.3,241.0,-27.293111182716554,rad_pattern_13p3GHz.png
E,13.3,241.5,-27.293111182716554,rad_pattern_13p3GHz.png
E,13.3,242.0,-27.1778055522068,rad_pattern_13p3GHz.png
E,13.3,242.5,-27.05014419694139,rad_pattern_13p3GHz.png
E,13.3,243.0,-26.986046394830527,rad_pattern_13p3GHz.png
E,13.3,243.5,-26.830599132185004,rad_pattern_13p3GHz.png
E,13.3,244.0,-26.67570811993021,rad_pattern_13p3GHz.png
E,13.3,244.5,-26.416333936176724,rad_pattern_13p3GHz.png
E,13.3,245.0,-26.337896644667875,rad_pattern_13p3GHz.png
E,13.3,245.5,-26.156225759218668,rad_pattern_13p3GHz.png
E,13.3,246.0,-26.127332172536985,rad_pattern_13p3GHz.png
E,13.3,246.5,-25.945298283959577,rad_pattern_13p3GHz.png
E,13.3,247.0,-25.748059813184693,rad_pattern_13p3GHz.png
E,13.3,247.5,-25.67928843777767,rad_pattern_13p3GHz.png
E,13.3,248.0,-25.47012795279918,rad_pattern_13p3GHz.png
E,13.3,248.5,-25.2284110035095,rad_pattern_13p3GHz.png
E,13.3,249.0,-25.17448020012648,rad_pattern_13p3GHz.png
E,13.3,249.5,-25.066401335332007,rad_pattern_13p3GHz.png
E,13.3,250.0,-24.903768526760647,rad_pattern_13p3GHz.png
E,13.3,250.5,-24.79502442896476,rad_pattern_13p3GHz.png
E,13.3,251.0,-24.7322925395508,rad_pattern_13p3GHz.png
E,13.3,251.5,-24.43998776878938,rad_pattern_13p3GHz.png
E,13.3,252.0,-24.430720651950537,rad_pattern_13p3GHz.png
E,13.3,252.5,-24.365660729802148,rad_pattern_13p3GHz.png
E,13.3,253.0,-24.17224887964998,rad_pattern_13p3GHz.png
E,13.3,253.5,-24.133284529599507,rad_pattern_13p3GHz.png
E,13.3,254.0,-24.02219669674312,rad_pattern_13p3GHz.png
E,13.3,254.5,-23.91868948807809,rad_pattern_13p3GHz.png
E,13.3,255.0,-23.878074813270562,rad_pattern_13p3GHz.png
E,13.3,255.5,-23.801606861034696,rad_pattern_13p3GHz.png
E,13.3,256.0,-23.731761740432823,rad_pattern_13p3GHz.png
E,13.3,256.5,-23.62622680566854,rad_pattern_13p3GHz.png
E,13.3,257.0,-23.58966014427791,rad_pattern_13p3GHz.png
E,13.3,257.5,-23.476838420876415,rad_pattern_13p3GHz.png
E,13.3,258.0,-23.34782063346637,rad_pattern_13p3GHz.png
E,13.3,258.5,-23.26873799973789,rad_pattern_13p3GHz.png
E,13.3,259.0,-23.16113214860786,rad_pattern_13p3GHz.png
E,13.3,259.5,-23.092160192293502,rad_pattern_13p3GHz.png
E,13.3,260.0,-22.983614829497387,rad_pattern_13p3GHz.png
E,13.3,260.5,-22.87955741341791,rad_pattern_13p3GHz.png
E,13.3,261.0,-22.774789586512465,rad_pattern_13p3GHz.png
E,13.3,261.5,-22.755092725588558,rad_pattern_13p3GHz.png
E,13.3,262.0,-22.681686080486944,rad_pattern_13p3GHz.png
E,13.3,262.5,-22.59975175361883,rad_pattern_13p3GHz.png
E,13.3,263.0,-22.52474512040879,rad_pattern_13p3GHz.png
E,13.3,263.5,-22.388028285981765,rad_pattern_13p3GHz.png
E,13.3,264.0,-22.27637058841987,rad_pattern_13p3GHz.png
E,13.3,264.5,-22.141472807517868,rad_pattern_13p3GHz.png
E,13.3,265.0,-22.120748643759335,rad_pattern_13p3GHz.png
E,13.3,265.5,-22.0724486420478,rad_pattern_13p3GHz.png
E,13.3,266.0,-21.903488606009592,rad_pattern_13p3GHz.png
E,13.3,266.5,-21.734005510505803,rad_pattern_13p3GHz.png
E,13.3,267.0,-21.708365289852313,rad_pattern_13p3GHz.png
E,13.3,267.5,-21.624597376321006,rad_pattern_13p3GHz.png
E,13.3,268.0,-21.5414756540327,rad_pattern_13p3GHz.png
E,13.3,268.5,-21.515392826554848,rad_pattern_13p3GHz.png
E,13.3,269.0,-21.402230229463097,rad_pattern_13p3GHz.png
E,13.3,269.5,-21.345110965518895,rad_pattern_13p3GHz.png
E,13.3,270.0,-21.287641431384326,rad_pattern_13p3GHz.png
E,13.3,270.5,-21.200581859861362,rad_pattern_13p3GHz.png
E,13.3,271.0,-21.11268800372795,rad_pattern_13p3GHz.png
E,13.3,271.5,-20.93745632924732,rad_pattern_13p3GHz.png
E,13.3,272.0,-20.933824164569025,rad_pattern_13p3GHz.png
E,13.3,272.5,-20.81468529713897,rad_pattern_13p3GHz.png
E,13.3,273.0,-20.783038295065918,rad_pattern_13p3GHz.png
E,13.3,273.5,-20.6611252649602,rad_pattern_13p3GHz.png
E,13.3,274.0,-20.564851033888903,rad_pattern_13p3GHz.png
E,13.3,274.5,-20.53379448082603,rad_pattern_13p3GHz.png
E,13.3,275.0,-20.466678760796494,rad_pattern_13p3GHz.png
E,13.3,275.5,-20.398417783167417,rad_pattern_13p3GHz.png
E,13.3,276.0,-20.36090389851518,rad_pattern_13p3GHz.png
E,13.3,276.5,-20.265203877530677,rad_pattern_13p3GHz.png
E,13.3,277.0,-20.22645523340695,rad_pattern_13p3GHz.png
E,13.3,277.5,-20.146979404189732,rad_pattern_13p3GHz.png
E,13.3,278.0,-20.081772723999215,rad_pattern_13p3GHz.png
E,13.3,278.5,-19.983502142506385,rad_pattern_13p3GHz.png
E,13.3,279.0,-19.908904196185876,rad_pattern_13p3GHz.png
E,13.3,279.5,-19.857060307289256,rad_pattern_13p3GHz.png
E,13.3,280.0,-19.756748860674204,rad_pattern_13p3GHz.png
E,13.3,280.5,-19.70766346027948,rad_pattern_13p3GHz.png
E,13.3,281.0,-19.65751445830624,rad_pattern_13p3GHz.png
E,13.3,281.5,-19.606374886095132,rad_pattern_13p3GHz.png
E,13.3,282.0,-19.56626039416206,rad_pattern_13p3GHz.png
E,13.3,282.5,-19.56626039416206,rad_pattern_13p3GHz.png
E,13.3,283.0,-19.552756463729825,rad_pattern_13p3GHz.png
E,13.3,283.5,-19.560207274460577,rad_pattern_13p3GHz.png
E,13.3,284.0,-19.552756463729825,rad_pattern_13p3GHz.png
E,13.3,284.5,-19.55047091275124,rad_pattern_13p3GHz.png
E,13.3,285.0,-19.531754289815016,rad_pattern_13p3GHz.png
E,13.3,285.5,-19.539238436392047,rad_pattern_13p3GHz.png
E,13.3,286.0,-19.526243708266694,rad_pattern_13p3GHz.png
E,13.3,286.5,-19.526243708266694,rad_pattern_13p3GHz.png
E,13.3,287.0,-19.48179937782886,rad_pattern_13p3GHz.png
E,13.3,287.5,-19.476008092117173,rad_pattern_13p3GHz.png
E,13.3,288.0,-19.457898746465236,rad_pattern_13p3GHz.png
E,13.3,288.5,-19.457898746465236,rad_pattern_13p3GHz.png
E,13.3,289.0,-19.457898746465236,rad_pattern_13p3GHz.png
E,13.3,289.5,-19.470295120889286,rad_pattern_13p3GHz.png
E,13.3,290.0,-19.474766834342255,rad_pattern_13p3GHz.png
E,13.3,290.5,-19.483715444067983,rad_pattern_13p3GHz.png
E,13.3,291.0,-19.483715444067983,rad_pattern_13p3GHz.png
E,13.3,291.5,-19.46881210349768,rad_pattern_13p3GHz.png
E,13.3,292.0,-19.42064524511655,rad_pattern_13p3GHz.png
E,13.3,292.5,-19.41978889498429,rad_pattern_13p3GHz.png
E,13.3,293.0,-19.34843034417867,rad_pattern_13p3GHz.png
E,13.3,293.5,-19.28784961056017,rad_pattern_13p3GHz.png
E,13.3,294.0,-19.165385262151755,rad_pattern_13p3GHz.png
E,13.3,294.5,-19.04138738822515,rad_pattern_13p3GHz.png
E,13.3,295.0,-18.928164972433354,rad_pattern_13p3GHz.png
E,13.3,295.5,-18.76190124109645,rad_pattern_13p3GHz.png
E,13.3,296.0,-18.59505197452997,rad_pattern_13p3GHz.png
E,13.3,296.5,-18.376249354831273,rad_pattern_13p3GHz.png
E,13.3,297.0,-18.169330641530653,rad_pattern_13p3GHz.png
E,13.3,297.5,-17.90963703393971,rad_pattern_13p3GHz.png
E,13.3,298.0,-17.713337282176287,rad_pattern_13p3GHz.png
E,13.3,298.5,-17.476676897186483,rad_pattern_13p3GHz.png
E,13.3,299.0,-17.20215103052128,rad_pattern_13p3GHz.png
E,13.3,299.5,-16.93823035150531,rad_pattern_13p3GHz.png
E,13.3,300.0,-16.665560959648413,rad_pattern_13p3GHz.png
E,13.3,300.5,-16.398760123514382,rad_pattern_13p3GHz.png
E,13.3,301.0,-16.131129999551387,rad_pattern_13p3GHz.png
E,13.3,301.5,-15.853097122064419,rad_pattern_13p3GHz.png
E,13.3,302.0,-15.611828386706579,rad_pattern_13p3GHz.png
E,13.3,302.5,-15.356975480283097,rad_pattern_13p3GHz.png
E,13.3,303.0,-15.134603020854009,rad_pattern_13p3GHz.png
E,13.3,303.5,-14.878782019556322,rad_pattern_13p3GHz.png
E,13.3,304.0,-14.685946929099561,rad_pattern_13p3GHz.png
E,13.3,304.5,-14.492531780380439,rad_pattern_13p3GHz.png
E,13.3,305.0,-14.279720735335584,rad_pattern_13p3GHz.png
E,13.3,305.5,-14.108430850635315,rad_pattern_13p3GHz.png
E,13.3,306.0,-13.970703095111524,rad_pattern_13p3GHz.png
E,13.3,306.5,-13.823510407151183,rad_pattern_13p3GHz.png
E,13.3,307.0,-13.719679420939467,rad_pattern_13p3GHz.png
E,13.3,307.5,-13.637794665191677,rad_pattern_13p3GHz.png
E,13.3,308.0,-13.536542762323183,rad_pattern_13p3GHz.png
E,13.3,308.5,-13.505618457762242,rad_pattern_13p3GHz.png
E,13.3,309.0,-13.450861609608843,rad_pattern_13p3GHz.png
E,13.3,309.5,-13.43316899513211,rad_pattern_13p3GHz.png
E,13.3,310.0,-13.43316899513211,rad_pattern_13p3GHz.png
E,13.3,310.5,-13.436829827028703,rad_pattern_13p3GHz.png
E,13.3,311.0,-13.446638634164312,rad_pattern_13p3GHz.png
E,13.3,311.5,-13.46401260190503,rad_pattern_13p3GHz.png
E,13.3,312.0,-13.514570692416626,rad_pattern_13p3GHz.png
E,13.3,312.5,-13.561692831065113,rad_pattern_13p3GHz.png
E,13.3,313.0,-13.591435122643222,rad_pattern_13p3GHz.png
E,13.3,313.5,-13.617324669354215,rad_pattern_13p3GHz.png
E,13.3,314.0,-13.660786205189375,rad_pattern_13p3GHz.png
E,13.3,314.5,-13.703393592031588,rad_pattern_13p3GHz.png
E,13.3,315.0,-13.704404737599475,rad_pattern_13p3GHz.png
E,13.3,315.5,-13.704404737599475,rad_pattern_13p3GHz.png
E,13.3,316.0,-13.70238249455317,rad_pattern_13p3GHz.png
E,13.3,316.5,-13.658192753655598,rad_pattern_13p3GHz.png
E,13.3,317.0,-13.573063095789827,rad_pattern_13p3GHz.png
E,13.3,317.5,-13.48368582453885,rad_pattern_13p3GHz.png
E,13.3,318.0,-13.314708764115053,rad_pattern_13p3GHz.png
E,13.3,318.5,-13.118527232261467,rad_pattern_13p3GHz.png
E,13.3,319.0,-12.887620849445906,rad_pattern_13p3GHz.png
E,13.3,319.5,-12.61856543138536,rad_pattern_13p3GHz.png
E,13.3,320.0,-12.322937194269318,rad_pattern_13p3GHz.png
E,13.3,320.5,-12.004434112205178,rad_pattern_13p3GHz.png
E,13.3,321.0,-11.672743249063231,rad_pattern_13p3GHz.png
E,13.3,321.5,-11.334347616854881,rad_pattern_13p3GHz.png
E,13.3,322.0,-10.985919322981552,rad_pattern_13p3GHz.png
E,13.3,322.5,-10.648515634803324,rad_pattern_13p3GHz.png
E,13.3,323.0,-10.320139344894415,rad_pattern_13p3GHz.png
E,13.3,323.5,-10.008036874084201,rad_pattern_13p3GHz.png
E,13.3,324.0,-9.69904884508724,rad_pattern_13p3GHz.png
E,13.3,324.5,-9.407388519221705,rad_pattern_13p3GHz.png
E,13.3,325.0,-9.157576958988251,rad_pattern_13p3GHz.png
E,13.3,325.5,-8.920017233315399,rad_pattern_13p3GHz.png
E,13.3,326.0,-8.74586631790924,rad_pattern_13p3GHz.png
E,13.3,326.5,-8.521467083711379,rad_pattern_13p3GHz.png
E,13.3,327.0,-8.374893466133194,rad_pattern_13p3GHz.png
E,13.3,327.5,-8.220223423127536,rad_pattern_13p3GHz.png
E,13.3,328.0,-8.107696125401322,rad_pattern_13p3GHz.png
E,13.3,328.5,-7.990249097938708,rad_pattern_13p3GHz.png
E,13.3,329.0,-7.901742814675909,rad_pattern_13p3GHz.png
E,13.3,329.5,-7.801392442639724,rad_pattern_13p3GHz.png
E,13.3,330.0,-7.723875492650436,rad_pattern_13p3GHz.png
E,13.3,330.5,-7.633521508191908,rad_pattern_13p3GHz.png
E,13.3,331.0,-7.535272312969429,rad_pattern_13p3GHz.png
E,13.3,331.5,-7.436582455455937,rad_pattern_13p3GHz.png
E,13.3,332.0,-7.316894281486505,rad_pattern_13p3GHz.png
E,13.3,332.5,-7.166518275097939,rad_pattern_13p3GHz.png
E,13.3,333.0,-7.012495329583544,rad_pattern_13p3GHz.png
E,13.3,333.5,-6.818915953804101,rad_pattern_13p3GHz.png
E,13.3,334.0,-6.610899234686318,rad_pattern_13p3GHz.png
E,13.3,334.5,-6.348572649710114,rad_pattern_13p3GHz.png
E,13.3,335.0,-6.097869848461027,rad_pattern_13p3GHz.png
E,13.3,335.5,-5.8090891812232215,rad_pattern_13p3GHz.png
E,13.3,336.0,-5.526162122045406,rad_pattern_13p3GHz.png
E,13.3,336.5,-5.2283711941630955,rad_pattern_13p3GHz.png
E,13.3,337.0,-4.905844656925218,rad_pattern_13p3GHz.png
E,13.3,337.5,-4.597252579930704,rad_pattern_13p3GHz.png
E,13.3,338.0,-4.293563412603348,rad_pattern_13p3GHz.png
E,13.3,338.5,-3.981921962199184,rad_pattern_13p3GHz.png
E,13.3,339.0,-3.693850684730471,rad_pattern_13p3GHz.png
E,13.3,339.5,-3.4335456578680557,rad_pattern_13p3GHz.png
E,13.3,340.0,-3.1581705945623284,rad_pattern_13p3GHz.png
E,13.3,340.5,-2.909256809563068,rad_pattern_13p3GHz.png
E,13.3,341.0,-2.6824260592758336,rad_pattern_13p3GHz.png
E,13.3,341.5,-2.47364061533888,rad_pattern_13p3GHz.png
E,13.3,342.0,-2.2902658414044197,rad_pattern_13p3GHz.png
E,13.3,342.5,-2.142247483043249,rad_pattern_13p3GHz.png
E,13.3,343.0,-1.9907568104503675,rad_pattern_13p3GHz.png
E,13.3,343.5,-1.8691226673821006,rad_pattern_13p3GHz.png
E,13.3,344.0,-1.762308707101397,rad_pattern_13p3GHz.png
E,13.3,344.5,-1.6785994978823062,rad_pattern_13p3GHz.png
E,13.3,345.0,-1.6002039645702517,rad_pattern_13p3GHz.png
E,13.3,345.5,-1.5476034322821732,rad_pattern_13p3GHz.png
E,13.3,346.0,-1.4997598474091305,rad_pattern_13p3GHz.png
E,13.3,346.5,-1.4492289065791404,rad_pattern_13p3GHz.png
E,13.3,347.0,-1.405123445438285,rad_pattern_13p3GHz.png
E,13.3,347.5,-1.387628363378365,rad_pattern_13p3GHz.png
E,13.3,348.0,-1.3433329301006296,rad_pattern_13p3GHz.png
E,13.3,348.5,-1.3066582341530122,rad_pattern_13p3GHz.png
E,13.3,349.0,-1.2556685522490447,rad_pattern_13p3GHz.png
E,13.3,349.5,-1.2080415675228195,rad_pattern_13p3GHz.png
E,13.3,350.0,-1.1510176600375885,rad_pattern_13p3GHz.png
E,13.3,350.5,-1.0855974570522946,rad_pattern_13p3GHz.png
E,13.3,351.0,-0.9900683815548526,rad_pattern_13p3GHz.png
E,13.3,351.5,-0.9115790025706865,rad_pattern_13p3GHz.png
E,13.3,352.0,-0.8352008332916085,rad_pattern_13p3GHz.png
E,13.3,352.5,-0.7178134167597072,rad_pattern_13p3GHz.png
E,13.3,353.0,-0.6104274689883873,rad_pattern_13p3GHz.png
E,13.3,353.5,-0.530450678741115,rad_pattern_13p3GHz.png
E,13.3,354.0,-0.39904606408419596,rad_pattern_13p3GHz.png
E,13.3,354.5,-0.30958968233654005,rad_pattern_13p3GHz.png
E,13.3,355.0,-0.2202032651679673,rad_pattern_13p3GHz.png
E,13.3,355.5,-0.16976326113094942,rad_pattern_13p3GHz.png
E,13.3,356.0,-0.08072634186541805,rad_pattern_13p3GHz.png
E,13.3,356.5,-0.04535557896034348,rad_pattern_13p3GHz.png
E,13.3,357.0,-0.0003378161354810061,rad_pattern_13p3GHz.png
E,13.3,357.5,-0.0003378161354810061,rad_pattern_13p3GHz.png
E,13.3,358.0,0.0,rad_pattern_13p3GHz.png
E,13.3,358.5,-0.017319465441303805,rad_pattern_13p3GHz.png
E,13.3,359.0,-0.0945134664333871,rad_pattern_13p3GHz.png
E,13.3,359.5,-0.0985347626089883,rad_pattern_13p3GHz.png
E,14.3,0.0,-0.13916375624728516,rad_pattern_14p3GHz.png
E,14.3,0.5,-0.19583943541433513,rad_pattern_14p3GHz.png
E,14.3,1.0,-0.25194093984148225,rad_pattern_14p3GHz.png
E,14.3,1.5,-0.3599575452237005,rad_pattern_14p3GHz.png
E,14.3,2.0,-0.4632724604641929,rad_pattern_14p3GHz.png
E,14.3,2.5,-0.5187430492131995,rad_pattern_14p3GHz.png
E,14.3,3.0,-0.6196305370430224,rad_pattern_14p3GHz.png
E,14.3,3.5,-0.7134135881982928,rad_pattern_14p3GHz.png
E,14.3,4.0,-0.7615315985730362,rad_pattern_14p3GHz.png
E,14.3,4.5,-0.8486142201799076,rad_pattern_14p3GHz.png
E,14.3,5.0,-0.8864992263239486,rad_pattern_14p3GHz.png
E,14.3,5.5,-0.9197430514746792,rad_pattern_14p3GHz.png
E,14.3,6.0,-0.9276535519303231,rad_pattern_14p3GHz.png
E,14.3,6.5,-0.9372253864973352,rad_pattern_14p3GHz.png
E,14.3,7.0,-0.9507772915584844,rad_pattern_14p3GHz.png
E,14.3,7.5,-0.9372253864973352,rad_pattern_14p3GHz.png
E,14.3,8.0,-0.935562157870045,rad_pattern_14p3GHz.png
E,14.3,8.5,-0.9247650546730171,rad_pattern_14p3GHz.png
E,14.3,9.0,-0.935562157870045,rad_pattern_14p3GHz.png
E,14.3,9.5,-0.9400012940611653,rad_pattern_14p3GHz.png
E,14.3,10.0,-0.9528575039040916,rad_pattern_14p3GHz.png
E,14.3,10.5,-1.020224583684758,rad_pattern_14p3GHz.png
E,14.3,11.0,-1.0794592517117323,rad_pattern_14p3GHz.png
E,14.3,11.5,-1.1588265261482462,rad_pattern_14p3GHz.png
E,14.3,12.0,-1.2875413540811138,rad_pattern_14p3GHz.png
E,14.3,12.5,-1.4331224600738217,rad_pattern_14p3GHz.png
E,14.3,13.0,-1.6106963258595144,rad_pattern_14p3GHz.png
E,14.3,13.5,-1.8043772915584206,rad_pattern_14p3GHz.png
E,14.3,14.0,-2.0364919696951524,rad_pattern_14p3GHz.png
E,14.3,14.5,-2.3221061973121166,rad_pattern_14p3GHz.png
E,14.3,15.0,-2.6016274506563732,rad_pattern_14p3GHz.png
E,14.3,15.5,-2.916171015787363,rad_pattern_14p3GHz.png
E,14.3,16.0,-3.2658749287881363,rad_pattern_14p3GHz.png
E,14.3,16.5,-3.6101949521648393,rad_pattern_14p3GHz.png
E,14.3,17.0,-4.002928042020379,rad_pattern_14p3GHz.png
E,14.3,17.5,-4.370634016902937,rad_pattern_14p3GHz.png
E,14.3,18.0,-4.776770991674653,rad_pattern_14p3GHz.png
E,14.3,18.5,-5.143751848481806,rad_pattern_14p3GHz.png
E,14.3,19.0,-5.489308846949939,rad_pattern_14p3GHz.png
E,14.3,19.5,-5.797462545862899,rad_pattern_14p3GHz.png
E,14.3,20.0,-6.077203977679289,rad_pattern_14p3GHz.png
E,14.3,20.5,-6.298605022017295,rad_pattern_14p3GHz.png
E,14.3,21.0,-6.491012425558605,rad_pattern_14p3GHz.png
E,14.3,21.5,-6.616659905464733,rad_pattern_14p3GHz.png
E,14.3,22.0,-6.659736956362988,rad_pattern_14p3GHz.png
E,14.3,22.5,-6.676159706717094,rad_pattern_14p3GHz.png
E,14.3,23.0,-6.676159706717094,rad_pattern_14p3GHz.png
E,14.3,23.5,-6.646099640433899,rad_pattern_14p3GHz.png
E,14.3,24.0,-6.606534477494343,rad_pattern_14p3GHz.png
E,14.3,24.5,-6.540757261972967,rad_pattern_14p3GHz.png
E,14.3,25.0,-6.4961866383506255,rad_pattern_14p3GHz.png
E,14.3,25.5,-6.471618832478999,rad_pattern_14p3GHz.png
E,14.3,26.0,-6.471618832478999,rad_pattern_14p3GHz.png
E,14.3,26.5,-6.478421858182813,rad_pattern_14p3GHz.png
E,14.3,27.0,-6.50340513173499,rad_pattern_14p3GHz.png
E,14.3,27.5,-6.591324089021072,rad_pattern_14p3GHz.png
E,14.3,28.0,-6.675712789033074,rad_pattern_14p3GHz.png
E,14.3,28.5,-6.812491878846757,rad_pattern_14p3GHz.png
E,14.3,29.0,-6.998651206883,rad_pattern_14p3GHz.png
E,14.3,29.5,-7.211503040585086,rad_pattern_14p3GHz.png
E,14.3,30.0,-7.469690905365734,rad_pattern_14p3GHz.png
E,14.3,30.5,-7.740027060031171,rad_pattern_14p3GHz.png
E,14.3,31.0,-8.072615814596727,rad_pattern_14p3GHz.png
E,14.3,31.5,-8.419546730956093,rad_pattern_14p3GHz.png
E,14.3,32.0,-8.764528461930514,rad_pattern_14p3GHz.png
E,14.3,32.5,-9.156288316321199,rad_pattern_14p3GHz.png
E,14.3,33.0,-9.600898598027687,rad_pattern_14p3GHz.png
E,14.3,33.5,-10.011408447225389,rad_pattern_14p3GHz.png
E,14.3,34.0,-10.451878392885003,rad_pattern_14p3GHz.png
E,14.3,34.5,-10.866284857698531,rad_pattern_14p3GHz.png
E,14.3,35.0,-11.257382999418596,rad_pattern_14p3GHz.png
E,14.3,35.5,-11.628029004430278,rad_pattern_14p3GHz.png
E,14.3,36.0,-11.943086330839922,rad_pattern_14p3GHz.png
E,14.3,36.5,-12.233644130029894,rad_pattern_14p3GHz.png
E,14.3,37.0,-12.442104044274348,rad_pattern_14p3GHz.png
E,14.3,37.5,-12.654528074638563,rad_pattern_14p3GHz.png
E,14.3,38.0,-12.79165432262771,rad_pattern_14p3GHz.png
E,14.3,38.5,-12.86974954835354,rad_pattern_14p3GHz.png
E,14.3,39.0,-12.924186074116381,rad_pattern_14p3GHz.png
E,14.3,39.5,-12.941352253752502,rad_pattern_14p3GHz.png
E,14.3,40.0,-12.941352253752502,rad_pattern_14p3GHz.png
E,14.3,40.5,-12.902520850977961,rad_pattern_14p3GHz.png
E,14.3,41.0,-12.864691835570522,rad_pattern_14p3GHz.png
E,14.3,41.5,-12.79393946705078,rad_pattern_14p3GHz.png
E,14.3,42.0,-12.743003595241316,rad_pattern_14p3GHz.png
E,14.3,42.5,-12.708056394052985,rad_pattern_14p3GHz.png
E,14.3,43.0,-12.656796425139987,rad_pattern_14p3GHz.png
E,14.3,43.5,-12.655478384665624,rad_pattern_14p3GHz.png
E,14.3,44.0,-12.64163158130793,rad_pattern_14p3GHz.png
E,14.3,44.5,-12.64163158130793,rad_pattern_14p3GHz.png
E,14.3,45.0,-12.664979773876667,rad_pattern_14p3GHz.png
E,14.3,45.5,-12.70458411132704,rad_pattern_14p3GHz.png
E,14.3,46.0,-12.785149030610828,rad_pattern_14p3GHz.png
E,14.3,46.5,-12.863404642467373,rad_pattern_14p3GHz.png
E,14.3,47.0,-12.982395553585235,rad_pattern_14p3GHz.png
E,14.3,47.5,-13.139666378383197,rad_pattern_14p3GHz.png
E,14.3,48.0,-13.37252187740842,rad_pattern_14p3GHz.png
E,14.3,48.5,-13.53577891076431,rad_pattern_14p3GHz.png
E,14.3,49.0,-13.805411826562587,rad_pattern_14p3GHz.png
E,14.3,49.5,-14.087756641889058,rad_pattern_14p3GHz.png
E,14.3,50.0,-14.366612930291605,rad_pattern_14p3GHz.png
E,14.3,50.5,-14.674089934061605,rad_pattern_14p3GHz.png
E,14.3,51.0,-15.02774130156126,rad_pattern_14p3GHz.png
E,14.3,51.5,-15.389061119993476,rad_pattern_14p3GHz.png
E,14.3,52.0,-15.699708122774094,rad_pattern_14p3GHz.png
E,14.3,52.5,-16.07194559238943,rad_pattern_14p3GHz.png
E,14.3,53.0,-16.40814167754454,rad_pattern_14p3GHz.png
E,14.3,53.5,-16.73735660392462,rad_pattern_14p3GHz.png
E,14.3,54.0,-17.064978128549722,rad_pattern_14p3GHz.png
E,14.3,54.5,-17.340695941454907,rad_pattern_14p3GHz.png
E,14.3,55.0,-17.601543845587887,rad_pattern_14p3GHz.png
E,14.3,55.5,-17.827780605320218,rad_pattern_14p3GHz.png
E,14.3,56.0,-18.02068251317699,rad_pattern_14p3GHz.png
E,14.3,56.5,-18.181088663924946,rad_pattern_14p3GHz.png
E,14.3,57.0,-18.340767172564956,rad_pattern_14p3GHz.png
E,14.3,57.5,-18.43467515752796,rad_pattern_14p3GHz.png
E,14.3,58.0,-18.520802989101156,rad_pattern_14p3GHz.png
E,14.3,58.5,-18.602423683901396,rad_pattern_14p3GHz.png
E,14.3,59.0,-18.67188368886057,rad_pattern_14p3GHz.png
E,14.3,59.5,-18.72068441616719,rad_pattern_14p3GHz.png
E,14.3,60.0,-18.764177240567992,rad_pattern_14p3GHz.png
E,14.3,60.5,-18.785286955425473,rad_pattern_14p3GHz.png
E,14.3,61.0,-18.785286955425473,rad_pattern_14p3GHz.png
E,14.3,61.5,-18.785286955425473,rad_pattern_14p3GHz.png
E,14.3,62.0,-18.767300132208383,rad_pattern_14p3GHz.png
E,14.3,62.5,-18.758118675560645,rad_pattern_14p3GHz.png
E,14.3,63.0,-18.72068441616719,rad_pattern_14p3GHz.png
E,14.3,63.5,-18.695073419146098,rad_pattern_14p3GHz.png
E,14.3,64.0,-18.64239254290514,rad_pattern_14p3GHz.png
E,14.3,64.5,-18.615328848920143,rad_pattern_14p3GHz.png
E,14.3,65.0,-18.587787157187346,rad_pattern_14p3GHz.png
E,14.3,65.5,-18.57183328191557,rad_pattern_14p3GHz.png
E,14.3,66.0,-18.57183328191557,rad_pattern_14p3GHz.png
E,14.3,66.5,-18.587058061030117,rad_pattern_14p3GHz.png
E,14.3,67.0,-18.63276806066092,rad_pattern_14p3GHz.png
E,14.3,67.5,-18.677565631157034,rad_pattern_14p3GHz.png
E,14.3,68.0,-18.73738052749355,rad_pattern_14p3GHz.png
E,14.3,68.5,-18.80193464653131,rad_pattern_14p3GHz.png
E,14.3,69.0,-18.89775771550348,rad_pattern_14p3GHz.png
E,14.3,69.5,-18.975987149957987,rad_pattern_14p3GHz.png
E,14.3,70.0,-19.05303009636631,rad_pattern_14p3GHz.png
E,14.3,70.5,-19.127005927245445,rad_pattern_14p3GHz.png
E,14.3,71.0,-19.202233824767916,rad_pattern_14p3GHz.png
E,14.3,71.5,-19.276210936304487,rad_pattern_14p3GHz.png
E,14.3,72.0,-19.3123481703164,rad_pattern_14p3GHz.png
E,14.3,72.5,-19.385102125096296,rad_pattern_14p3GHz.png
E,14.3,73.0,-19.436834146930924,rad_pattern_14p3GHz.png
E,14.3,73.5,-19.525457052706134,rad_pattern_14p3GHz.png
E,14.3,74.0,-19.62120743552016,rad_pattern_14p3GHz.png
E,14.3,74.5,-19.735874628292667,rad_pattern_14p3GHz.png
E,14.3,75.0,-19.85736039326548,rad_pattern_14p3GHz.png
E,14.3,75.5,-19.998420838959756,rad_pattern_14p3GHz.png
E,14.3,76.0,-20.16690209628312,rad_pattern_14p3GHz.png
E,14.3,76.5,-20.278634473803802,rad_pattern_14p3GHz.png
E,14.3,77.0,-20.474049366355494,rad_pattern_14p3GHz.png
E,14.3,77.5,-20.61880749372163,rad_pattern_14p3GHz.png
E,14.3,78.0,-20.756336153910993,rad_pattern_14p3GHz.png
E,14.3,78.5,-20.887329561576774,rad_pattern_14p3GHz.png
E,14.3,79.0,-20.972288036692852,rad_pattern_14p3GHz.png
E,14.3,79.5,-21.045251607359855,rad_pattern_14p3GHz.png
E,14.3,80.0,-21.11252313777825,rad_pattern_14p3GHz.png
E,14.3,80.5,-21.189409983810382,rad_pattern_14p3GHz.png
E,14.3,81.0,-21.20808825520938,rad_pattern_14p3GHz.png
E,14.3,81.5,-21.306939174825043,rad_pattern_14p3GHz.png
E,14.3,82.0,-21.40535539351531,rad_pattern_14p3GHz.png
E,14.3,82.5,-21.478304311531513,rad_pattern_14p3GHz.png
E,14.3,83.0,-21.603913214571808,rad_pattern_14p3GHz.png
E,14.3,83.5,-21.786490342168396,rad_pattern_14p3GHz.png
E,14.3,84.0,-21.97163768887106,rad_pattern_14p3GHz.png
E,14.3,84.5,-22.092590307577613,rad_pattern_14p3GHz.png
E,14.3,85.0,-22.28115420539573,rad_pattern_14p3GHz.png
E,14.3,85.5,-22.31225197656491,rad_pattern_14p3GHz.png
E,14.3,86.0,-22.52061814622766,rad_pattern_14p3GHz.png
E,14.3,86.5,-22.58223471083807,rad_pattern_14p3GHz.png
E,14.3,87.0,-22.588954931452182,rad_pattern_14p3GHz.png
E,14.3,87.5,-22.68175241399388,rad_pattern_14p3GHz.png
E,14.3,88.0,-22.68175241399388,rad_pattern_14p3GHz.png
E,14.3,88.5,-22.68175241399388,rad_pattern_14p3GHz.png
E,14.3,89.0,-22.714457966779047,rad_pattern_14p3GHz.png
E,14.3,89.5,-22.889102995540345,rad_pattern_14p3GHz.png
E,14.3,90.0,-22.946916540920068,rad_pattern_14p3GHz.png
E,14.3,90.5,-23.1777455806759,rad_pattern_14p3GHz.png
E,14.3,91.0,-23.350307251021825,rad_pattern_14p3GHz.png
E,14.3,91.5,-23.522383843800412,rad_pattern_14p3GHz.png
E,14.3,92.0,-23.66505230738171,rad_pattern_14p3GHz.png
E,14.3,92.5,-23.807184731658243,rad_pattern_14p3GHz.png
E,14.3,93.0,-23.977614850485843,rad_pattern_14p3GHz.png
E,14.3,93.5,-24.147409841131182,rad_pattern_14p3GHz.png
E,14.3,94.0,-24.230029340240097,rad_pattern_14p3GHz.png
E,14.3,94.5,-24.307084014749034,rad_pattern_14p3GHz.png
E,14.3,95.0,-24.307084014749034,rad_pattern_14p3GHz.png
E,14.3,95.5,-24.244091920568064,rad_pattern_14p3GHz.png
E,14.3,96.0,-24.20309083690339,rad_pattern_14p3GHz.png
E,14.3,96.5,-24.20309083690339,rad_pattern_14p3GHz.png
E,14.3,97.0,-24.282311258403244,rad_pattern_14p3GHz.png
E,14.3,97.5,-24.39703070944379,rad_pattern_14p3GHz.png
E,14.3,98.0,-24.618560406367738,rad_pattern_14p3GHz.png
E,14.3,98.5,-24.753136376530453,rad_pattern_14p3GHz.png
E,14.3,99.0,-24.81027486348527,rad_pattern_14p3GHz.png
E,14.3,99.5,-24.972242890330687,rad_pattern_14p3GHz.png
E,14.3,100.0,-25.086221185910645,rad_pattern_14p3GHz.png
E,14.3,100.5,-25.21826264911302,rad_pattern_14p3GHz.png
E,14.3,101.0,-25.360273433753303,rad_pattern_14p3GHz.png
E,14.3,101.5,-25.393910773991898,rad_pattern_14p3GHz.png
E,14.3,102.0,-25.393910773991898,rad_pattern_14p3GHz.png
E,14.3,102.5,-25.29686289665627,rad_pattern_14p3GHz.png
E,14.3,103.0,-25.25590872645,rad_pattern_14p3GHz.png
E,14.3,103.5,-25.158297006035646,rad_pattern_14p3GHz.png
E,14.3,104.0,-25.158297006035646,rad_pattern_14p3GHz.png
E,14.3,104.5,-25.277654982648595,rad_pattern_14p3GHz.png
E,14.3,105.0,-25.38208344638287,rad_pattern_14p3GHz.png
E,14.3,105.5,-25.52150366345708,rad_pattern_14p3GHz.png
E,14.3,106.0,-25.71622025690679,rad_pattern_14p3GHz.png
E,14.3,106.5,-25.76355897810263,rad_pattern_14p3GHz.png
E,14.3,107.0,-25.810586876241388,rad_pattern_14p3GHz.png
E,14.3,107.5,-25.948612752403992,rad_pattern_14p3GHz.png
E,14.3,108.0,-26.05876190176159,rad_pattern_14p3GHz.png
E,14.3,108.5,-26.2048071257035,rad_pattern_14p3GHz.png
E,14.3,109.0,-26.2048071257035,rad_pattern_14p3GHz.png
E,14.3,109.5,-26.10382170841085,rad_pattern_14p3GHz.png
E,14.3,110.0,-26.029903882325996,rad_pattern_14p3GHz.png
E,14.3,110.5,-25.945631930366133,rad_pattern_14p3GHz.png
E,14.3,111.0,-25.941397764640787,rad_pattern_14p3GHz.png
E,14.3,111.5,-25.908404574537254,rad_pattern_14p3GHz.png
E,14.3,112.0,-25.941397764640787,rad_pattern_14p3GHz.png
E,14.3,112.5,-26.064443182278264,rad_pattern_14p3GHz.png
E,14.3,113.0,-26.20895577025941,rad_pattern_14p3GHz.png
E,14.3,113.5,-26.277205043559505,rad_pattern_14p3GHz.png
E,14.3,114.0,-26.42113564300854,rad_pattern_14p3GHz.png
E,14.3,114.5,-26.473891201508053,rad_pattern_14p3GHz.png
E,14.3,115.0,-26.579026251612323,rad_pattern_14p3GHz.png
E,14.3,115.5,-26.683629650605468,rad_pattern_14p3GHz.png
E,14.3,116.0,-26.787662172444275,rad_pattern_14p3GHz.png
E,14.3,116.5,-26.787662172444275,rad_pattern_14p3GHz.png
E,14.3,117.0,-26.735331692816427,rad_pattern_14p3GHz.png
E,14.3,117.5,-26.658273574553874,rad_pattern_14p3GHz.png
E,14.3,118.0,-26.6690636095215,rad_pattern_14p3GHz.png
E,14.3,118.5,-26.61813552067025,rad_pattern_14p3GHz.png
E,14.3,119.0,-26.576663821330378,rad_pattern_14p3GHz.png
E,14.3,119.5,-26.573411455538324,rad_pattern_14p3GHz.png
E,14.3,120.0,-26.573411455538324,rad_pattern_14p3GHz.png
E,14.3,120.5,-26.712865288864116,rad_pattern_14p3GHz.png
E,14.3,121.0,-26.89147188904568,rad_pattern_14p3GHz.png
E,14.3,121.5,-27.029925917616954,rad_pattern_14p3GHz.png
E,14.3,122.0,-27.118815958811343,rad_pattern_14p3GHz.png
E,14.3,122.5,-27.207609282299178,rad_pattern_14p3GHz.png
E,14.3,123.0,-27.488969850056368,rad_pattern_14p3GHz.png
E,14.3,123.5,-27.51320108760587,rad_pattern_14p3GHz.png
E,14.3,124.0,-27.609257102860944,rad_pattern_14p3GHz.png
E,14.3,124.5,-27.62547816707986,rad_pattern_14p3GHz.png
E,14.3,125.0,-27.744374840406373,rad_pattern_14p3GHz.png
E,14.3,125.5,-27.784678396552057,rad_pattern_14p3GHz.png
E,14.3,126.0,-27.744374840406373,rad_pattern_14p3GHz.png
E,14.3,126.5,-27.733860477517748,rad_pattern_14p3GHz.png
E,14.3,127.0,-27.722146277796046,rad_pattern_14p3GHz.png
E,14.3,127.5,-27.722146277796046,rad_pattern_14p3GHz.png
E,14.3,128.0,-27.767781773335553,rad_pattern_14p3GHz.png
E,14.3,128.5,-27.89430043601038,rad_pattern_14p3GHz.png
E,14.3,129.0,-27.979916196966364,rad_pattern_14p3GHz.png
E,14.3,129.5,-27.979916196966364,rad_pattern_14p3GHz.png
E,14.3,130.0,-28.10589872474822,rad_pattern_14p3GHz.png
E,14.3,130.5,-28.109315490567774,rad_pattern_14p3GHz.png
E,14.3,131.0,-28.23455671413953,rad_pattern_14p3GHz.png
E,14.3,131.5,-28.337819300936225,rad_pattern_14p3GHz.png
E,14.3,132.0,-28.441055912825306,rad_pattern_14p3GHz.png
E,14.3,132.5,-28.441055912825306,rad_pattern_14p3GHz.png
E,14.3,133.0,-28.199051655088915,rad_pattern_14p3GHz.png
E,14.3,133.5,-28.11616603961785,rad_pattern_14p3GHz.png
E,14.3,134.0,-28.15876034557854,rad_pattern_14p3GHz.png
E,14.3,134.5,-27.953820603490772,rad_pattern_14p3GHz.png
E,14.3,135.0,-28.15876034557854,rad_pattern_14p3GHz.png
E,14.3,135.5,-27.953820710309664,rad_pattern_14p3GHz.png
E,14.3,136.0,-28.117309078147816,rad_pattern_14p3GHz.png
E,14.3,136.5,-27.99359609903968,rad_pattern_14p3GHz.png
E,14.3,137.0,-27.99359609903968,rad_pattern_14p3GHz.png
E,14.3,137.5,-27.99359609903968,rad_pattern_14p3GHz.png
E,14.3,138.0,-28.071367924602114,rad_pattern_14p3GHz.png
E,14.3,138.5,-28.071367924602114,rad_pattern_14p3GHz.png
E,14.3,139.0,-28.071367924602114,rad_pattern_14p3GHz.png
E,14.3,139.5,-28.109317167575743,rad_pattern_14p3GHz.png
E,14.3,140.0,-28.146609078909954,rad_pattern_14p3GHz.png
E,14.3,140.5,-28.228014971978826,rad_pattern_14p3GHz.png
E,14.3,141.0,-28.4314291781383,rad_pattern_14p3GHz.png
E,14.3,141.5,-28.50813191969601,rad_pattern_14p3GHz.png
E,14.3,142.0,-28.530818118250217,rad_pattern_14p3GHz.png
E,14.3,142.5,-28.54334809943628,rad_pattern_14p3GHz.png
E,14.3,143.0,-28.705169347179247,rad_pattern_14p3GHz.png
E,14.3,143.5,-28.705169347179247,rad_pattern_14p3GHz.png
E,14.3,144.0,-28.826361970199383,rad_pattern_14p3GHz.png
E,14.3,144.5,-28.826361970199383,rad_pattern_14p3GHz.png
E,14.3,145.0,-28.947405457981443,rad_pattern_14p3GHz.png
E,14.3,145.5,-28.87617254895092,rad_pattern_14p3GHz.png
E,14.3,146.0,-29.06063105509606,rad_pattern_14p3GHz.png
E,14.3,146.5,-29.01227347593002,rad_pattern_14p3GHz.png
E,14.3,147.0,-29.01227347593002,rad_pattern_14p3GHz.png
E,14.3,147.5,-29.01227347593002,rad_pattern_14p3GHz.png
E,14.3,148.0,-29.042987100662266,rad_pattern_14p3GHz.png
E,14.3,148.5,-29.042987100662266,rad_pattern_14p3GHz.png
E,14.3,149.0,-28.006920481605277,rad_pattern_14p3GHz.png
E,14.3,149.5,-27.620078657044754,rad_pattern_14p3GHz.png
E,14.3,150.0,-27.54508584850058,rad_pattern_14p3GHz.png
E,14.3,150.5,-27.519929577845616,rad_pattern_14p3GHz.png
E,14.3,151.0,-27.40493643450057,rad_pattern_14p3GHz.png
E,14.3,151.5,-27.342519587013054,rad_pattern_14p3GHz.png
E,14.3,152.0,-27.342519587013054,rad_pattern_14p3GHz.png
E,14.3,152.5,-27.408150730254274,rad_pattern_14p3GHz.png
E,14.3,153.0,-27.408150730254274,rad_pattern_14p3GHz.png
E,14.3,153.5,-27.408150730254274,rad_pattern_14p3GHz.png
E,14.3,154.0,-27.355987307534637,rad_pattern_14p3GHz.png
E,14.3,154.5,-27.406765820039244,rad_pattern_14p3GHz.png
E,14.3,155.0,-27.406765820039244,rad_pattern_14p3GHz.png
E,14.3,155.5,-27.62448963475818,rad_pattern_14p3GHz.png
E,14.3,156.0,-27.63897039148171,rad_pattern_14p3GHz.png
E,14.3,156.5,-27.79174135958321,rad_pattern_14p3GHz.png
E,14.3,157.0,-27.93224180155189,rad_pattern_14p3GHz.png
E,14.3,157.5,-28.1635269536016,rad_pattern_14p3GHz.png
E,14.3,158.0,-28.212018987624504,rad_pattern_14p3GHz.png
E,14.3,158.5,-28.394547514356166,rad_pattern_14p3GHz.png
E,14.3,159.0,-28.4694962231623,rad_pattern_14p3GHz.png
E,14.3,159.5,-28.571083527305806,rad_pattern_14p3GHz.png
E,14.3,160.0,-28.763860732562808,rad_pattern_14p3GHz.png
E,14.3,160.5,-28.80085982964575,rad_pattern_14p3GHz.png
E,14.3,161.0,-28.80085982964575,rad_pattern_14p3GHz.png
E,14.3,161.5,-29.00241167687774,rad_pattern_14p3GHz.png
E,14.3,162.0,-29.00241167687774,rad_pattern_14p3GHz.png
E,14.3,162.5,-29.0388086847978,rad_pattern_14p3GHz.png
E,14.3,163.0,-29.111062846638564,rad_pattern_14p3GHz.png
E,14.3,163.5,-29.111062846638564,rad_pattern_14p3GHz.png
E,14.3,164.0,-28.936442636976377,rad_pattern_14p3GHz.png
E,14.3,164.5,-28.88079591382526,rad_pattern_14p3GHz.png
E,14.3,165.0,-28.88079591382526,rad_pattern_14p3GHz.png
E,14.3,165.5,-28.895548536027935,rad_pattern_14p3GHz.png
E,14.3,166.0,-29.07077396419963,rad_pattern_14p3GHz.png
E,14.3,166.5,-28.993413420868972,rad_pattern_14p3GHz.png
E,14.3,167.0,-28.993413420868972,rad_pattern_14p3GHz.png
E,14.3,167.5,-28.880616360756253,rad_pattern_14p3GHz.png
E,14.3,168.0,-28.824108444903885,rad_pattern_14p3GHz.png
E,14.3,168.5,-28.824108444903885,rad_pattern_14p3GHz.png
E,14.3,169.0,-28.920627226738578,rad_pattern_14p3GHz.png
E,14.3,169.5,-29.01639673688087,rad_pattern_14p3GHz.png
E,14.3,170.0,-29.01639673688087,rad_pattern_14p3GHz.png
E,14.3,170.5,-29.01639673688087,rad_pattern_14p3GHz.png
E,14.3,171.0,-29.082696197384944,rad_pattern_14p3GHz.png
E,14.3,171.5,-29.082696197384944,rad_pattern_14p3GHz.png
E,14.3,172.0,-29.082696197384944,rad_pattern_14p3GHz.png
E,14.3,172.5,-29.176469695172234,rad_pattern_14p3GHz.png
E,14.3,173.0,-29.233822593586595,rad_pattern_14p3GHz.png
E,14.3,173.5,-29.237287586201976,rad_pattern_14p3GHz.png
E,14.3,174.0,-29.237287586201976,rad_pattern_14p3GHz.png
E,14.3,174.5,-29.211537068599334,rad_pattern_14p3GHz.png
E,14.3,175.0,-29.211537068599334,rad_pattern_14p3GHz.png
E,14.3,175.5,-29.41800062681257,rad_pattern_14p3GHz.png
E,14.3,176.0,-29.41800062681257,rad_pattern_14p3GHz.png
E,14.3,176.5,-29.41800062681257,rad_pattern_14p3GHz.png
E,14.3,177.0,-29.709938979273904,rad_pattern_14p3GHz.png
E,14.3,177.5,-29.709938979273904,rad_pattern_14p3GHz.png
E,14.3,178.0,-29.247752028562154,rad_pattern_14p3GHz.png
E,14.3,178.5,-26.617773686257948,rad_pattern_14p3GHz.png
E,14.3,179.0,-26.52994844634465,rad_pattern_14p3GHz.png
E,14.3,179.5,-26.617773686257948,rad_pattern_14p3GHz.png
E,14.3,180.0,-25.46157376346682,rad_pattern_14p3GHz.png
E,14.3,180.5,-25.576277694453637,rad_pattern_14p3GHz.png
E,14.3,181.0,-25.43028483486298,rad_pattern_14p3GHz.png
E,14.3,181.5,-25.576277694453637,rad_pattern_14p3GHz.png
E,14.3,182.0,-25.632533271832937,rad_pattern_14p3GHz.png
E,14.3,182.5,-26.874702164110143,rad_pattern_14p3GHz.png
E,14.3,183.0,-27.42015368107085,rad_pattern_14p3GHz.png
E,14.3,183.5,-27.42015368107085,rad_pattern_14p3GHz.png
E,14.3,184.0,-24.170236484414616,rad_pattern_14p3GHz.png
E,14.3,184.5,-24.170236484414616,rad_pattern_14p3GHz.png
E,14.3,185.0,-24.194420184370433,rad_pattern_14p3GHz.png
E,14.3,185.5,-24.64966630505098,rad_pattern_14p3GHz.png
E,14.3,186.0,-24.93723339520118,rad_pattern_14p3GHz.png
E,14.3,186.5,-25.253385150984872,rad_pattern_14p3GHz.png
E,14.3,187.0,-25.68415079624438,rad_pattern_14p3GHz.png
E,14.3,187.5,-26.085752861474308,rad_pattern_14p3GHz.png
E,14.3,188.0,-26.221076379894118,rad_pattern_14p3GHz.png
E,14.3,188.5,-26.62988102230502,rad_pattern_14p3GHz.png
E,14.3,189.0,-26.858587721146744,rad_pattern_14p3GHz.png
E,14.3,189.5,-27.08699788787463,rad_pattern_14p3GHz.png
E,14.3,190.0,-27.315056986246766,rad_pattern_14p3GHz.png
E,14.3,190.5,-27.54269635408763,rad_pattern_14p3GHz.png
E,14.3,191.0,-27.656332167120308,rad_pattern_14p3GHz.png
E,14.3,191.5,-27.76982836138848,rad_pattern_14p3GHz.png
E,14.3,192.0,-27.968058397476653,rad_pattern_14p3GHz.png
E,14.3,192.5,-28.137522087009604,rad_pattern_14p3GHz.png
E,14.3,193.0,-28.222079949462096,rad_pattern_14p3GHz.png
E,14.3,193.5,-28.222079949462096,rad_pattern_14p3GHz.png
E,14.3,194.0,-27.731732115074333,rad_pattern_14p3GHz.png
E,14.3,194.5,-27.12863936373201,rad_pattern_14p3GHz.png
E,14.3,195.0,-27.030023071606937,rad_pattern_14p3GHz.png
E,14.3,195.5,-27.030023071606937,rad_pattern_14p3GHz.png
E,14.3,196.0,-26.99847858071541,rad_pattern_14p3GHz.png
E,14.3,196.5,-27.042445294300716,rad_pattern_14p3GHz.png
E,14.3,197.0,-27.053842318318953,rad_pattern_14p3GHz.png
E,14.3,197.5,-27.164355155316073,rad_pattern_14p3GHz.png
E,14.3,198.0,-27.164355155316073,rad_pattern_14p3GHz.png
E,14.3,198.5,-27.128307710855474,rad_pattern_14p3GHz.png
E,14.3,199.0,-27.128307710855474,rad_pattern_14p3GHz.png
E,14.3,199.5,-27.264711281167536,rad_pattern_14p3GHz.png
E,14.3,200.0,-27.410432668673305,rad_pattern_14p3GHz.png
E,14.3,200.5,-27.49182246267523,rad_pattern_14p3GHz.png
E,14.3,201.0,-27.718124388068752,rad_pattern_14p3GHz.png
E,14.3,201.5,-27.728571199275887,rad_pattern_14p3GHz.png
E,14.3,202.0,-28.1635269536016,rad_pattern_14p3GHz.png
E,14.3,202.5,-28.178978639272586,rad_pattern_14p3GHz.png
E,14.3,203.0,-28.178978639272586,rad_pattern_14p3GHz.png
E,14.3,203.5,-28.361128074719304,rad_pattern_14p3GHz.png
E,14.3,204.0,-28.361128074719304,rad_pattern_14p3GHz.png
E,14.3,204.5,-27.76816752510736,rad_pattern_14p3GHz.png
E,14.3,205.0,-27.239129039195046,rad_pattern_14p3GHz.png
E,14.3,205.5,-27.239129039195046,rad_pattern_14p3GHz.png
E,14.3,206.0,-27.109888625982475,rad_pattern_14p3GHz.png
E,14.3,206.5,-27.110738991497907,rad_pattern_14p3GHz.png
E,14.3,207.0,-27.0328436078027,rad_pattern_14p3GHz.png
E,14.3,207.5,-27.0328436078027,rad_pattern_14p3GHz.png
E,14.3,208.0,-27.0328436078027,rad_pattern_14p3GHz.png
E,14.3,208.5,-27.005831929364785,rad_pattern_14p3GHz.png
E,14.3,209.0,-27.095866856079205,rad_pattern_14p3GHz.png
E,14.3,209.5,-27.157795865802825,rad_pattern_14p3GHz.png
E,14.3,210.0,-27.337101019410053,rad_pattern_14p3GHz.png
E,14.3,210.5,-27.347479557205506,rad_pattern_14p3GHz.png
E,14.3,211.0,-27.56570332175518,rad_pattern_14p3GHz.png
E,14.3,211.5,-27.768387801678852,rad_pattern_14p3GHz.png
E,14.3,212.0,-27.823401480212873,rad_pattern_14p3GHz.png
E,14.3,212.5,-27.84163264525716,rad_pattern_14p3GHz.png
E,14.3,213.0,-27.849991256407684,rad_pattern_14p3GHz.png
E,14.3,213.5,-27.84163264525716,rad_pattern_14p3GHz.png
E,14.3,214.0,-26.943769042859767,rad_pattern_14p3GHz.png
E,14.3,214.5,-26.943769042859767,rad_pattern_14p3GHz.png
E,14.3,215.0,-26.99136180769145,rad_pattern_14p3GHz.png
E,14.3,215.5,-26.998377927774982,rad_pattern_14p3GHz.png
E,14.3,216.0,-27.045366866171246,rad_pattern_14p3GHz.png
E,14.3,216.5,-27.045366866171246,rad_pattern_14p3GHz.png
E,14.3,217.0,-27.0170301484691,rad_pattern_14p3GHz.png
E,14.3,217.5,-27.004653843199748,rad_pattern_14p3GHz.png
E,14.3,218.0,-27.004653843199748,rad_pattern_14p3GHz.png
E,14.3,218.5,-27.072652943154537,rad_pattern_14p3GHz.png
E,14.3,219.0,-27.135776314174418,rad_pattern_14p3GHz.png
E,14.3,219.5,-27.365635590090314,rad_pattern_14p3GHz.png
E,14.3,220.0,-27.532201910783932,rad_pattern_14p3GHz.png
E,14.3,220.5,-27.657813817679855,rad_pattern_14p3GHz.png
E,14.3,221.0,-27.823919667769637,rad_pattern_14p3GHz.png
E,14.3,221.5,-28.032786227709213,rad_pattern_14p3GHz.png
E,14.3,222.0,-28.071367924602114,rad_pattern_14p3GHz.png
E,14.3,222.5,-28.40213658937333,rad_pattern_14p3GHz.png
E,14.3,223.0,-28.40213658937333,rad_pattern_14p3GHz.png
E,14.3,223.5,-28.607746710026213,rad_pattern_14p3GHz.png
E,14.3,224.0,-28.771949873864873,rad_pattern_14p3GHz.png
E,14.3,224.5,-28.812828776772545,rad_pattern_14p3GHz.png
E,14.3,225.0,-28.812828776772545,rad_pattern_14p3GHz.png
E,14.3,225.5,-28.853707679680213,rad_pattern_14p3GHz.png
E,14.3,226.0,-28.893807967543427,rad_pattern_14p3GHz.png
E,14.3,226.5,-29.22069546754314,rad_pattern_14p3GHz.png
E,14.3,227.0,-28.893807967543427,rad_pattern_14p3GHz.png
E,14.3,227.5,-28.688060034415077,rad_pattern_14p3GHz.png
E,14.3,228.0,-28.277766811383188,rad_pattern_14p3GHz.png
E,14.3,228.5,-28.030564771086873,rad_pattern_14p3GHz.png
E,14.3,229.0,-27.98702209840874,rad_pattern_14p3GHz.png
E,14.3,229.5,-27.98702209840874,rad_pattern_14p3GHz.png
E,14.3,230.0,-27.924283472041086,rad_pattern_14p3GHz.png
E,14.3,230.5,-27.979916196966364,rad_pattern_14p3GHz.png
E,14.3,231.0,-27.89430043601038,rad_pattern_14p3GHz.png
E,14.3,231.5,-27.930087956141026,rad_pattern_14p3GHz.png
E,14.3,232.0,-27.930087956141026,rad_pattern_14p3GHz.png
E,14.3,232.5,-27.970648679290573,rad_pattern_14p3GHz.png
E,14.3,233.0,-27.970648679290573,rad_pattern_14p3GHz.png
E,14.3,233.5,-28.080379098515447,rad_pattern_14p3GHz.png
E,14.3,234.0,-28.080379098515447,rad_pattern_14p3GHz.png
E,14.3,234.5,-28.15412526957245,rad_pattern_14p3GHz.png
E,14.3,235.0,-28.161072968796443,rad_pattern_14p3GHz.png
E,14.3,235.5,-28.483169976167847,rad_pattern_14p3GHz.png
E,14.3,236.0,-28.483169976167847,rad_pattern_14p3GHz.png
E,14.3,236.5,-28.523353909791023,rad_pattern_14p3GHz.png
E,14.3,237.0,-28.63537763065811,rad_pattern_14p3GHz.png
E,14.3,237.5,-28.715207904722746,rad_pattern_14p3GHz.png
E,14.3,238.0,-28.715207904722746,rad_pattern_14p3GHz.png
E,14.3,238.5,-28.666142936278423,rad_pattern_14p3GHz.png
E,14.3,239.0,-28.61669221478201,rad_pattern_14p3GHz.png
E,14.3,239.5,-28.42327577540705,rad_pattern_14p3GHz.png
E,14.3,240.0,-27.971737523047548,rad_pattern_14p3GHz.png
E,14.3,240.5,-27.792386086160175,rad_pattern_14p3GHz.png
E,14.3,241.0,-27.74184809946629,rad_pattern_14p3GHz.png
E,14.3,241.5,-27.536345718635136,rad_pattern_14p3GHz.png
E,14.3,242.0,-27.522669421024695,rad_pattern_14p3GHz.png
E,14.3,242.5,-27.252339666021246,rad_pattern_14p3GHz.png
E,14.3,243.0,-27.252339666021246,rad_pattern_14p3GHz.png
E,14.3,243.5,-27.175481795981348,rad_pattern_14p3GHz.png
E,14.3,244.0,-27.382044179091814,rad_pattern_14p3GHz.png
E,14.3,244.5,-27.175481795981348,rad_pattern_14p3GHz.png
E,14.3,245.0,-26.825254437098945,rad_pattern_14p3GHz.png
E,14.3,245.5,-26.371017688602027,rad_pattern_14p3GHz.png
E,14.3,246.0,-26.291985919087644,rad_pattern_14p3GHz.png
E,14.3,246.5,-26.159648032774875,rad_pattern_14p3GHz.png
E,14.3,247.0,-26.079939765221383,rad_pattern_14p3GHz.png
E,14.3,247.5,-26.064443182278264,rad_pattern_14p3GHz.png
E,14.3,248.0,-25.995099205363058,rad_pattern_14p3GHz.png
E,14.3,248.5,-25.941397764640787,rad_pattern_14p3GHz.png
E,14.3,249.0,-25.80013969949379,rad_pattern_14p3GHz.png
E,14.3,249.5,-25.80013969949379,rad_pattern_14p3GHz.png
E,14.3,250.0,-25.819948232967594,rad_pattern_14p3GHz.png
E,14.3,250.5,-25.856860487622058,rad_pattern_14p3GHz.png
E,14.3,251.0,-25.875914461513283,rad_pattern_14p3GHz.png
E,14.3,251.5,-25.875914461513283,rad_pattern_14p3GHz.png
E,14.3,252.0,-25.748100323325446,rad_pattern_14p3GHz.png
E,14.3,252.5,-25.63809824800603,rad_pattern_14p3GHz.png
E,14.3,253.0,-25.58905479704147,rad_pattern_14p3GHz.png
E,14.3,253.5,-25.544867964714193,rad_pattern_14p3GHz.png
E,14.3,254.0,-25.477991938042553,rad_pattern_14p3GHz.png
E,14.3,254.5,-25.338913415767966,rad_pattern_14p3GHz.png
E,14.3,255.0,-25.24242254298098,rad_pattern_14p3GHz.png
E,14.3,255.5,-25.24242254298098,rad_pattern_14p3GHz.png
E,14.3,256.0,-25.270736937040816,rad_pattern_14p3GHz.png
E,14.3,256.5,-25.35497877508235,rad_pattern_14p3GHz.png
E,14.3,257.0,-25.29686289665627,rad_pattern_14p3GHz.png
E,14.3,257.5,-25.29686289665627,rad_pattern_14p3GHz.png
E,14.3,258.0,-25.25251892708028,rad_pattern_14p3GHz.png
E,14.3,258.5,-25.0826459134819,rad_pattern_14p3GHz.png
E,14.3,259.0,-24.98030518358198,rad_pattern_14p3GHz.png
E,14.3,259.5,-24.92349086313999,rad_pattern_14p3GHz.png
E,14.3,260.0,-24.706070020970085,rad_pattern_14p3GHz.png
E,14.3,260.5,-24.64907863514823,rad_pattern_14p3GHz.png
E,14.3,261.0,-24.425517720349628,rad_pattern_14p3GHz.png
E,14.3,261.5,-24.41812980437461,rad_pattern_14p3GHz.png
E,14.3,262.0,-24.41812980437461,rad_pattern_14p3GHz.png
E,14.3,262.5,-24.454378521960304,rad_pattern_14p3GHz.png
E,14.3,263.0,-24.454378521960304,rad_pattern_14p3GHz.png
E,14.3,263.5,-24.407352806670918,rad_pattern_14p3GHz.png
E,14.3,264.0,-24.353155520024853,rad_pattern_14p3GHz.png
E,14.3,264.5,-24.186552940009616,rad_pattern_14p3GHz.png
E,14.3,265.0,-23.93274253245971,rad_pattern_14p3GHz.png
E,14.3,265.5,-23.79333606110741,rad_pattern_14p3GHz.png
E,14.3,266.0,-23.65123597138765,rad_pattern_14p3GHz.png
E,14.3,266.5,-23.509058812584957,rad_pattern_14p3GHz.png
E,14.3,267.0,-23.284742664295997,rad_pattern_14p3GHz.png
E,14.3,267.5,-23.11276494691932,rad_pattern_14p3GHz.png
E,14.3,268.0,-23.002234920015756,rad_pattern_14p3GHz.png
E,14.3,268.5,-23.002234920015756,rad_pattern_14p3GHz.png
E,14.3,269.0,-23.004314167065385,rad_pattern_14p3GHz.png
E,14.3,269.5,-23.004314167065385,rad_pattern_14p3GHz.png
E,14.3,270.0,-22.889102995540345,rad_pattern_14p3GHz.png
E,14.3,270.5,-22.859991212846577,rad_pattern_14p3GHz.png
E,14.3,271.0,-22.541041831634633,rad_pattern_14p3GHz.png
E,14.3,271.5,-22.365698058167713,rad_pattern_14p3GHz.png
E,14.3,272.0,-22.306182744988476,rad_pattern_14p3GHz.png
E,14.3,272.5,-21.896032302311887,rad_pattern_14p3GHz.png
E,14.3,273.0,-21.838283007141165,rad_pattern_14p3GHz.png
E,14.3,273.5,-21.543539968477436,rad_pattern_14p3GHz.png
E,14.3,274.0,-21.420804239214338,rad_pattern_14p3GHz.png
E,14.3,274.5,-21.35449725813472,rad_pattern_14p3GHz.png
E,14.3,275.0,-21.3389817391228,rad_pattern_14p3GHz.png
E,14.3,275.5,-21.28692757066,rad_pattern_14p3GHz.png
E,14.3,276.0,-21.27254630669403,rad_pattern_14p3GHz.png
E,14.3,276.5,-21.2087686640884,rad_pattern_14p3GHz.png
E,14.3,277.0,-21.080425045065876,rad_pattern_14p3GHz.png
E,14.3,277.5,-20.947254187755863,rad_pattern_14p3GHz.png
E,14.3,278.0,-20.710288036727572,rad_pattern_14p3GHz.png
E,14.3,278.5,-20.57081001405359,rad_pattern_14p3GHz.png
E,14.3,279.0,-20.328910009750444,rad_pattern_14p3GHz.png
E,14.3,279.5,-20.143913608053605,rad_pattern_14p3GHz.png
E,14.3,280.0,-19.94376926251153,rad_pattern_14p3GHz.png
E,14.3,280.5,-19.809345121303313,rad_pattern_14p3GHz.png
E,14.3,281.0,-19.617400349865523,rad_pattern_14p3GHz.png
E,14.3,281.5,-19.538235473045237,rad_pattern_14p3GHz.png
E,14.3,282.0,-19.502549494365443,rad_pattern_14p3GHz.png
E,14.3,282.5,-19.421002705155956,rad_pattern_14p3GHz.png
E,14.3,283.0,-19.345169038266473,rad_pattern_14p3GHz.png
E,14.3,283.5,-19.255347487858973,rad_pattern_14p3GHz.png
E,14.3,284.0,-19.17127481049111,rad_pattern_14p3GHz.png
E,14.3,284.5,-18.98893370818098,rad_pattern_14p3GHz.png
E,14.3,285.0,-18.825719647844455,rad_pattern_14p3GHz.png
E,14.3,285.5,-18.620306294456338,rad_pattern_14p3GHz.png
E,14.3,286.0,-18.44190841742522,rad_pattern_14p3GHz.png
E,14.3,286.5,-18.26283148181326,rad_pattern_14p3GHz.png
E,14.3,287.0,-18.08514842748447,rad_pattern_14p3GHz.png
E,14.3,287.5,-17.921278967448142,rad_pattern_14p3GHz.png
E,14.3,288.0,-17.79480993084018,rad_pattern_14p3GHz.png
E,14.3,288.5,-17.722160178529744,rad_pattern_14p3GHz.png
E,14.3,289.0,-17.68506962986442,rad_pattern_14p3GHz.png
E,14.3,289.5,-17.664739320661457,rad_pattern_14p3GHz.png
E,14.3,290.0,-17.664739320661457,rad_pattern_14p3GHz.png
E,14.3,290.5,-17.64526280539626,rad_pattern_14p3GHz.png
E,14.3,291.0,-17.664114633493476,rad_pattern_14p3GHz.png
E,14.3,291.5,-17.63585716550608,rad_pattern_14p3GHz.png
E,14.3,292.0,-17.641400441821176,rad_pattern_14p3GHz.png
E,14.3,292.5,-17.62095691095654,rad_pattern_14p3GHz.png
E,14.3,293.0,-17.55462038531441,rad_pattern_14p3GHz.png
E,14.3,293.5,-17.524364207242808,rad_pattern_14p3GHz.png
E,14.3,294.0,-17.463229111741565,rad_pattern_14p3GHz.png
E,14.3,294.5,-17.421076021400182,rad_pattern_14p3GHz.png
E,14.3,295.0,-17.38737951741584,rad_pattern_14p3GHz.png
E,14.3,295.5,-17.37623974465922,rad_pattern_14p3GHz.png
E,14.3,296.0,-17.38737951741584,rad_pattern_14p3GHz.png
E,14.3,296.5,-17.44103640128827,rad_pattern_14p3GHz.png
E,14.3,297.0,-17.479486206482452,rad_pattern_14p3GHz.png
E,14.3,297.5,-17.51682134577064,rad_pattern_14p3GHz.png
E,14.3,298.0,-17.604279886761116,rad_pattern_14p3GHz.png
E,14.3,298.5,-17.639343041879012,rad_pattern_14p3GHz.png
E,14.3,299.0,-17.64526280539626,rad_pattern_14p3GHz.png
E,14.3,299.5,-17.64526280539626,rad_pattern_14p3GHz.png
E,14.3,300.0,-17.573849404848044,rad_pattern_14p3GHz.png
E,14.3,300.5,-17.48664358305702,rad_pattern_14p3GHz.png
E,14.3,301.0,-17.33337878292254,rad_pattern_14p3GHz.png
E,14.3,301.5,-17.129348314443217,rad_pattern_14p3GHz.png
E,14.3,302.0,-16.90588733479089,rad_pattern_14p3GHz.png
E,14.3,302.5,-16.65439697475421,rad_pattern_14p3GHz.png
E,14.3,303.0,-16.31212215424542,rad_pattern_14p3GHz.png
E,14.3,303.5,-16.016388218623284,rad_pattern_14p3GHz.png
E,14.3,304.0,-15.655273699806402,rad_pattern_14p3GHz.png
E,14.3,304.5,-15.284983276453545,rad_pattern_14p3GHz.png
E,14.3,305.0,-14.937466650438004,rad_pattern_14p3GHz.png
E,14.3,305.5,-14.565041382978016,rad_pattern_14p3GHz.png
E,14.3,306.0,-14.23842221672193,rad_pattern_14p3GHz.png
E,14.3,306.5,-13.904308818910518,rad_pattern_14p3GHz.png
E,14.3,307.0,-13.586834612972357,rad_pattern_14p3GHz.png
E,14.3,307.5,-13.320574651895239,rad_pattern_14p3GHz.png
E,14.3,308.0,-13.062996958817411,rad_pattern_14p3GHz.png
E,14.3,308.5,-12.802275979719731,rad_pattern_14p3GHz.png
E,14.3,309.0,-12.594631016345115,rad_pattern_14p3GHz.png
E,14.3,309.5,-12.397951881201749,rad_pattern_14p3GHz.png
E,14.3,310.0,-12.190455210156209,rad_pattern_14p3GHz.png
E,14.3,310.5,-12.055961284872868,rad_pattern_14p3GHz.png
E,14.3,311.0,-11.95879953364842,rad_pattern_14p3GHz.png
E,14.3,311.5,-11.833670281945608,rad_pattern_14p3GHz.png
E,14.3,312.0,-11.761067545530402,rad_pattern_14p3GHz.png
E,14.3,312.5,-11.726079952536029,rad_pattern_14p3GHz.png
E,14.3,313.0,-11.678196148121618,rad_pattern_14p3GHz.png
E,14.3,313.5,-11.678196148121618,rad_pattern_14p3GHz.png
E,14.3,314.0,-11.720924273456934,rad_pattern_14p3GHz.png
E,14.3,314.5,-11.764354008461556,rad_pattern_14p3GHz.png
E,14.3,315.0,-11.847371955335277,rad_pattern_14p3GHz.png
E,14.3,315.5,-11.92830205140072,rad_pattern_14p3GHz.png
E,14.3,316.0,-12.027772287297271,rad_pattern_14p3GHz.png
E,14.3,316.5,-12.128762274815895,rad_pattern_14p3GHz.png
E,14.3,317.0,-12.306072668402898,rad_pattern_14p3GHz.png
E,14.3,317.5,-12.443541011134286,rad_pattern_14p3GHz.png
E,14.3,318.0,-12.5561212598152,rad_pattern_14p3GHz.png
E,14.3,318.5,-12.628138145418106,rad_pattern_14p3GHz.png
E,14.3,319.0,-12.68604622828093,rad_pattern_14p3GHz.png
E,14.3,319.5,-12.68604622828093,rad_pattern_14p3GHz.png
E,14.3,320.0,-12.616303173386399,rad_pattern_14p3GHz.png
E,14.3,320.5,-12.493843055399417,rad_pattern_14p3GHz.png
E,14.3,321.0,-12.273888719669511,rad_pattern_14p3GHz.png
E,14.3,321.5,-12.01221090061463,rad_pattern_14p3GHz.png
E,14.3,322.0,-11.663443122171277,rad_pattern_14p3GHz.png
E,14.3,322.5,-11.272806499259183,rad_pattern_14p3GHz.png
E,14.3,323.0,-10.863839955599914,rad_pattern_14p3GHz.png
E,14.3,323.5,-10.412266200957532,rad_pattern_14p3GHz.png
E,14.3,324.0,-9.936761964230794,rad_pattern_14p3GHz.png
E,14.3,324.5,-9.477354685500838,rad_pattern_14p3GHz.png
E,14.3,325.0,-9.02654658094001,rad_pattern_14p3GHz.png
E,14.3,325.5,-8.573628361307989,rad_pattern_14p3GHz.png
E,14.3,326.0,-8.158966284546217,rad_pattern_14p3GHz.png
E,14.3,326.5,-7.7660050551211555,rad_pattern_14p3GHz.png
E,14.3,327.0,-7.429170021585801,rad_pattern_14p3GHz.png
E,14.3,327.5,-7.089745383822173,rad_pattern_14p3GHz.png
E,14.3,328.0,-6.794217075843431,rad_pattern_14p3GHz.png
E,14.3,328.5,-6.5393936982018985,rad_pattern_14p3GHz.png
E,14.3,329.0,-6.322629327609032,rad_pattern_14p3GHz.png
E,14.3,329.5,-6.138198354790568,rad_pattern_14p3GHz.png
E,14.3,330.0,-5.992392577143686,rad_pattern_14p3GHz.png
E,14.3,330.5,-5.877697423124555,rad_pattern_14p3GHz.png
E,14.3,331.0,-5.785614763366244,rad_pattern_14p3GHz.png
E,14.3,331.5,-5.7164261923438,rad_pattern_14p3GHz.png
E,14.3,332.0,-5.692877849217794,rad_pattern_14p3GHz.png
E,14.3,332.5,-5.649400605458293,rad_pattern_14p3GHz.png
E,14.3,333.0,-5.62512528856762,rad_pattern_14p3GHz.png
E,14.3,333.5,-5.62512528856762,rad_pattern_14p3GHz.png
E,14.3,334.0,-5.597457358564501,rad_pattern_14p3GHz.png
E,14.3,334.5,-5.543391329133289,rad_pattern_14p3GHz.png
E,14.3,335.0,-5.511229204172555,rad_pattern_14p3GHz.png
E,14.3,335.5,-5.402010375899117,rad_pattern_14p3GHz.png
E,14.3,336.0,-5.291567290411585,rad_pattern_14p3GHz.png
E,14.3,336.5,-5.1235610856421125,rad_pattern_14p3GHz.png
E,14.3,337.0,-4.930444972147971,rad_pattern_14p3GHz.png
E,14.3,337.5,-4.719980076403274,rad_pattern_14p3GHz.png
E,14.3,338.0,-4.475234716778186,rad_pattern_14p3GHz.png
E,14.3,338.5,-4.200983100186811,rad_pattern_14p3GHz.png
E,14.3,339.0,-3.9132355592400963,rad_pattern_14p3GHz.png
E,14.3,339.5,-3.6020633481818507,rad_pattern_14p3GHz.png
E,14.3,340.0,-3.2963675980290503,rad_pattern_14p3GHz.png
E,14.3,340.5,-2.9895944945089674,rad_pattern_14p3GHz.png
E,14.3,341.0,-2.6925052353215726,rad_pattern_14p3GHz.png
E,14.3,341.5,-2.428798356061602,rad_pattern_14p3GHz.png
E,14.3,342.0,-2.1623461446218215,rad_pattern_14p3GHz.png
E,14.3,342.5,-1.9219103239623792,rad_pattern_14p3GHz.png
E,14.3,343.0,-1.6885971280324092,rad_pattern_14p3GHz.png
E,14.3,343.5,-1.4894240015922193,rad_pattern_14p3GHz.png
E,14.3,344.0,-1.3321728542297677,rad_pattern_14p3GHz.png
E,14.3,344.5,-1.161343360052193,rad_pattern_14p3GHz.png
E,14.3,345.0,-1.0449518376272913,rad_pattern_14p3GHz.png
E,14.3,345.5,-0.9353934277174254,rad_pattern_14p3GHz.png
E,14.3,346.0,-0.8516863574184157,rad_pattern_14p3GHz.png
E,14.3,346.5,-0.7947210616334495,rad_pattern_14p3GHz.png
E,14.3,347.0,-0.7616971794256848,rad_pattern_14p3GHz.png
E,14.3,347.5,-0.7276068018235016,rad_pattern_14p3GHz.png
E,14.3,348.0,-0.7158107332253891,rad_pattern_14p3GHz.png
E,14.3,348.5,-0.7158107332253891,rad_pattern_14p3GHz.png
E,14.3,349.0,-0.701953744968602,rad_pattern_14p3GHz.png
E,14.3,349.5,-0.6877455415372822,rad_pattern_14p3GHz.png
E,14.3,350.0,-0.692728322405884,rad_pattern_14p3GHz.png
E,14.3,350.5,-0.6780565572298975,rad_pattern_14p3GHz.png
E,14.3,351.0,-0.6481285309800846,rad_pattern_14p3GHz.png
E,14.3,351.5,-0.6296854894766213,rad_pattern_14p3GHz.png
E,14.3,352.0,-0.5848487299364855,rad_pattern_14p3GHz.png
E,14.3,352.5,-0.5632634704743325,rad_pattern_14p3GHz.png
E,14.3,353.0,-0.4819704110717815,rad_pattern_14p3GHz.png
E,14.3,353.5,-0.4177512971906765,rad_pattern_14p3GHz.png
E,14.3,354.0,-0.3634168121738064,rad_pattern_14p3GHz.png
E,14.3,354.5,-0.2867812408859933,rad_pattern_14p3GHz.png
E,14.3,355.0,-0.20288379972666348,rad_pattern_14p3GHz.png
E,14.3,355.5,-0.15939699528973605,rad_pattern_14p3GHz.png
E,14.3,356.0,-0.07320021061163473,rad_pattern_14p3GHz.png
E,14.3,356.5,-0.05311066232286876,rad_pattern_14p3GHz.png
E,14.3,357.0,-0.01018571663520973,rad_pattern_14p3GHz.png
E,14.3,357.5,0.0,rad_pattern_14p3GHz.png
E,14.3,358.0,0.0,rad_pattern_14p3GHz.png
E,14.3,358.5,-0.009961886923644414,rad_pattern_14p3GHz.png
E,14.3,359.0,-0.020304093108983068,rad_pattern_14p3GHz.png
E,14.3,359.5,-0.07927205711593999,rad_pattern_14p3GHz.png
E,15.3,0.0,-1.5277553328183728,rad_pattern_15p3GHz.png
E,15.3,0.5,-1.5277553328183728,rad_pattern_15p3GHz.png
E,15.3,1.0,-1.524432665716045,rad_pattern_15p3GHz.png
E,15.3,1.5,-1.510635985627502,rad_pattern_15p3GHz.png
E,15.3,2.0,-1.4921857053194998,rad_pattern_15p3GHz.png
E,15.3,2.5,-1.4741258818934888,rad_pattern_15p3GHz.png
E,15.3,3.0,-1.4542926628993733,rad_pattern_15p3GHz.png
E,15.3,3.5,-1.3827771087081437,rad_pattern_15p3GHz.png
E,15.3,4.0,-1.3074598811886595,rad_pattern_15p3GHz.png
E,15.3,4.5,-1.1791647635258578,rad_pattern_15p3GHz.png
E,15.3,5.0,-1.0686991159435664,rad_pattern_15p3GHz.png
E,15.3,5.5,-0.9588236693470975,rad_pattern_15p3GHz.png
E,15.3,6.0,-0.8118539570328664,rad_pattern_15p3GHz.png
E,15.3,6.5,-0.6584534658654135,rad_pattern_15p3GHz.png
E,15.3,7.0,-0.5159258769955422,rad_pattern_15p3GHz.png
E,15.3,7.5,-0.38305340753984396,rad_pattern_15p3GHz.png
E,15.3,8.0,-0.2835925106678374,rad_pattern_15p3GHz.png
E,15.3,8.5,-0.18103228050013342,rad_pattern_15p3GHz.png
E,15.3,9.0,-0.09342903460650831,rad_pattern_15p3GHz.png
E,15.3,9.5,-0.017605619649330606,rad_pattern_15p3GHz.png
E,15.3,10.0,0.0,rad_pattern_15p3GHz.png
E,15.3,10.5,-0.008314981999323123,rad_pattern_15p3GHz.png
E,15.3,11.0,-0.008314981999323123,rad_pattern_15p3GHz.png
E,15.3,11.5,-0.07675547232601687,rad_pattern_15p3GHz.png
E,15.3,12.0,-0.17562924105368083,rad_pattern_15p3GHz.png
E,15.3,12.5,-0.2827207586204352,rad_pattern_15p3GHz.png
E,15.3,13.0,-0.45186875841737617,rad_pattern_15p3GHz.png
E,15.3,13.5,-0.6248248990510064,rad_pattern_15p3GHz.png
E,15.3,14.0,-0.8304051915292945,rad_pattern_15p3GHz.png
E,15.3,14.5,-1.067771514804516,rad_pattern_15p3GHz.png
E,15.3,15.0,-1.3402271039845566,rad_pattern_15p3GHz.png
E,15.3,15.5,-1.6248124234181347,rad_pattern_15p3GHz.png
E,15.3,16.0,-1.914775766692685,rad_pattern_15p3GHz.png
E,15.3,16.5,-2.235610082135988,rad_pattern_15p3GHz.png
E,15.3,17.0,-2.537006583206203,rad_pattern_15p3GHz.png
E,15.3,17.5,-2.8339972892052963,rad_pattern_15p3GHz.png
E,15.3,18.0,-3.10323927935195,rad_pattern_15p3GHz.png
E,15.3,18.5,-3.395840707881945,rad_pattern_15p3GHz.png
E,15.3,19.0,-3.633107422455737,rad_pattern_15p3GHz.png
E,15.3,19.5,-3.8498163208775757,rad_pattern_15p3GHz.png
E,15.3,20.0,-4.044352947974367,rad_pattern_15p3GHz.png
E,15.3,20.5,-4.174205931363861,rad_pattern_15p3GHz.png
E,15.3,21.0,-4.302181696717316,rad_pattern_15p3GHz.png
E,15.3,21.5,-4.374133456644731,rad_pattern_15p3GHz.png
E,15.3,22.0,-4.438684569572786,rad_pattern_15p3GHz.png
E,15.3,22.5,-4.486340319792049,rad_pattern_15p3GHz.png
E,15.3,23.0,-4.519350481952763,rad_pattern_15p3GHz.png
E,15.3,23.5,-4.557306866218127,rad_pattern_15p3GHz.png
E,15.3,24.0,-4.582038330022403,rad_pattern_15p3GHz.png
E,15.3,24.5,-4.643002521487492,rad_pattern_15p3GHz.png
E,15.3,25.0,-4.707100634568555,rad_pattern_15p3GHz.png
E,15.3,25.5,-4.786741579166836,rad_pattern_15p3GHz.png
E,15.3,26.0,-4.893992034387871,rad_pattern_15p3GHz.png
E,15.3,26.5,-5.036643780840318,rad_pattern_15p3GHz.png
E,15.3,27.0,-5.191008706608677,rad_pattern_15p3GHz.png
E,15.3,27.5,-5.357886637259547,rad_pattern_15p3GHz.png
E,15.3,28.0,-5.584714558833429,rad_pattern_15p3GHz.png
E,15.3,28.5,-5.812126459114275,rad_pattern_15p3GHz.png
E,15.3,29.0,-6.065974924300441,rad_pattern_15p3GHz.png
E,15.3,29.5,-6.324035870606121,rad_pattern_15p3GHz.png
E,15.3,30.0,-6.6215046310016845,rad_pattern_15p3GHz.png
E,15.3,30.5,-6.902255761404369,rad_pattern_15p3GHz.png
E,15.3,31.0,-7.2000723112889595,rad_pattern_15p3GHz.png
E,15.3,31.5,-7.49654043601668,rad_pattern_15p3GHz.png
E,15.3,32.0,-7.77635584062158,rad_pattern_15p3GHz.png
E,15.3,32.5,-8.03868739413645,rad_pattern_15p3GHz.png
E,15.3,33.0,-8.305752141247265,rad_pattern_15p3GHz.png
E,15.3,33.5,-8.53996854279655,rad_pattern_15p3GHz.png
E,15.3,34.0,-8.740103538140964,rad_pattern_15p3GHz.png
E,15.3,34.5,-8.95367862829151,rad_pattern_15p3GHz.png
E,15.3,35.0,-9.110246833779726,rad_pattern_15p3GHz.png
E,15.3,35.5,-9.271990029573157,rad_pattern_15p3GHz.png
E,15.3,36.0,-9.418882572030455,rad_pattern_15p3GHz.png
E,15.3,36.5,-9.552644779155994,rad_pattern_15p3GHz.png
E,15.3,37.0,-9.680846279559358,rad_pattern_15p3GHz.png
E,15.3,37.5,-9.794261809743801,rad_pattern_15p3GHz.png
E,15.3,38.0,-9.921075683824416,rad_pattern_15p3GHz.png
E,15.3,38.5,-10.036233373277764,rad_pattern_15p3GHz.png
E,15.3,39.0,-10.180202592499676,rad_pattern_15p3GHz.png
E,15.3,39.5,-10.310560022877652,rad_pattern_15p3GHz.png
E,15.3,40.0,-10.452135536177114,rad_pattern_15p3GHz.png
E,15.3,40.5,-10.604546931357138,rad_pattern_15p3GHz.png
E,15.3,41.0,-10.773503905249118,rad_pattern_15p3GHz.png
E,15.3,41.5,-10.949942673220292,rad_pattern_15p3GHz.png
E,15.3,42.0,-11.201921427612383,rad_pattern_15p3GHz.png
E,15.3,42.5,-11.41802770087045,rad_pattern_15p3GHz.png
E,15.3,43.0,-11.668063494636357,rad_pattern_15p3GHz.png
E,15.3,43.5,-11.939531297458114,rad_pattern_15p3GHz.png
E,15.3,44.0,-12.25115090977,rad_pattern_15p3GHz.png
E,15.3,44.5,-12.55943891176313,rad_pattern_15p3GHz.png
E,15.3,45.0,-12.948529838222704,rad_pattern_15p3GHz.png
E,15.3,45.5,-13.316263661023214,rad_pattern_15p3GHz.png
E,15.3,46.0,-13.640117785742081,rad_pattern_15p3GHz.png
E,15.3,46.5,-14.04582513393396,rad_pattern_15p3GHz.png
E,15.3,47.0,-14.408200236821564,rad_pattern_15p3GHz.png
E,15.3,47.5,-14.774197283832638,rad_pattern_15p3GHz.png
E,15.3,48.0,-15.114511497597626,rad_pattern_15p3GHz.png
E,15.3,48.5,-15.393356765149969,rad_pattern_15p3GHz.png
E,15.3,49.0,-15.652036231321711,rad_pattern_15p3GHz.png
E,15.3,49.5,-15.84384332852805,rad_pattern_15p3GHz.png
E,15.3,50.0,-15.962746648374193,rad_pattern_15p3GHz.png
E,15.3,50.5,-16.06642952532331,rad_pattern_15p3GHz.png
E,15.3,51.0,-16.085746849514372,rad_pattern_15p3GHz.png
E,15.3,51.5,-16.085746849514372,rad_pattern_15p3GHz.png
E,15.3,52.0,-16.03100471791479,rad_pattern_15p3GHz.png
E,15.3,52.5,-15.947160523571956,rad_pattern_15p3GHz.png
E,15.3,53.0,-15.872733391484322,rad_pattern_15p3GHz.png
E,15.3,53.5,-15.78579733823224,rad_pattern_15p3GHz.png
E,15.3,54.0,-15.70333724627242,rad_pattern_15p3GHz.png
E,15.3,54.5,-15.61981104353713,rad_pattern_15p3GHz.png
E,15.3,55.0,-15.575406901098853,rad_pattern_15p3GHz.png
E,15.3,55.5,-15.498346838650479,rad_pattern_15p3GHz.png
E,15.3,56.0,-15.44271691623016,rad_pattern_15p3GHz.png
E,15.3,56.5,-15.410648276054042,rad_pattern_15p3GHz.png
E,15.3,57.0,-15.354041534711087,rad_pattern_15p3GHz.png
E,15.3,57.5,-15.301751104843516,rad_pattern_15p3GHz.png
E,15.3,58.0,-15.301751104843516,rad_pattern_15p3GHz.png
E,15.3,58.5,-15.255331109109592,rad_pattern_15p3GHz.png
E,15.3,59.0,-15.216422823147454,rad_pattern_15p3GHz.png
E,15.3,59.5,-15.209048799693116,rad_pattern_15p3GHz.png
E,15.3,60.0,-15.209048799693116,rad_pattern_15p3GHz.png
E,15.3,60.5,-15.241288309843025,rad_pattern_15p3GHz.png
E,15.3,61.0,-15.261396659257693,rad_pattern_15p3GHz.png
E,15.3,61.5,-15.356404310680539,rad_pattern_15p3GHz.png
E,15.3,62.0,-15.452143736812385,rad_pattern_15p3GHz.png
E,15.3,62.5,-15.570524041896764,rad_pattern_15p3GHz.png
E,15.3,63.0,-15.727135340730294,rad_pattern_15p3GHz.png
E,15.3,63.5,-15.85701402880035,rad_pattern_15p3GHz.png
E,15.3,64.0,-15.998512584294438,rad_pattern_15p3GHz.png
E,15.3,64.5,-16.16462933905297,rad_pattern_15p3GHz.png
E,15.3,65.0,-16.330965417390004,rad_pattern_15p3GHz.png
E,15.3,65.5,-16.46839388189539,rad_pattern_15p3GHz.png
E,15.3,66.0,-16.592349642367267,rad_pattern_15p3GHz.png
E,15.3,66.5,-16.691938350413054,rad_pattern_15p3GHz.png
E,15.3,67.0,-16.80249132714788,rad_pattern_15p3GHz.png
E,15.3,67.5,-16.907681444046354,rad_pattern_15p3GHz.png
E,15.3,68.0,-17.026787867935568,rad_pattern_15p3GHz.png
E,15.3,68.5,-17.139592122239563,rad_pattern_15p3GHz.png
E,15.3,69.0,-17.294139257519383,rad_pattern_15p3GHz.png
E,15.3,69.5,-17.446970153787635,rad_pattern_15p3GHz.png
E,15.3,70.0,-17.64976296952947,rad_pattern_15p3GHz.png
E,15.3,70.5,-17.872033163565924,rad_pattern_15p3GHz.png
E,15.3,71.0,-18.076458006640742,rad_pattern_15p3GHz.png
E,15.3,71.5,-18.286821242991714,rad_pattern_15p3GHz.png
E,15.3,72.0,-18.47874525388582,rad_pattern_15p3GHz.png
E,15.3,72.5,-18.650837138617927,rad_pattern_15p3GHz.png
E,15.3,73.0,-18.812561559258604,rad_pattern_15p3GHz.png
E,15.3,73.5,-18.928798131805358,rad_pattern_15p3GHz.png
E,15.3,74.0,-19.052455904944587,rad_pattern_15p3GHz.png
E,15.3,74.5,-19.12384811808314,rad_pattern_15p3GHz.png
E,15.3,75.0,-19.190079722015653,rad_pattern_15p3GHz.png
E,15.3,75.5,-19.247657482051338,rad_pattern_15p3GHz.png
E,15.3,76.0,-19.32527282160135,rad_pattern_15p3GHz.png
E,15.3,76.5,-19.416150586011007,rad_pattern_15p3GHz.png
E,15.3,77.0,-19.56848772289054,rad_pattern_15p3GHz.png
E,15.3,77.5,-19.756859624280384,rad_pattern_15p3GHz.png
E,15.3,78.0,-19.957267033430163,rad_pattern_15p3GHz.png
E,15.3,78.5,-20.162476121667318,rad_pattern_15p3GHz.png
E,15.3,79.0,-20.35509766899149,rad_pattern_15p3GHz.png
E,15.3,79.5,-20.518675042471628,rad_pattern_15p3GHz.png
E,15.3,80.0,-20.653074100589144,rad_pattern_15p3GHz.png
E,15.3,80.5,-20.8103656915048,rad_pattern_15p3GHz.png
E,15.3,81.0,-20.870943499853624,rad_pattern_15p3GHz.png
E,15.3,81.5,-20.89073633151684,rad_pattern_15p3GHz.png
E,15.3,82.0,-20.870943499853624,rad_pattern_15p3GHz.png
E,15.3,82.5,-20.87779332708213,rad_pattern_15p3GHz.png
E,15.3,83.0,-20.87779332708213,rad_pattern_15p3GHz.png
E,15.3,83.5,-20.89139947451328,rad_pattern_15p3GHz.png
E,15.3,84.0,-21.012675716893902,rad_pattern_15p3GHz.png
E,15.3,84.5,-21.144983400275677,rad_pattern_15p3GHz.png
E,15.3,85.0,-21.351686777986274,rad_pattern_15p3GHz.png
E,15.3,85.5,-21.500609294421643,rad_pattern_15p3GHz.png
E,15.3,86.0,-21.740118201225584,rad_pattern_15p3GHz.png
E,15.3,86.5,-21.77659242749285,rad_pattern_15p3GHz.png
E,15.3,87.0,-22.041148150925075,rad_pattern_15p3GHz.png
E,15.3,87.5,-22.04396037135797,rad_pattern_15p3GHz.png
E,15.3,88.0,-22.165738092088954,rad_pattern_15p3GHz.png
E,15.3,88.5,-22.165738092088954,rad_pattern_15p3GHz.png
E,15.3,89.0,-22.052777742957918,rad_pattern_15p3GHz.png
E,15.3,89.5,-22.05202698020493,rad_pattern_15p3GHz.png
E,15.3,90.0,-22.052777742957918,rad_pattern_15p3GHz.png
E,15.3,90.5,-22.023123808151183,rad_pattern_15p3GHz.png
E,15.3,91.0,-22.052777742957918,rad_pattern_15p3GHz.png
E,15.3,91.5,-22.28055415934626,rad_pattern_15p3GHz.png
E,15.3,92.0,-22.539599909915523,rad_pattern_15p3GHz.png
E,15.3,92.5,-22.797352648304162,rad_pattern_15p3GHz.png
E,15.3,93.0,-22.995312668463296,rad_pattern_15p3GHz.png
E,15.3,93.5,-23.107358874716574,rad_pattern_15p3GHz.png
E,15.3,94.0,-23.18573117896627,rad_pattern_15p3GHz.png
E,15.3,94.5,-23.18573117896627,rad_pattern_15p3GHz.png
E,15.3,95.0,-23.092034666958597,rad_pattern_15p3GHz.png
E,15.3,95.5,-23.06070921018679,rad_pattern_15p3GHz.png
E,15.3,96.0,-22.99179743426124,rad_pattern_15p3GHz.png
E,15.3,96.5,-22.838564104107505,rad_pattern_15p3GHz.png
E,15.3,97.0,-22.806574992757945,rad_pattern_15p3GHz.png
E,15.3,97.5,-22.806574992757945,rad_pattern_15p3GHz.png
E,15.3,98.0,-23.01343909020935,rad_pattern_15p3GHz.png
E,15.3,98.5,-23.180787461265034,rad_pattern_15p3GHz.png
E,15.3,99.0,-23.43350930389051,rad_pattern_15p3GHz.png
E,15.3,99.5,-23.599945085558854,rad_pattern_15p3GHz.png
E,15.3,100.0,-23.675605613288717,rad_pattern_15p3GHz.png
E,15.3,100.5,-23.86955941420771,rad_pattern_15p3GHz.png
E,15.3,101.0,-24.0115899260374,rad_pattern_15p3GHz.png
E,15.3,101.5,-24.0115899260374,rad_pattern_15p3GHz.png
E,15.3,102.0,-24.011264643280136,rad_pattern_15p3GHz.png
E,15.3,102.5,-23.8799421478868,rad_pattern_15p3GHz.png
E,15.3,103.0,-23.810847672386807,rad_pattern_15p3GHz.png
E,15.3,103.5,-23.728066080529462,rad_pattern_15p3GHz.png
E,15.3,104.0,-23.728066080529462,rad_pattern_15p3GHz.png
E,15.3,104.5,-23.798290632170843,rad_pattern_15p3GHz.png
E,15.3,105.0,-24.022186111298666,rad_pattern_15p3GHz.png
E,15.3,105.5,-24.202323968048674,rad_pattern_15p3GHz.png
E,15.3,106.0,-24.341395463786796,rad_pattern_15p3GHz.png
E,15.3,106.5,-24.61879540094451,rad_pattern_15p3GHz.png
E,15.3,107.0,-24.7847212257893,rad_pattern_15p3GHz.png
E,15.3,107.5,-25.022725235633505,rad_pattern_15p3GHz.png
E,15.3,108.0,-25.096980583954952,rad_pattern_15p3GHz.png
E,15.3,108.5,-25.096980583954952,rad_pattern_15p3GHz.png
E,15.3,109.0,-25.078186654875925,rad_pattern_15p3GHz.png
E,15.3,109.5,-24.949944135789977,rad_pattern_15p3GHz.png
E,15.3,110.0,-24.876110144516687,rad_pattern_15p3GHz.png
E,15.3,110.5,-24.81539593176334,rad_pattern_15p3GHz.png
E,15.3,111.0,-24.81539593176334,rad_pattern_15p3GHz.png
E,15.3,111.5,-25.051805829966128,rad_pattern_15p3GHz.png
E,15.3,112.0,-25.250415919518115,rad_pattern_15p3GHz.png
E,15.3,112.5,-25.421925068247226,rad_pattern_15p3GHz.png
E,15.3,113.0,-25.60844313188339,rad_pattern_15p3GHz.png
E,15.3,113.5,-25.8171036175942,rad_pattern_15p3GHz.png
E,15.3,114.0,-25.922898759868506,rad_pattern_15p3GHz.png
E,15.3,114.5,-26.13115842722128,rad_pattern_15p3GHz.png
E,15.3,115.0,-26.13115842722128,rad_pattern_15p3GHz.png
E,15.3,115.5,-25.900799348916713,rad_pattern_15p3GHz.png
E,15.3,116.0,-25.875738932847064,rad_pattern_15p3GHz.png
E,15.3,116.5,-25.8501469157308,rad_pattern_15p3GHz.png
E,15.3,117.0,-25.82403124965922,rad_pattern_15p3GHz.png
E,15.3,117.5,-25.707149130499175,rad_pattern_15p3GHz.png
E,15.3,118.0,-25.615539651800155,rad_pattern_15p3GHz.png
E,15.3,118.5,-25.615539651800155,rad_pattern_15p3GHz.png
E,15.3,119.0,-25.74262183211087,rad_pattern_15p3GHz.png
E,15.3,119.5,-25.89386235741834,rad_pattern_15p3GHz.png
E,15.3,120.0,-25.90809696489629,rad_pattern_15p3GHz.png
E,15.3,120.5,-26.072977692462306,rad_pattern_15p3GHz.png
E,15.3,121.0,-26.102832384778452,rad_pattern_15p3GHz.png
E,15.3,121.5,-26.102832384778452,rad_pattern_15p3GHz.png
E,15.3,122.0,-25.94361451082552,rad_pattern_15p3GHz.png
E,15.3,122.5,-25.69539708347701,rad_pattern_15p3GHz.png
E,15.3,123.0,-25.632873100390835,rad_pattern_15p3GHz.png
E,15.3,123.5,-25.60865421836973,rad_pattern_15p3GHz.png
E,15.3,124.0,-25.54466045841796,rad_pattern_15p3GHz.png
E,15.3,124.5,-25.535813787371524,rad_pattern_15p3GHz.png
E,15.3,125.0,-25.42201153275489,rad_pattern_15p3GHz.png
E,15.3,125.5,-25.42201153275489,rad_pattern_15p3GHz.png
E,15.3,126.0,-25.556196360062486,rad_pattern_15p3GHz.png
E,15.3,126.5,-25.724064049201115,rad_pattern_15p3GHz.png
E,15.3,127.0,-26.02496157155987,rad_pattern_15p3GHz.png
E,15.3,127.5,-26.19250113800624,rad_pattern_15p3GHz.png
E,15.3,128.0,-26.365063206722937,rad_pattern_15p3GHz.png
E,15.3,128.5,-26.636099592449973,rad_pattern_15p3GHz.png
E,15.3,129.0,-26.70368179412972,rad_pattern_15p3GHz.png
E,15.3,129.5,-26.70368179412972,rad_pattern_15p3GHz.png
E,15.3,130.0,-26.62966263333688,rad_pattern_15p3GHz.png
E,15.3,130.5,-26.626186295304237,rad_pattern_15p3GHz.png
E,15.3,131.0,-26.591975015793498,rad_pattern_15p3GHz.png
E,15.3,131.5,-26.556128447004596,rad_pattern_15p3GHz.png
E,15.3,132.0,-26.556128447004596,rad_pattern_15p3GHz.png
E,15.3,132.5,-26.598872453794982,rad_pattern_15p3GHz.png
E,15.3,133.0,-26.763837880565642,rad_pattern_15p3GHz.png
E,15.3,133.5,-26.8876381249525,rad_pattern_15p3GHz.png
E,15.3,134.0,-26.888459622743028,rad_pattern_15p3GHz.png
E,15.3,134.5,-26.888459622743028,rad_pattern_15p3GHz.png
E,15.3,135.0,-27.379430766895837,rad_pattern_15p3GHz.png
E,15.3,135.5,-27.50158669204512,rad_pattern_15p3GHz.png
E,15.3,136.0,-27.50158669204512,rad_pattern_15p3GHz.png
E,15.3,136.5,-27.500619467694733,rad_pattern_15p3GHz.png
E,15.3,137.0,-27.254081255887478,rad_pattern_15p3GHz.png
E,15.3,137.5,-27.067461214969107,rad_pattern_15p3GHz.png
E,15.3,138.0,-27.04811202529415,rad_pattern_15p3GHz.png
E,15.3,138.5,-27.043410798610307,rad_pattern_15p3GHz.png
E,15.3,139.0,-27.005160744977818,rad_pattern_15p3GHz.png
E,15.3,139.5,-26.999665672653958,rad_pattern_15p3GHz.png
E,15.3,140.0,-26.996289505721286,rad_pattern_15p3GHz.png
E,15.3,140.5,-26.99249130742837,rad_pattern_15p3GHz.png
E,15.3,141.0,-26.947634050544963,rad_pattern_15p3GHz.png
E,15.3,141.5,-26.821228303290482,rad_pattern_15p3GHz.png
E,15.3,142.0,-26.821228303290482,rad_pattern_15p3GHz.png
E,15.3,142.5,-26.897507633003443,rad_pattern_15p3GHz.png
E,15.3,143.0,-26.932656823591067,rad_pattern_15p3GHz.png
E,15.3,143.5,-27.001356739787898,rad_pattern_15p3GHz.png
E,15.3,144.0,-27.001356739787898,rad_pattern_15p3GHz.png
E,15.3,144.5,-26.954312044419982,rad_pattern_15p3GHz.png
E,15.3,145.0,-26.906988482813418,rad_pattern_15p3GHz.png
E,15.3,145.5,-26.875633296590877,rad_pattern_15p3GHz.png
E,15.3,146.0,-26.875633296590877,rad_pattern_15p3GHz.png
E,15.3,146.5,-27.05196274834136,rad_pattern_15p3GHz.png
E,15.3,147.0,-27.13196538858453,rad_pattern_15p3GHz.png
E,15.3,147.5,-27.29173779173679,rad_pattern_15p3GHz.png
E,15.3,148.0,-27.371497176136714,rad_pattern_15p3GHz.png
E,15.3,148.5,-27.570464160146763,rad_pattern_15p3GHz.png
E,15.3,149.0,-27.585408266484347,rad_pattern_15p3GHz.png
E,15.3,149.5,-27.600206523540436,rad_pattern_15p3GHz.png
E,15.3,150.0,-27.926823179350738,rad_pattern_15p3GHz.png
E,15.3,150.5,-27.926823179350738,rad_pattern_15p3GHz.png
E,15.3,151.0,-27.489032908491197,rad_pattern_15p3GHz.png
E,15.3,151.5,-27.179895415038096,rad_pattern_15p3GHz.png
E,15.3,152.0,-26.999666940746085,rad_pattern_15p3GHz.png
E,15.3,152.5,-26.999666940746085,rad_pattern_15p3GHz.png
E,15.3,153.0,-26.84555052734285,rad_pattern_15p3GHz.png
E,15.3,153.5,-27.026365666619874,rad_pattern_15p3GHz.png
E,15.3,154.0,-26.922371457725337,rad_pattern_15p3GHz.png
E,15.3,154.5,-27.02551530110444,rad_pattern_15p3GHz.png
E,15.3,155.0,-27.02551530110444,rad_pattern_15p3GHz.png
E,15.3,155.5,-27.09985576809697,rad_pattern_15p3GHz.png
E,15.3,156.0,-27.11441687026304,rad_pattern_15p3GHz.png
E,15.3,156.5,-27.26708008370648,rad_pattern_15p3GHz.png
E,15.3,157.0,-27.407573431912923,rad_pattern_15p3GHz.png
E,15.3,157.5,-27.54772396256277,rad_pattern_15p3GHz.png
E,15.3,158.0,-27.78939878941828,rad_pattern_15p3GHz.png
E,15.3,158.5,-27.805547638210818,rad_pattern_15p3GHz.png
E,15.3,159.0,-28.01981767064789,rad_pattern_15p3GHz.png
E,15.3,159.5,-28.148398696558417,rad_pattern_15p3GHz.png
E,15.3,160.0,-28.2769128610598,rad_pattern_15p3GHz.png
E,15.3,160.5,-28.286742376314894,rad_pattern_15p3GHz.png
E,15.3,161.0,-28.488406352741727,rad_pattern_15p3GHz.png
E,15.3,161.5,-28.735216398187337,rad_pattern_15p3GHz.png
E,15.3,162.0,-28.735216398187337,rad_pattern_15p3GHz.png
E,15.3,162.5,-28.835455309217696,rad_pattern_15p3GHz.png
E,15.3,163.0,-28.990656911866118,rad_pattern_15p3GHz.png
E,15.3,163.5,-28.990656911866118,rad_pattern_15p3GHz.png
E,15.3,164.0,-28.915575368929105,rad_pattern_15p3GHz.png
E,15.3,164.5,-28.915575368929105,rad_pattern_15p3GHz.png
E,15.3,165.0,-28.95109960049824,rad_pattern_15p3GHz.png
E,15.3,165.5,-28.95109960049824,rad_pattern_15p3GHz.png
E,15.3,166.0,-29.077590318729417,rad_pattern_15p3GHz.png
E,15.3,166.5,-29.028206756942467,rad_pattern_15p3GHz.png
E,15.3,167.0,-29.028206756942467,rad_pattern_15p3GHz.png
E,15.3,167.5,-28.971829840423865,rad_pattern_15p3GHz.png
E,15.3,168.0,-28.921320308790403,rad_pattern_15p3GHz.png
E,15.3,168.5,-28.864629318389106,rad_pattern_15p3GHz.png
E,15.3,169.0,-28.921320308790403,rad_pattern_15p3GHz.png
E,15.3,169.5,-28.932023412002838,rad_pattern_15p3GHz.png
E,15.3,170.0,-29.022360949960763,rad_pattern_15p3GHz.png
E,15.3,170.5,-29.022360949960763,rad_pattern_15p3GHz.png
E,15.3,171.0,-29.02690355583743,rad_pattern_15p3GHz.png
E,15.3,171.5,-29.02690355583743,rad_pattern_15p3GHz.png
E,15.3,172.0,-28.855259476306607,rad_pattern_15p3GHz.png
E,15.3,172.5,-27.112893933967314,rad_pattern_15p3GHz.png
E,15.3,173.0,-27.07686712320778,rad_pattern_15p3GHz.png
E,15.3,173.5,-26.975665241061897,rad_pattern_15p3GHz.png
E,15.3,174.0,-26.82577866803772,rad_pattern_15p3GHz.png
E,15.3,174.5,-26.837123034935765,rad_pattern_15p3GHz.png
E,15.3,175.0,-26.803084653580225,rad_pattern_15p3GHz.png
E,15.3,175.5,-26.837123034935765,rad_pattern_15p3GHz.png
E,15.3,176.0,-26.841588308875515,rad_pattern_15p3GHz.png
E,15.3,176.5,-26.84524532276914,rad_pattern_15p3GHz.png
E,15.3,177.0,-26.98954326213297,rad_pattern_15p3GHz.png
E,15.3,177.5,-26.992493330984214,rad_pattern_15p3GHz.png
E,15.3,178.0,-26.992493330984214,rad_pattern_15p3GHz.png
E,15.3,178.5,-27.25600043616897,rad_pattern_15p3GHz.png
E,15.3,179.0,-26.965707048376757,rad_pattern_15p3GHz.png
E,15.3,179.5,-27.25600043616897,rad_pattern_15p3GHz.png
E,15.3,180.0,-26.706826674642958,rad_pattern_15p3GHz.png
E,15.3,180.5,-27.516128912087318,rad_pattern_15p3GHz.png
E,15.3,181.0,-27.516128912087318,rad_pattern_15p3GHz.png
E,15.3,181.5,-27.803563368711977,rad_pattern_15p3GHz.png
E,15.3,182.0,-28.179066561824243,rad_pattern_15p3GHz.png
E,15.3,182.5,-27.803563368711977,rad_pattern_15p3GHz.png
E,15.3,183.0,-27.916360649851406,rad_pattern_15p3GHz.png
E,15.3,183.5,-27.685455036510447,rad_pattern_15p3GHz.png
E,15.3,184.0,-27.653044599938017,rad_pattern_15p3GHz.png
E,15.3,184.5,-27.590897829362806,rad_pattern_15p3GHz.png
E,15.3,185.0,-27.590897829362806,rad_pattern_15p3GHz.png
E,15.3,185.5,-27.642941376301476,rad_pattern_15p3GHz.png
E,15.3,186.0,-27.642941376301476,rad_pattern_15p3GHz.png
E,15.3,186.5,-27.639769030524576,rad_pattern_15p3GHz.png
E,15.3,187.0,-27.639769030524576,rad_pattern_15p3GHz.png
E,15.3,187.5,-27.68609117842435,rad_pattern_15p3GHz.png
E,15.3,188.0,-27.779800838910372,rad_pattern_15p3GHz.png
E,15.3,188.5,-27.88627535441254,rad_pattern_15p3GHz.png
E,15.3,189.0,-28.00053235627288,rad_pattern_15p3GHz.png
E,15.3,189.5,-28.00053235627288,rad_pattern_15p3GHz.png
E,15.3,190.0,-28.11467846714192,rad_pattern_15p3GHz.png
E,15.3,190.5,-28.133110536943434,rad_pattern_15p3GHz.png
E,15.3,191.0,-28.133110536943434,rad_pattern_15p3GHz.png
E,15.3,191.5,-28.218304452840876,rad_pattern_15p3GHz.png
E,15.3,192.0,-28.47322733594597,rad_pattern_15p3GHz.png
E,15.3,192.5,-28.557961769767942,rad_pattern_15p3GHz.png
E,15.3,193.0,-28.67069852775917,rad_pattern_15p3GHz.png
E,15.3,193.5,-28.93036094646364,rad_pattern_15p3GHz.png
E,15.3,194.0,-29.133569791850707,rad_pattern_15p3GHz.png
E,15.3,194.5,-29.133569791850707,rad_pattern_15p3GHz.png
E,15.3,195.0,-29.133569791850707,rad_pattern_15p3GHz.png
E,15.3,195.5,-29.181640862975076,rad_pattern_15p3GHz.png
E,15.3,196.0,-29.181640862975076,rad_pattern_15p3GHz.png
E,15.3,196.5,-29.30075161328468,rad_pattern_15p3GHz.png
E,15.3,197.0,-29.320040348068748,rad_pattern_15p3GHz.png
E,15.3,197.5,-29.35618277711668,rad_pattern_15p3GHz.png
E,15.3,198.0,-29.320040348068748,rad_pattern_15p3GHz.png
E,15.3,198.5,-29.55791158927945,rad_pattern_15p3GHz.png
E,15.3,199.0,-29.484555668294032,rad_pattern_15p3GHz.png
E,15.3,199.5,-29.603144338534236,rad_pattern_15p3GHz.png
E,15.3,200.0,-29.603144338534236,rad_pattern_15p3GHz.png
E,15.3,200.5,-29.630283247717518,rad_pattern_15p3GHz.png
E,15.3,201.0,-29.630283247717518,rad_pattern_15p3GHz.png
E,15.3,201.5,-28.116880189511633,rad_pattern_15p3GHz.png
E,15.3,202.0,-28.105871016353117,rad_pattern_15p3GHz.png
E,15.3,202.5,-28.105871016353117,rad_pattern_15p3GHz.png
E,15.3,203.0,-28.056588488168934,rad_pattern_15p3GHz.png
E,15.3,203.5,-28.056588488168934,rad_pattern_15p3GHz.png
E,15.3,204.0,-28.109513267661107,rad_pattern_15p3GHz.png
E,15.3,204.5,-28.109513267661107,rad_pattern_15p3GHz.png
E,15.3,205.0,-28.16224423535833,rad_pattern_15p3GHz.png
E,15.3,205.5,-28.267079163905503,rad_pattern_15p3GHz.png
E,15.3,206.0,-28.267079163905503,rad_pattern_15p3GHz.png
E,15.3,206.5,-28.073662296562205,rad_pattern_15p3GHz.png
E,15.3,207.0,-28.073662296562205,rad_pattern_15p3GHz.png
E,15.3,207.5,-28.25439897703206,rad_pattern_15p3GHz.png
E,15.3,208.0,-28.305599182700018,rad_pattern_15p3GHz.png
E,15.3,208.5,-28.42112062108196,rad_pattern_15p3GHz.png
E,15.3,209.0,-28.511015319228154,rad_pattern_15p3GHz.png
E,15.3,209.5,-28.53628410562902,rad_pattern_15p3GHz.png
E,15.3,210.0,-28.586521445638795,rad_pattern_15p3GHz.png
E,15.3,210.5,-28.76532094048532,rad_pattern_15p3GHz.png
E,15.3,211.0,-28.76532094048532,rad_pattern_15p3GHz.png
E,15.3,211.5,-28.477606345246592,rad_pattern_15p3GHz.png
E,15.3,212.0,-27.68401447680082,rad_pattern_15p3GHz.png
E,15.3,212.5,-27.500135918934305,rad_pattern_15p3GHz.png
E,15.3,213.0,-27.500135918934305,rad_pattern_15p3GHz.png
E,15.3,213.5,-27.340398971613695,rad_pattern_15p3GHz.png
E,15.3,214.0,-27.484697917800254,rad_pattern_15p3GHz.png
E,15.3,214.5,-27.451641111425115,rad_pattern_15p3GHz.png
E,15.3,215.0,-27.484697917800254,rad_pattern_15p3GHz.png
E,15.3,215.5,-27.51550735341988,rad_pattern_15p3GHz.png
E,15.3,216.0,-27.51550735341988,rad_pattern_15p3GHz.png
E,15.3,216.5,-27.55127874685981,rad_pattern_15p3GHz.png
E,15.3,217.0,-27.55127874685981,rad_pattern_15p3GHz.png
E,15.3,217.5,-27.678305759166744,rad_pattern_15p3GHz.png
E,15.3,218.0,-27.764580942350342,rad_pattern_15p3GHz.png
E,15.3,218.5,-27.972398000969864,rad_pattern_15p3GHz.png
E,15.3,219.0,-27.976878676294138,rad_pattern_15p3GHz.png
E,15.3,219.5,-28.18433398093596,rad_pattern_15p3GHz.png
E,15.3,220.0,-28.310171909573477,rad_pattern_15p3GHz.png
E,15.3,220.5,-28.394890290672866,rad_pattern_15p3GHz.png
E,15.3,221.0,-28.517197611508564,rad_pattern_15p3GHz.png
E,15.3,221.5,-28.394890290672866,rad_pattern_15p3GHz.png
E,15.3,222.0,-28.15256695902096,rad_pattern_15p3GHz.png
E,15.3,222.5,-28.072648003305567,rad_pattern_15p3GHz.png
E,15.3,223.0,-28.072648003305567,rad_pattern_15p3GHz.png
E,15.3,223.5,-28.072648003305567,rad_pattern_15p3GHz.png
E,15.3,224.0,-28.033507426170342,rad_pattern_15p3GHz.png
E,15.3,224.5,-27.705955590376814,rad_pattern_15p3GHz.png
E,15.3,225.0,-28.033507426170342,rad_pattern_15p3GHz.png
E,15.3,225.5,-27.583334794750073,rad_pattern_15p3GHz.png
E,15.3,226.0,-28.033507440152118,rad_pattern_15p3GHz.png
E,15.3,226.5,-27.909222465669966,rad_pattern_15p3GHz.png
E,15.3,227.0,-27.909222465669966,rad_pattern_15p3GHz.png
E,15.3,227.5,-27.8452891562511,rad_pattern_15p3GHz.png
E,15.3,228.0,-27.8452891562511,rad_pattern_15p3GHz.png
E,15.3,228.5,-27.8452891562511,rad_pattern_15p3GHz.png
E,15.3,229.0,-27.839910147163053,rad_pattern_15p3GHz.png
E,15.3,229.5,-27.839910147163053,rad_pattern_15p3GHz.png
E,15.3,230.0,-28.125112583105278,rad_pattern_15p3GHz.png
E,15.3,230.5,-28.14363899558873,rad_pattern_15p3GHz.png
E,15.3,231.0,-28.243272496488082,rad_pattern_15p3GHz.png
E,15.3,231.5,-28.26136201519582,rad_pattern_15p3GHz.png
E,15.3,232.0,-28.464333649268532,rad_pattern_15p3GHz.png
E,15.3,232.5,-28.464333649268532,rad_pattern_15p3GHz.png
E,15.3,233.0,-28.45896829658664,rad_pattern_15p3GHz.png
E,15.3,233.5,-27.79403693100472,rad_pattern_15p3GHz.png
E,15.3,234.0,-27.70697765310002,rad_pattern_15p3GHz.png
E,15.3,234.5,-27.57936698680414,rad_pattern_15p3GHz.png
E,15.3,235.0,-27.53218928465543,rad_pattern_15p3GHz.png
E,15.3,235.5,-27.44449602111264,rad_pattern_15p3GHz.png
E,15.3,236.0,-27.43688185811361,rad_pattern_15p3GHz.png
E,15.3,236.5,-27.43688185811361,rad_pattern_15p3GHz.png
E,15.3,237.0,-27.46023449409509,rad_pattern_15p3GHz.png
E,15.3,237.5,-27.490961311578456,rad_pattern_15p3GHz.png
E,15.3,238.0,-27.490961311578456,rad_pattern_15p3GHz.png
E,15.3,238.5,-28.03636755336289,rad_pattern_15p3GHz.png
E,15.3,239.0,-28.15553211460773,rad_pattern_15p3GHz.png
E,15.3,239.5,-28.15553211460773,rad_pattern_15p3GHz.png
E,15.3,240.0,-27.317249066139453,rad_pattern_15p3GHz.png
E,15.3,240.5,-26.2086684594522,rad_pattern_15p3GHz.png
E,15.3,241.0,-26.180591937340512,rad_pattern_15p3GHz.png
E,15.3,241.5,-26.055896864024728,rad_pattern_15p3GHz.png
E,15.3,242.0,-26.055896864024728,rad_pattern_15p3GHz.png
E,15.3,242.5,-26.12145416771916,rad_pattern_15p3GHz.png
E,15.3,243.0,-26.26318859781689,rad_pattern_15p3GHz.png
E,15.3,243.5,-26.263544694467157,rad_pattern_15p3GHz.png
E,15.3,244.0,-26.379262746222963,rad_pattern_15p3GHz.png
E,15.3,244.5,-26.379262746222963,rad_pattern_15p3GHz.png
E,15.3,245.0,-26.520838189298008,rad_pattern_15p3GHz.png
E,15.3,245.5,-26.520838189298008,rad_pattern_15p3GHz.png
E,15.3,246.0,-26.465904784588496,rad_pattern_15p3GHz.png
E,15.3,246.5,-26.386485409779155,rad_pattern_15p3GHz.png
E,15.3,247.0,-26.22690614035865,rad_pattern_15p3GHz.png
E,15.3,247.5,-26.222063134148616,rad_pattern_15p3GHz.png
E,15.3,248.0,-26.222063134148616,rad_pattern_15p3GHz.png
E,15.3,248.5,-26.141461433509896,rad_pattern_15p3GHz.png
E,15.3,249.0,-26.033684628704513,rad_pattern_15p3GHz.png
E,15.3,249.5,-25.82403124965922,rad_pattern_15p3GHz.png
E,15.3,250.0,-25.66151718634457,rad_pattern_15p3GHz.png
E,15.3,250.5,-25.589697680074387,rad_pattern_15p3GHz.png
E,15.3,251.0,-25.489985343458642,rad_pattern_15p3GHz.png
E,15.3,251.5,-25.252408087021568,rad_pattern_15p3GHz.png
E,15.3,252.0,-25.18810166149946,rad_pattern_15p3GHz.png
E,15.3,252.5,-25.10546534255459,rad_pattern_15p3GHz.png
E,15.3,253.0,-24.88456194882725,rad_pattern_15p3GHz.png
E,15.3,253.5,-24.837447452097678,rad_pattern_15p3GHz.png
E,15.3,254.0,-24.57962607419008,rad_pattern_15p3GHz.png
E,15.3,254.5,-24.38492436111533,rad_pattern_15p3GHz.png
E,15.3,255.0,-24.260540805555447,rad_pattern_15p3GHz.png
E,15.3,255.5,-24.260540805555447,rad_pattern_15p3GHz.png
E,15.3,256.0,-24.30260326352864,rad_pattern_15p3GHz.png
E,15.3,256.5,-24.317120169375762,rad_pattern_15p3GHz.png
E,15.3,257.0,-24.30260326352864,rad_pattern_15p3GHz.png
E,15.3,257.5,-24.174669533482295,rad_pattern_15p3GHz.png
E,15.3,258.0,-24.033522678326037,rad_pattern_15p3GHz.png
E,15.3,258.5,-23.875754278656714,rad_pattern_15p3GHz.png
E,15.3,259.0,-23.773585634453696,rad_pattern_15p3GHz.png
E,15.3,259.5,-23.613663571336872,rad_pattern_15p3GHz.png
E,15.3,260.0,-23.38595477373273,rad_pattern_15p3GHz.png
E,15.3,260.5,-23.27202093509522,rad_pattern_15p3GHz.png
E,15.3,261.0,-23.185086012811738,rad_pattern_15p3GHz.png
E,15.3,261.5,-23.185086012811738,rad_pattern_15p3GHz.png
E,15.3,262.0,-23.279145629013083,rad_pattern_15p3GHz.png
E,15.3,262.5,-23.37668977687339,rad_pattern_15p3GHz.png
E,15.3,263.0,-23.37668977687339,rad_pattern_15p3GHz.png
E,15.3,263.5,-23.275937253157775,rad_pattern_15p3GHz.png
E,15.3,264.0,-23.138495752462795,rad_pattern_15p3GHz.png
E,15.3,264.5,-23.000405490013957,rad_pattern_15p3GHz.png
E,15.3,265.0,-22.887979848728605,rad_pattern_15p3GHz.png
E,15.3,265.5,-22.724554002722982,rad_pattern_15p3GHz.png
E,15.3,266.0,-22.58239454906552,rad_pattern_15p3GHz.png
E,15.3,266.5,-22.382474280185864,rad_pattern_15p3GHz.png
E,15.3,267.0,-22.33407675722912,rad_pattern_15p3GHz.png
E,15.3,267.5,-22.33407675722912,rad_pattern_15p3GHz.png
E,15.3,268.0,-22.39612928268103,rad_pattern_15p3GHz.png
E,15.3,268.5,-22.45470259521507,rad_pattern_15p3GHz.png
E,15.3,269.0,-22.515265894454757,rad_pattern_15p3GHz.png
E,15.3,269.5,-22.515265894454757,rad_pattern_15p3GHz.png
E,15.3,270.0,-22.342221130722173,rad_pattern_15p3GHz.png
E,15.3,270.5,-22.19730554812958,rad_pattern_15p3GHz.png
E,15.3,271.0,-21.906955129487294,rad_pattern_15p3GHz.png
E,15.3,271.5,-21.87603066092887,rad_pattern_15p3GHz.png
E,15.3,272.0,-21.55533228633707,rad_pattern_15p3GHz.png
E,15.3,272.5,-21.495260701026886,rad_pattern_15p3GHz.png
E,15.3,273.0,-21.346859882045454,rad_pattern_15p3GHz.png
E,15.3,273.5,-21.341991779813593,rad_pattern_15p3GHz.png
E,15.3,274.0,-21.341991779813593,rad_pattern_15p3GHz.png
E,15.3,274.5,-21.442991459051765,rad_pattern_15p3GHz.png
E,15.3,275.0,-21.519140375759378,rad_pattern_15p3GHz.png
E,15.3,275.5,-21.536200645062223,rad_pattern_15p3GHz.png
E,15.3,276.0,-21.519140375759378,rad_pattern_15p3GHz.png
E,15.3,276.5,-21.408272594513832,rad_pattern_15p3GHz.png
E,15.3,277.0,-21.286528433099306,rad_pattern_15p3GHz.png
E,15.3,277.5,-21.107242245278563,rad_pattern_15p3GHz.png
E,15.3,278.0,-20.944787249589687,rad_pattern_15p3GHz.png
E,15.3,278.5,-20.756593300760745,rad_pattern_15p3GHz.png
E,15.3,279.0,-20.591675421567572,rad_pattern_15p3GHz.png
E,15.3,279.5,-20.411207333548063,rad_pattern_15p3GHz.png
E,15.3,280.0,-20.32990477393953,rad_pattern_15p3GHz.png
E,15.3,280.5,-20.252340593451432,rad_pattern_15p3GHz.png
E,15.3,281.0,-20.24744612128291,rad_pattern_15p3GHz.png
E,15.3,281.5,-20.247032246045265,rad_pattern_15p3GHz.png
E,15.3,282.0,-20.195505207642853,rad_pattern_15p3GHz.png
E,15.3,282.5,-20.086050100246354,rad_pattern_15p3GHz.png
E,15.3,283.0,-19.975819564111262,rad_pattern_15p3GHz.png
E,15.3,283.5,-19.864763996934816,rad_pattern_15p3GHz.png
E,15.3,284.0,-19.68991042619934,rad_pattern_15p3GHz.png
E,15.3,284.5,-19.458022310896133,rad_pattern_15p3GHz.png
E,15.3,285.0,-19.24037818658742,rad_pattern_15p3GHz.png
E,15.3,285.5,-19.048051444367125,rad_pattern_15p3GHz.png
E,15.3,286.0,-18.861790528161293,rad_pattern_15p3GHz.png
E,15.3,286.5,-18.671086253688763,rad_pattern_15p3GHz.png
E,15.3,287.0,-18.529961603344766,rad_pattern_15p3GHz.png
E,15.3,287.5,-18.40423154509702,rad_pattern_15p3GHz.png
E,15.3,288.0,-18.295922821992836,rad_pattern_15p3GHz.png
E,15.3,288.5,-18.14971704944518,rad_pattern_15p3GHz.png
E,15.3,289.0,-18.057787167718594,rad_pattern_15p3GHz.png
E,15.3,289.5,-17.94593944468302,rad_pattern_15p3GHz.png
E,15.3,290.0,-17.733801815175795,rad_pattern_15p3GHz.png
E,15.3,290.5,-17.592438920612878,rad_pattern_15p3GHz.png
E,15.3,291.0,-17.368838195319316,rad_pattern_15p3GHz.png
E,15.3,291.5,-17.13384916412348,rad_pattern_15p3GHz.png
E,15.3,292.0,-16.871144814107467,rad_pattern_15p3GHz.png
E,15.3,292.5,-16.665363337469053,rad_pattern_15p3GHz.png
E,15.3,293.0,-16.422732283003803,rad_pattern_15p3GHz.png
E,15.3,293.5,-16.221681651948963,rad_pattern_15p3GHz.png
E,15.3,294.0,-15.987511452484775,rad_pattern_15p3GHz.png
E,15.3,294.5,-15.846391698320275,rad_pattern_15p3GHz.png
E,15.3,295.0,-15.68477585058504,rad_pattern_15p3GHz.png
E,15.3,295.5,-15.558032050889246,rad_pattern_15p3GHz.png
E,15.3,296.0,-15.42947046755135,rad_pattern_15p3GHz.png
E,15.3,296.5,-15.352809788714069,rad_pattern_15p3GHz.png
E,15.3,297.0,-15.262094027002153,rad_pattern_15p3GHz.png
E,15.3,297.5,-15.157077786695288,rad_pattern_15p3GHz.png
E,15.3,298.0,-15.076364055997262,rad_pattern_15p3GHz.png
E,15.3,298.5,-14.994173837412585,rad_pattern_15p3GHz.png
E,15.3,299.0,-14.938571294202724,rad_pattern_15p3GHz.png
E,15.3,299.5,-14.839651151394062,rad_pattern_15p3GHz.png
E,15.3,300.0,-14.778535395798365,rad_pattern_15p3GHz.png
E,15.3,300.5,-14.744946011703519,rad_pattern_15p3GHz.png
E,15.3,301.0,-14.744946011703519,rad_pattern_15p3GHz.png
E,15.3,301.5,-14.749739701195683,rad_pattern_15p3GHz.png
E,15.3,302.0,-14.787111754029446,rad_pattern_15p3GHz.png
E,15.3,302.5,-14.871568293440664,rad_pattern_15p3GHz.png
E,15.3,303.0,-14.952927458454571,rad_pattern_15p3GHz.png
E,15.3,303.5,-15.050123954079124,rad_pattern_15p3GHz.png
E,15.3,304.0,-15.178401489805552,rad_pattern_15p3GHz.png
E,15.3,304.5,-15.321307991902508,rad_pattern_15p3GHz.png
E,15.3,305.0,-15.454570817127347,rad_pattern_15p3GHz.png
E,15.3,305.5,-15.55597008951963,rad_pattern_15p3GHz.png
E,15.3,306.0,-15.650015945074397,rad_pattern_15p3GHz.png
E,15.3,306.5,-15.650015945074397,rad_pattern_15p3GHz.png
E,15.3,307.0,-15.618494294433184,rad_pattern_15p3GHz.png
E,15.3,307.5,-15.47835894851525,rad_pattern_15p3GHz.png
E,15.3,308.0,-15.280734515873933,rad_pattern_15p3GHz.png
E,15.3,308.5,-15.051753248203914,rad_pattern_15p3GHz.png
E,15.3,309.0,-14.740152499204271,rad_pattern_15p3GHz.png
E,15.3,309.5,-14.40467615018147,rad_pattern_15p3GHz.png
E,15.3,310.0,-13.993675787948536,rad_pattern_15p3GHz.png
E,15.3,310.5,-13.555011267245817,rad_pattern_15p3GHz.png
E,15.3,311.0,-13.150162965475463,rad_pattern_15p3GHz.png
E,15.3,311.5,-12.747753149398122,rad_pattern_15p3GHz.png
E,15.3,312.0,-12.41154982368765,rad_pattern_15p3GHz.png
E,15.3,312.5,-11.987962056393357,rad_pattern_15p3GHz.png
E,15.3,313.0,-11.630064363134988,rad_pattern_15p3GHz.png
E,15.3,313.5,-11.326557378405141,rad_pattern_15p3GHz.png
E,15.3,314.0,-11.025474213330085,rad_pattern_15p3GHz.png
E,15.3,314.5,-10.781703107116822,rad_pattern_15p3GHz.png
E,15.3,315.0,-10.53650440586566,rad_pattern_15p3GHz.png
E,15.3,315.5,-10.330563548724765,rad_pattern_15p3GHz.png
E,15.3,316.0,-10.144968632081575,rad_pattern_15p3GHz.png
E,15.3,316.5,-9.997923053211416,rad_pattern_15p3GHz.png
E,15.3,317.0,-9.871756655098412,rad_pattern_15p3GHz.png
E,15.3,317.5,-9.779025729887387,rad_pattern_15p3GHz.png
E,15.3,318.0,-9.730115549771014,rad_pattern_15p3GHz.png
E,15.3,318.5,-9.663807566212668,rad_pattern_15p3GHz.png
E,15.3,319.0,-9.65141007133823,rad_pattern_15p3GHz.png
E,15.3,319.5,-9.663807566212668,rad_pattern_15p3GHz.png
E,15.3,320.0,-9.719213692910476,rad_pattern_15p3GHz.png
E,15.3,320.5,-9.781669923236134,rad_pattern_15p3GHz.png
E,15.3,321.0,-9.891343875891554,rad_pattern_15p3GHz.png
E,15.3,321.5,-10.040826775317328,rad_pattern_15p3GHz.png
E,15.3,322.0,-10.184506085669067,rad_pattern_15p3GHz.png
E,15.3,322.5,-10.326593695687848,rad_pattern_15p3GHz.png
E,15.3,323.0,-10.467056491647032,rad_pattern_15p3GHz.png
E,15.3,323.5,-10.59379257857628,rad_pattern_15p3GHz.png
E,15.3,324.0,-10.73656700339778,rad_pattern_15p3GHz.png
E,15.3,324.5,-10.746612994361918,rad_pattern_15p3GHz.png
E,15.3,325.0,-10.746612994361918,rad_pattern_15p3GHz.png
E,15.3,325.5,-10.639025183925767,rad_pattern_15p3GHz.png
E,15.3,326.0,-10.423058650299915,rad_pattern_15p3GHz.png
E,15.3,326.5,-10.15938054488345,rad_pattern_15p3GHz.png
E,15.3,327.0,-9.853416675831813,rad_pattern_15p3GHz.png
E,15.3,327.5,-9.49755372414008,rad_pattern_15p3GHz.png
E,15.3,328.0,-9.115410018681487,rad_pattern_15p3GHz.png
E,15.3,328.5,-8.710559888417311,rad_pattern_15p3GHz.png
E,15.3,329.0,-8.295756831533975,rad_pattern_15p3GHz.png
E,15.3,329.5,-7.908995634183071,rad_pattern_15p3GHz.png
E,15.3,330.0,-7.553706971625033,rad_pattern_15p3GHz.png
E,15.3,330.5,-7.241966102088352,rad_pattern_15p3GHz.png
E,15.3,331.0,-6.939454551769238,rad_pattern_15p3GHz.png
E,15.3,331.5,-6.665736679779595,rad_pattern_15p3GHz.png
E,15.3,332.0,-6.450214346407741,rad_pattern_15p3GHz.png
E,15.3,332.5,-6.261727595846185,rad_pattern_15p3GHz.png
E,15.3,333.0,-6.095908263910378,rad_pattern_15p3GHz.png
E,15.3,333.5,-5.980046087418483,rad_pattern_15p3GHz.png
E,15.3,334.0,-5.87494791795212,rad_pattern_15p3GHz.png
E,15.3,334.5,-5.782071516331186,rad_pattern_15p3GHz.png
E,15.3,335.0,-5.737729231784613,rad_pattern_15p3GHz.png
E,15.3,335.5,-5.640603162808279,rad_pattern_15p3GHz.png
E,15.3,336.0,-5.594662771307231,rad_pattern_15p3GHz.png
E,15.3,336.5,-5.52911593051326,rad_pattern_15p3GHz.png
E,15.3,337.0,-5.415402599523322,rad_pattern_15p3GHz.png
E,15.3,337.5,-5.300499614506229,rad_pattern_15p3GHz.png
E,15.3,338.0,-5.163810037014098,rad_pattern_15p3GHz.png
E,15.3,338.5,-4.986140674370649,rad_pattern_15p3GHz.png
E,15.3,339.0,-4.775376826077029,rad_pattern_15p3GHz.png
E,15.3,339.5,-4.546450961651512,rad_pattern_15p3GHz.png
E,15.3,340.0,-4.254197832568785,rad_pattern_15p3GHz.png
E,15.3,340.5,-3.958915931468713,rad_pattern_15p3GHz.png
E,15.3,341.0,-3.65036125843287,rad_pattern_15p3GHz.png
E,15.3,341.5,-3.3409573804628856,rad_pattern_15p3GHz.png
E,15.3,342.0,-3.0203527521100604,rad_pattern_15p3GHz.png
E,15.3,342.5,-2.7254271221132242,rad_pattern_15p3GHz.png
E,15.3,343.0,-2.432524222879426,rad_pattern_15p3GHz.png
E,15.3,343.5,-2.1555659815787784,rad_pattern_15p3GHz.png
E,15.3,344.0,-1.8988400559358638,rad_pattern_15p3GHz.png
E,15.3,344.5,-1.6758227755207926,rad_pattern_15p3GHz.png
E,15.3,345.0,-1.4632159253416432,rad_pattern_15p3GHz.png
E,15.3,345.5,-1.292442631391495,rad_pattern_15p3GHz.png
E,15.3,346.0,-1.1527709457314295,rad_pattern_15p3GHz.png
E,15.3,346.5,-1.0473966434808197,rad_pattern_15p3GHz.png
E,15.3,347.0,-0.9784411698047428,rad_pattern_15p3GHz.png
E,15.3,347.5,-0.9223823635205655,rad_pattern_15p3GHz.png
E,15.3,348.0,-0.9223823635205655,rad_pattern_15p3GHz.png
E,15.3,348.5,-0.9144819386520666,rad_pattern_15p3GHz.png
E,15.3,349.0,-0.9266950956002091,rad_pattern_15p3GHz.png
E,15.3,349.5,-0.9712776947973865,rad_pattern_15p3GHz.png
E,15.3,350.0,-1.059273208049877,rad_pattern_15p3GHz.png
E,15.3,350.5,-1.1073849216473874,rad_pattern_15p3GHz.png
E,15.3,351.0,-1.2099088260948,rad_pattern_15p3GHz.png
E,15.3,351.5,-1.2930619624544768,rad_pattern_15p3GHz.png
E,15.3,352.0,-1.3381957234250237,rad_pattern_15p3GHz.png
E,15.3,352.5,-1.4507823287541406,rad_pattern_15p3GHz.png
E,15.3,353.0,-1.4656244636045592,rad_pattern_15p3GHz.png
E,15.3,353.5,-1.5228023047742596,rad_pattern_15p3GHz.png
E,15.3,354.0,-1.5332229871485374,rad_pattern_15p3GHz.png
E,15.3,354.5,-1.5708767210795074,rad_pattern_15p3GHz.png
E,15.3,355.0,-1.5756543603007032,rad_pattern_15p3GHz.png
E,15.3,355.5,-1.5708767210795074,rad_pattern_15p3GHz.png
E,15.3,356.0,-1.5521148835965484,rad_pattern_15p3GHz.png
E,15.3,356.5,-1.5322087005427178,rad_pattern_15p3GHz.png
E,15.3,357.0,-1.525442510676811,rad_pattern_15p3GHz.png
E,15.3,357.5,-1.510635985627502,rad_pattern_15p3GHz.png
E,15.3,358.0,-1.4867127275199934,rad_pattern_15p3GHz.png
E,15.3,358.5,-1.496241482638787,rad_pattern_15p3GHz.png
E,15.3,359.0,-1.496241482638787,rad_pattern_15p3GHz.png
E,15.3,359.5,-1.4994467854978772,rad_pattern_15p3GHz.png
E,16.3,0.0,-2.2890140394314606,rad_pattern_16p3GHz.png
E,16.3,0.5,-2.2600800750173597,rad_pattern_16p3GHz.png
E,16.3,1.0,-2.199741234111233,rad_pattern_16p3GHz.png
E,16.3,1.5,-2.1358474807450847,rad_pattern_16p3GHz.png
E,16.3,2.0,-2.0408590683755854,rad_pattern_16p3GHz.png
E,16.3,2.5,-1.8902104057190101,rad_pattern_16p3GHz.png
E,16.3,3.0,-1.7554483917034887,rad_pattern_16p3GHz.png
E,16.3,3.5,-1.570633430299928,rad_pattern_16p3GHz.png
E,16.3,4.0,-1.3864929985694658,rad_pattern_16p3GHz.png
E,16.3,4.5,-1.1862301103246082,rad_pattern_16p3GHz.png
E,16.3,5.0,-0.9628476118373541,rad_pattern_16p3GHz.png
E,16.3,5.5,-0.7871711344129366,rad_pattern_16p3GHz.png
E,16.3,6.0,-0.6001591341097878,rad_pattern_16p3GHz.png
E,16.3,6.5,-0.4447208688633033,rad_pattern_16p3GHz.png
E,16.3,7.0,-0.2921953693037267,rad_pattern_16p3GHz.png
E,16.3,7.5,-0.15935124459907257,rad_pattern_16p3GHz.png
E,16.3,8.0,-0.055909275441319295,rad_pattern_16p3GHz.png
E,16.3,8.5,-0.013954696732881189,rad_pattern_16p3GHz.png
E,16.3,9.0,0.0,rad_pattern_16p3GHz.png
E,16.3,9.5,-0.013954696732881189,rad_pattern_16p3GHz.png
E,16.3,10.0,-0.08533599049867391,rad_pattern_16p3GHz.png
E,16.3,10.5,-0.16385424276765903,rad_pattern_16p3GHz.png
E,16.3,11.0,-0.3179228750474792,rad_pattern_16p3GHz.png
E,16.3,11.5,-0.5113503442514755,rad_pattern_16p3GHz.png
E,16.3,12.0,-0.7360737847852334,rad_pattern_16p3GHz.png
E,16.3,12.5,-1.000519835106644,rad_pattern_16p3GHz.png
E,16.3,13.0,-1.312768848579502,rad_pattern_16p3GHz.png
E,16.3,13.5,-1.6438382498795008,rad_pattern_16p3GHz.png
E,16.3,14.0,-2.010329792324839,rad_pattern_16p3GHz.png
E,16.3,14.5,-2.4086910860565247,rad_pattern_16p3GHz.png
E,16.3,15.0,-2.820820950800943,rad_pattern_16p3GHz.png
E,16.3,15.5,-3.2140750521602754,rad_pattern_16p3GHz.png
E,16.3,16.0,-3.6036948030500184,rad_pattern_16p3GHz.png
E,16.3,16.5,-3.9529066341520114,rad_pattern_16p3GHz.png
E,16.3,17.0,-4.291275529482306,rad_pattern_16p3GHz.png
E,16.3,17.5,-4.588778512503193,rad_pattern_16p3GHz.png
E,16.3,18.0,-4.8128805536015555,rad_pattern_16p3GHz.png
E,16.3,18.5,-4.995510588943819,rad_pattern_16p3GHz.png
E,16.3,19.0,-5.103264968367025,rad_pattern_16p3GHz.png
E,16.3,19.5,-5.154688437157269,rad_pattern_16p3GHz.png
E,16.3,20.0,-5.164596789521742,rad_pattern_16p3GHz.png
E,16.3,20.5,-5.164596789521742,rad_pattern_16p3GHz.png
E,16.3,21.0,-5.129060934726638,rad_pattern_16p3GHz.png
E,16.3,21.5,-5.103039286655402,rad_pattern_16p3GHz.png
E,16.3,22.0,-5.086727714163075,rad_pattern_16p3GHz.png
E,16.3,22.5,-5.086727714163075,rad_pattern_16p3GHz.png
E,16.3,23.0,-5.086792601977759,rad_pattern_16p3GHz.png
E,16.3,23.5,-5.14756738928779,rad_pattern_16p3GHz.png
E,16.3,24.0,-5.240102936663995,rad_pattern_16p3GHz.png
E,16.3,24.5,-5.36510494668774,rad_pattern_16p3GHz.png
E,16.3,25.0,-5.539111456496567,rad_pattern_16p3GHz.png
E,16.3,25.5,-5.728055404054491,rad_pattern_16p3GHz.png
E,16.3,26.0,-6.001467720032753,rad_pattern_16p3GHz.png
E,16.3,26.5,-6.2741113359528775,rad_pattern_16p3GHz.png
E,16.3,27.0,-6.6097333012023896,rad_pattern_16p3GHz.png
E,16.3,27.5,-6.994344229980943,rad_pattern_16p3GHz.png
E,16.3,28.0,-7.365641618510338,rad_pattern_16p3GHz.png
E,16.3,28.5,-7.761588360355617,rad_pattern_16p3GHz.png
E,16.3,29.0,-8.127868715128098,rad_pattern_16p3GHz.png
E,16.3,29.5,-8.523785381814616,rad_pattern_16p3GHz.png
E,16.3,30.0,-8.918058285363198,rad_pattern_16p3GHz.png
E,16.3,30.5,-9.266766919290244,rad_pattern_16p3GHz.png
E,16.3,31.0,-9.554295678438116,rad_pattern_16p3GHz.png
E,16.3,31.5,-9.821771327296037,rad_pattern_16p3GHz.png
E,16.3,32.0,-10.02548956001269,rad_pattern_16p3GHz.png
E,16.3,32.5,-10.203018229816294,rad_pattern_16p3GHz.png
E,16.3,33.0,-10.318198405576613,rad_pattern_16p3GHz.png
E,16.3,33.5,-10.377168103219685,rad_pattern_16p3GHz.png
E,16.3,34.0,-10.449332988130383,rad_pattern_16p3GHz.png
E,16.3,34.5,-10.462207293244067,rad_pattern_16p3GHz.png
E,16.3,35.0,-10.48430801471656,rad_pattern_16p3GHz.png
E,16.3,35.5,-10.490755151147038,rad_pattern_16p3GHz.png
E,16.3,36.0,-10.503615660226519,rad_pattern_16p3GHz.png
E,16.3,36.5,-10.504840456712564,rad_pattern_16p3GHz.png
E,16.3,37.0,-10.511252575775089,rad_pattern_16p3GHz.png
E,16.3,37.5,-10.538601515680671,rad_pattern_16p3GHz.png
E,16.3,38.0,-10.554110351638268,rad_pattern_16p3GHz.png
E,16.3,38.5,-10.614173080535906,rad_pattern_16p3GHz.png
E,16.3,39.0,-10.65918620305926,rad_pattern_16p3GHz.png
E,16.3,39.5,-10.775432953746424,rad_pattern_16p3GHz.png
E,16.3,40.0,-10.838811998098151,rad_pattern_16p3GHz.png
E,16.3,40.5,-10.993188329675426,rad_pattern_16p3GHz.png
E,16.3,41.0,-11.130807009995507,rad_pattern_16p3GHz.png
E,16.3,41.5,-11.304800905701796,rad_pattern_16p3GHz.png
E,16.3,42.0,-11.503426051193976,rad_pattern_16p3GHz.png
E,16.3,42.5,-11.734505964912668,rad_pattern_16p3GHz.png
E,16.3,43.0,-11.964861250858732,rad_pattern_16p3GHz.png
E,16.3,43.5,-12.217207086952286,rad_pattern_16p3GHz.png
E,16.3,44.0,-12.504969880144447,rad_pattern_16p3GHz.png
E,16.3,44.5,-12.712082225634152,rad_pattern_16p3GHz.png
E,16.3,45.0,-12.916987659311484,rad_pattern_16p3GHz.png
E,16.3,45.5,-13.10020032569506,rad_pattern_16p3GHz.png
E,16.3,46.0,-13.241437478201323,rad_pattern_16p3GHz.png
E,16.3,46.5,-13.358127352228745,rad_pattern_16p3GHz.png
E,16.3,47.0,-13.458128080448237,rad_pattern_16p3GHz.png
E,16.3,47.5,-13.506007714540871,rad_pattern_16p3GHz.png
E,16.3,48.0,-13.506007714540871,rad_pattern_16p3GHz.png
E,16.3,48.5,-13.506007714540871,rad_pattern_16p3GHz.png
E,16.3,49.0,-13.496629919843311,rad_pattern_16p3GHz.png
E,16.3,49.5,-13.473302965840265,rad_pattern_16p3GHz.png
E,16.3,50.0,-13.418691798556985,rad_pattern_16p3GHz.png
E,16.3,50.5,-13.370423442667754,rad_pattern_16p3GHz.png
E,16.3,51.0,-13.367906220713305,rad_pattern_16p3GHz.png
E,16.3,51.5,-13.354284256651951,rad_pattern_16p3GHz.png
E,16.3,52.0,-13.347974469923695,rad_pattern_16p3GHz.png
E,16.3,52.5,-13.347974469923695,rad_pattern_16p3GHz.png
E,16.3,53.0,-13.396229133769594,rad_pattern_16p3GHz.png
E,16.3,53.5,-13.418977525997796,rad_pattern_16p3GHz.png
E,16.3,54.0,-13.515104358426122,rad_pattern_16p3GHz.png
E,16.3,54.5,-13.60945015724343,rad_pattern_16p3GHz.png
E,16.3,55.0,-13.71622697010838,rad_pattern_16p3GHz.png
E,16.3,55.5,-13.870037203482859,rad_pattern_16p3GHz.png
E,16.3,56.0,-14.040841312184266,rad_pattern_16p3GHz.png
E,16.3,56.5,-14.209393305534505,rad_pattern_16p3GHz.png
E,16.3,57.0,-14.361132550383495,rad_pattern_16p3GHz.png
E,16.3,57.5,-14.535158161702167,rad_pattern_16p3GHz.png
E,16.3,58.0,-14.707551513260672,rad_pattern_16p3GHz.png
E,16.3,58.5,-14.85754601512242,rad_pattern_16p3GHz.png
E,16.3,59.0,-14.992786835687841,rad_pattern_16p3GHz.png
E,16.3,59.5,-15.131075015792074,rad_pattern_16p3GHz.png
E,16.3,60.0,-15.282931353616094,rad_pattern_16p3GHz.png
E,16.3,60.5,-15.379726756449625,rad_pattern_16p3GHz.png
E,16.3,61.0,-15.531812949747511,rad_pattern_16p3GHz.png
E,16.3,61.5,-15.677111227286646,rad_pattern_16p3GHz.png
E,16.3,62.0,-15.876200544898994,rad_pattern_16p3GHz.png
E,16.3,62.5,-16.11026449122366,rad_pattern_16p3GHz.png
E,16.3,63.0,-16.318723025780464,rad_pattern_16p3GHz.png
E,16.3,63.5,-16.61623953527317,rad_pattern_16p3GHz.png
E,16.3,64.0,-16.84819021759562,rad_pattern_16p3GHz.png
E,16.3,64.5,-17.183087387316604,rad_pattern_16p3GHz.png
E,16.3,65.0,-17.386353280512434,rad_pattern_16p3GHz.png
E,16.3,65.5,-17.70502145222441,rad_pattern_16p3GHz.png
E,16.3,66.0,-17.896012297826967,rad_pattern_16p3GHz.png
E,16.3,66.5,-18.121272600855004,rad_pattern_16p3GHz.png
E,16.3,67.0,-18.284421886429858,rad_pattern_16p3GHz.png
E,16.3,67.5,-18.382453369063082,rad_pattern_16p3GHz.png
E,16.3,68.0,-18.490767170912406,rad_pattern_16p3GHz.png
E,16.3,68.5,-18.58746233711547,rad_pattern_16p3GHz.png
E,16.3,69.0,-18.677375384960197,rad_pattern_16p3GHz.png
E,16.3,69.5,-18.799490130978928,rad_pattern_16p3GHz.png
E,16.3,70.0,-18.94091219703487,rad_pattern_16p3GHz.png
E,16.3,70.5,-19.098594362652467,rad_pattern_16p3GHz.png
E,16.3,71.0,-19.273276097530175,rad_pattern_16p3GHz.png
E,16.3,71.5,-19.45709978025075,rad_pattern_16p3GHz.png
E,16.3,72.0,-19.666813664523875,rad_pattern_16p3GHz.png
E,16.3,72.5,-19.83964726816357,rad_pattern_16p3GHz.png
E,16.3,73.0,-19.965388099332145,rad_pattern_16p3GHz.png
E,16.3,73.5,-20.117607351014254,rad_pattern_16p3GHz.png
E,16.3,74.0,-20.205310531601597,rad_pattern_16p3GHz.png
E,16.3,74.5,-20.205310531601597,rad_pattern_16p3GHz.png
E,16.3,75.0,-20.147223147849193,rad_pattern_16p3GHz.png
E,16.3,75.5,-20.12648585975768,rad_pattern_16p3GHz.png
E,16.3,76.0,-20.063818589897796,rad_pattern_16p3GHz.png
E,16.3,76.5,-20.048040692213227,rad_pattern_16p3GHz.png
E,16.3,77.0,-20.048040692213227,rad_pattern_16p3GHz.png
E,16.3,77.5,-20.123615904588323,rad_pattern_16p3GHz.png
E,16.3,78.0,-20.21090022830306,rad_pattern_16p3GHz.png
E,16.3,78.5,-20.341759946879495,rad_pattern_16p3GHz.png
E,16.3,79.0,-20.4779143127098,rad_pattern_16p3GHz.png
E,16.3,79.5,-20.584847415316545,rad_pattern_16p3GHz.png
E,16.3,80.0,-20.69593450062816,rad_pattern_16p3GHz.png
E,16.3,80.5,-20.809948221539138,rad_pattern_16p3GHz.png
E,16.3,81.0,-20.809948221539138,rad_pattern_16p3GHz.png
E,16.3,81.5,-20.737352213317823,rad_pattern_16p3GHz.png
E,16.3,82.0,-20.602574681718114,rad_pattern_16p3GHz.png
E,16.3,82.5,-20.528387880497196,rad_pattern_16p3GHz.png
E,16.3,83.0,-20.48189784341761,rad_pattern_16p3GHz.png
E,16.3,83.5,-20.441009296050982,rad_pattern_16p3GHz.png
E,16.3,84.0,-20.441009296050982,rad_pattern_16p3GHz.png
E,16.3,84.5,-20.570584409679853,rad_pattern_16p3GHz.png
E,16.3,85.0,-20.753703547926587,rad_pattern_16p3GHz.png
E,16.3,85.5,-20.87602792287997,rad_pattern_16p3GHz.png
E,16.3,86.0,-21.055347018315274,rad_pattern_16p3GHz.png
E,16.3,86.5,-21.291892458673633,rad_pattern_16p3GHz.png
E,16.3,87.0,-21.29845935536019,rad_pattern_16p3GHz.png
E,16.3,87.5,-21.391345635643436,rad_pattern_16p3GHz.png
E,16.3,88.0,-21.391345635643436,rad_pattern_16p3GHz.png
E,16.3,88.5,-21.366638373620237,rad_pattern_16p3GHz.png
E,16.3,89.0,-21.251035937478687,rad_pattern_16p3GHz.png
E,16.3,89.5,-21.137133100113502,rad_pattern_16p3GHz.png
E,16.3,90.0,-21.137133100113502,rad_pattern_16p3GHz.png
E,16.3,90.5,-21.223850558260338,rad_pattern_16p3GHz.png
E,16.3,91.0,-21.42496485273002,rad_pattern_16p3GHz.png
E,16.3,91.5,-21.65564170549322,rad_pattern_16p3GHz.png
E,16.3,92.0,-21.681301193729563,rad_pattern_16p3GHz.png
E,16.3,92.5,-21.878745644324578,rad_pattern_16p3GHz.png
E,16.3,93.0,-22.13708375141171,rad_pattern_16p3GHz.png
E,16.3,93.5,-22.36470736069776,rad_pattern_16p3GHz.png
E,16.3,94.0,-22.36470736069776,rad_pattern_16p3GHz.png
E,16.3,94.5,-22.32366802335667,rad_pattern_16p3GHz.png
E,16.3,95.0,-22.31632242388477,rad_pattern_16p3GHz.png
E,16.3,95.5,-22.138271860797513,rad_pattern_16p3GHz.png
E,16.3,96.0,-22.075076572886978,rad_pattern_16p3GHz.png
E,16.3,96.5,-22.075076572886978,rad_pattern_16p3GHz.png
E,16.3,97.0,-22.113317172710627,rad_pattern_16p3GHz.png
E,16.3,97.5,-22.42144134128093,rad_pattern_16p3GHz.png
E,16.3,98.0,-22.64658757631683,rad_pattern_16p3GHz.png
E,16.3,98.5,-22.752728626545018,rad_pattern_16p3GHz.png
E,16.3,99.0,-22.919873488718363,rad_pattern_16p3GHz.png
E,16.3,99.5,-23.110365551379754,rad_pattern_16p3GHz.png
E,16.3,100.0,-23.333296360228832,rad_pattern_16p3GHz.png
E,16.3,100.5,-23.335208787690274,rad_pattern_16p3GHz.png
E,16.3,101.0,-23.335208787690274,rad_pattern_16p3GHz.png
E,16.3,101.5,-23.176383402879107,rad_pattern_16p3GHz.png
E,16.3,102.0,-23.045533014657753,rad_pattern_16p3GHz.png
E,16.3,102.5,-23.00764294491989,rad_pattern_16p3GHz.png
E,16.3,103.0,-23.00764294491989,rad_pattern_16p3GHz.png
E,16.3,103.5,-23.17638124891426,rad_pattern_16p3GHz.png
E,16.3,104.0,-23.457135430667652,rad_pattern_16p3GHz.png
E,16.3,104.5,-23.569257732369234,rad_pattern_16p3GHz.png
E,16.3,105.0,-23.75036239034019,rad_pattern_16p3GHz.png
E,16.3,105.5,-24.001223701017143,rad_pattern_16p3GHz.png
E,16.3,106.0,-24.11249315415499,rad_pattern_16p3GHz.png
E,16.3,106.5,-24.254178877493846,rad_pattern_16p3GHz.png
E,16.3,107.0,-24.254178877493846,rad_pattern_16p3GHz.png
E,16.3,107.5,-24.118104087073696,rad_pattern_16p3GHz.png
E,16.3,108.0,-24.027669274101143,rad_pattern_16p3GHz.png
E,16.3,108.5,-23.899741009340357,rad_pattern_16p3GHz.png
E,16.3,109.0,-23.889748983666873,rad_pattern_16p3GHz.png
E,16.3,109.5,-23.889748983666873,rad_pattern_16p3GHz.png
E,16.3,110.0,-24.107549792881745,rad_pattern_16p3GHz.png
E,16.3,110.5,-24.361613696031785,rad_pattern_16p3GHz.png
E,16.3,111.0,-24.459503448910265,rad_pattern_16p3GHz.png
E,16.3,111.5,-24.5941334771782,rad_pattern_16p3GHz.png
E,16.3,112.0,-24.803544111684076,rad_pattern_16p3GHz.png
E,16.3,112.5,-24.96429258381243,rad_pattern_16p3GHz.png
E,16.3,113.0,-25.04842132983856,rad_pattern_16p3GHz.png
E,16.3,113.5,-25.04842132983856,rad_pattern_16p3GHz.png
E,16.3,114.0,-24.858007351130748,rad_pattern_16p3GHz.png
E,16.3,114.5,-24.84845573172251,rad_pattern_16p3GHz.png
E,16.3,115.0,-24.834249569227616,rad_pattern_16p3GHz.png
E,16.3,115.5,-24.84845573172251,rad_pattern_16p3GHz.png
E,16.3,116.0,-24.889557886793543,rad_pattern_16p3GHz.png
E,16.3,116.5,-24.954554256508512,rad_pattern_16p3GHz.png
E,16.3,117.0,-25.264757634946992,rad_pattern_16p3GHz.png
E,16.3,117.5,-25.289729179025855,rad_pattern_16p3GHz.png
E,16.3,118.0,-25.560266806942913,rad_pattern_16p3GHz.png
E,16.3,118.5,-25.77959896481581,rad_pattern_16p3GHz.png
E,16.3,119.0,-25.970983658000634,rad_pattern_16p3GHz.png
E,16.3,119.5,-26.111146966073047,rad_pattern_16p3GHz.png
E,16.3,120.0,-26.290364846939855,rad_pattern_16p3GHz.png
E,16.3,120.5,-26.429687256087387,rad_pattern_16p3GHz.png
E,16.3,121.0,-26.439656865834564,rad_pattern_16p3GHz.png
E,16.3,121.5,-26.449257229671925,rad_pattern_16p3GHz.png
E,16.3,122.0,-26.53820683924737,rad_pattern_16p3GHz.png
E,16.3,122.5,-26.67584181068779,rad_pattern_16p3GHz.png
E,16.3,123.0,-26.7727695288542,rad_pattern_16p3GHz.png
E,16.3,123.5,-26.89287108171671,rad_pattern_16p3GHz.png
E,16.3,124.0,-27.0694417400986,rad_pattern_16p3GHz.png
E,16.3,124.5,-27.11734529103171,rad_pattern_16p3GHz.png
E,16.3,125.0,-27.21231493714991,rad_pattern_16p3GHz.png
E,16.3,125.5,-27.34004486780916,rad_pattern_16p3GHz.png
E,16.3,126.0,-27.369763681277075,rad_pattern_16p3GHz.png
E,16.3,126.5,-27.369763681277075,rad_pattern_16p3GHz.png
E,16.3,127.0,-27.213498295010012,rad_pattern_16p3GHz.png
E,16.3,127.5,-27.12700149926531,rad_pattern_16p3GHz.png
E,16.3,128.0,-27.213498295010012,rad_pattern_16p3GHz.png
E,16.3,128.5,-27.12386233119557,rad_pattern_16p3GHz.png
E,16.3,129.0,-27.12386233119557,rad_pattern_16p3GHz.png
E,16.3,129.5,-27.087065211069493,rad_pattern_16p3GHz.png
E,16.3,130.0,-27.087065211069493,rad_pattern_16p3GHz.png
E,16.3,130.5,-27.134318446056096,rad_pattern_16p3GHz.png
E,16.3,131.0,-27.172014763779725,rad_pattern_16p3GHz.png
E,16.3,131.5,-27.134318446056096,rad_pattern_16p3GHz.png
E,16.3,132.0,-27.13911935739359,rad_pattern_16p3GHz.png
E,16.3,132.5,-27.13911935739359,rad_pattern_16p3GHz.png
E,16.3,133.0,-27.13911935739359,rad_pattern_16p3GHz.png
E,16.3,133.5,-27.18171832546616,rad_pattern_16p3GHz.png
E,16.3,134.0,-27.183927152592005,rad_pattern_16p3GHz.png
E,16.3,134.5,-27.183927152592005,rad_pattern_16p3GHz.png
E,16.3,135.0,-27.143489048573187,rad_pattern_16p3GHz.png
E,16.3,135.5,-27.143489048573187,rad_pattern_16p3GHz.png
E,16.3,136.0,-27.38736744635861,rad_pattern_16p3GHz.png
E,16.3,136.5,-27.38830179153179,rad_pattern_16p3GHz.png
E,16.3,137.0,-27.48882455714077,rad_pattern_16p3GHz.png
E,16.3,137.5,-27.59019624911777,rad_pattern_16p3GHz.png
E,16.3,138.0,-27.71066908265696,rad_pattern_16p3GHz.png
E,16.3,138.5,-27.873916237132466,rad_pattern_16p3GHz.png
E,16.3,139.0,-27.911985483515778,rad_pattern_16p3GHz.png
E,16.3,139.5,-28.034282036158263,rad_pattern_16p3GHz.png
E,16.3,140.0,-28.175175648314546,rad_pattern_16p3GHz.png
E,16.3,140.5,-28.175175648314546,rad_pattern_16p3GHz.png
E,16.3,141.0,-28.18945820146931,rad_pattern_16p3GHz.png
E,16.3,141.5,-28.14408198790468,rad_pattern_16p3GHz.png
E,16.3,142.0,-28.161730297357746,rad_pattern_16p3GHz.png
E,16.3,142.5,-28.14408198790468,rad_pattern_16p3GHz.png
E,16.3,143.0,-28.098258174353386,rad_pattern_16p3GHz.png
E,16.3,143.5,-28.092429684996016,rad_pattern_16p3GHz.png
E,16.3,144.0,-28.092429684996016,rad_pattern_16p3GHz.png
E,16.3,144.5,-28.12636185945839,rad_pattern_16p3GHz.png
E,16.3,145.0,-28.12636185945839,rad_pattern_16p3GHz.png
E,16.3,145.5,-28.05529399050896,rad_pattern_16p3GHz.png
E,16.3,146.0,-28.05529399050896,rad_pattern_16p3GHz.png
E,16.3,146.5,-28.400304140340566,rad_pattern_16p3GHz.png
E,16.3,147.0,-28.416162262153026,rad_pattern_16p3GHz.png
E,16.3,147.5,-28.43176181441397,rad_pattern_16p3GHz.png
E,16.3,148.0,-28.43176181441397,rad_pattern_16p3GHz.png
E,16.3,148.5,-28.293745663059912,rad_pattern_16p3GHz.png
E,16.3,149.0,-28.244171396848287,rad_pattern_16p3GHz.png
E,16.3,149.5,-28.244171396848287,rad_pattern_16p3GHz.png
E,16.3,150.0,-28.323304196113146,rad_pattern_16p3GHz.png
E,16.3,150.5,-28.351918114386134,rad_pattern_16p3GHz.png
E,16.3,151.0,-28.402272028539482,rad_pattern_16p3GHz.png
E,16.3,151.5,-28.379556065324444,rad_pattern_16p3GHz.png
E,16.3,152.0,-28.430458814542515,rad_pattern_16p3GHz.png
E,16.3,152.5,-28.470823484945292,rad_pattern_16p3GHz.png
E,16.3,153.0,-28.470823484945292,rad_pattern_16p3GHz.png
E,16.3,153.5,-27.798596263984503,rad_pattern_16p3GHz.png
E,16.3,154.0,-26.531397765264284,rad_pattern_16p3GHz.png
E,16.3,154.5,-25.948628976085967,rad_pattern_16p3GHz.png
E,16.3,155.0,-25.59736566797783,rad_pattern_16p3GHz.png
E,16.3,155.5,-25.508587304334743,rad_pattern_16p3GHz.png
E,16.3,156.0,-25.427425596907884,rad_pattern_16p3GHz.png
E,16.3,156.5,-25.37456995500035,rad_pattern_16p3GHz.png
E,16.3,157.0,-25.340068308680603,rad_pattern_16p3GHz.png
E,16.3,157.5,-25.340068308680603,rad_pattern_16p3GHz.png
E,16.3,158.0,-25.597886032913205,rad_pattern_16p3GHz.png
E,16.3,158.5,-25.619411582704554,rad_pattern_16p3GHz.png
E,16.3,159.0,-25.85000277597812,rad_pattern_16p3GHz.png
E,16.3,159.5,-26.090506410103597,rad_pattern_16p3GHz.png
E,16.3,160.0,-26.229008942470937,rad_pattern_16p3GHz.png
E,16.3,160.5,-26.431254505802915,rad_pattern_16p3GHz.png
E,16.3,161.0,-26.477476478078785,rad_pattern_16p3GHz.png
E,16.3,161.5,-26.477476478078785,rad_pattern_16p3GHz.png
E,16.3,162.0,-23.085137740487074,rad_pattern_16p3GHz.png
E,16.3,162.5,-23.085137740487074,rad_pattern_16p3GHz.png
E,16.3,163.0,-24.21549803566817,rad_pattern_16p3GHz.png
E,16.3,163.5,-24.314956097437534,rad_pattern_16p3GHz.png
E,16.3,164.0,-24.314956097437534,rad_pattern_16p3GHz.png
E,16.3,164.5,-24.668138860273547,rad_pattern_16p3GHz.png
E,16.3,165.0,-24.83032001228874,rad_pattern_16p3GHz.png
E,16.3,165.5,-24.99226936543487,rad_pattern_16p3GHz.png
E,16.3,166.0,-25.244927611863222,rad_pattern_16p3GHz.png
E,16.3,166.5,-25.377817869755567,rad_pattern_16p3GHz.png
E,16.3,167.0,-25.447334495748812,rad_pattern_16p3GHz.png
E,16.3,167.5,-25.692119835443417,rad_pattern_16p3GHz.png
E,16.3,168.0,-25.857848968320834,rad_pattern_16p3GHz.png
E,16.3,168.5,-26.12432873684561,rad_pattern_16p3GHz.png
E,16.3,169.0,-26.345377060132456,rad_pattern_16p3GHz.png
E,16.3,169.5,-26.498092700266827,rad_pattern_16p3GHz.png
E,16.3,170.0,-26.679062844605372,rad_pattern_16p3GHz.png
E,16.3,170.5,-26.679062844605372,rad_pattern_16p3GHz.png
E,16.3,171.0,-25.81427306029648,rad_pattern_16p3GHz.png
E,16.3,171.5,-25.234131856812283,rad_pattern_16p3GHz.png
E,16.3,172.0,-25.04221129141274,rad_pattern_16p3GHz.png
E,16.3,172.5,-24.877757322126843,rad_pattern_16p3GHz.png
E,16.3,173.0,-24.84169680037301,rad_pattern_16p3GHz.png
E,16.3,173.5,-24.877757322126843,rad_pattern_16p3GHz.png
E,16.3,174.0,-24.626089508151935,rad_pattern_16p3GHz.png
E,16.3,174.5,-23.50446954249729,rad_pattern_16p3GHz.png
E,16.3,175.0,-23.50446954249729,rad_pattern_16p3GHz.png
E,16.3,175.5,-23.744867546557757,rad_pattern_16p3GHz.png
E,16.3,176.0,-24.301212580517504,rad_pattern_16p3GHz.png
E,16.3,176.5,-24.8855168279324,rad_pattern_16p3GHz.png
E,16.3,177.0,-25.2350081265235,rad_pattern_16p3GHz.png
E,16.3,177.5,-25.699734449051792,rad_pattern_16p3GHz.png
E,16.3,178.0,-26.16419240320369,rad_pattern_16p3GHz.png
E,16.3,178.5,-26.397118161262053,rad_pattern_16p3GHz.png
E,16.3,179.0,-26.397118161262053,rad_pattern_16p3GHz.png
E,16.3,179.5,-26.860685780282086,rad_pattern_16p3GHz.png
E,16.3,180.0,-26.45602493819884,rad_pattern_16p3GHz.png
E,16.3,180.5,-27.32314537171852,rad_pattern_16p3GHz.png
E,16.3,181.0,-27.32314537171852,rad_pattern_16p3GHz.png
E,16.3,181.5,-27.37955352266742,rad_pattern_16p3GHz.png
E,16.3,182.0,-27.37955352266742,rad_pattern_16p3GHz.png
E,16.3,182.5,-26.568601355629017,rad_pattern_16p3GHz.png
E,16.3,183.0,-26.306118821712506,rad_pattern_16p3GHz.png
E,16.3,183.5,-26.274040050655504,rad_pattern_16p3GHz.png
E,16.3,184.0,-26.125972194053492,rad_pattern_16p3GHz.png
E,16.3,184.5,-26.125972194053492,rad_pattern_16p3GHz.png
E,16.3,185.0,-26.202630972816262,rad_pattern_16p3GHz.png
E,16.3,185.5,-26.23669914274193,rad_pattern_16p3GHz.png
E,16.3,186.0,-26.426474824026254,rad_pattern_16p3GHz.png
E,16.3,186.5,-26.461494200052925,rad_pattern_16p3GHz.png
E,16.3,187.0,-26.541320589153745,rad_pattern_16p3GHz.png
E,16.3,187.5,-26.648762726015132,rad_pattern_16p3GHz.png
E,16.3,188.0,-26.90643411789122,rad_pattern_16p3GHz.png
E,16.3,188.5,-27.192332487133914,rad_pattern_16p3GHz.png
E,16.3,189.0,-27.37245418863141,rad_pattern_16p3GHz.png
E,16.3,189.5,-27.392154700825074,rad_pattern_16p3GHz.png
E,16.3,190.0,-27.677083177547143,rad_pattern_16p3GHz.png
E,16.3,190.5,-27.87607997359095,rad_pattern_16p3GHz.png
E,16.3,191.0,-27.87607997359095,rad_pattern_16p3GHz.png
E,16.3,191.5,-27.42834493912966,rad_pattern_16p3GHz.png
E,16.3,192.0,-26.32228612423732,rad_pattern_16p3GHz.png
E,16.3,192.5,-26.140496620681834,rad_pattern_16p3GHz.png
E,16.3,193.0,-25.97375285215986,rad_pattern_16p3GHz.png
E,16.3,193.5,-25.889355005668012,rad_pattern_16p3GHz.png
E,16.3,194.0,-25.805766368304777,rad_pattern_16p3GHz.png
E,16.3,194.5,-25.805766368304777,rad_pattern_16p3GHz.png
E,16.3,195.0,-25.938272052472428,rad_pattern_16p3GHz.png
E,16.3,195.5,-26.490900888127612,rad_pattern_16p3GHz.png
E,16.3,196.0,-26.490900888127612,rad_pattern_16p3GHz.png
E,16.3,196.5,-25.27861895655819,rad_pattern_16p3GHz.png
E,16.3,197.0,-25.27861895655819,rad_pattern_16p3GHz.png
E,16.3,197.5,-25.389003595593945,rad_pattern_16p3GHz.png
E,16.3,198.0,-25.563372450009076,rad_pattern_16p3GHz.png
E,16.3,198.5,-25.581654577740643,rad_pattern_16p3GHz.png
E,16.3,199.0,-25.626294634976507,rad_pattern_16p3GHz.png
E,16.3,199.5,-25.626294634976507,rad_pattern_16p3GHz.png
E,16.3,200.0,-25.57948226742741,rad_pattern_16p3GHz.png
E,16.3,200.5,-25.50521973828792,rad_pattern_16p3GHz.png
E,16.3,201.0,-25.45774935636122,rad_pattern_16p3GHz.png
E,16.3,201.5,-25.41543344317783,rad_pattern_16p3GHz.png
E,16.3,202.0,-25.41543344317783,rad_pattern_16p3GHz.png
E,16.3,202.5,-25.457964412179972,rad_pattern_16p3GHz.png
E,16.3,203.0,-25.655727155634466,rad_pattern_16p3GHz.png
E,16.3,203.5,-25.83793008358672,rad_pattern_16p3GHz.png
E,16.3,204.0,-25.996826233498968,rad_pattern_16p3GHz.png
E,16.3,204.5,-26.38687161248625,rad_pattern_16p3GHz.png
E,16.3,205.0,-26.503969010812874,rad_pattern_16p3GHz.png
E,16.3,205.5,-26.776366110770148,rad_pattern_16p3GHz.png
E,16.3,206.0,-27.009849943503877,rad_pattern_16p3GHz.png
E,16.3,206.5,-27.15222155680491,rad_pattern_16p3GHz.png
E,16.3,207.0,-27.397749779281583,rad_pattern_16p3GHz.png
E,16.3,207.5,-27.590567577202055,rad_pattern_16p3GHz.png
E,16.3,208.0,-27.590567577202055,rad_pattern_16p3GHz.png
E,16.3,208.5,-26.956221571815764,rad_pattern_16p3GHz.png
E,16.3,209.0,-26.681209281220177,rad_pattern_16p3GHz.png
E,16.3,209.5,-26.666900221840155,rad_pattern_16p3GHz.png
E,16.3,210.0,-26.666900221840155,rad_pattern_16p3GHz.png
E,16.3,210.5,-26.558636254418165,rad_pattern_16p3GHz.png
E,16.3,211.0,-26.518987415939424,rad_pattern_16p3GHz.png
E,16.3,211.5,-26.518987415939424,rad_pattern_16p3GHz.png
E,16.3,212.0,-26.587159376763406,rad_pattern_16p3GHz.png
E,16.3,212.5,-26.602530937047852,rad_pattern_16p3GHz.png
E,16.3,213.0,-26.644411602645942,rad_pattern_16p3GHz.png
E,16.3,213.5,-26.88497149005143,rad_pattern_16p3GHz.png
E,16.3,214.0,-26.941156304818392,rad_pattern_16p3GHz.png
E,16.3,214.5,-27.141183848643955,rad_pattern_16p3GHz.png
E,16.3,215.0,-27.373377228222964,rad_pattern_16p3GHz.png
E,16.3,215.5,-27.524845546880435,rad_pattern_16p3GHz.png
E,16.3,216.0,-27.716322206500518,rad_pattern_16p3GHz.png
E,16.3,216.5,-27.843795589901845,rad_pattern_16p3GHz.png
E,16.3,217.0,-28.034686307318463,rad_pattern_16p3GHz.png
E,16.3,217.5,-28.161730297357746,rad_pattern_16p3GHz.png
E,16.3,218.0,-28.28856026737412,rad_pattern_16p3GHz.png
E,16.3,218.5,-28.28856026737412,rad_pattern_16p3GHz.png
E,16.3,219.0,-27.823517832979633,rad_pattern_16p3GHz.png
E,16.3,219.5,-27.78650787808241,rad_pattern_16p3GHz.png
E,16.3,220.0,-27.78650787808241,rad_pattern_16p3GHz.png
E,16.3,220.5,-27.78650787808241,rad_pattern_16p3GHz.png
E,16.3,221.0,-27.78966515718452,rad_pattern_16p3GHz.png
E,16.3,221.5,-27.78966515718452,rad_pattern_16p3GHz.png
E,16.3,222.0,-27.751484347705517,rad_pattern_16p3GHz.png
E,16.3,222.5,-27.751484347705517,rad_pattern_16p3GHz.png
E,16.3,223.0,-27.877702755913283,rad_pattern_16p3GHz.png
E,16.3,223.5,-27.877702755913283,rad_pattern_16p3GHz.png
E,16.3,224.0,-28.083145303666406,rad_pattern_16p3GHz.png
E,16.3,224.5,-27.837912827752557,rad_pattern_16p3GHz.png
E,16.3,225.0,-28.124604779485434,rad_pattern_16p3GHz.png
E,16.3,225.5,-28.042273820968177,rad_pattern_16p3GHz.png
E,16.3,226.0,-28.20636383393842,rad_pattern_16p3GHz.png
E,16.3,226.5,-28.327100982823776,rad_pattern_16p3GHz.png
E,16.3,227.0,-28.449646781555316,rad_pattern_16p3GHz.png
E,16.3,227.5,-28.366020781407826,rad_pattern_16p3GHz.png
E,16.3,228.0,-28.449646781555316,rad_pattern_16p3GHz.png
E,16.3,228.5,-28.366020781407826,rad_pattern_16p3GHz.png
E,16.3,229.0,-27.83044187179349,rad_pattern_16p3GHz.png
E,16.3,229.5,-27.378971192537676,rad_pattern_16p3GHz.png
E,16.3,230.0,-27.005626074552328,rad_pattern_16p3GHz.png
E,16.3,230.5,-26.95697463393408,rad_pattern_16p3GHz.png
E,16.3,231.0,-26.9523887400814,rad_pattern_16p3GHz.png
E,16.3,231.5,-26.9523887400814,rad_pattern_16p3GHz.png
E,16.3,232.0,-26.785151262651286,rad_pattern_16p3GHz.png
E,16.3,232.5,-26.77995433765799,rad_pattern_16p3GHz.png
E,16.3,233.0,-26.774372053292048,rad_pattern_16p3GHz.png
E,16.3,233.5,-26.774372053292048,rad_pattern_16p3GHz.png
E,16.3,234.0,-26.80237049635816,rad_pattern_16p3GHz.png
E,16.3,234.5,-26.835820133991167,rad_pattern_16p3GHz.png
E,16.3,235.0,-26.835820133991167,rad_pattern_16p3GHz.png
E,16.3,235.5,-26.835820133991167,rad_pattern_16p3GHz.png
E,16.3,236.0,-26.7807563815547,rad_pattern_16p3GHz.png
E,16.3,236.5,-26.38751816947337,rad_pattern_16p3GHz.png
E,16.3,237.0,-26.315812457987956,rad_pattern_16p3GHz.png
E,16.3,237.5,-26.27454912160653,rad_pattern_16p3GHz.png
E,16.3,238.0,-26.23140132760917,rad_pattern_16p3GHz.png
E,16.3,238.5,-26.23140132760917,rad_pattern_16p3GHz.png
E,16.3,239.0,-26.23140132760917,rad_pattern_16p3GHz.png
E,16.3,239.5,-26.2113234664915,rad_pattern_16p3GHz.png
E,16.3,240.0,-26.2113234664915,rad_pattern_16p3GHz.png
E,16.3,240.5,-26.26861150982289,rad_pattern_16p3GHz.png
E,16.3,241.0,-26.26861150982289,rad_pattern_16p3GHz.png
E,16.3,241.5,-25.959633196747966,rad_pattern_16p3GHz.png
E,16.3,242.0,-25.754106241557135,rad_pattern_16p3GHz.png
E,16.3,242.5,-25.58723054359011,rad_pattern_16p3GHz.png
E,16.3,243.0,-25.58723054359011,rad_pattern_16p3GHz.png
E,16.3,243.5,-25.60052923515492,rad_pattern_16p3GHz.png
E,16.3,244.0,-25.60052923515492,rad_pattern_16p3GHz.png
E,16.3,244.5,-25.18673021109357,rad_pattern_16p3GHz.png
E,16.3,245.0,-24.590012649954406,rad_pattern_16p3GHz.png
E,16.3,245.5,-24.58783940708144,rad_pattern_16p3GHz.png
E,16.3,246.0,-24.561505612100504,rad_pattern_16p3GHz.png
E,16.3,246.5,-24.402983014652154,rad_pattern_16p3GHz.png
E,16.3,247.0,-24.217103002829052,rad_pattern_16p3GHz.png
E,16.3,247.5,-24.148197683907117,rad_pattern_16p3GHz.png
E,16.3,248.0,-24.0035551166835,rad_pattern_16p3GHz.png
E,16.3,248.5,-23.815804881993007,rad_pattern_16p3GHz.png
E,16.3,249.0,-23.654249170190983,rad_pattern_16p3GHz.png
E,16.3,249.5,-23.519203940989108,rad_pattern_16p3GHz.png
E,16.3,250.0,-23.519203940989108,rad_pattern_16p3GHz.png
E,16.3,250.5,-23.5514296246999,rad_pattern_16p3GHz.png
E,16.3,251.0,-23.625050432139435,rad_pattern_16p3GHz.png
E,16.3,251.5,-23.680260947709048,rad_pattern_16p3GHz.png
E,16.3,252.0,-23.680260947709048,rad_pattern_16p3GHz.png
E,16.3,252.5,-23.67989405383639,rad_pattern_16p3GHz.png
E,16.3,253.0,-23.476300941542714,rad_pattern_16p3GHz.png
E,16.3,253.5,-23.365549841902247,rad_pattern_16p3GHz.png
E,16.3,254.0,-23.24290309124017,rad_pattern_16p3GHz.png
E,16.3,254.5,-23.10377321216885,rad_pattern_16p3GHz.png
E,16.3,255.0,-22.936560640497458,rad_pattern_16p3GHz.png
E,16.3,255.5,-22.8117585526016,rad_pattern_16p3GHz.png
E,16.3,256.0,-22.742016839774617,rad_pattern_16p3GHz.png
E,16.3,256.5,-22.742016839774617,rad_pattern_16p3GHz.png
E,16.3,257.0,-22.76679341238265,rad_pattern_16p3GHz.png
E,16.3,257.5,-22.76679341238265,rad_pattern_16p3GHz.png
E,16.3,258.0,-22.659849894502063,rad_pattern_16p3GHz.png
E,16.3,258.5,-22.55845812400516,rad_pattern_16p3GHz.png
E,16.3,259.0,-22.456310457026266,rad_pattern_16p3GHz.png
E,16.3,259.5,-22.330245107398653,rad_pattern_16p3GHz.png
E,16.3,260.0,-22.216427486686733,rad_pattern_16p3GHz.png
E,16.3,260.5,-22.08386732542552,rad_pattern_16p3GHz.png
E,16.3,261.0,-21.92202066905115,rad_pattern_16p3GHz.png
E,16.3,261.5,-21.90231682440582,rad_pattern_16p3GHz.png
E,16.3,262.0,-21.828983358357508,rad_pattern_16p3GHz.png
E,16.3,262.5,-21.82629844708573,rad_pattern_16p3GHz.png
E,16.3,263.0,-21.75471649711749,rad_pattern_16p3GHz.png
E,16.3,263.5,-21.743418947974444,rad_pattern_16p3GHz.png
E,16.3,264.0,-21.606051688565994,rad_pattern_16p3GHz.png
E,16.3,264.5,-21.46810039132688,rad_pattern_16p3GHz.png
E,16.3,265.0,-21.44987093932619,rad_pattern_16p3GHz.png
E,16.3,265.5,-21.310517973371173,rad_pattern_16p3GHz.png
E,16.3,266.0,-21.055347018315274,rad_pattern_16p3GHz.png
E,16.3,266.5,-20.916814801940045,rad_pattern_16p3GHz.png
E,16.3,267.0,-20.863898251939613,rad_pattern_16p3GHz.png
E,16.3,267.5,-20.722330700280185,rad_pattern_16p3GHz.png
E,16.3,268.0,-20.64022592834341,rad_pattern_16p3GHz.png
E,16.3,268.5,-20.61311365881205,rad_pattern_16p3GHz.png
E,16.3,269.0,-20.55837290466278,rad_pattern_16p3GHz.png
E,16.3,269.5,-20.501522731873163,rad_pattern_16p3GHz.png
E,16.3,270.0,-20.500883930931717,rad_pattern_16p3GHz.png
E,16.3,270.5,-20.385263525196773,rad_pattern_16p3GHz.png
E,16.3,271.0,-20.326667830858735,rad_pattern_16p3GHz.png
E,16.3,271.5,-20.20856964802767,rad_pattern_16p3GHz.png
E,16.3,272.0,-20.08929526776806,rad_pattern_16p3GHz.png
E,16.3,272.5,-20.000344672271858,rad_pattern_16p3GHz.png
E,16.3,273.0,-19.93712483358755,rad_pattern_16p3GHz.png
E,16.3,273.5,-19.81505761657988,rad_pattern_16p3GHz.png
E,16.3,274.0,-19.776349424142854,rad_pattern_16p3GHz.png
E,16.3,274.5,-19.704441505097634,rad_pattern_16p3GHz.png
E,16.3,275.0,-19.693465079533805,rad_pattern_16p3GHz.png
E,16.3,275.5,-19.693465079533805,rad_pattern_16p3GHz.png
E,16.3,276.0,-19.626945736296342,rad_pattern_16p3GHz.png
E,16.3,276.5,-19.603534772186617,rad_pattern_16p3GHz.png
E,16.3,277.0,-19.59187613973992,rad_pattern_16p3GHz.png
E,16.3,277.5,-19.538854633767933,rad_pattern_16p3GHz.png
E,16.3,278.0,-19.46610650833388,rad_pattern_16p3GHz.png
E,16.3,278.5,-19.420961395243182,rad_pattern_16p3GHz.png
E,16.3,279.0,-19.326567507506613,rad_pattern_16p3GHz.png
E,16.3,279.5,-19.308489907518744,rad_pattern_16p3GHz.png
E,16.3,280.0,-19.25842081234539,rad_pattern_16p3GHz.png
E,16.3,280.5,-19.24757693632366,rad_pattern_16p3GHz.png
E,16.3,281.0,-19.25842081234539,rad_pattern_16p3GHz.png
E,16.3,281.5,-19.281712011754454,rad_pattern_16p3GHz.png
E,16.3,282.0,-19.326567507506613,rad_pattern_16p3GHz.png
E,16.3,282.5,-19.35229928673113,rad_pattern_16p3GHz.png
E,16.3,283.0,-19.367653581255336,rad_pattern_16p3GHz.png
E,16.3,283.5,-19.37606580282549,rad_pattern_16p3GHz.png
E,16.3,284.0,-19.37606580282549,rad_pattern_16p3GHz.png
E,16.3,284.5,-19.32025150610928,rad_pattern_16p3GHz.png
E,16.3,285.0,-19.270221480842185,rad_pattern_16p3GHz.png
E,16.3,285.5,-19.176588094463316,rad_pattern_16p3GHz.png
E,16.3,286.0,-19.081551797850242,rad_pattern_16p3GHz.png
E,16.3,286.5,-18.97409213651944,rad_pattern_16p3GHz.png
E,16.3,287.0,-18.904834511138564,rad_pattern_16p3GHz.png
E,16.3,287.5,-18.85165869160084,rad_pattern_16p3GHz.png
E,16.3,288.0,-18.743843355711277,rad_pattern_16p3GHz.png
E,16.3,288.5,-18.661805442138867,rad_pattern_16p3GHz.png
E,16.3,289.0,-18.596641902163086,rad_pattern_16p3GHz.png
E,16.3,289.5,-18.513292591026676,rad_pattern_16p3GHz.png
E,16.3,290.0,-18.409975452709876,rad_pattern_16p3GHz.png
E,16.3,290.5,-18.295364750560704,rad_pattern_16p3GHz.png
E,16.3,291.0,-18.15644975940342,rad_pattern_16p3GHz.png
E,16.3,291.5,-17.964790860264305,rad_pattern_16p3GHz.png
E,16.3,292.0,-17.79277894767956,rad_pattern_16p3GHz.png
E,16.3,292.5,-17.604018297373425,rad_pattern_16p3GHz.png
E,16.3,293.0,-17.39250740328939,rad_pattern_16p3GHz.png
E,16.3,293.5,-17.14155892327047,rad_pattern_16p3GHz.png
E,16.3,294.0,-16.871701550044964,rad_pattern_16p3GHz.png
E,16.3,294.5,-16.633196428961522,rad_pattern_16p3GHz.png
E,16.3,295.0,-16.352540442737936,rad_pattern_16p3GHz.png
E,16.3,295.5,-16.12174886831017,rad_pattern_16p3GHz.png
E,16.3,296.0,-15.87797269361081,rad_pattern_16p3GHz.png
E,16.3,296.5,-15.633722910111437,rad_pattern_16p3GHz.png
E,16.3,297.0,-15.439077729895324,rad_pattern_16p3GHz.png
E,16.3,297.5,-15.229952399093238,rad_pattern_16p3GHz.png
E,16.3,298.0,-15.00749127455057,rad_pattern_16p3GHz.png
E,16.3,298.5,-14.811857484323586,rad_pattern_16p3GHz.png
E,16.3,299.0,-14.611009515776761,rad_pattern_16p3GHz.png
E,16.3,299.5,-14.44751281324831,rad_pattern_16p3GHz.png
E,16.3,300.0,-14.250435042773436,rad_pattern_16p3GHz.png
E,16.3,300.5,-14.034669243489013,rad_pattern_16p3GHz.png
E,16.3,301.0,-13.862365805927457,rad_pattern_16p3GHz.png
E,16.3,301.5,-13.66828584758061,rad_pattern_16p3GHz.png
E,16.3,302.0,-13.51257222077274,rad_pattern_16p3GHz.png
E,16.3,302.5,-13.324654488897554,rad_pattern_16p3GHz.png
E,16.3,303.0,-13.173492949007723,rad_pattern_16p3GHz.png
E,16.3,303.5,-13.00693564406932,rad_pattern_16p3GHz.png
E,16.3,304.0,-12.870428181600346,rad_pattern_16p3GHz.png
E,16.3,304.5,-12.756450896719794,rad_pattern_16p3GHz.png
E,16.3,305.0,-12.657599272860978,rad_pattern_16p3GHz.png
E,16.3,305.5,-12.56758544499797,rad_pattern_16p3GHz.png
E,16.3,306.0,-12.513979570907555,rad_pattern_16p3GHz.png
E,16.3,306.5,-12.494022692059048,rad_pattern_16p3GHz.png
E,16.3,307.0,-12.49311860676491,rad_pattern_16p3GHz.png
E,16.3,307.5,-12.49311860676491,rad_pattern_16p3GHz.png
E,16.3,308.0,-12.513757593032281,rad_pattern_16p3GHz.png
E,16.3,308.5,-12.551015963236402,rad_pattern_16p3GHz.png
E,16.3,309.0,-12.552603635025001,rad_pattern_16p3GHz.png
E,16.3,309.5,-12.552603635025001,rad_pattern_16p3GHz.png
E,16.3,310.0,-12.53768538752998,rad_pattern_16p3GHz.png
E,16.3,310.5,-12.488772802651628,rad_pattern_16p3GHz.png
E,16.3,311.0,-12.381810562016586,rad_pattern_16p3GHz.png
E,16.3,311.5,-12.188437501509782,rad_pattern_16p3GHz.png
E,16.3,312.0,-11.986774544487258,rad_pattern_16p3GHz.png
E,16.3,312.5,-11.715041757252408,rad_pattern_16p3GHz.png
E,16.3,313.0,-11.43506551543841,rad_pattern_16p3GHz.png
E,16.3,313.5,-11.11176776083667,rad_pattern_16p3GHz.png
E,16.3,314.0,-10.788307863092133,rad_pattern_16p3GHz.png
E,16.3,314.5,-10.463429957580072,rad_pattern_16p3GHz.png
E,16.3,315.0,-10.13695968819398,rad_pattern_16p3GHz.png
E,16.3,315.5,-9.76903856075607,rad_pattern_16p3GHz.png
E,16.3,316.0,-9.48093284739971,rad_pattern_16p3GHz.png
E,16.3,316.5,-9.188887356870048,rad_pattern_16p3GHz.png
E,16.3,317.0,-8.899192165664171,rad_pattern_16p3GHz.png
E,16.3,317.5,-8.66411845052627,rad_pattern_16p3GHz.png
E,16.3,318.0,-8.45007616376246,rad_pattern_16p3GHz.png
E,16.3,318.5,-8.258680302742707,rad_pattern_16p3GHz.png
E,16.3,319.0,-8.117807460660732,rad_pattern_16p3GHz.png
E,16.3,319.5,-7.980197094265641,rad_pattern_16p3GHz.png
E,16.3,320.0,-7.881635984394201,rad_pattern_16p3GHz.png
E,16.3,320.5,-7.789189184152786,rad_pattern_16p3GHz.png
E,16.3,321.0,-7.7566192666070855,rad_pattern_16p3GHz.png
E,16.3,321.5,-7.73707898852172,rad_pattern_16p3GHz.png
E,16.3,322.0,-7.73707898852172,rad_pattern_16p3GHz.png
E,16.3,322.5,-7.769728202648132,rad_pattern_16p3GHz.png
E,16.3,323.0,-7.8286658640947095,rad_pattern_16p3GHz.png
E,16.3,323.5,-7.903293073609518,rad_pattern_16p3GHz.png
E,16.3,324.0,-7.993470367224642,rad_pattern_16p3GHz.png
E,16.3,324.5,-8.112029729728455,rad_pattern_16p3GHz.png
E,16.3,325.0,-8.222059606791642,rad_pattern_16p3GHz.png
E,16.3,325.5,-8.31542232413424,rad_pattern_16p3GHz.png
E,16.3,326.0,-8.364837213520463,rad_pattern_16p3GHz.png
E,16.3,326.5,-8.364837213520463,rad_pattern_16p3GHz.png
E,16.3,327.0,-8.339526956625242,rad_pattern_16p3GHz.png
E,16.3,327.5,-8.229774347100957,rad_pattern_16p3GHz.png
E,16.3,328.0,-8.03391776774199,rad_pattern_16p3GHz.png
E,16.3,328.5,-7.837407466555231,rad_pattern_16p3GHz.png
E,16.3,329.0,-7.536494837950833,rad_pattern_16p3GHz.png
E,16.3,329.5,-7.2034311229026216,rad_pattern_16p3GHz.png
E,16.3,330.0,-6.84956122369919,rad_pattern_16p3GHz.png
E,16.3,330.5,-6.479846249407075,rad_pattern_16p3GHz.png
E,16.3,331.0,-6.095262705358099,rad_pattern_16p3GHz.png
E,16.3,331.5,-5.740772767526224,rad_pattern_16p3GHz.png
E,16.3,332.0,-5.410349666762112,rad_pattern_16p3GHz.png
E,16.3,332.5,-5.057296876868737,rad_pattern_16p3GHz.png
E,16.3,333.0,-4.7866009874258,rad_pattern_16p3GHz.png
E,16.3,333.5,-4.5159529519477815,rad_pattern_16p3GHz.png
E,16.3,334.0,-4.282443023739461,rad_pattern_16p3GHz.png
E,16.3,334.5,-4.07270019572368,rad_pattern_16p3GHz.png
E,16.3,335.0,-3.887097994365547,rad_pattern_16p3GHz.png
E,16.3,335.5,-3.7480360708494374,rad_pattern_16p3GHz.png
E,16.3,336.0,-3.611025274369563,rad_pattern_16p3GHz.png
E,16.3,336.5,-3.472873339861785,rad_pattern_16p3GHz.png
E,16.3,337.0,-3.39005485252234,rad_pattern_16p3GHz.png
E,16.3,337.5,-3.2818142382955777,rad_pattern_16p3GHz.png
E,16.3,338.0,-3.19688637888747,rad_pattern_16p3GHz.png
E,16.3,338.5,-3.100731818969667,rad_pattern_16p3GHz.png
E,16.3,339.0,-2.97482625654019,rad_pattern_16p3GHz.png
E,16.3,339.5,-2.8640828800377065,rad_pattern_16p3GHz.png
E,16.3,340.0,-2.734793564235119,rad_pattern_16p3GHz.png
E,16.3,340.5,-2.5779108045926264,rad_pattern_16p3GHz.png
E,16.3,341.0,-2.3977489297333356,rad_pattern_16p3GHz.png
E,16.3,341.5,-2.207644966789797,rad_pattern_16p3GHz.png
E,16.3,342.0,-2.005627620468026,rad_pattern_16p3GHz.png
E,16.3,342.5,-1.7830394619194756,rad_pattern_16p3GHz.png
E,16.3,343.0,-1.5688426753032054,rad_pattern_16p3GHz.png
E,16.3,343.5,-1.3506379361452936,rad_pattern_16p3GHz.png
E,16.3,344.0,-1.1338883099566068,rad_pattern_16p3GHz.png
E,16.3,344.5,-0.9425462773727347,rad_pattern_16p3GHz.png
E,16.3,345.0,-0.7294122803495497,rad_pattern_16p3GHz.png
E,16.3,345.5,-0.5722689276122281,rad_pattern_16p3GHz.png
E,16.3,346.0,-0.4330881809290723,rad_pattern_16p3GHz.png
E,16.3,346.5,-0.29914265475915514,rad_pattern_16p3GHz.png
E,16.3,347.0,-0.21000723231479057,rad_pattern_16p3GHz.png
E,16.3,347.5,-0.12917708664033967,rad_pattern_16p3GHz.png
E,16.3,348.0,-0.10780354857499574,rad_pattern_16p3GHz.png
E,16.3,348.5,-0.10780354857499574,rad_pattern_16p3GHz.png
E,16.3,349.0,-0.11443917574703377,rad_pattern_16p3GHz.png
E,16.3,349.5,-0.14909988454479262,rad_pattern_16p3GHz.png
E,16.3,350.0,-0.24643551694856924,rad_pattern_16p3GHz.png
E,16.3,350.5,-0.33745061351153893,rad_pattern_16p3GHz.png
E,16.3,351.0,-0.46323409532331894,rad_pattern_16p3GHz.png
E,16.3,351.5,-0.5991686493725794,rad_pattern_16p3GHz.png
E,16.3,352.0,-0.7549864946883709,rad_pattern_16p3GHz.png
E,16.3,352.5,-0.897018678342242,rad_pattern_16p3GHz.png
E,16.3,353.0,-1.0487455367829455,rad_pattern_16p3GHz.png
E,16.3,353.5,-1.1913092869339614,rad_pattern_16p3GHz.png
E,16.3,354.0,-1.3507503337851432,rad_pattern_16p3GHz.png
E,16.3,354.5,-1.4916280141875262,rad_pattern_16p3GHz.png
E,16.3,355.0,-1.6014133160759272,rad_pattern_16p3GHz.png
E,16.3,355.5,-1.7578515017956136,rad_pattern_16p3GHz.png
E,16.3,356.0,-1.8399314794916428,rad_pattern_16p3GHz.png
E,16.3,356.5,-1.9671896992153997,rad_pattern_16p3GHz.png
E,16.3,357.0,-2.0196327312943225,rad_pattern_16p3GHz.png
E,16.3,357.5,-2.1122640825147414,rad_pattern_16p3GHz.png
E,16.3,358.0,-2.1308046912343066,rad_pattern_16p3GHz.png
E,16.3,358.5,-2.1928575830655923,rad_pattern_16p3GHz.png
E,16.3,359.0,-2.2579842681733737,rad_pattern_16p3GHz.png
E,16.3,359.5,-2.2890140394314606,rad_pattern_16p3GHz.png
E,17.3,0.0,-6.951612985497693,rad_pattern_17p3GHz.png
E,17.3,0.5,-6.720359980398072,rad_pattern_17p3GHz.png
E,17.3,1.0,-6.371311630199735,rad_pattern_17p3GHz.png
E,17.3,1.5,-6.020185222006763,rad_pattern_17p3GHz.png
E,17.3,2.0,-5.4927641864037255,rad_pattern_17p3GHz.png
E,17.3,2.5,-4.955179576094505,rad_pattern_17p3GHz.png
E,17.3,3.0,-4.374892275777313,rad_pattern_17p3GHz.png
E,17.3,3.5,-3.8305231216254825,rad_pattern_17p3GHz.png
E,17.3,4.0,-3.2400113780291946,rad_pattern_17p3GHz.png
E,17.3,4.5,-2.701698054537509,rad_pattern_17p3GHz.png
E,17.3,5.0,-2.2038443146459237,rad_pattern_17p3GHz.png
E,17.3,5.5,-1.7297824828724089,rad_pattern_17p3GHz.png
E,17.3,6.0,-1.3041962477135876,rad_pattern_17p3GHz.png
E,17.3,6.5,-0.9663304252246014,rad_pattern_17p3GHz.png
E,17.3,7.0,-0.6409342318549598,rad_pattern_17p3GHz.png
E,17.3,7.5,-0.4005538149916781,rad_pattern_17p3GHz.png
E,17.3,8.0,-0.22783918042157225,rad_pattern_17p3GHz.png
E,17.3,8.5,-0.10844204107413802,rad_pattern_17p3GHz.png
E,17.3,9.0,-0.0794587916825158,rad_pattern_17p3GHz.png
E,17.3,9.5,-0.0794587916825158,rad_pattern_17p3GHz.png
E,17.3,10.0,-0.17807395110304824,rad_pattern_17p3GHz.png
E,17.3,10.5,-0.3231762872215391,rad_pattern_17p3GHz.png
E,17.3,11.0,-0.5537055150376098,rad_pattern_17p3GHz.png
E,17.3,11.5,-0.837091026727677,rad_pattern_17p3GHz.png
E,17.3,12.0,-1.1826467643168215,rad_pattern_17p3GHz.png
E,17.3,12.5,-1.5617534873180858,rad_pattern_17p3GHz.png
E,17.3,13.0,-2.0238495313948164,rad_pattern_17p3GHz.png
E,17.3,13.5,-2.5167139620679997,rad_pattern_17p3GHz.png
E,17.3,14.0,-3.0291971624799423,rad_pattern_17p3GHz.png
E,17.3,14.5,-3.5407187872615964,rad_pattern_17p3GHz.png
E,17.3,15.0,-4.007276880193665,rad_pattern_17p3GHz.png
E,17.3,15.5,-4.423085467894818,rad_pattern_17p3GHz.png
E,17.3,16.0,-4.773255025467829,rad_pattern_17p3GHz.png
E,17.3,16.5,-4.990549396502409,rad_pattern_17p3GHz.png
E,17.3,17.0,-5.145290694326903,rad_pattern_17p3GHz.png
E,17.3,17.5,-5.145290694326903,rad_pattern_17p3GHz.png
E,17.3,18.0,-5.061207738176687,rad_pattern_17p3GHz.png
E,17.3,18.5,-4.942334268864219,rad_pattern_17p3GHz.png
E,17.3,19.0,-4.749333833375186,rad_pattern_17p3GHz.png
E,17.3,19.5,-4.562887336624723,rad_pattern_17p3GHz.png
E,17.3,20.0,-4.3906960569312155,rad_pattern_17p3GHz.png
E,17.3,20.5,-4.24904821977405,rad_pattern_17p3GHz.png
E,17.3,21.0,-4.14659562961976,rad_pattern_17p3GHz.png
E,17.3,21.5,-4.100696046799392,rad_pattern_17p3GHz.png
E,17.3,22.0,-4.100696046799392,rad_pattern_17p3GHz.png
E,17.3,22.5,-4.167770378062379,rad_pattern_17p3GHz.png
E,17.3,23.0,-4.30967777681801,rad_pattern_17p3GHz.png
E,17.3,23.5,-4.51462937885054,rad_pattern_17p3GHz.png
E,17.3,24.0,-4.786018100283659,rad_pattern_17p3GHz.png
E,17.3,24.5,-5.110032197195267,rad_pattern_17p3GHz.png
E,17.3,25.0,-5.541893672341516,rad_pattern_17p3GHz.png
E,17.3,25.5,-5.973789052179761,rad_pattern_17p3GHz.png
E,17.3,26.0,-6.518882819781073,rad_pattern_17p3GHz.png
E,17.3,26.5,-7.063613339899035,rad_pattern_17p3GHz.png
E,17.3,27.0,-7.63236911761582,rad_pattern_17p3GHz.png
E,17.3,27.5,-8.22518892007832,rad_pattern_17p3GHz.png
E,17.3,28.0,-8.791337825021689,rad_pattern_17p3GHz.png
E,17.3,28.5,-9.312989640913933,rad_pattern_17p3GHz.png
E,17.3,29.0,-9.729311830211312,rad_pattern_17p3GHz.png
E,17.3,29.5,-10.073883076587155,rad_pattern_17p3GHz.png
E,17.3,30.0,-10.285674343929838,rad_pattern_17p3GHz.png
E,17.3,30.5,-10.427294739656176,rad_pattern_17p3GHz.png
E,17.3,31.0,-10.427294739656176,rad_pattern_17p3GHz.png
E,17.3,31.5,-10.402570149867053,rad_pattern_17p3GHz.png
E,17.3,32.0,-10.31162977521787,rad_pattern_17p3GHz.png
E,17.3,32.5,-10.22859884368124,rad_pattern_17p3GHz.png
E,17.3,33.0,-10.143973805880982,rad_pattern_17p3GHz.png
E,17.3,33.5,-10.049374902071115,rad_pattern_17p3GHz.png
E,17.3,34.0,-9.98535405082206,rad_pattern_17p3GHz.png
E,17.3,34.5,-9.98535405082206,rad_pattern_17p3GHz.png
E,17.3,35.0,-10.011654547577976,rad_pattern_17p3GHz.png
E,17.3,35.5,-10.08620568380653,rad_pattern_17p3GHz.png
E,17.3,36.0,-10.205593212644349,rad_pattern_17p3GHz.png
E,17.3,36.5,-10.402735164489687,rad_pattern_17p3GHz.png
E,17.3,37.0,-10.692449852299756,rad_pattern_17p3GHz.png
E,17.3,37.5,-11.009421242937613,rad_pattern_17p3GHz.png
E,17.3,38.0,-11.41531540705014,rad_pattern_17p3GHz.png
E,17.3,38.5,-11.871437246017006,rad_pattern_17p3GHz.png
E,17.3,39.0,-12.398951261837986,rad_pattern_17p3GHz.png
E,17.3,39.5,-12.94752498906914,rad_pattern_17p3GHz.png
E,17.3,40.0,-13.572756404665725,rad_pattern_17p3GHz.png
E,17.3,40.5,-14.153361090717052,rad_pattern_17p3GHz.png
E,17.3,41.0,-14.701666832634817,rad_pattern_17p3GHz.png
E,17.3,41.5,-15.199316622584547,rad_pattern_17p3GHz.png
E,17.3,42.0,-15.49231630333613,rad_pattern_17p3GHz.png
E,17.3,42.5,-15.749334967093665,rad_pattern_17p3GHz.png
E,17.3,43.0,-15.749334967093665,rad_pattern_17p3GHz.png
E,17.3,43.5,-15.634882338400887,rad_pattern_17p3GHz.png
E,17.3,44.0,-15.35067343400054,rad_pattern_17p3GHz.png
E,17.3,44.5,-15.025986803057322,rad_pattern_17p3GHz.png
E,17.3,45.0,-14.71995769907683,rad_pattern_17p3GHz.png
E,17.3,45.5,-14.33129324933564,rad_pattern_17p3GHz.png
E,17.3,46.0,-13.981756486881768,rad_pattern_17p3GHz.png
E,17.3,46.5,-13.672210277067578,rad_pattern_17p3GHz.png
E,17.3,47.0,-13.441921411391505,rad_pattern_17p3GHz.png
E,17.3,47.5,-13.289836316804635,rad_pattern_17p3GHz.png
E,17.3,48.0,-13.16326151344007,rad_pattern_17p3GHz.png
E,17.3,48.5,-13.113338788571145,rad_pattern_17p3GHz.png
E,17.3,49.0,-13.099773313939341,rad_pattern_17p3GHz.png
E,17.3,49.5,-13.099773313939341,rad_pattern_17p3GHz.png
E,17.3,50.0,-13.180485721112994,rad_pattern_17p3GHz.png
E,17.3,50.5,-13.27312439418671,rad_pattern_17p3GHz.png
E,17.3,51.0,-13.329869215903006,rad_pattern_17p3GHz.png
E,17.3,51.5,-13.43341031566294,rad_pattern_17p3GHz.png
E,17.3,52.0,-13.494580312080934,rad_pattern_17p3GHz.png
E,17.3,52.5,-13.575675906382383,rad_pattern_17p3GHz.png
E,17.3,53.0,-13.629326287786274,rad_pattern_17p3GHz.png
E,17.3,53.5,-13.733066391682328,rad_pattern_17p3GHz.png
E,17.3,54.0,-13.869635268845773,rad_pattern_17p3GHz.png
E,17.3,54.5,-14.017806859264507,rad_pattern_17p3GHz.png
E,17.3,55.0,-14.231619570323272,rad_pattern_17p3GHz.png
E,17.3,55.5,-14.513266263705173,rad_pattern_17p3GHz.png
E,17.3,56.0,-14.844239945554747,rad_pattern_17p3GHz.png
E,17.3,56.5,-15.196943826084807,rad_pattern_17p3GHz.png
E,17.3,57.0,-15.668840284321817,rad_pattern_17p3GHz.png
E,17.3,57.5,-16.148232145252965,rad_pattern_17p3GHz.png
E,17.3,58.0,-16.657533608149695,rad_pattern_17p3GHz.png
E,17.3,58.5,-17.055447092081877,rad_pattern_17p3GHz.png
E,17.3,59.0,-17.502157379979153,rad_pattern_17p3GHz.png
E,17.3,59.5,-17.91823646395173,rad_pattern_17p3GHz.png
E,17.3,60.0,-18.27411273726829,rad_pattern_17p3GHz.png
E,17.3,60.5,-18.55372955588649,rad_pattern_17p3GHz.png
E,17.3,61.0,-18.843105369422112,rad_pattern_17p3GHz.png
E,17.3,61.5,-19.09015258724058,rad_pattern_17p3GHz.png
E,17.3,62.0,-19.352938836679137,rad_pattern_17p3GHz.png
E,17.3,62.5,-19.602098727945965,rad_pattern_17p3GHz.png
E,17.3,63.0,-19.823050455309527,rad_pattern_17p3GHz.png
E,17.3,63.5,-20.01700768205864,rad_pattern_17p3GHz.png
E,17.3,64.0,-20.24933088306009,rad_pattern_17p3GHz.png
E,17.3,64.5,-20.442557323727478,rad_pattern_17p3GHz.png
E,17.3,65.0,-20.621468597606157,rad_pattern_17p3GHz.png
E,17.3,65.5,-20.746640863249088,rad_pattern_17p3GHz.png
E,17.3,66.0,-20.85503881823356,rad_pattern_17p3GHz.png
E,17.3,66.5,-20.85503881823356,rad_pattern_17p3GHz.png
E,17.3,67.0,-20.710953777572936,rad_pattern_17p3GHz.png
E,17.3,67.5,-20.547036838246385,rad_pattern_17p3GHz.png
E,17.3,68.0,-20.359862173351658,rad_pattern_17p3GHz.png
E,17.3,68.5,-20.14527696795104,rad_pattern_17p3GHz.png
E,17.3,69.0,-19.930022242253607,rad_pattern_17p3GHz.png
E,17.3,69.5,-19.73453311392529,rad_pattern_17p3GHz.png
E,17.3,70.0,-19.554680972528516,rad_pattern_17p3GHz.png
E,17.3,70.5,-19.465472555824455,rad_pattern_17p3GHz.png
E,17.3,71.0,-19.465472555824455,rad_pattern_17p3GHz.png
E,17.3,71.5,-19.48601034568659,rad_pattern_17p3GHz.png
E,17.3,72.0,-19.558381876897215,rad_pattern_17p3GHz.png
E,17.3,72.5,-19.631007647091252,rad_pattern_17p3GHz.png
E,17.3,73.0,-19.698641399851383,rad_pattern_17p3GHz.png
E,17.3,73.5,-19.698641399851383,rad_pattern_17p3GHz.png
E,17.3,74.0,-19.611676399052314,rad_pattern_17p3GHz.png
E,17.3,74.5,-19.467843652813215,rad_pattern_17p3GHz.png
E,17.3,75.0,-19.356230676586026,rad_pattern_17p3GHz.png
E,17.3,75.5,-19.217772901901817,rad_pattern_17p3GHz.png
E,17.3,76.0,-19.105697608523982,rad_pattern_17p3GHz.png
E,17.3,76.5,-19.105697608523982,rad_pattern_17p3GHz.png
E,17.3,77.0,-19.13848431549212,rad_pattern_17p3GHz.png
E,17.3,77.5,-19.311227162617698,rad_pattern_17p3GHz.png
E,17.3,78.0,-19.539409892252912,rad_pattern_17p3GHz.png
E,17.3,78.5,-19.766829581518316,rad_pattern_17p3GHz.png
E,17.3,79.0,-20.049998926767195,rad_pattern_17p3GHz.png
E,17.3,79.5,-20.241910132994278,rad_pattern_17p3GHz.png
E,17.3,80.0,-20.404747062349717,rad_pattern_17p3GHz.png
E,17.3,80.5,-20.428992716932093,rad_pattern_17p3GHz.png
E,17.3,81.0,-20.428992716932093,rad_pattern_17p3GHz.png
E,17.3,81.5,-20.394057906946447,rad_pattern_17p3GHz.png
E,17.3,82.0,-20.259275400249663,rad_pattern_17p3GHz.png
E,17.3,82.5,-20.259275400249663,rad_pattern_17p3GHz.png
E,17.3,83.0,-20.31438672917251,rad_pattern_17p3GHz.png
E,17.3,83.5,-20.58632865331826,rad_pattern_17p3GHz.png
E,17.3,84.0,-20.863488889293716,rad_pattern_17p3GHz.png
E,17.3,84.5,-21.18831428683019,rad_pattern_17p3GHz.png
E,17.3,85.0,-21.4841210153554,rad_pattern_17p3GHz.png
E,17.3,85.5,-21.637691510108112,rad_pattern_17p3GHz.png
E,17.3,86.0,-21.876638104100444,rad_pattern_17p3GHz.png
E,17.3,86.5,-21.966852758004038,rad_pattern_17p3GHz.png
E,17.3,87.0,-21.966852758004038,rad_pattern_17p3GHz.png
E,17.3,87.5,-21.771001869135574,rad_pattern_17p3GHz.png
E,17.3,88.0,-21.572400103068375,rad_pattern_17p3GHz.png
E,17.3,88.5,-21.54703945091823,rad_pattern_17p3GHz.png
E,17.3,89.0,-21.54703945091823,rad_pattern_17p3GHz.png
E,17.3,89.5,-21.694035303533624,rad_pattern_17p3GHz.png
E,17.3,90.0,-22.04127502146276,rad_pattern_17p3GHz.png
E,17.3,90.5,-22.415899465836013,rad_pattern_17p3GHz.png
E,17.3,91.0,-22.588128590997123,rad_pattern_17p3GHz.png
E,17.3,91.5,-22.588128590997123,rad_pattern_17p3GHz.png
E,17.3,92.0,-22.931193564727394,rad_pattern_17p3GHz.png
E,17.3,92.5,-23.099019005680148,rad_pattern_17p3GHz.png
E,17.3,93.0,-23.099019005680148,rad_pattern_17p3GHz.png
E,17.3,93.5,-22.68988727057406,rad_pattern_17p3GHz.png
E,17.3,94.0,-22.628405897688943,rad_pattern_17p3GHz.png
E,17.3,94.5,-22.389172118306305,rad_pattern_17p3GHz.png
E,17.3,95.0,-22.389172118306305,rad_pattern_17p3GHz.png
E,17.3,95.5,-22.494235639971514,rad_pattern_17p3GHz.png
E,17.3,96.0,-22.77608303970196,rad_pattern_17p3GHz.png
E,17.3,96.5,-23.175231436252755,rad_pattern_17p3GHz.png
E,17.3,97.0,-23.48748650776055,rad_pattern_17p3GHz.png
E,17.3,97.5,-23.598641529932692,rad_pattern_17p3GHz.png
E,17.3,98.0,-23.963116820160497,rad_pattern_17p3GHz.png
E,17.3,98.5,-23.974177555131565,rad_pattern_17p3GHz.png
E,17.3,99.0,-23.974177555131565,rad_pattern_17p3GHz.png
E,17.3,99.5,-23.793667940498764,rad_pattern_17p3GHz.png
E,17.3,100.0,-23.68850585974706,rad_pattern_17p3GHz.png
E,17.3,100.5,-23.393764394684005,rad_pattern_17p3GHz.png
E,17.3,101.0,-23.23609469098747,rad_pattern_17p3GHz.png
E,17.3,101.5,-23.23609469098747,rad_pattern_17p3GHz.png
E,17.3,102.0,-23.61574805429044,rad_pattern_17p3GHz.png
E,17.3,102.5,-23.744710055863013,rad_pattern_17p3GHz.png
E,17.3,103.0,-24.026530874764013,rad_pattern_17p3GHz.png
E,17.3,103.5,-24.405569107842304,rad_pattern_17p3GHz.png
E,17.3,104.0,-24.58824541440342,rad_pattern_17p3GHz.png
E,17.3,104.5,-24.713375045752656,rad_pattern_17p3GHz.png
E,17.3,105.0,-24.713375045752656,rad_pattern_17p3GHz.png
E,17.3,105.5,-24.45976664952552,rad_pattern_17p3GHz.png
E,17.3,106.0,-24.360638847758608,rad_pattern_17p3GHz.png
E,17.3,106.5,-24.328149025341574,rad_pattern_17p3GHz.png
E,17.3,107.0,-24.211175182557245,rad_pattern_17p3GHz.png
E,17.3,107.5,-24.211175182557245,rad_pattern_17p3GHz.png
E,17.3,108.0,-24.504165103910562,rad_pattern_17p3GHz.png
E,17.3,108.5,-24.934209460316954,rad_pattern_17p3GHz.png
E,17.3,109.0,-25.125720729789364,rad_pattern_17p3GHz.png
E,17.3,109.5,-25.180306292390178,rad_pattern_17p3GHz.png
E,17.3,110.0,-25.553611958373168,rad_pattern_17p3GHz.png
E,17.3,110.5,-25.641574500809323,rad_pattern_17p3GHz.png
E,17.3,111.0,-25.641574500809323,rad_pattern_17p3GHz.png
E,17.3,111.5,-25.411071601931674,rad_pattern_17p3GHz.png
E,17.3,112.0,-25.260833652605115,rad_pattern_17p3GHz.png
E,17.3,112.5,-25.189818936757128,rad_pattern_17p3GHz.png
E,17.3,113.0,-25.147640126356436,rad_pattern_17p3GHz.png
E,17.3,113.5,-25.117233194183544,rad_pattern_17p3GHz.png
E,17.3,114.0,-25.117233194183544,rad_pattern_17p3GHz.png
E,17.3,114.5,-25.30160607794345,rad_pattern_17p3GHz.png
E,17.3,115.0,-25.509461567685555,rad_pattern_17p3GHz.png
E,17.3,115.5,-25.6400243684134,rad_pattern_17p3GHz.png
E,17.3,116.0,-25.950581221257252,rad_pattern_17p3GHz.png
E,17.3,116.5,-25.950581221257252,rad_pattern_17p3GHz.png
E,17.3,117.0,-25.89887353806941,rad_pattern_17p3GHz.png
E,17.3,117.5,-25.781991418909364,rad_pattern_17p3GHz.png
E,17.3,118.0,-25.664880217777228,rad_pattern_17p3GHz.png
E,17.3,118.5,-25.559106368375765,rad_pattern_17p3GHz.png
E,17.3,119.0,-25.556263765162033,rad_pattern_17p3GHz.png
E,17.3,119.5,-25.531081491432364,rad_pattern_17p3GHz.png
E,17.3,120.0,-25.398588077850867,rad_pattern_17p3GHz.png
E,17.3,120.5,-25.398588077850867,rad_pattern_17p3GHz.png
E,17.3,121.0,-25.444260170460907,rad_pattern_17p3GHz.png
E,17.3,121.5,-25.776177050090315,rad_pattern_17p3GHz.png
E,17.3,122.0,-25.954095369584877,rad_pattern_17p3GHz.png
E,17.3,122.5,-26.06736977008405,rad_pattern_17p3GHz.png
E,17.3,123.0,-26.33304836699931,rad_pattern_17p3GHz.png
E,17.3,123.5,-26.35718245996845,rad_pattern_17p3GHz.png
E,17.3,124.0,-26.517355662602444,rad_pattern_17p3GHz.png
E,17.3,124.5,-26.517355662602444,rad_pattern_17p3GHz.png
E,17.3,125.0,-26.517355662602444,rad_pattern_17p3GHz.png
E,17.3,125.5,-26.53181891260119,rad_pattern_17p3GHz.png
E,17.3,126.0,-26.74681217210647,rad_pattern_17p3GHz.png
E,17.3,126.5,-26.87430719499837,rad_pattern_17p3GHz.png
E,17.3,127.0,-26.943900162282638,rad_pattern_17p3GHz.png
E,17.3,127.5,-27.256065482825974,rad_pattern_17p3GHz.png
E,17.3,128.0,-27.365304012411254,rad_pattern_17p3GHz.png
E,17.3,128.5,-27.514580082782953,rad_pattern_17p3GHz.png
E,17.3,129.0,-27.722198293896085,rad_pattern_17p3GHz.png
E,17.3,129.5,-27.74842020707269,rad_pattern_17p3GHz.png
E,17.3,130.0,-27.74842020707269,rad_pattern_17p3GHz.png
E,17.3,130.5,-27.648281257216063,rad_pattern_17p3GHz.png
E,17.3,131.0,-27.569663628898297,rad_pattern_17p3GHz.png
E,17.3,131.5,-27.531254896609134,rad_pattern_17p3GHz.png
E,17.3,132.0,-27.531254896609134,rad_pattern_17p3GHz.png
E,17.3,132.5,-27.61485605078366,rad_pattern_17p3GHz.png
E,17.3,133.0,-27.61485605078366,rad_pattern_17p3GHz.png
E,17.3,133.5,-27.617303069907813,rad_pattern_17p3GHz.png
E,17.3,134.0,-27.617303069907813,rad_pattern_17p3GHz.png
E,17.3,134.5,-27.617303069907813,rad_pattern_17p3GHz.png
E,17.3,135.0,-27.944831079502972,rad_pattern_17p3GHz.png
E,17.3,135.5,-27.61730314887788,rad_pattern_17p3GHz.png
E,17.3,136.0,-27.61730314887788,rad_pattern_17p3GHz.png
E,17.3,136.5,-27.554328652090405,rad_pattern_17p3GHz.png
E,17.3,137.0,-27.53459861416659,rad_pattern_17p3GHz.png
E,17.3,137.5,-27.533165317619787,rad_pattern_17p3GHz.png
E,17.3,138.0,-27.490430139846204,rad_pattern_17p3GHz.png
E,17.3,138.5,-27.490430139846204,rad_pattern_17p3GHz.png
E,17.3,139.0,-27.64828278121201,rad_pattern_17p3GHz.png
E,17.3,139.5,-27.64828278121201,rad_pattern_17p3GHz.png
E,17.3,140.0,-27.64828278121201,rad_pattern_17p3GHz.png
E,17.3,140.5,-27.76284997242416,rad_pattern_17p3GHz.png
E,17.3,141.0,-27.766945883430488,rad_pattern_17p3GHz.png
E,17.3,141.5,-28.006630387447593,rad_pattern_17p3GHz.png
E,17.3,142.0,-28.128429696411192,rad_pattern_17p3GHz.png
E,17.3,142.5,-28.29070651531174,rad_pattern_17p3GHz.png
E,17.3,143.0,-28.325687496390703,rad_pattern_17p3GHz.png
E,17.3,143.5,-28.359875257777475,rad_pattern_17p3GHz.png
E,17.3,144.0,-28.44699211583724,rad_pattern_17p3GHz.png
E,17.3,144.5,-28.648883328748962,rad_pattern_17p3GHz.png
E,17.3,145.0,-28.810058686597525,rad_pattern_17p3GHz.png
E,17.3,145.5,-28.970864157671507,rad_pattern_17p3GHz.png
E,17.3,146.0,-28.970864157671507,rad_pattern_17p3GHz.png
E,17.3,146.5,-28.71431596151989,rad_pattern_17p3GHz.png
E,17.3,147.0,-27.038342292041587,rad_pattern_17p3GHz.png
E,17.3,147.5,-26.48416347240545,rad_pattern_17p3GHz.png
E,17.3,148.0,-26.330978640291733,rad_pattern_17p3GHz.png
E,17.3,148.5,-26.247382361481264,rad_pattern_17p3GHz.png
E,17.3,149.0,-26.23727266062302,rad_pattern_17p3GHz.png
E,17.3,149.5,-26.247382361481264,rad_pattern_17p3GHz.png
E,17.3,150.0,-26.25542150508,rad_pattern_17p3GHz.png
E,17.3,150.5,-26.25542150508,rad_pattern_17p3GHz.png
E,17.3,151.0,-26.25542150508,rad_pattern_17p3GHz.png
E,17.3,151.5,-26.42653048699943,rad_pattern_17p3GHz.png
E,17.3,152.0,-26.647697302711965,rad_pattern_17p3GHz.png
E,17.3,152.5,-26.68677410307204,rad_pattern_17p3GHz.png
E,17.3,153.0,-27.04966799190794,rad_pattern_17p3GHz.png
E,17.3,153.5,-27.075437973469,rad_pattern_17p3GHz.png
E,17.3,154.0,-27.04966799190794,rad_pattern_17p3GHz.png
E,17.3,154.5,-26.93258397144602,rad_pattern_17p3GHz.png
E,17.3,155.0,-25.780095880580298,rad_pattern_17p3GHz.png
E,17.3,155.5,-25.507413946617863,rad_pattern_17p3GHz.png
E,17.3,156.0,-25.363778149679124,rad_pattern_17p3GHz.png
E,17.3,156.5,-25.360597502871094,rad_pattern_17p3GHz.png
E,17.3,157.0,-25.360597502871094,rad_pattern_17p3GHz.png
E,17.3,157.5,-25.35205860636709,rad_pattern_17p3GHz.png
E,17.3,158.0,-25.35205860636709,rad_pattern_17p3GHz.png
E,17.3,158.5,-25.35205860636709,rad_pattern_17p3GHz.png
E,17.3,159.0,-25.523253451310854,rad_pattern_17p3GHz.png
E,17.3,159.5,-25.780483830906366,rad_pattern_17p3GHz.png
E,17.3,160.0,-26.08457767354086,rad_pattern_17p3GHz.png
E,17.3,160.5,-26.432600428084257,rad_pattern_17p3GHz.png
E,17.3,161.0,-26.59767585189394,rad_pattern_17p3GHz.png
E,17.3,161.5,-26.826431057501527,rad_pattern_17p3GHz.png
E,17.3,162.0,-27.53030007702283,rad_pattern_17p3GHz.png
E,17.3,162.5,-27.603136774412473,rad_pattern_17p3GHz.png
E,17.3,163.0,-27.885956393571213,rad_pattern_17p3GHz.png
E,17.3,163.5,-27.930246303049376,rad_pattern_17p3GHz.png
E,17.3,164.0,-27.930246303049376,rad_pattern_17p3GHz.png
E,17.3,164.5,-27.672074737197015,rad_pattern_17p3GHz.png
E,17.3,165.0,-27.672074737197015,rad_pattern_17p3GHz.png
E,17.3,165.5,-27.588397854447766,rad_pattern_17p3GHz.png
E,17.3,166.0,-27.57497109189045,rad_pattern_17p3GHz.png
E,17.3,166.5,-27.55376862443508,rad_pattern_17p3GHz.png
E,17.3,167.0,-27.55376862443508,rad_pattern_17p3GHz.png
E,17.3,167.5,-27.623182320775996,rad_pattern_17p3GHz.png
E,17.3,168.0,-27.623182320775996,rad_pattern_17p3GHz.png
E,17.3,168.5,-27.66375013717431,rad_pattern_17p3GHz.png
E,17.3,169.0,-27.73193244914533,rad_pattern_17p3GHz.png
E,17.3,169.5,-27.91317835357475,rad_pattern_17p3GHz.png
E,17.3,170.0,-27.951878014839313,rad_pattern_17p3GHz.png
E,17.3,170.5,-28.00884490738298,rad_pattern_17p3GHz.png
E,17.3,171.0,-28.132462380484522,rad_pattern_17p3GHz.png
E,17.3,171.5,-28.34132532298895,rad_pattern_17p3GHz.png
E,17.3,172.0,-28.521298851217644,rad_pattern_17p3GHz.png
E,17.3,172.5,-28.70082869288578,rad_pattern_17p3GHz.png
E,17.3,173.0,-28.732945536294913,rad_pattern_17p3GHz.png
E,17.3,173.5,-28.732945536294913,rad_pattern_17p3GHz.png
E,17.3,174.0,-28.73605594590972,rad_pattern_17p3GHz.png
E,17.3,174.5,-28.822316201367176,rad_pattern_17p3GHz.png
E,17.3,175.0,-29.05807309828237,rad_pattern_17p3GHz.png
E,17.3,175.5,-29.204510086849186,rad_pattern_17p3GHz.png
E,17.3,176.0,-29.204510086849186,rad_pattern_17p3GHz.png
E,17.3,176.5,-29.120024189450582,rad_pattern_17p3GHz.png
E,17.3,177.0,-29.120024189450582,rad_pattern_17p3GHz.png
E,17.3,177.5,-29.32489472608936,rad_pattern_17p3GHz.png
E,17.3,178.0,-29.32489472608936,rad_pattern_17p3GHz.png
E,17.3,178.5,-29.28677326266863,rad_pattern_17p3GHz.png
E,17.3,179.0,-29.28677326266863,rad_pattern_17p3GHz.png
E,17.3,179.5,-29.537579448002578,rad_pattern_17p3GHz.png
E,17.3,180.0,-29.56647364995306,rad_pattern_17p3GHz.png
E,17.3,180.5,-29.56647364995306,rad_pattern_17p3GHz.png
E,17.3,181.0,-29.34456166656959,rad_pattern_17p3GHz.png
E,17.3,181.5,-29.32489472608936,rad_pattern_17p3GHz.png
E,17.3,182.0,-29.32489472608936,rad_pattern_17p3GHz.png
E,17.3,182.5,-29.70040794280606,rad_pattern_17p3GHz.png
E,17.3,183.0,-29.70040794280606,rad_pattern_17p3GHz.png
E,17.3,183.5,-29.350797683540158,rad_pattern_17p3GHz.png
E,17.3,184.0,-29.350797683540158,rad_pattern_17p3GHz.png
E,17.3,184.5,-29.55260251500693,rad_pattern_17p3GHz.png
E,17.3,185.0,-29.55260251500693,rad_pattern_17p3GHz.png
E,17.3,185.5,-29.5212851101746,rad_pattern_17p3GHz.png
E,17.3,186.0,-29.51824623361477,rad_pattern_17p3GHz.png
E,17.3,186.5,-29.51824623361477,rad_pattern_17p3GHz.png
E,17.3,187.0,-29.51824623361477,rad_pattern_17p3GHz.png
E,17.3,187.5,-29.485999601924135,rad_pattern_17p3GHz.png
E,17.3,188.0,-29.485999601924135,rad_pattern_17p3GHz.png
E,17.3,188.5,-29.59619003877897,rad_pattern_17p3GHz.png
E,17.3,189.0,-29.62470352148878,rad_pattern_17p3GHz.png
E,17.3,189.5,-29.59619003877897,rad_pattern_17p3GHz.png
E,17.3,190.0,-29.62470352148878,rad_pattern_17p3GHz.png
E,17.3,190.5,-29.767056478293842,rad_pattern_17p3GHz.png
E,17.3,191.0,-29.767056478293842,rad_pattern_17p3GHz.png
E,17.3,191.5,-29.823848769064494,rad_pattern_17p3GHz.png
E,17.3,192.0,-30.056229637732073,rad_pattern_17p3GHz.png
E,17.3,192.5,-30.140880964055793,rad_pattern_17p3GHz.png
E,17.3,193.0,-30.169001425371345,rad_pattern_17p3GHz.png
E,17.3,193.5,-30.140880964055793,rad_pattern_17p3GHz.png
E,17.3,194.0,-29.811456399240246,rad_pattern_17p3GHz.png
E,17.3,194.5,-29.811456399240246,rad_pattern_17p3GHz.png
E,17.3,195.0,-29.74089067915841,rad_pattern_17p3GHz.png
E,17.3,195.5,-30.13387146842177,rad_pattern_17p3GHz.png
E,17.3,196.0,-30.72957326986024,rad_pattern_17p3GHz.png
E,17.3,196.5,-30.72957326986024,rad_pattern_17p3GHz.png
E,17.3,197.0,-30.638207624050594,rad_pattern_17p3GHz.png
E,17.3,197.5,-30.455417717306286,rad_pattern_17p3GHz.png
E,17.3,198.0,-29.413369687490068,rad_pattern_17p3GHz.png
E,17.3,198.5,-29.3585234419025,rad_pattern_17p3GHz.png
E,17.3,199.0,-29.413369687490068,rad_pattern_17p3GHz.png
E,17.3,199.5,-29.43102292911755,rad_pattern_17p3GHz.png
E,17.3,200.0,-29.46800206312631,rad_pattern_17p3GHz.png
E,17.3,200.5,-29.43102292911755,rad_pattern_17p3GHz.png
E,17.3,201.0,-29.447821696232015,rad_pattern_17p3GHz.png
E,17.3,201.5,-29.447821696232015,rad_pattern_17p3GHz.png
E,17.3,202.0,-29.501499288560467,rad_pattern_17p3GHz.png
E,17.3,202.5,-29.55486451589513,rad_pattern_17p3GHz.png
E,17.3,203.0,-29.501499288560467,rad_pattern_17p3GHz.png
E,17.3,203.5,-29.425812153791952,rad_pattern_17p3GHz.png
E,17.3,204.0,-29.16761450331277,rad_pattern_17p3GHz.png
E,17.3,204.5,-28.961961631417637,rad_pattern_17p3GHz.png
E,17.3,205.0,-28.832745164199025,rad_pattern_17p3GHz.png
E,17.3,205.5,-28.832745164199025,rad_pattern_17p3GHz.png
E,17.3,206.0,-28.820427468357902,rad_pattern_17p3GHz.png
E,17.3,206.5,-28.54925501156722,rad_pattern_17p3GHz.png
E,17.3,207.0,-28.34241626342258,rad_pattern_17p3GHz.png
E,17.3,207.5,-26.079497359076807,rad_pattern_17p3GHz.png
E,17.3,208.0,-25.884241705808673,rad_pattern_17p3GHz.png
E,17.3,208.5,-25.805937738315926,rad_pattern_17p3GHz.png
E,17.3,209.0,-25.789321723696446,rad_pattern_17p3GHz.png
E,17.3,209.5,-25.789321723696446,rad_pattern_17p3GHz.png
E,17.3,210.0,-25.79609178848079,rad_pattern_17p3GHz.png
E,17.3,210.5,-25.825222763136328,rad_pattern_17p3GHz.png
E,17.3,211.0,-25.830934618071904,rad_pattern_17p3GHz.png
E,17.3,211.5,-25.96936490211045,rad_pattern_17p3GHz.png
E,17.3,212.0,-26.147135600846134,rad_pattern_17p3GHz.png
E,17.3,212.5,-26.364447179207072,rad_pattern_17p3GHz.png
E,17.3,213.0,-26.749925533159,rad_pattern_17p3GHz.png
E,17.3,213.5,-26.749925533159,rad_pattern_17p3GHz.png
E,17.3,214.0,-26.18078377585164,rad_pattern_17p3GHz.png
E,17.3,214.5,-25.60326185894253,rad_pattern_17p3GHz.png
E,17.3,215.0,-25.177292383565362,rad_pattern_17p3GHz.png
E,17.3,215.5,-25.086874685313937,rad_pattern_17p3GHz.png
E,17.3,216.0,-25.086874685313937,rad_pattern_17p3GHz.png
E,17.3,216.5,-24.97215306289984,rad_pattern_17p3GHz.png
E,17.3,217.0,-25.134056191199555,rad_pattern_17p3GHz.png
E,17.3,217.5,-25.07592041918395,rad_pattern_17p3GHz.png
E,17.3,218.0,-25.134056191199555,rad_pattern_17p3GHz.png
E,17.3,218.5,-25.35204067586106,rad_pattern_17p3GHz.png
E,17.3,219.0,-25.545989963297245,rad_pattern_17p3GHz.png
E,17.3,219.5,-25.897766961690145,rad_pattern_17p3GHz.png
E,17.3,220.0,-26.20877085990362,rad_pattern_17p3GHz.png
E,17.3,220.5,-26.623001720301012,rad_pattern_17p3GHz.png
E,17.3,221.0,-26.892495021041245,rad_pattern_17p3GHz.png
E,17.3,221.5,-27.161628935851223,rad_pattern_17p3GHz.png
E,17.3,222.0,-27.44960349352568,rad_pattern_17p3GHz.png
E,17.3,222.5,-27.655700344067405,rad_pattern_17p3GHz.png
E,17.3,223.0,-27.984065062571837,rad_pattern_17p3GHz.png
E,17.3,223.5,-27.984065062571837,rad_pattern_17p3GHz.png
E,17.3,224.0,-28.19010887443507,rad_pattern_17p3GHz.png
E,17.3,224.5,-27.94428967384182,rad_pattern_17p3GHz.png
E,17.3,225.0,-28.108349728562306,rad_pattern_17p3GHz.png
E,17.3,225.5,-27.33118147968458,rad_pattern_17p3GHz.png
E,17.3,226.0,-27.33118147968458,rad_pattern_17p3GHz.png
E,17.3,226.5,-26.47205123031044,rad_pattern_17p3GHz.png
E,17.3,227.0,-25.856716476443594,rad_pattern_17p3GHz.png
E,17.3,227.5,-25.507020015815442,rad_pattern_17p3GHz.png
E,17.3,228.0,-25.320303262926668,rad_pattern_17p3GHz.png
E,17.3,228.5,-25.211920566727024,rad_pattern_17p3GHz.png
E,17.3,229.0,-25.154734998645054,rad_pattern_17p3GHz.png
E,17.3,229.5,-25.105458804068242,rad_pattern_17p3GHz.png
E,17.3,230.0,-24.691264889930256,rad_pattern_17p3GHz.png
E,17.3,230.5,-24.638763260024213,rad_pattern_17p3GHz.png
E,17.3,231.0,-24.571059297460415,rad_pattern_17p3GHz.png
E,17.3,231.5,-24.638763260024213,rad_pattern_17p3GHz.png
E,17.3,232.0,-24.832542351498972,rad_pattern_17p3GHz.png
E,17.3,232.5,-24.832542351498972,rad_pattern_17p3GHz.png
E,17.3,233.0,-24.735439152855275,rad_pattern_17p3GHz.png
E,17.3,233.5,-24.37685822180266,rad_pattern_17p3GHz.png
E,17.3,234.0,-24.3473708878996,rad_pattern_17p3GHz.png
E,17.3,234.5,-24.260181014058627,rad_pattern_17p3GHz.png
E,17.3,235.0,-24.078492057205604,rad_pattern_17p3GHz.png
E,17.3,235.5,-24.078492057205604,rad_pattern_17p3GHz.png
E,17.3,236.0,-24.10402111077109,rad_pattern_17p3GHz.png
E,17.3,236.5,-24.248590701306046,rad_pattern_17p3GHz.png
E,17.3,237.0,-24.448649091581956,rad_pattern_17p3GHz.png
E,17.3,237.5,-24.448649091581956,rad_pattern_17p3GHz.png
E,17.3,238.0,-24.38221303478409,rad_pattern_17p3GHz.png
E,17.3,238.5,-23.986563308725223,rad_pattern_17p3GHz.png
E,17.3,239.0,-23.78350153281582,rad_pattern_17p3GHz.png
E,17.3,239.5,-23.644498455903385,rad_pattern_17p3GHz.png
E,17.3,240.0,-23.41569107919699,rad_pattern_17p3GHz.png
E,17.3,240.5,-22.913881260571785,rad_pattern_17p3GHz.png
E,17.3,241.0,-22.790671233153617,rad_pattern_17p3GHz.png
E,17.3,241.5,-22.790671233153617,rad_pattern_17p3GHz.png
E,17.3,242.0,-22.79452535167679,rad_pattern_17p3GHz.png
E,17.3,242.5,-22.924943908166888,rad_pattern_17p3GHz.png
E,17.3,243.0,-23.003313673714523,rad_pattern_17p3GHz.png
E,17.3,243.5,-23.003313673714523,rad_pattern_17p3GHz.png
E,17.3,244.0,-22.77015348426425,rad_pattern_17p3GHz.png
E,17.3,244.5,-22.666020064271574,rad_pattern_17p3GHz.png
E,17.3,245.0,-22.535444055721367,rad_pattern_17p3GHz.png
E,17.3,245.5,-22.351873385387638,rad_pattern_17p3GHz.png
E,17.3,246.0,-22.331551201491514,rad_pattern_17p3GHz.png
E,17.3,246.5,-22.331551201491514,rad_pattern_17p3GHz.png
E,17.3,247.0,-22.494822497383783,rad_pattern_17p3GHz.png
E,17.3,247.5,-22.672817270261234,rad_pattern_17p3GHz.png
E,17.3,248.0,-22.73247722292916,rad_pattern_17p3GHz.png
E,17.3,248.5,-22.73247722292916,rad_pattern_17p3GHz.png
E,17.3,249.0,-22.731865984326106,rad_pattern_17p3GHz.png
E,17.3,249.5,-22.64413227217084,rad_pattern_17p3GHz.png
E,17.3,250.0,-22.454144122348637,rad_pattern_17p3GHz.png
E,17.3,250.5,-22.337308423718603,rad_pattern_17p3GHz.png
E,17.3,251.0,-22.13655828132528,rad_pattern_17p3GHz.png
E,17.3,251.5,-22.08212550031949,rad_pattern_17p3GHz.png
E,17.3,252.0,-22.08212550031949,rad_pattern_17p3GHz.png
E,17.3,252.5,-22.172782232863987,rad_pattern_17p3GHz.png
E,17.3,253.0,-22.179525249616415,rad_pattern_17p3GHz.png
E,17.3,253.5,-22.179525249616415,rad_pattern_17p3GHz.png
E,17.3,254.0,-22.12912174681839,rad_pattern_17p3GHz.png
E,17.3,254.5,-21.970037172103247,rad_pattern_17p3GHz.png
E,17.3,255.0,-21.866238504165693,rad_pattern_17p3GHz.png
E,17.3,255.5,-21.685445279619465,rad_pattern_17p3GHz.png
E,17.3,256.0,-21.61565661656919,rad_pattern_17p3GHz.png
E,17.3,256.5,-21.425987567797275,rad_pattern_17p3GHz.png
E,17.3,257.0,-21.417876901994376,rad_pattern_17p3GHz.png
E,17.3,257.5,-21.408779645537784,rad_pattern_17p3GHz.png
E,17.3,258.0,-21.39894684386039,rad_pattern_17p3GHz.png
E,17.3,258.5,-21.38813573626743,rad_pattern_17p3GHz.png
E,17.3,259.0,-21.319809112259,rad_pattern_17p3GHz.png
E,17.3,259.5,-21.23988748662594,rad_pattern_17p3GHz.png
E,17.3,260.0,-21.136489228306466,rad_pattern_17p3GHz.png
E,17.3,260.5,-21.094367891803373,rad_pattern_17p3GHz.png
E,17.3,261.0,-20.96557861992703,rad_pattern_17p3GHz.png
E,17.3,261.5,-20.86431073667953,rad_pattern_17p3GHz.png
E,17.3,262.0,-20.725324143167295,rad_pattern_17p3GHz.png
E,17.3,262.5,-20.683572525874972,rad_pattern_17p3GHz.png
E,17.3,263.0,-20.601259976345247,rad_pattern_17p3GHz.png
E,17.3,263.5,-20.43608831024007,rad_pattern_17p3GHz.png
E,17.3,264.0,-20.39154360767182,rad_pattern_17p3GHz.png
E,17.3,264.5,-20.227722175966218,rad_pattern_17p3GHz.png
E,17.3,265.0,-20.18310837334107,rad_pattern_17p3GHz.png
E,17.3,265.5,-20.13438257158576,rad_pattern_17p3GHz.png
E,17.3,266.0,-20.130089183389153,rad_pattern_17p3GHz.png
E,17.3,266.5,-20.113200236924598,rad_pattern_17p3GHz.png
E,17.3,267.0,-20.089233388792813,rad_pattern_17p3GHz.png
E,17.3,267.5,-19.980417743704745,rad_pattern_17p3GHz.png
E,17.3,268.0,-19.922648120737435,rad_pattern_17p3GHz.png
E,17.3,268.5,-19.754670516245874,rad_pattern_17p3GHz.png
E,17.3,269.0,-19.525508501019992,rad_pattern_17p3GHz.png
E,17.3,269.5,-19.525508501019992,rad_pattern_17p3GHz.png
E,17.3,270.0,-19.352938836679137,rad_pattern_17p3GHz.png
E,17.3,270.5,-19.236461193092484,rad_pattern_17p3GHz.png
E,17.3,271.0,-19.20614166763397,rad_pattern_17p3GHz.png
E,17.3,271.5,-19.118176307272876,rad_pattern_17p3GHz.png
E,17.3,272.0,-19.115791709195825,rad_pattern_17p3GHz.png
E,17.3,272.5,-19.051308531107107,rad_pattern_17p3GHz.png
E,17.3,273.0,-18.929999454020326,rad_pattern_17p3GHz.png
E,17.3,273.5,-18.753548738397477,rad_pattern_17p3GHz.png
E,17.3,274.0,-18.515474038404236,rad_pattern_17p3GHz.png
E,17.3,274.5,-18.27437493773455,rad_pattern_17p3GHz.png
E,17.3,275.0,-18.0896854416277,rad_pattern_17p3GHz.png
E,17.3,275.5,-17.906448951995884,rad_pattern_17p3GHz.png
E,17.3,276.0,-17.66495718419385,rad_pattern_17p3GHz.png
E,17.3,276.5,-17.534560627505023,rad_pattern_17p3GHz.png
E,17.3,277.0,-17.467244301120623,rad_pattern_17p3GHz.png
E,17.3,277.5,-17.442010463544037,rad_pattern_17p3GHz.png
E,17.3,278.0,-17.340399980545456,rad_pattern_17p3GHz.png
E,17.3,278.5,-17.22944162299442,rad_pattern_17p3GHz.png
E,17.3,279.0,-17.097363230059297,rad_pattern_17p3GHz.png
E,17.3,279.5,-16.893164372754576,rad_pattern_17p3GHz.png
E,17.3,280.0,-16.655440929901424,rad_pattern_17p3GHz.png
E,17.3,280.5,-16.477360924846742,rad_pattern_17p3GHz.png
E,17.3,281.0,-16.257103147988783,rad_pattern_17p3GHz.png
E,17.3,281.5,-16.05353742837945,rad_pattern_17p3GHz.png
E,17.3,282.0,-15.905312036230802,rad_pattern_17p3GHz.png
E,17.3,282.5,-15.755680357926426,rad_pattern_17p3GHz.png
E,17.3,283.0,-15.717327806649898,rad_pattern_17p3GHz.png
E,17.3,283.5,-15.64123353747389,rad_pattern_17p3GHz.png
E,17.3,284.0,-15.628160348765718,rad_pattern_17p3GHz.png
E,17.3,284.5,-15.613351037039426,rad_pattern_17p3GHz.png
E,17.3,285.0,-15.53528988978901,rad_pattern_17p3GHz.png
E,17.3,285.5,-15.434027982394776,rad_pattern_17p3GHz.png
E,17.3,286.0,-15.339273695375699,rad_pattern_17p3GHz.png
E,17.3,286.5,-15.20750366662742,rad_pattern_17p3GHz.png
E,17.3,287.0,-15.091485416435296,rad_pattern_17p3GHz.png
E,17.3,287.5,-14.976780288402267,rad_pattern_17p3GHz.png
E,17.3,288.0,-14.869089696677495,rad_pattern_17p3GHz.png
E,17.3,288.5,-14.805722243806102,rad_pattern_17p3GHz.png
E,17.3,289.0,-14.777836222937392,rad_pattern_17p3GHz.png
E,17.3,289.5,-14.777836222937392,rad_pattern_17p3GHz.png
E,17.3,290.0,-14.790694381774568,rad_pattern_17p3GHz.png
E,17.3,290.5,-14.838821844821872,rad_pattern_17p3GHz.png
E,17.3,291.0,-14.841089385921578,rad_pattern_17p3GHz.png
E,17.3,291.5,-14.862987645680807,rad_pattern_17p3GHz.png
E,17.3,292.0,-14.883470410531086,rad_pattern_17p3GHz.png
E,17.3,292.5,-14.862987645680807,rad_pattern_17p3GHz.png
E,17.3,293.0,-14.838822528979549,rad_pattern_17p3GHz.png
E,17.3,293.5,-14.812006389079052,rad_pattern_17p3GHz.png
E,17.3,294.0,-14.794396325882321,rad_pattern_17p3GHz.png
E,17.3,294.5,-14.746502987380765,rad_pattern_17p3GHz.png
E,17.3,295.0,-14.725683567887359,rad_pattern_17p3GHz.png
E,17.3,295.5,-14.688423372008842,rad_pattern_17p3GHz.png
E,17.3,296.0,-14.66471656899068,rad_pattern_17p3GHz.png
E,17.3,296.5,-14.639106696407179,rad_pattern_17p3GHz.png
E,17.3,297.0,-14.574388001993285,rad_pattern_17p3GHz.png
E,17.3,297.5,-14.468708092656694,rad_pattern_17p3GHz.png
E,17.3,298.0,-14.375789133386856,rad_pattern_17p3GHz.png
E,17.3,298.5,-14.242966534378311,rad_pattern_17p3GHz.png
E,17.3,299.0,-14.092574626883628,rad_pattern_17p3GHz.png
E,17.3,299.5,-13.906922694476805,rad_pattern_17p3GHz.png
E,17.3,300.0,-13.702566075686462,rad_pattern_17p3GHz.png
E,17.3,300.5,-13.496391069507546,rad_pattern_17p3GHz.png
E,17.3,301.0,-13.268610068465506,rad_pattern_17p3GHz.png
E,17.3,301.5,-13.069045924251022,rad_pattern_17p3GHz.png
E,17.3,302.0,-12.857919377037398,rad_pattern_17p3GHz.png
E,17.3,302.5,-12.627506114758003,rad_pattern_17p3GHz.png
E,17.3,303.0,-12.43064031816277,rad_pattern_17p3GHz.png
E,17.3,303.5,-12.23863954066626,rad_pattern_17p3GHz.png
E,17.3,304.0,-12.037976749449285,rad_pattern_17p3GHz.png
E,17.3,304.5,-11.85134185898157,rad_pattern_17p3GHz.png
E,17.3,305.0,-11.66461018198174,rad_pattern_17p3GHz.png
E,17.3,305.5,-11.4772660289795,rad_pattern_17p3GHz.png
E,17.3,306.0,-11.268348924344433,rad_pattern_17p3GHz.png
E,17.3,306.5,-11.102122413535884,rad_pattern_17p3GHz.png
E,17.3,307.0,-10.906308999559837,rad_pattern_17p3GHz.png
E,17.3,307.5,-10.755488781466262,rad_pattern_17p3GHz.png
E,17.3,308.0,-10.588934186151558,rad_pattern_17p3GHz.png
E,17.3,308.5,-10.476628954346868,rad_pattern_17p3GHz.png
E,17.3,309.0,-10.37702646367558,rad_pattern_17p3GHz.png
E,17.3,309.5,-10.330315653081072,rad_pattern_17p3GHz.png
E,17.3,310.0,-10.32700123105332,rad_pattern_17p3GHz.png
E,17.3,310.5,-10.32700123105332,rad_pattern_17p3GHz.png
E,17.3,311.0,-10.396859648862986,rad_pattern_17p3GHz.png
E,17.3,311.5,-10.451033130664314,rad_pattern_17p3GHz.png
E,17.3,312.0,-10.578309104939198,rad_pattern_17p3GHz.png
E,17.3,312.5,-10.635135826901756,rad_pattern_17p3GHz.png
E,17.3,313.0,-10.72427404324522,rad_pattern_17p3GHz.png
E,17.3,313.5,-10.767485079641553,rad_pattern_17p3GHz.png
E,17.3,314.0,-10.767485079641553,rad_pattern_17p3GHz.png
E,17.3,314.5,-10.651529913772997,rad_pattern_17p3GHz.png
E,17.3,315.0,-10.447947429039306,rad_pattern_17p3GHz.png
E,17.3,315.5,-10.222059971415312,rad_pattern_17p3GHz.png
E,17.3,316.0,-9.914284740865561,rad_pattern_17p3GHz.png
E,17.3,316.5,-9.520480386025891,rad_pattern_17p3GHz.png
E,17.3,317.0,-9.122181481055733,rad_pattern_17p3GHz.png
E,17.3,317.5,-8.706660531618795,rad_pattern_17p3GHz.png
E,17.3,318.0,-8.229959083738859,rad_pattern_17p3GHz.png
E,17.3,318.5,-7.79125298306181,rad_pattern_17p3GHz.png
E,17.3,319.0,-7.364813418448001,rad_pattern_17p3GHz.png
E,17.3,319.5,-6.97636833971988,rad_pattern_17p3GHz.png
E,17.3,320.0,-6.5961143037572185,rad_pattern_17p3GHz.png
E,17.3,320.5,-6.252019506136506,rad_pattern_17p3GHz.png
E,17.3,321.0,-5.916465149982621,rad_pattern_17p3GHz.png
E,17.3,321.5,-5.659524349735989,rad_pattern_17p3GHz.png
E,17.3,322.0,-5.432305059820397,rad_pattern_17p3GHz.png
E,17.3,322.5,-5.244419670303021,rad_pattern_17p3GHz.png
E,17.3,323.0,-5.090086128714194,rad_pattern_17p3GHz.png
E,17.3,323.5,-4.974254019196366,rad_pattern_17p3GHz.png
E,17.3,324.0,-4.913586624647049,rad_pattern_17p3GHz.png
E,17.3,324.5,-4.877298340252473,rad_pattern_17p3GHz.png
E,17.3,325.0,-4.877298340252473,rad_pattern_17p3GHz.png
E,17.3,325.5,-4.917777834922131,rad_pattern_17p3GHz.png
E,17.3,326.0,-4.99035782053172,rad_pattern_17p3GHz.png
E,17.3,326.5,-5.070734662182048,rad_pattern_17p3GHz.png
E,17.3,327.0,-5.165733164863095,rad_pattern_17p3GHz.png
E,17.3,327.5,-5.280089220993602,rad_pattern_17p3GHz.png
E,17.3,328.0,-5.372345656611159,rad_pattern_17p3GHz.png
E,17.3,328.5,-5.429432518615954,rad_pattern_17p3GHz.png
E,17.3,329.0,-5.42946521514537,rad_pattern_17p3GHz.png
E,17.3,329.5,-5.42946521514537,rad_pattern_17p3GHz.png
E,17.3,330.0,-5.323252711811733,rad_pattern_17p3GHz.png
E,17.3,330.5,-5.16224333707958,rad_pattern_17p3GHz.png
E,17.3,331.0,-4.950373268487461,rad_pattern_17p3GHz.png
E,17.3,331.5,-4.671078146222374,rad_pattern_17p3GHz.png
E,17.3,332.0,-4.379127189437739,rad_pattern_17p3GHz.png
E,17.3,332.5,-4.035615362760225,rad_pattern_17p3GHz.png
E,17.3,333.0,-3.7145897863851225,rad_pattern_17p3GHz.png
E,17.3,333.5,-3.3791231903261334,rad_pattern_17p3GHz.png
E,17.3,334.0,-3.0798532557969978,rad_pattern_17p3GHz.png
E,17.3,334.5,-2.8045920242273077,rad_pattern_17p3GHz.png
E,17.3,335.0,-2.550052020040166,rad_pattern_17p3GHz.png
E,17.3,335.5,-2.301376908152495,rad_pattern_17p3GHz.png
E,17.3,336.0,-2.12100387277124,rad_pattern_17p3GHz.png
E,17.3,336.5,-1.9673860652162958,rad_pattern_17p3GHz.png
E,17.3,337.0,-1.8459662207416905,rad_pattern_17p3GHz.png
E,17.3,337.5,-1.7639382299533324,rad_pattern_17p3GHz.png
E,17.3,338.0,-1.7115373241184066,rad_pattern_17p3GHz.png
E,17.3,338.5,-1.679549370098787,rad_pattern_17p3GHz.png
E,17.3,339.0,-1.6706109915171687,rad_pattern_17p3GHz.png
E,17.3,339.5,-1.6665985034983635,rad_pattern_17p3GHz.png
E,17.3,340.0,-1.6665985034983635,rad_pattern_17p3GHz.png
E,17.3,340.5,-1.6665985034983635,rad_pattern_17p3GHz.png
E,17.3,341.0,-1.6508675738674334,rad_pattern_17p3GHz.png
E,17.3,341.5,-1.6058501859321161,rad_pattern_17p3GHz.png
E,17.3,342.0,-1.5500451969354323,rad_pattern_17p3GHz.png
E,17.3,342.5,-1.4567999511967535,rad_pattern_17p3GHz.png
E,17.3,343.0,-1.3410422740175818,rad_pattern_17p3GHz.png
E,17.3,343.5,-1.189422296331415,rad_pattern_17p3GHz.png
E,17.3,344.0,-1.0207716170860053,rad_pattern_17p3GHz.png
E,17.3,344.5,-0.8532016838516014,rad_pattern_17p3GHz.png
E,17.3,345.0,-0.6704791652606481,rad_pattern_17p3GHz.png
E,17.3,345.5,-0.4907379606667597,rad_pattern_17p3GHz.png
E,17.3,346.0,-0.33713844880680455,rad_pattern_17p3GHz.png
E,17.3,346.5,-0.20281173688819365,rad_pattern_17p3GHz.png
E,17.3,347.0,-0.09352713117005251,rad_pattern_17p3GHz.png
E,17.3,347.5,-0.0191247495734288,rad_pattern_17p3GHz.png
E,17.3,348.0,0.0,rad_pattern_17p3GHz.png
E,17.3,348.5,0.0,rad_pattern_17p3GHz.png
E,17.3,349.0,-0.06091699677443785,rad_pattern_17p3GHz.png
E,17.3,349.5,-0.18850326929056038,rad_pattern_17p3GHz.png
E,17.3,350.0,-0.3639114636617258,rad_pattern_17p3GHz.png
E,17.3,350.5,-0.5835498931820204,rad_pattern_17p3GHz.png
E,17.3,351.0,-0.8671048706316284,rad_pattern_17p3GHz.png
E,17.3,351.5,-1.174865199652512,rad_pattern_17p3GHz.png
E,17.3,352.0,-1.531514454400785,rad_pattern_17p3GHz.png
E,17.3,352.5,-1.9708929835173237,rad_pattern_17p3GHz.png
E,17.3,353.0,-2.40136917776298,rad_pattern_17p3GHz.png
E,17.3,353.5,-2.8881363620856426,rad_pattern_17p3GHz.png
E,17.3,354.0,-3.3800873944978527,rad_pattern_17p3GHz.png
E,17.3,354.5,-3.8839362430962225,rad_pattern_17p3GHz.png
E,17.3,355.0,-4.372792191067877,rad_pattern_17p3GHz.png
E,17.3,355.5,-4.876508876108684,rad_pattern_17p3GHz.png
E,17.3,356.0,-5.3283541448553216,rad_pattern_17p3GHz.png
E,17.3,356.5,-5.747380866976368,rad_pattern_17p3GHz.png
E,17.3,357.0,-6.137237223220929,rad_pattern_17p3GHz.png
E,17.3,357.5,-6.464808780223766,rad_pattern_17p3GHz.png
E,17.3,358.0,-6.709019952801313,rad_pattern_17p3GHz.png
E,17.3,358.5,-6.884904382337105,rad_pattern_17p3GHz.png
E,17.3,359.0,-7.065775004624967,rad_pattern_17p3GHz.png
E,17.3,359.5,-7.065775004624967,rad_pattern_17p3GHz.png
E,18.3,0.0,-6.075506263883092,rad_pattern_18p3GHz.png
E,18.3,0.5,-5.958517761698367,rad_pattern_18p3GHz.png
E,18.3,1.0,-5.783206716547419,rad_pattern_18p3GHz.png
E,18.3,1.5,-5.605073796570817,rad_pattern_18p3GHz.png
E,18.3,2.0,-5.4229103014411955,rad_pattern_18p3GHz.png
E,18.3,2.5,-5.241544211244111,rad_pattern_18p3GHz.png
E,18.3,3.0,-5.05416636331481,rad_pattern_18p3GHz.png
E,18.3,3.5,-4.9214910373089715,rad_pattern_18p3GHz.png
E,18.3,4.0,-4.798365190003789,rad_pattern_18p3GHz.png
E,18.3,4.5,-4.719172492488315,rad_pattern_18p3GHz.png
E,18.3,5.0,-4.6731979228189005,rad_pattern_18p3GHz.png
E,18.3,5.5,-4.6731979228189005,rad_pattern_18p3GHz.png
E,18.3,6.0,-4.702888160479439,rad_pattern_18p3GHz.png
E,18.3,6.5,-4.7982064911043025,rad_pattern_18p3GHz.png
E,18.3,7.0,-4.953129015551909,rad_pattern_18p3GHz.png
E,18.3,7.5,-5.1144312640162894,rad_pattern_18p3GHz.png
E,18.3,8.0,-5.374440922971466,rad_pattern_18p3GHz.png
E,18.3,8.5,-5.672383885599238,rad_pattern_18p3GHz.png
E,18.3,9.0,-6.001963511794536,rad_pattern_18p3GHz.png
E,18.3,9.5,-6.378476647487872,rad_pattern_18p3GHz.png
E,18.3,10.0,-6.815128555331416,rad_pattern_18p3GHz.png
E,18.3,10.5,-7.250247333388035,rad_pattern_18p3GHz.png
E,18.3,11.0,-7.712945472432768,rad_pattern_18p3GHz.png
E,18.3,11.5,-8.149245243262474,rad_pattern_18p3GHz.png
E,18.3,12.0,-8.555696496229679,rad_pattern_18p3GHz.png
E,18.3,12.5,-8.926478204435096,rad_pattern_18p3GHz.png
E,18.3,13.0,-9.204618741267065,rad_pattern_18p3GHz.png
E,18.3,13.5,-9.452399263116874,rad_pattern_18p3GHz.png
E,18.3,14.0,-9.600137291501532,rad_pattern_18p3GHz.png
E,18.3,14.5,-9.676744903562902,rad_pattern_18p3GHz.png
E,18.3,15.0,-9.676744903562902,rad_pattern_18p3GHz.png
E,18.3,15.5,-9.651100100275915,rad_pattern_18p3GHz.png
E,18.3,16.0,-9.608636009975115,rad_pattern_18p3GHz.png
E,18.3,16.5,-9.499770447787597,rad_pattern_18p3GHz.png
E,18.3,17.0,-9.44080275937539,rad_pattern_18p3GHz.png
E,18.3,17.5,-9.423632873969183,rad_pattern_18p3GHz.png
E,18.3,18.0,-9.423632873969183,rad_pattern_18p3GHz.png
E,18.3,18.5,-9.436568674812246,rad_pattern_18p3GHz.png
E,18.3,19.0,-9.509079450573608,rad_pattern_18p3GHz.png
E,18.3,19.5,-9.643323573646438,rad_pattern_18p3GHz.png
E,18.3,20.0,-9.812047284407349,rad_pattern_18p3GHz.png
E,18.3,20.5,-10.042910408903428,rad_pattern_18p3GHz.png
E,18.3,21.0,-10.377550354703118,rad_pattern_18p3GHz.png
E,18.3,21.5,-10.659120342708878,rad_pattern_18p3GHz.png
E,18.3,22.0,-11.110239274733246,rad_pattern_18p3GHz.png
E,18.3,22.5,-11.494438464156115,rad_pattern_18p3GHz.png
E,18.3,23.0,-11.988053208174833,rad_pattern_18p3GHz.png
E,18.3,23.5,-12.420744882992079,rad_pattern_18p3GHz.png
E,18.3,24.0,-12.913955657203779,rad_pattern_18p3GHz.png
E,18.3,24.5,-13.283608308803736,rad_pattern_18p3GHz.png
E,18.3,25.0,-13.679734706719884,rad_pattern_18p3GHz.png
E,18.3,25.5,-13.965912931002276,rad_pattern_18p3GHz.png
E,18.3,26.0,-14.17625107452604,rad_pattern_18p3GHz.png
E,18.3,26.5,-14.331853891279124,rad_pattern_18p3GHz.png
E,18.3,27.0,-14.434993630580362,rad_pattern_18p3GHz.png
E,18.3,27.5,-14.484896198779516,rad_pattern_18p3GHz.png
E,18.3,28.0,-14.509300613052712,rad_pattern_18p3GHz.png
E,18.3,28.5,-14.580307103835242,rad_pattern_18p3GHz.png
E,18.3,29.0,-14.679012571349212,rad_pattern_18p3GHz.png
E,18.3,29.5,-14.798859376192866,rad_pattern_18p3GHz.png
E,18.3,30.0,-14.970266733045733,rad_pattern_18p3GHz.png
E,18.3,30.5,-15.188664799654964,rad_pattern_18p3GHz.png
E,18.3,31.0,-15.477068422486521,rad_pattern_18p3GHz.png
E,18.3,31.5,-15.80392975539002,rad_pattern_18p3GHz.png
E,18.3,32.0,-16.227759138665437,rad_pattern_18p3GHz.png
E,18.3,32.5,-16.760149421229404,rad_pattern_18p3GHz.png
E,18.3,33.0,-17.387034625806127,rad_pattern_18p3GHz.png
E,18.3,33.5,-18.229823593405744,rad_pattern_18p3GHz.png
E,18.3,34.0,-19.88940201015554,rad_pattern_18p3GHz.png
E,18.3,34.5,-21.155486918940927,rad_pattern_18p3GHz.png
E,18.3,35.0,-21.778900255328683,rad_pattern_18p3GHz.png
E,18.3,35.5,-22.39414749176939,rad_pattern_18p3GHz.png
E,18.3,36.0,-23.250898343817322,rad_pattern_18p3GHz.png
E,18.3,36.5,-24.07869924907502,rad_pattern_18p3GHz.png
E,18.3,37.0,-24.07869924907502,rad_pattern_18p3GHz.png
E,18.3,37.5,-23.69122330111922,rad_pattern_18p3GHz.png
E,18.3,38.0,-23.18707750583063,rad_pattern_18p3GHz.png
E,18.3,38.5,-22.474378367051838,rad_pattern_18p3GHz.png
E,18.3,39.0,-21.82436744794124,rad_pattern_18p3GHz.png
E,18.3,39.5,-21.07412209542463,rad_pattern_18p3GHz.png
E,18.3,40.0,-20.2416015832617,rad_pattern_18p3GHz.png
E,18.3,40.5,-19.5899150905716,rad_pattern_18p3GHz.png
E,18.3,41.0,-18.946947651462278,rad_pattern_18p3GHz.png
E,18.3,41.5,-18.416772743451244,rad_pattern_18p3GHz.png
E,18.3,42.0,-17.914977368468932,rad_pattern_18p3GHz.png
E,18.3,42.5,-17.512551903126923,rad_pattern_18p3GHz.png
E,18.3,43.0,-17.21137281025152,rad_pattern_18p3GHz.png
E,18.3,43.5,-17.02909312641373,rad_pattern_18p3GHz.png
E,18.3,44.0,-16.86838095602121,rad_pattern_18p3GHz.png
E,18.3,44.5,-16.76759053669841,rad_pattern_18p3GHz.png
E,18.3,45.0,-16.76759053669841,rad_pattern_18p3GHz.png
E,18.3,45.5,-16.767939433528834,rad_pattern_18p3GHz.png
E,18.3,46.0,-16.889170583590804,rad_pattern_18p3GHz.png
E,18.3,46.5,-17.08991892164655,rad_pattern_18p3GHz.png
E,18.3,47.0,-17.31146936265454,rad_pattern_18p3GHz.png
E,18.3,47.5,-17.693616079957327,rad_pattern_18p3GHz.png
E,18.3,48.0,-18.01818661929023,rad_pattern_18p3GHz.png
E,18.3,48.5,-18.503447026010587,rad_pattern_18p3GHz.png
E,18.3,49.0,-18.990550733428424,rad_pattern_18p3GHz.png
E,18.3,49.5,-19.492940489774927,rad_pattern_18p3GHz.png
E,18.3,50.0,-20.01934144920506,rad_pattern_18p3GHz.png
E,18.3,50.5,-20.45984045208858,rad_pattern_18p3GHz.png
E,18.3,51.0,-20.84432200567404,rad_pattern_18p3GHz.png
E,18.3,51.5,-21.277852678094174,rad_pattern_18p3GHz.png
E,18.3,52.0,-21.66585098553156,rad_pattern_18p3GHz.png
E,18.3,52.5,-22.124381087995044,rad_pattern_18p3GHz.png
E,18.3,53.0,-22.552404691930338,rad_pattern_18p3GHz.png
E,18.3,53.5,-23.246166154662646,rad_pattern_18p3GHz.png
E,18.3,54.0,-24.043608207145507,rad_pattern_18p3GHz.png
E,18.3,54.5,-24.36663317125379,rad_pattern_18p3GHz.png
E,18.3,55.0,-24.618287980716826,rad_pattern_18p3GHz.png
E,18.3,55.5,-25.06804237381443,rad_pattern_18p3GHz.png
E,18.3,56.0,-25.413310764354293,rad_pattern_18p3GHz.png
E,18.3,56.5,-25.782243083785847,rad_pattern_18p3GHz.png
E,18.3,57.0,-26.10263019622334,rad_pattern_18p3GHz.png
E,18.3,57.5,-26.26889980573761,rad_pattern_18p3GHz.png
E,18.3,58.0,-26.26889980573761,rad_pattern_18p3GHz.png
E,18.3,58.5,-26.066251756254374,rad_pattern_18p3GHz.png
E,18.3,59.0,-25.768832658111325,rad_pattern_18p3GHz.png
E,18.3,59.5,-25.500980518625642,rad_pattern_18p3GHz.png
E,18.3,60.0,-25.128474312061922,rad_pattern_18p3GHz.png
E,18.3,60.5,-24.691083035153742,rad_pattern_18p3GHz.png
E,18.3,61.0,-24.345932483789813,rad_pattern_18p3GHz.png
E,18.3,61.5,-23.764535929019985,rad_pattern_18p3GHz.png
E,18.3,62.0,-23.261500354959402,rad_pattern_18p3GHz.png
E,18.3,62.5,-22.72055029983917,rad_pattern_18p3GHz.png
E,18.3,63.0,-22.256436409016413,rad_pattern_18p3GHz.png
E,18.3,63.5,-21.94628857621468,rad_pattern_18p3GHz.png
E,18.3,64.0,-21.62253779227287,rad_pattern_18p3GHz.png
E,18.3,64.5,-21.62253779227287,rad_pattern_18p3GHz.png
E,18.3,65.0,-21.761773218371882,rad_pattern_18p3GHz.png
E,18.3,65.5,-21.915249450764716,rad_pattern_18p3GHz.png
E,18.3,66.0,-22.01564252528944,rad_pattern_18p3GHz.png
E,18.3,66.5,-22.138297909161157,rad_pattern_18p3GHz.png
E,18.3,67.0,-22.138297909161157,rad_pattern_18p3GHz.png
E,18.3,67.5,-22.11882722511182,rad_pattern_18p3GHz.png
E,18.3,68.0,-21.980176212879773,rad_pattern_18p3GHz.png
E,18.3,68.5,-21.845849722126456,rad_pattern_18p3GHz.png
E,18.3,69.0,-21.732059269416897,rad_pattern_18p3GHz.png
E,18.3,69.5,-21.708451730688306,rad_pattern_18p3GHz.png
E,18.3,70.0,-21.708451730688306,rad_pattern_18p3GHz.png
E,18.3,70.5,-21.985098561837983,rad_pattern_18p3GHz.png
E,18.3,71.0,-22.225067209374956,rad_pattern_18p3GHz.png
E,18.3,71.5,-22.59070947719618,rad_pattern_18p3GHz.png
E,18.3,72.0,-22.78247173113107,rad_pattern_18p3GHz.png
E,18.3,72.5,-23.019102840574977,rad_pattern_18p3GHz.png
E,18.3,73.0,-23.338045979235986,rad_pattern_18p3GHz.png
E,18.3,73.5,-23.37908266668195,rad_pattern_18p3GHz.png
E,18.3,74.0,-23.37908266668195,rad_pattern_18p3GHz.png
E,18.3,74.5,-23.247875591346116,rad_pattern_18p3GHz.png
E,18.3,75.0,-23.116016945112868,rad_pattern_18p3GHz.png
E,18.3,75.5,-23.116016945112868,rad_pattern_18p3GHz.png
E,18.3,76.0,-23.215382567220775,rad_pattern_18p3GHz.png
E,18.3,76.5,-23.439330442495745,rad_pattern_18p3GHz.png
E,18.3,77.0,-23.71257451431197,rad_pattern_18p3GHz.png
E,18.3,77.5,-23.879367188837133,rad_pattern_18p3GHz.png
E,18.3,78.0,-24.10179835202913,rad_pattern_18p3GHz.png
E,18.3,78.5,-24.29518738313136,rad_pattern_18p3GHz.png
E,18.3,79.0,-24.544452401288236,rad_pattern_18p3GHz.png
E,18.3,79.5,-24.544452401288236,rad_pattern_18p3GHz.png
E,18.3,80.0,-24.503267369817394,rad_pattern_18p3GHz.png
E,18.3,80.5,-24.451326222273995,rad_pattern_18p3GHz.png
E,18.3,81.0,-24.403756956810003,rad_pattern_18p3GHz.png
E,18.3,81.5,-24.335297453348975,rad_pattern_18p3GHz.png
E,18.3,82.0,-24.335297453348975,rad_pattern_18p3GHz.png
E,18.3,82.5,-24.895205948366662,rad_pattern_18p3GHz.png
E,18.3,83.0,-24.96709889839947,rad_pattern_18p3GHz.png
E,18.3,83.5,-25.02451121924162,rad_pattern_18p3GHz.png
E,18.3,84.0,-25.12338297299253,rad_pattern_18p3GHz.png
E,18.3,84.5,-25.38796798969971,rad_pattern_18p3GHz.png
E,18.3,85.0,-25.623574620967158,rad_pattern_18p3GHz.png
E,18.3,85.5,-25.623574620967158,rad_pattern_18p3GHz.png
E,18.3,86.0,-25.603834090892317,rad_pattern_18p3GHz.png
E,18.3,86.5,-25.603834090892317,rad_pattern_18p3GHz.png
E,18.3,87.0,-25.66823124011869,rad_pattern_18p3GHz.png
E,18.3,87.5,-26.132841322957322,rad_pattern_18p3GHz.png
E,18.3,88.0,-26.13484525823576,rad_pattern_18p3GHz.png
E,18.3,88.5,-26.13484525823576,rad_pattern_18p3GHz.png
E,18.3,89.0,-26.13484525823576,rad_pattern_18p3GHz.png
E,18.3,89.5,-25.991668024205705,rad_pattern_18p3GHz.png
E,18.3,90.0,-26.772790849474596,rad_pattern_18p3GHz.png
E,18.3,90.5,-26.85872860078573,rad_pattern_18p3GHz.png
E,18.3,91.0,-27.090759846307126,rad_pattern_18p3GHz.png
E,18.3,91.5,-27.03050533449989,rad_pattern_18p3GHz.png
E,18.3,92.0,-27.321133392830017,rad_pattern_18p3GHz.png
E,18.3,92.5,-27.143548260518948,rad_pattern_18p3GHz.png
E,18.3,93.0,-27.143548260518948,rad_pattern_18p3GHz.png
E,18.3,93.5,-27.1402024341626,rad_pattern_18p3GHz.png
E,18.3,94.0,-27.078390370036015,rad_pattern_18p3GHz.png
E,18.3,94.5,-27.078390370036015,rad_pattern_18p3GHz.png
E,18.3,95.0,-27.078390370036015,rad_pattern_18p3GHz.png
E,18.3,95.5,-27.13101581757059,rad_pattern_18p3GHz.png
E,18.3,96.0,-27.361189860643446,rad_pattern_18p3GHz.png
E,18.3,96.5,-27.441134083886997,rad_pattern_18p3GHz.png
E,18.3,97.0,-27.441134083886997,rad_pattern_18p3GHz.png
E,18.3,97.5,-27.433907351895602,rad_pattern_18p3GHz.png
E,18.3,98.0,-27.433907351895602,rad_pattern_18p3GHz.png
E,18.3,98.5,-27.401319284335678,rad_pattern_18p3GHz.png
E,18.3,99.0,-27.38828045833358,rad_pattern_18p3GHz.png
E,18.3,99.5,-27.35002943029709,rad_pattern_18p3GHz.png
E,18.3,100.0,-27.35002943029709,rad_pattern_18p3GHz.png
E,18.3,100.5,-27.34483133357859,rad_pattern_18p3GHz.png
E,18.3,101.0,-27.339454521725276,rad_pattern_18p3GHz.png
E,18.3,101.5,-27.339454521725276,rad_pattern_18p3GHz.png
E,18.3,102.0,-27.67937076135131,rad_pattern_18p3GHz.png
E,18.3,102.5,-27.820582659312393,rad_pattern_18p3GHz.png
E,18.3,103.0,-28.11529706457814,rad_pattern_18p3GHz.png
E,18.3,103.5,-28.256108684586696,rad_pattern_18p3GHz.png
E,18.3,104.0,-28.361407252003993,rad_pattern_18p3GHz.png
E,18.3,104.5,-28.39654895543269,rad_pattern_18p3GHz.png
E,18.3,105.0,-28.437704393275048,rad_pattern_18p3GHz.png
E,18.3,105.5,-28.47321226401975,rad_pattern_18p3GHz.png
E,18.3,106.0,-28.52114638032689,rad_pattern_18p3GHz.png
E,18.3,106.5,-28.52114638032689,rad_pattern_18p3GHz.png
E,18.3,107.0,-28.548928898600938,rad_pattern_18p3GHz.png
E,18.3,107.5,-28.587299665317847,rad_pattern_18p3GHz.png
E,18.3,108.0,-28.587299665317847,rad_pattern_18p3GHz.png
E,18.3,108.5,-28.587299665317847,rad_pattern_18p3GHz.png
E,18.3,109.0,-28.62359635367509,rad_pattern_18p3GHz.png
E,18.3,109.5,-28.62359635367509,rad_pattern_18p3GHz.png
E,18.3,110.0,-28.54957451157571,rad_pattern_18p3GHz.png
E,18.3,110.5,-28.54957451157571,rad_pattern_18p3GHz.png
E,18.3,111.0,-28.54957451157571,rad_pattern_18p3GHz.png
E,18.3,111.5,-28.52899414134801,rad_pattern_18p3GHz.png
E,18.3,112.0,-28.52899414134801,rad_pattern_18p3GHz.png
E,18.3,112.5,-28.404921070785367,rad_pattern_18p3GHz.png
E,18.3,113.0,-28.549088273114616,rad_pattern_18p3GHz.png
E,18.3,113.5,-28.549088273114616,rad_pattern_18p3GHz.png
E,18.3,114.0,-28.6019193811149,rad_pattern_18p3GHz.png
E,18.3,114.5,-28.6019193811149,rad_pattern_18p3GHz.png
E,18.3,115.0,-28.628234989612537,rad_pattern_18p3GHz.png
E,18.3,115.5,-28.75902088611228,rad_pattern_18p3GHz.png
E,18.3,116.0,-28.77152401382257,rad_pattern_18p3GHz.png
E,18.3,116.5,-28.79780141195595,rad_pattern_18p3GHz.png
E,18.3,117.0,-29.314864237456057,rad_pattern_18p3GHz.png
E,18.3,117.5,-29.236778684773295,rad_pattern_18p3GHz.png
E,18.3,118.0,-29.314864237456057,rad_pattern_18p3GHz.png
E,18.3,118.5,-29.495219634630658,rad_pattern_18p3GHz.png
E,18.3,119.0,-29.545853385774837,rad_pattern_18p3GHz.png
E,18.3,119.5,-29.58516939433775,rad_pattern_18p3GHz.png
E,18.3,120.0,-29.635506667905336,rad_pattern_18p3GHz.png
E,18.3,120.5,-29.635506667905336,rad_pattern_18p3GHz.png
E,18.3,121.0,-29.54139385460552,rad_pattern_18p3GHz.png
E,18.3,121.5,-29.54139385460552,rad_pattern_18p3GHz.png
E,18.3,122.0,-29.670112079130455,rad_pattern_18p3GHz.png
E,18.3,122.5,-29.694514005706985,rad_pattern_18p3GHz.png
E,18.3,123.0,-29.694514005706985,rad_pattern_18p3GHz.png
E,18.3,123.5,-29.742795469359383,rad_pattern_18p3GHz.png
E,18.3,124.0,-29.742795469359383,rad_pattern_18p3GHz.png
E,18.3,124.5,-29.742795469359383,rad_pattern_18p3GHz.png
E,18.3,125.0,-29.766658356062727,rad_pattern_18p3GHz.png
E,18.3,125.5,-29.72641140477106,rad_pattern_18p3GHz.png
E,18.3,126.0,-29.709646034560095,rad_pattern_18p3GHz.png
E,18.3,126.5,-29.709646034560095,rad_pattern_18p3GHz.png
E,18.3,127.0,-29.570968482029524,rad_pattern_18p3GHz.png
E,18.3,127.5,-29.634388935466625,rad_pattern_18p3GHz.png
E,18.3,128.0,-29.570968482029524,rad_pattern_18p3GHz.png
E,18.3,128.5,-29.634388935466625,rad_pattern_18p3GHz.png
E,18.3,129.0,-29.638850259551194,rad_pattern_18p3GHz.png
E,18.3,129.5,-29.638850259551194,rad_pattern_18p3GHz.png
E,18.3,130.0,-29.57952882266702,rad_pattern_18p3GHz.png
E,18.3,130.5,-29.57952882266702,rad_pattern_18p3GHz.png
E,18.3,131.0,-29.57952882266702,rad_pattern_18p3GHz.png
E,18.3,131.5,-29.51982184468523,rad_pattern_18p3GHz.png
E,18.3,132.0,-29.51982184468523,rad_pattern_18p3GHz.png
E,18.3,132.5,-29.39932921412643,rad_pattern_18p3GHz.png
E,18.3,133.0,-29.685279312473416,rad_pattern_18p3GHz.png
E,18.3,133.5,-29.849935494021747,rad_pattern_18p3GHz.png
E,18.3,134.0,-29.849935494021747,rad_pattern_18p3GHz.png
E,18.3,134.5,-29.338973888434452,rad_pattern_18p3GHz.png
E,18.3,135.0,-29.338973888434452,rad_pattern_18p3GHz.png
E,18.3,135.5,-29.359412871018296,rad_pattern_18p3GHz.png
E,18.3,136.0,-29.849935330427037,rad_pattern_18p3GHz.png
E,18.3,136.5,-29.849935330427037,rad_pattern_18p3GHz.png
E,18.3,137.0,-29.80780141766849,rad_pattern_18p3GHz.png
E,18.3,137.5,-29.80780141766849,rad_pattern_18p3GHz.png
E,18.3,138.0,-29.80780141766849,rad_pattern_18p3GHz.png
E,18.3,138.5,-29.682978241976734,rad_pattern_18p3GHz.png
E,18.3,139.0,-29.682978241976734,rad_pattern_18p3GHz.png
E,18.3,139.5,-29.74249587588631,rad_pattern_18p3GHz.png
E,18.3,140.0,-29.86461479545375,rad_pattern_18p3GHz.png
E,18.3,140.5,-29.86461479545375,rad_pattern_18p3GHz.png
E,18.3,141.0,-29.923400664599985,rad_pattern_18p3GHz.png
E,18.3,141.5,-29.945971723831867,rad_pattern_18p3GHz.png
E,18.3,142.0,-30.004551494081458,rad_pattern_18p3GHz.png
E,18.3,142.5,-30.004551494081458,rad_pattern_18p3GHz.png
E,18.3,143.0,-30.166545968083334,rad_pattern_18p3GHz.png
E,18.3,143.5,-30.166545968083334,rad_pattern_18p3GHz.png
E,18.3,144.0,-30.24733372978376,rad_pattern_18p3GHz.png
E,18.3,144.5,-30.24733372978376,rad_pattern_18p3GHz.png
E,18.3,145.0,-30.24733372978376,rad_pattern_18p3GHz.png
E,18.3,145.5,-30.211775545820156,rad_pattern_18p3GHz.png
E,18.3,146.0,-30.211775545820156,rad_pattern_18p3GHz.png
E,18.3,146.5,-30.211775545820156,rad_pattern_18p3GHz.png
E,18.3,147.0,-30.27983091329775,rad_pattern_18p3GHz.png
E,18.3,147.5,-30.151181889342837,rad_pattern_18p3GHz.png
E,18.3,148.0,-30.190940601027492,rad_pattern_18p3GHz.png
E,18.3,148.5,-30.151181889342837,rad_pattern_18p3GHz.png
E,18.3,149.0,-29.893494007332077,rad_pattern_18p3GHz.png
E,18.3,149.5,-29.893494007332077,rad_pattern_18p3GHz.png
E,18.3,150.0,-27.602534470815034,rad_pattern_18p3GHz.png
E,18.3,150.5,-27.59169442791797,rad_pattern_18p3GHz.png
E,18.3,151.0,-27.59169442791797,rad_pattern_18p3GHz.png
E,18.3,151.5,-27.6196097927251,rad_pattern_18p3GHz.png
E,18.3,152.0,-27.827138504115037,rad_pattern_18p3GHz.png
E,18.3,152.5,-27.827138504115037,rad_pattern_18p3GHz.png
E,18.3,153.0,-27.802495262510053,rad_pattern_18p3GHz.png
E,18.3,153.5,-27.802495262510053,rad_pattern_18p3GHz.png
E,18.3,154.0,-27.90529467019511,rad_pattern_18p3GHz.png
E,18.3,154.5,-27.917596315929238,rad_pattern_18p3GHz.png
E,18.3,155.0,-27.917596315929238,rad_pattern_18p3GHz.png
E,18.3,155.5,-28.058872912030782,rad_pattern_18p3GHz.png
E,18.3,156.0,-28.135268180511716,rad_pattern_18p3GHz.png
E,18.3,156.5,-28.237882933774284,rad_pattern_18p3GHz.png
E,18.3,157.0,-28.404941596762125,rad_pattern_18p3GHz.png
E,18.3,157.5,-28.571760920525623,rad_pattern_18p3GHz.png
E,18.3,158.0,-28.571760920525623,rad_pattern_18p3GHz.png
E,18.3,158.5,-27.879413646099117,rad_pattern_18p3GHz.png
E,18.3,159.0,-27.761162936809022,rad_pattern_18p3GHz.png
E,18.3,159.5,-27.727183591411627,rad_pattern_18p3GHz.png
E,18.3,160.0,-27.65301974664377,rad_pattern_18p3GHz.png
E,18.3,160.5,-27.618185024674876,rad_pattern_18p3GHz.png
E,18.3,161.0,-27.608574233209534,rad_pattern_18p3GHz.png
E,18.3,161.5,-27.618185024674876,rad_pattern_18p3GHz.png
E,18.3,162.0,-27.709588931607634,rad_pattern_18p3GHz.png
E,18.3,162.5,-27.726693625413443,rad_pattern_18p3GHz.png
E,18.3,163.0,-27.726693625413443,rad_pattern_18p3GHz.png
E,18.3,163.5,-27.790347625859447,rad_pattern_18p3GHz.png
E,18.3,164.0,-27.88981940889232,rad_pattern_18p3GHz.png
E,18.3,164.5,-27.90529010844691,rad_pattern_18p3GHz.png
E,18.3,165.0,-27.925520947151696,rad_pattern_18p3GHz.png
E,18.3,165.5,-28.389385224693378,rad_pattern_18p3GHz.png
E,18.3,166.0,-28.487682247189575,rad_pattern_18p3GHz.png
E,18.3,166.5,-28.487682247189575,rad_pattern_18p3GHz.png
E,18.3,167.0,-28.052494899317953,rad_pattern_18p3GHz.png
E,18.3,167.5,-27.729634477971157,rad_pattern_18p3GHz.png
E,18.3,168.0,-27.531986027187216,rad_pattern_18p3GHz.png
E,18.3,168.5,-27.51522900440031,rad_pattern_18p3GHz.png
E,18.3,169.0,-27.51522900440031,rad_pattern_18p3GHz.png
E,18.3,169.5,-27.525855220545516,rad_pattern_18p3GHz.png
E,18.3,170.0,-27.56411095296987,rad_pattern_18p3GHz.png
E,18.3,170.5,-27.53558479375994,rad_pattern_18p3GHz.png
E,18.3,171.0,-27.56411095296987,rad_pattern_18p3GHz.png
E,18.3,171.5,-27.724244850322922,rad_pattern_18p3GHz.png
E,18.3,172.0,-27.724244850322922,rad_pattern_18p3GHz.png
E,18.3,172.5,-27.724244850322922,rad_pattern_18p3GHz.png
E,18.3,173.0,-27.817685217993947,rad_pattern_18p3GHz.png
E,18.3,173.5,-28.054125461319572,rad_pattern_18p3GHz.png
E,18.3,174.0,-28.20395888385809,rad_pattern_18p3GHz.png
E,18.3,174.5,-28.261485847685197,rad_pattern_18p3GHz.png
E,18.3,175.0,-28.20395888385809,rad_pattern_18p3GHz.png
E,18.3,175.5,-28.180271593445212,rad_pattern_18p3GHz.png
E,18.3,176.0,-27.195877105786813,rad_pattern_18p3GHz.png
E,18.3,176.5,-27.141979205360826,rad_pattern_18p3GHz.png
E,18.3,177.0,-26.942741390523913,rad_pattern_18p3GHz.png
E,18.3,177.5,-26.88222637573703,rad_pattern_18p3GHz.png
E,18.3,178.0,-26.68466423370385,rad_pattern_18p3GHz.png
E,18.3,178.5,-26.68466423370385,rad_pattern_18p3GHz.png
E,18.3,179.0,-26.68466423370385,rad_pattern_18p3GHz.png
E,18.3,179.5,-26.917025364008214,rad_pattern_18p3GHz.png
E,18.3,180.0,-25.992073968886956,rad_pattern_18p3GHz.png
E,18.3,180.5,-25.21078299229348,rad_pattern_18p3GHz.png
E,18.3,181.0,-24.922572507804322,rad_pattern_18p3GHz.png
E,18.3,181.5,-24.86076616297784,rad_pattern_18p3GHz.png
E,18.3,182.0,-24.8337341255049,rad_pattern_18p3GHz.png
E,18.3,182.5,-24.5118354672281,rad_pattern_18p3GHz.png
E,18.3,183.0,-24.361513507462185,rad_pattern_18p3GHz.png
E,18.3,183.5,-24.361513507462185,rad_pattern_18p3GHz.png
E,18.3,184.0,-24.444331570384136,rad_pattern_18p3GHz.png
E,18.3,184.5,-24.81467526204677,rad_pattern_18p3GHz.png
E,18.3,185.0,-24.98751217477431,rad_pattern_18p3GHz.png
E,18.3,185.5,-25.298846488029607,rad_pattern_18p3GHz.png
E,18.3,186.0,-25.67266279170006,rad_pattern_18p3GHz.png
E,18.3,186.5,-26.218470897893862,rad_pattern_18p3GHz.png
E,18.3,187.0,-26.361972582947605,rad_pattern_18p3GHz.png
E,18.3,187.5,-26.591441153239188,rad_pattern_18p3GHz.png
E,18.3,188.0,-26.849365540963287,rad_pattern_18p3GHz.png
E,18.3,188.5,-26.849365540963287,rad_pattern_18p3GHz.png
E,18.3,189.0,-25.957681383334712,rad_pattern_18p3GHz.png
E,18.3,189.5,-24.978821520189182,rad_pattern_18p3GHz.png
E,18.3,190.0,-24.531791065602224,rad_pattern_18p3GHz.png
E,18.3,190.5,-24.345565462029732,rad_pattern_18p3GHz.png
E,18.3,191.0,-24.345565462029732,rad_pattern_18p3GHz.png
E,18.3,191.5,-24.62401503740858,rad_pattern_18p3GHz.png
E,18.3,192.0,-25.819896381192464,rad_pattern_18p3GHz.png
E,18.3,192.5,-25.819896381192464,rad_pattern_18p3GHz.png
E,18.3,193.0,-23.558537505422095,rad_pattern_18p3GHz.png
E,18.3,193.5,-23.558537505422095,rad_pattern_18p3GHz.png
E,18.3,194.0,-23.874418094546396,rad_pattern_18p3GHz.png
E,18.3,194.5,-24.393152030814136,rad_pattern_18p3GHz.png
E,18.3,195.0,-24.75646681651862,rad_pattern_18p3GHz.png
E,18.3,195.5,-25.288837436508004,rad_pattern_18p3GHz.png
E,18.3,196.0,-25.638445250739508,rad_pattern_18p3GHz.png
E,18.3,196.5,-25.987772485003752,rad_pattern_18p3GHz.png
E,18.3,197.0,-26.36441661703781,rad_pattern_18p3GHz.png
E,18.3,197.5,-26.640217849782015,rad_pattern_18p3GHz.png
E,18.3,198.0,-26.640217849782015,rad_pattern_18p3GHz.png
E,18.3,198.5,-26.046190288075746,rad_pattern_18p3GHz.png
E,18.3,199.0,-25.88142780254723,rad_pattern_18p3GHz.png
E,18.3,199.5,-25.751438519572204,rad_pattern_18p3GHz.png
E,18.3,200.0,-25.716491663048046,rad_pattern_18p3GHz.png
E,18.3,200.5,-25.704242369299326,rad_pattern_18p3GHz.png
E,18.3,201.0,-25.65670913193042,rad_pattern_18p3GHz.png
E,18.3,201.5,-25.65670913193042,rad_pattern_18p3GHz.png
E,18.3,202.0,-25.743067802197693,rad_pattern_18p3GHz.png
E,18.3,202.5,-25.876759195168777,rad_pattern_18p3GHz.png
E,18.3,203.0,-26.13893905371278,rad_pattern_18p3GHz.png
E,18.3,203.5,-26.32111915858269,rad_pattern_18p3GHz.png
E,18.3,204.0,-26.51803353026456,rad_pattern_18p3GHz.png
E,18.3,204.5,-26.75261793171075,rad_pattern_18p3GHz.png
E,18.3,205.0,-27.039036128641182,rad_pattern_18p3GHz.png
E,18.3,205.5,-27.077567078131356,rad_pattern_18p3GHz.png
E,18.3,206.0,-27.38881535042926,rad_pattern_18p3GHz.png
E,18.3,206.5,-27.440344574358488,rad_pattern_18p3GHz.png
E,18.3,207.0,-27.595466670149733,rad_pattern_18p3GHz.png
E,18.3,207.5,-27.595466670149733,rad_pattern_18p3GHz.png
E,18.3,208.0,-27.748812222751116,rad_pattern_18p3GHz.png
E,18.3,208.5,-27.56867643813768,rad_pattern_18p3GHz.png
E,18.3,209.0,-27.72081951341495,rad_pattern_18p3GHz.png
E,18.3,209.5,-27.66704554074629,rad_pattern_18p3GHz.png
E,18.3,210.0,-27.66704554074629,rad_pattern_18p3GHz.png
E,18.3,210.5,-27.61296580227592,rad_pattern_18p3GHz.png
E,18.3,211.0,-27.61296580227592,rad_pattern_18p3GHz.png
E,18.3,211.5,-27.63245876457415,rad_pattern_18p3GHz.png
E,18.3,212.0,-27.641517755376043,rad_pattern_18p3GHz.png
E,18.3,212.5,-27.641517755376043,rad_pattern_18p3GHz.png
E,18.3,213.0,-27.641517755376043,rad_pattern_18p3GHz.png
E,18.3,213.5,-26.567878389291803,rad_pattern_18p3GHz.png
E,18.3,214.0,-25.54891789207961,rad_pattern_18p3GHz.png
E,18.3,214.5,-25.54891789207961,rad_pattern_18p3GHz.png
E,18.3,215.0,-25.54891789207961,rad_pattern_18p3GHz.png
E,18.3,215.5,-25.529216992273884,rad_pattern_18p3GHz.png
E,18.3,216.0,-25.529216992273884,rad_pattern_18p3GHz.png
E,18.3,216.5,-25.628119734223525,rad_pattern_18p3GHz.png
E,18.3,217.0,-25.703252329121575,rad_pattern_18p3GHz.png
E,18.3,217.5,-25.92263431055557,rad_pattern_18p3GHz.png
E,18.3,218.0,-26.07223786440701,rad_pattern_18p3GHz.png
E,18.3,218.5,-26.465181507435954,rad_pattern_18p3GHz.png
E,18.3,219.0,-26.6367908842586,rad_pattern_18p3GHz.png
E,18.3,219.5,-26.6367908842586,rad_pattern_18p3GHz.png
E,18.3,220.0,-26.070866050712134,rad_pattern_18p3GHz.png
E,18.3,220.5,-25.889140638874093,rad_pattern_18p3GHz.png
E,18.3,221.0,-25.76981975024069,rad_pattern_18p3GHz.png
E,18.3,221.5,-25.710021907395515,rad_pattern_18p3GHz.png
E,18.3,222.0,-25.671669902926762,rad_pattern_18p3GHz.png
E,18.3,222.5,-25.59395302477513,rad_pattern_18p3GHz.png
E,18.3,223.0,-25.554602249896796,rad_pattern_18p3GHz.png
E,18.3,223.5,-25.554602249896796,rad_pattern_18p3GHz.png
E,18.3,224.0,-26.006294758078997,rad_pattern_18p3GHz.png
E,18.3,224.5,-26.006294758078997,rad_pattern_18p3GHz.png
E,18.3,225.0,-27.438085321848504,rad_pattern_18p3GHz.png
E,18.3,225.5,-25.352327965187133,rad_pattern_18p3GHz.png
E,18.3,226.0,-25.352327965187133,rad_pattern_18p3GHz.png
E,18.3,226.5,-25.2685857929174,rad_pattern_18p3GHz.png
E,18.3,227.0,-25.2685857929174,rad_pattern_18p3GHz.png
E,18.3,227.5,-25.531790866332944,rad_pattern_18p3GHz.png
E,18.3,228.0,-25.63085317738522,rad_pattern_18p3GHz.png
E,18.3,228.5,-25.772466119929017,rad_pattern_18p3GHz.png
E,18.3,229.0,-26.077137830295218,rad_pattern_18p3GHz.png
E,18.3,229.5,-26.155682003277565,rad_pattern_18p3GHz.png
E,18.3,230.0,-26.155682003277565,rad_pattern_18p3GHz.png
E,18.3,230.5,-25.819192691475166,rad_pattern_18p3GHz.png
E,18.3,231.0,-25.589327835664424,rad_pattern_18p3GHz.png
E,18.3,231.5,-25.11096017761456,rad_pattern_18p3GHz.png
E,18.3,232.0,-25.11096017761456,rad_pattern_18p3GHz.png
E,18.3,232.5,-25.11891360934518,rad_pattern_18p3GHz.png
E,18.3,233.0,-25.11891360934518,rad_pattern_18p3GHz.png
E,18.3,233.5,-24.71470091506396,rad_pattern_18p3GHz.png
E,18.3,234.0,-24.332658150642878,rad_pattern_18p3GHz.png
E,18.3,234.5,-24.31965476880833,rad_pattern_18p3GHz.png
E,18.3,235.0,-24.0972868527748,rad_pattern_18p3GHz.png
E,18.3,235.5,-23.680458566256988,rad_pattern_18p3GHz.png
E,18.3,236.0,-23.433045181442154,rad_pattern_18p3GHz.png
E,18.3,236.5,-23.15255524087732,rad_pattern_18p3GHz.png
E,18.3,237.0,-23.087522181591318,rad_pattern_18p3GHz.png
E,18.3,237.5,-22.677511783625068,rad_pattern_18p3GHz.png
E,18.3,238.0,-22.649978635389072,rad_pattern_18p3GHz.png
E,18.3,238.5,-22.649978635389072,rad_pattern_18p3GHz.png
E,18.3,239.0,-22.853837678715482,rad_pattern_18p3GHz.png
E,18.3,239.5,-23.026937417237395,rad_pattern_18p3GHz.png
E,18.3,240.0,-23.249627060043156,rad_pattern_18p3GHz.png
E,18.3,240.5,-23.249627060043156,rad_pattern_18p3GHz.png
E,18.3,241.0,-23.076941668572818,rad_pattern_18p3GHz.png
E,18.3,241.5,-22.95016289785301,rad_pattern_18p3GHz.png
E,18.3,242.0,-22.77173240152035,rad_pattern_18p3GHz.png
E,18.3,242.5,-22.51323942354882,rad_pattern_18p3GHz.png
E,18.3,243.0,-22.51323942354882,rad_pattern_18p3GHz.png
E,18.3,243.5,-22.5793856333861,rad_pattern_18p3GHz.png
E,18.3,244.0,-22.579678986199685,rad_pattern_18p3GHz.png
E,18.3,244.5,-22.810986969981126,rad_pattern_18p3GHz.png
E,18.3,245.0,-22.975105709311908,rad_pattern_18p3GHz.png
E,18.3,245.5,-22.975105709311908,rad_pattern_18p3GHz.png
E,18.3,246.0,-22.79053108715333,rad_pattern_18p3GHz.png
E,18.3,246.5,-22.658181630572084,rad_pattern_18p3GHz.png
E,18.3,247.0,-22.498856260138606,rad_pattern_18p3GHz.png
E,18.3,247.5,-22.312310855319847,rad_pattern_18p3GHz.png
E,18.3,248.0,-22.071455162908986,rad_pattern_18p3GHz.png
E,18.3,248.5,-22.071455162908986,rad_pattern_18p3GHz.png
E,18.3,249.0,-22.019673908147784,rad_pattern_18p3GHz.png
E,18.3,249.5,-22.019673908147784,rad_pattern_18p3GHz.png
E,18.3,250.0,-21.782650974358493,rad_pattern_18p3GHz.png
E,18.3,250.5,-21.629210787826697,rad_pattern_18p3GHz.png
E,18.3,251.0,-21.511750591188726,rad_pattern_18p3GHz.png
E,18.3,251.5,-21.265322201372825,rad_pattern_18p3GHz.png
E,18.3,252.0,-21.073126059459486,rad_pattern_18p3GHz.png
E,18.3,252.5,-21.01501236671139,rad_pattern_18p3GHz.png
E,18.3,253.0,-21.01501236671139,rad_pattern_18p3GHz.png
E,18.3,253.5,-21.139497967382933,rad_pattern_18p3GHz.png
E,18.3,254.0,-21.226965807415933,rad_pattern_18p3GHz.png
E,18.3,254.5,-21.226965807415933,rad_pattern_18p3GHz.png
E,18.3,255.0,-21.082664083756196,rad_pattern_18p3GHz.png
E,18.3,255.5,-20.838435714851013,rad_pattern_18p3GHz.png
E,18.3,256.0,-20.740568738093245,rad_pattern_18p3GHz.png
E,18.3,256.5,-20.46657065405297,rad_pattern_18p3GHz.png
E,18.3,257.0,-20.28278618137385,rad_pattern_18p3GHz.png
E,18.3,257.5,-20.098012783829205,rad_pattern_18p3GHz.png
E,18.3,258.0,-20.03150761599964,rad_pattern_18p3GHz.png
E,18.3,258.5,-19.924137605916524,rad_pattern_18p3GHz.png
E,18.3,259.0,-19.765495052223706,rad_pattern_18p3GHz.png
E,18.3,259.5,-19.549321135034734,rad_pattern_18p3GHz.png
E,18.3,260.0,-19.327196218314125,rad_pattern_18p3GHz.png
E,18.3,260.5,-19.0623042797105,rad_pattern_18p3GHz.png
E,18.3,261.0,-18.78631041893901,rad_pattern_18p3GHz.png
E,18.3,261.5,-18.59947051542616,rad_pattern_18p3GHz.png
E,18.3,262.0,-18.48065035807885,rad_pattern_18p3GHz.png
E,18.3,262.5,-18.48065035807885,rad_pattern_18p3GHz.png
E,18.3,263.0,-18.549231037283814,rad_pattern_18p3GHz.png
E,18.3,263.5,-18.549231037283814,rad_pattern_18p3GHz.png
E,18.3,264.0,-18.52495992377973,rad_pattern_18p3GHz.png
E,18.3,264.5,-18.332147216609002,rad_pattern_18p3GHz.png
E,18.3,265.0,-18.143428787947546,rad_pattern_18p3GHz.png
E,18.3,265.5,-17.855318775608954,rad_pattern_18p3GHz.png
E,18.3,266.0,-17.63135778397704,rad_pattern_18p3GHz.png
E,18.3,266.5,-17.413728787497472,rad_pattern_18p3GHz.png
E,18.3,267.0,-17.330166878763198,rad_pattern_18p3GHz.png
E,18.3,267.5,-17.330166878763198,rad_pattern_18p3GHz.png
E,18.3,268.0,-17.36935342736943,rad_pattern_18p3GHz.png
E,18.3,268.5,-17.432250763956713,rad_pattern_18p3GHz.png
E,18.3,269.0,-17.432250763956713,rad_pattern_18p3GHz.png
E,18.3,269.5,-17.32003991134148,rad_pattern_18p3GHz.png
E,18.3,270.0,-17.089026659749532,rad_pattern_18p3GHz.png
E,18.3,270.5,-16.799491471176847,rad_pattern_18p3GHz.png
E,18.3,271.0,-16.623061719274464,rad_pattern_18p3GHz.png
E,18.3,271.5,-16.390500753651285,rad_pattern_18p3GHz.png
E,18.3,272.0,-16.26951392603455,rad_pattern_18p3GHz.png
E,18.3,272.5,-16.262097266284908,rad_pattern_18p3GHz.png
E,18.3,273.0,-16.262097266284908,rad_pattern_18p3GHz.png
E,18.3,273.5,-16.364459272090674,rad_pattern_18p3GHz.png
E,18.3,274.0,-16.364459272090674,rad_pattern_18p3GHz.png
E,18.3,274.5,-16.290097677889843,rad_pattern_18p3GHz.png
E,18.3,275.0,-16.16768968670424,rad_pattern_18p3GHz.png
E,18.3,275.5,-15.976558848710884,rad_pattern_18p3GHz.png
E,18.3,276.0,-15.740737471271503,rad_pattern_18p3GHz.png
E,18.3,276.5,-15.53704987578463,rad_pattern_18p3GHz.png
E,18.3,277.0,-15.379583270579221,rad_pattern_18p3GHz.png
E,18.3,277.5,-15.271499052812622,rad_pattern_18p3GHz.png
E,18.3,278.0,-15.271499052812622,rad_pattern_18p3GHz.png
E,18.3,278.5,-15.300492249938717,rad_pattern_18p3GHz.png
E,18.3,279.0,-15.392990012442409,rad_pattern_18p3GHz.png
E,18.3,279.5,-15.407220558002715,rad_pattern_18p3GHz.png
E,18.3,280.0,-15.407220558002715,rad_pattern_18p3GHz.png
E,18.3,280.5,-15.314215788057899,rad_pattern_18p3GHz.png
E,18.3,281.0,-15.127637451805686,rad_pattern_18p3GHz.png
E,18.3,281.5,-14.980814804153177,rad_pattern_18p3GHz.png
E,18.3,282.0,-14.820661638752537,rad_pattern_18p3GHz.png
E,18.3,282.5,-14.648636777074518,rad_pattern_18p3GHz.png
E,18.3,283.0,-14.569208040895816,rad_pattern_18p3GHz.png
E,18.3,283.5,-14.569208040895816,rad_pattern_18p3GHz.png
E,18.3,284.0,-14.612839938480988,rad_pattern_18p3GHz.png
E,18.3,284.5,-14.654458050343855,rad_pattern_18p3GHz.png
E,18.3,285.0,-14.68094171048385,rad_pattern_18p3GHz.png
E,18.3,285.5,-14.68094171048385,rad_pattern_18p3GHz.png
E,18.3,286.0,-14.67535731949182,rad_pattern_18p3GHz.png
E,18.3,286.5,-14.583086858947993,rad_pattern_18p3GHz.png
E,18.3,287.0,-14.45010896657275,rad_pattern_18p3GHz.png
E,18.3,287.5,-14.315705374716575,rad_pattern_18p3GHz.png
E,18.3,288.0,-14.198138845474496,rad_pattern_18p3GHz.png
E,18.3,288.5,-14.107616036142154,rad_pattern_18p3GHz.png
E,18.3,289.0,-14.042728734117318,rad_pattern_18p3GHz.png
E,18.3,289.5,-14.041605119467146,rad_pattern_18p3GHz.png
E,18.3,290.0,-14.041605119467146,rad_pattern_18p3GHz.png
E,18.3,290.5,-14.075752666545043,rad_pattern_18p3GHz.png
E,18.3,291.0,-14.075752666545043,rad_pattern_18p3GHz.png
E,18.3,291.5,-14.073060194490033,rad_pattern_18p3GHz.png
E,18.3,292.0,-14.02499233547713,rad_pattern_18p3GHz.png
E,18.3,292.5,-13.969319576003723,rad_pattern_18p3GHz.png
E,18.3,293.0,-13.871186894901275,rad_pattern_18p3GHz.png
E,18.3,293.5,-13.761201364219016,rad_pattern_18p3GHz.png
E,18.3,294.0,-13.644737461870431,rad_pattern_18p3GHz.png
E,18.3,294.5,-13.556394469888609,rad_pattern_18p3GHz.png
E,18.3,295.0,-13.435140726058012,rad_pattern_18p3GHz.png
E,18.3,295.5,-13.385553112684178,rad_pattern_18p3GHz.png
E,18.3,296.0,-13.347940875973347,rad_pattern_18p3GHz.png
E,18.3,296.5,-13.323532804735152,rad_pattern_18p3GHz.png
E,18.3,297.0,-13.257792315753544,rad_pattern_18p3GHz.png
E,18.3,297.5,-13.177775234478037,rad_pattern_18p3GHz.png
E,18.3,298.0,-13.098066826080487,rad_pattern_18p3GHz.png
E,18.3,298.5,-13.015988307844438,rad_pattern_18p3GHz.png
E,18.3,299.0,-12.893430645987959,rad_pattern_18p3GHz.png
E,18.3,299.5,-12.744174907209821,rad_pattern_18p3GHz.png
E,18.3,300.0,-12.65824159728157,rad_pattern_18p3GHz.png
E,18.3,300.5,-12.521196319300834,rad_pattern_18p3GHz.png
E,18.3,301.0,-12.423155832256242,rad_pattern_18p3GHz.png
E,18.3,301.5,-12.308089949713686,rad_pattern_18p3GHz.png
E,18.3,302.0,-12.22285583937714,rad_pattern_18p3GHz.png
E,18.3,302.5,-12.166217033153405,rad_pattern_18p3GHz.png
E,18.3,303.0,-12.111812766849248,rad_pattern_18p3GHz.png
E,18.3,303.5,-12.088416248114147,rad_pattern_18p3GHz.png
E,18.3,304.0,-12.040312680268606,rad_pattern_18p3GHz.png
E,18.3,304.5,-11.990584239599979,rad_pattern_18p3GHz.png
E,18.3,305.0,-11.924885786073592,rad_pattern_18p3GHz.png
E,18.3,305.5,-11.85265067991688,rad_pattern_18p3GHz.png
E,18.3,306.0,-11.751008205833774,rad_pattern_18p3GHz.png
E,18.3,306.5,-11.65431374680588,rad_pattern_18p3GHz.png
E,18.3,307.0,-11.550372731121684,rad_pattern_18p3GHz.png
E,18.3,307.5,-11.427811462879436,rad_pattern_18p3GHz.png
E,18.3,308.0,-11.28621148843429,rad_pattern_18p3GHz.png
E,18.3,308.5,-11.156354594029047,rad_pattern_18p3GHz.png
E,18.3,309.0,-11.012013793686926,rad_pattern_18p3GHz.png
E,18.3,309.5,-10.86997926829175,rad_pattern_18p3GHz.png
E,18.3,310.0,-10.722096338092388,rad_pattern_18p3GHz.png
E,18.3,310.5,-10.572676300916275,rad_pattern_18p3GHz.png
E,18.3,311.0,-10.4188885330286,rad_pattern_18p3GHz.png
E,18.3,311.5,-10.271879948856704,rad_pattern_18p3GHz.png
E,18.3,312.0,-10.076843215412566,rad_pattern_18p3GHz.png
E,18.3,312.5,-9.919481570988786,rad_pattern_18p3GHz.png
E,18.3,313.0,-9.765741560308662,rad_pattern_18p3GHz.png
E,18.3,313.5,-9.566216087221747,rad_pattern_18p3GHz.png
E,18.3,314.0,-9.448506673751467,rad_pattern_18p3GHz.png
E,18.3,314.5,-9.326413376762922,rad_pattern_18p3GHz.png
E,18.3,315.0,-9.164462095297832,rad_pattern_18p3GHz.png
E,18.3,315.5,-9.04163144677526,rad_pattern_18p3GHz.png
E,18.3,316.0,-8.955952978168124,rad_pattern_18p3GHz.png
E,18.3,316.5,-8.83250980130347,rad_pattern_18p3GHz.png
E,18.3,317.0,-8.741511830114412,rad_pattern_18p3GHz.png
E,18.3,317.5,-8.65158821959448,rad_pattern_18p3GHz.png
E,18.3,318.0,-8.540385073093613,rad_pattern_18p3GHz.png
E,18.3,318.5,-8.428171260552212,rad_pattern_18p3GHz.png
E,18.3,319.0,-8.330505458626828,rad_pattern_18p3GHz.png
E,18.3,319.5,-8.202303300264209,rad_pattern_18p3GHz.png
E,18.3,320.0,-8.064055659450275,rad_pattern_18p3GHz.png
E,18.3,320.5,-7.924183520724426,rad_pattern_18p3GHz.png
E,18.3,321.0,-7.765977713139375,rad_pattern_18p3GHz.png
E,18.3,321.5,-7.580973996030561,rad_pattern_18p3GHz.png
E,18.3,322.0,-7.389563725645516,rad_pattern_18p3GHz.png
E,18.3,322.5,-7.183632453751542,rad_pattern_18p3GHz.png
E,18.3,323.0,-6.948313329042797,rad_pattern_18p3GHz.png
E,18.3,323.5,-6.715975350344511,rad_pattern_18p3GHz.png
E,18.3,324.0,-6.4651959125360285,rad_pattern_18p3GHz.png
E,18.3,324.5,-6.233978629728902,rad_pattern_18p3GHz.png
E,18.3,325.0,-5.980762614724121,rad_pattern_18p3GHz.png
E,18.3,325.5,-5.745071210912219,rad_pattern_18p3GHz.png
E,18.3,326.0,-5.513700895108151,rad_pattern_18p3GHz.png
E,18.3,326.5,-5.313957191164061,rad_pattern_18p3GHz.png
E,18.3,327.0,-5.133704413286825,rad_pattern_18p3GHz.png
E,18.3,327.5,-4.969760322931574,rad_pattern_18p3GHz.png
E,18.3,328.0,-4.838178155017847,rad_pattern_18p3GHz.png
E,18.3,328.5,-4.748192684241005,rad_pattern_18p3GHz.png
E,18.3,329.0,-4.669528914866547,rad_pattern_18p3GHz.png
E,18.3,329.5,-4.619820818388025,rad_pattern_18p3GHz.png
E,18.3,330.0,-4.608038281310762,rad_pattern_18p3GHz.png
E,18.3,330.5,-4.608038281310762,rad_pattern_18p3GHz.png
E,18.3,331.0,-4.610684322317024,rad_pattern_18p3GHz.png
E,18.3,331.5,-4.614813713061491,rad_pattern_18p3GHz.png
E,18.3,332.0,-4.614813713061491,rad_pattern_18p3GHz.png
E,18.3,332.5,-4.579957743564108,rad_pattern_18p3GHz.png
E,18.3,333.0,-4.506936207134501,rad_pattern_18p3GHz.png
E,18.3,333.5,-4.403465832204496,rad_pattern_18p3GHz.png
E,18.3,334.0,-4.247142291823579,rad_pattern_18p3GHz.png
E,18.3,334.5,-4.060658891344389,rad_pattern_18p3GHz.png
E,18.3,335.0,-3.8127831173611995,rad_pattern_18p3GHz.png
E,18.3,335.5,-3.5299387207864292,rad_pattern_18p3GHz.png
E,18.3,336.0,-3.2252872330120894,rad_pattern_18p3GHz.png
E,18.3,336.5,-2.9013940436078443,rad_pattern_18p3GHz.png
E,18.3,337.0,-2.5678039899078087,rad_pattern_18p3GHz.png
E,18.3,337.5,-2.2305198162769244,rad_pattern_18p3GHz.png
E,18.3,338.0,-1.8932687820246734,rad_pattern_18p3GHz.png
E,18.3,338.5,-1.5651169574567199,rad_pattern_18p3GHz.png
E,18.3,339.0,-1.2686143267744363,rad_pattern_18p3GHz.png
E,18.3,339.5,-0.9993028806604585,rad_pattern_18p3GHz.png
E,18.3,340.0,-0.760588198552977,rad_pattern_18p3GHz.png
E,18.3,340.5,-0.5563133316295783,rad_pattern_18p3GHz.png
E,18.3,341.0,-0.37500895874968876,rad_pattern_18p3GHz.png
E,18.3,341.5,-0.231353076737701,rad_pattern_18p3GHz.png
E,18.3,342.0,-0.1216432486483896,rad_pattern_18p3GHz.png
E,18.3,342.5,-0.03539068235685505,rad_pattern_18p3GHz.png
E,18.3,343.0,0.0,rad_pattern_18p3GHz.png
E,18.3,343.5,0.0,rad_pattern_18p3GHz.png
E,18.3,344.0,-0.02332935993078422,rad_pattern_18p3GHz.png
E,18.3,344.5,-0.05748189777065704,rad_pattern_18p3GHz.png
E,18.3,345.0,-0.13810915750883623,rad_pattern_18p3GHz.png
E,18.3,345.5,-0.2674960039014884,rad_pattern_18p3GHz.png
E,18.3,346.0,-0.39438307947333584,rad_pattern_18p3GHz.png
E,18.3,346.5,-0.540879082542066,rad_pattern_18p3GHz.png
E,18.3,347.0,-0.6979618097776026,rad_pattern_18p3GHz.png
E,18.3,347.5,-0.8842390482114837,rad_pattern_18p3GHz.png
E,18.3,348.0,-1.0776750477062151,rad_pattern_18p3GHz.png
E,18.3,348.5,-1.2890989215119824,rad_pattern_18p3GHz.png
E,18.3,349.0,-1.504146461072505,rad_pattern_18p3GHz.png
E,18.3,349.5,-1.7223856481677977,rad_pattern_18p3GHz.png
E,18.3,350.0,-1.957143210843718,rad_pattern_18p3GHz.png
E,18.3,350.5,-2.201137144946909,rad_pattern_18p3GHz.png
E,18.3,351.0,-2.428310903588084,rad_pattern_18p3GHz.png
E,18.3,351.5,-2.692173651655118,rad_pattern_18p3GHz.png
E,18.3,352.0,-2.954711647649301,rad_pattern_18p3GHz.png
E,18.3,352.5,-3.206225895663284,rad_pattern_18p3GHz.png
E,18.3,353.0,-3.4974208120161805,rad_pattern_18p3GHz.png
E,18.3,353.5,-3.770765261358026,rad_pattern_18p3GHz.png
E,18.3,354.0,-4.079768377447518,rad_pattern_18p3GHz.png
E,18.3,354.5,-4.382032741011361,rad_pattern_18p3GHz.png
E,18.3,355.0,-4.694512933640734,rad_pattern_18p3GHz.png
E,18.3,355.5,-4.9829610333038445,rad_pattern_18p3GHz.png
E,18.3,356.0,-5.261783896420052,rad_pattern_18p3GHz.png
E,18.3,356.5,-5.5361874042237105,rad_pattern_18p3GHz.png
E,18.3,357.0,-5.757381594837998,rad_pattern_18p3GHz.png
E,18.3,357.5,-5.9645365056905675,rad_pattern_18p3GHz.png
E,18.3,358.0,-6.119254984252972,rad_pattern_18p3GHz.png
E,18.3,358.5,-6.18148913409534,rad_pattern_18p3GHz.png
E,18.3,359.0,-6.189459348388333,rad_pattern_18p3GHz.png
E,18.3,359.5,-6.189459348388333,rad_pattern_18p3GHz.png
