Plane,Frequency_GHz,Angle_Deg,Simulation_dB,Source_PNG
H,6.3,0.0,-13.269566849295025,rad_pattern_6p3GHz.png
H,6.3,0.5,-13.153032187674395,rad_pattern_6p3GHz.png
H,6.3,1.0,-13.06437106071553,rad_pattern_6p3GHz.png
H,6.3,1.5,-12.946310560821932,rad_pattern_6p3GHz.png
H,6.3,2.0,-12.826642907358117,rad_pattern_6p3GHz.png
H,6.3,2.5,-12.759899872429557,rad_pattern_6p3GHz.png
H,6.3,3.0,-12.635769843083139,rad_pattern_6p3GHz.png
H,6.3,3.5,-12.542441188685181,rad_pattern_6p3GHz.png
H,6.3,4.0,-12.446666598143139,rad_pattern_6p3GHz.png
H,6.3,4.5,-12.369481100117532,rad_pattern_6p3GHz.png
H,6.3,5.0,-12.273140714487539,rad_pattern_6p3GHz.png
H,6.3,5.5,-12.176368167180172,rad_pattern_6p3GHz.png
H,6.3,6.0,-12.095762225824082,rad_pattern_6p3GHz.png
H,6.3,6.5,-11.99353504856646,rad_pattern_6p3GHz.png
H,6.3,7.0,-11.890777407217918,rad_pattern_6p3GHz.png
H,6.3,7.5,-11.804304444831303,rad_pattern_6p3GHz.png
H,6.3,8.0,-11.72342907394087,rad_pattern_6p3GHz.png
H,6.3,8.5,-11.61245649709517,rad_pattern_6p3GHz.png
H,6.3,9.0,-11.504852419628332,rad_pattern_6p3GHz.png
H,6.3,9.5,-11.386772068637224,rad_pattern_6p3GHz.png
H,6.3,10.0,-11.282015284033985,rad_pattern_6p3GHz.png
H,6.3,10.5,-11.194898655952386,rad_pattern_6p3GHz.png
H,6.3,11.0,-11.101038944282,rad_pattern_6p3GHz.png
H,6.3,11.5,-10.999681699089631,rad_pattern_6p3GHz.png
H,6.3,12.0,-10.895970494823459,rad_pattern_6p3GHz.png
H,6.3,12.5,-10.78359574599174,rad_pattern_6p3GHz.png
H,6.3,13.0,-10.694847229342777,rad_pattern_6p3GHz.png
H,6.3,13.5,-10.577114551347105,rad_pattern_6p3GHz.png
H,6.3,14.0,-10.472797114813144,rad_pattern_6p3GHz.png
H,6.3,14.5,-10.367047482996501,rad_pattern_6p3GHz.png
H,6.3,15.0,-10.254019683120283,rad_pattern_6p3GHz.png
H,6.3,15.5,-10.150497280942727,rad_pattern_6p3GHz.png
H,6.3,16.0,-10.035902673559892,rad_pattern_6p3GHz.png
H,6.3,16.5,-9.916387951673684,rad_pattern_6p3GHz.png
H,6.3,17.0,-9.803204336295892,rad_pattern_6p3GHz.png
H,6.3,17.5,-9.688557043692931,rad_pattern_6p3GHz.png
H,6.3,18.0,-9.59173321633946,rad_pattern_6p3GHz.png
H,6.3,18.5,-9.463963445864259,rad_pattern_6p3GHz.png
H,6.3,19.0,-9.362469747025642,rad_pattern_6p3GHz.png
H,6.3,19.5,-9.266611540814218,rad_pattern_6p3GHz.png
H,6.3,20.0,-9.135726419116338,rad_pattern_6p3GHz.png
H,6.3,20.5,-9.03874828375642,rad_pattern_6p3GHz.png
H,6.3,21.0,-8.929632724999845,rad_pattern_6p3GHz.png
H,6.3,21.5,-8.818765868692303,rad_pattern_6p3GHz.png
H,6.3,22.0,-8.722312680057495,rad_pattern_6p3GHz.png
H,6.3,22.5,-8.591134334269935,rad_pattern_6p3GHz.png
H,6.3,23.0,-8.497103481812225,rad_pattern_6p3GHz.png
H,6.3,23.5,-8.405645783588426,rad_pattern_6p3GHz.png
H,6.3,24.0,-8.282890023644,rad_pattern_6p3GHz.png
H,6.3,24.5,-8.185762334153239,rad_pattern_6p3GHz.png
H,6.3,25.0,-8.079103548852643,rad_pattern_6p3GHz.png
H,6.3,25.5,-7.993934317644545,rad_pattern_6p3GHz.png
H,6.3,26.0,-7.892756103125507,rad_pattern_6p3GHz.png
H,6.3,26.5,-7.763482771928494,rad_pattern_6p3GHz.png
H,6.3,27.0,-7.633846701168462,rad_pattern_6p3GHz.png
H,6.3,27.5,-7.528970838506126,rad_pattern_6p3GHz.png
H,6.3,28.0,-7.421764577518459,rad_pattern_6p3GHz.png
H,6.3,28.5,-7.338101821185074,rad_pattern_6p3GHz.png
H,6.3,29.0,-7.249742703980967,rad_pattern_6p3GHz.png
H,6.3,29.5,-7.139831109776907,rad_pattern_6p3GHz.png
H,6.3,30.0,-7.025341456089528,rad_pattern_6p3GHz.png
H,6.3,30.5,-6.919390281907965,rad_pattern_6p3GHz.png
H,6.3,31.0,-6.816007322721326,rad_pattern_6p3GHz.png
H,6.3,31.5,-6.71547897883287,rad_pattern_6p3GHz.png
H,6.3,32.0,-6.599743872955717,rad_pattern_6p3GHz.png
H,6.3,32.5,-6.50108365745875,rad_pattern_6p3GHz.png
H,6.3,33.0,-6.393460262450034,rad_pattern_6p3GHz.png
H,6.3,33.5,-6.29076567910716,rad_pattern_6p3GHz.png
H,6.3,34.0,-6.186115377220876,rad_pattern_6p3GHz.png
H,6.3,34.5,-6.096014283896977,rad_pattern_6p3GHz.png
H,6.3,35.0,-5.995472831918388,rad_pattern_6p3GHz.png
H,6.3,35.5,-5.875415168493689,rad_pattern_6p3GHz.png
H,6.3,36.0,-5.786608265532987,rad_pattern_6p3GHz.png
H,6.3,36.5,-5.683867279977658,rad_pattern_6p3GHz.png
H,6.3,37.0,-5.586110799043542,rad_pattern_6p3GHz.png
H,6.3,37.5,-5.492549247242959,rad_pattern_6p3GHz.png
H,6.3,38.0,-5.397085798302964,rad_pattern_6p3GHz.png
H,6.3,38.5,-5.30903115429027,rad_pattern_6p3GHz.png
H,6.3,39.0,-5.20913585956858,rad_pattern_6p3GHz.png
H,6.3,39.5,-5.1441745841360955,rad_pattern_6p3GHz.png
H,6.3,40.0,-5.048117595739935,rad_pattern_6p3GHz.png
H,6.3,40.5,-4.9456297137661025,rad_pattern_6p3GHz.png
H,6.3,41.0,-4.875889526472729,rad_pattern_6p3GHz.png
H,6.3,41.5,-4.8050451566890295,rad_pattern_6p3GHz.png
H,6.3,42.0,-4.6966959811906435,rad_pattern_6p3GHz.png
H,6.3,42.5,-4.630189237517545,rad_pattern_6p3GHz.png
H,6.3,43.0,-4.5516284026723,rad_pattern_6p3GHz.png
H,6.3,43.5,-4.477768909008816,rad_pattern_6p3GHz.png
H,6.3,44.0,-4.400840694062833,rad_pattern_6p3GHz.png
H,6.3,44.5,-4.323058825061594,rad_pattern_6p3GHz.png
H,6.3,45.0,-4.242154308263281,rad_pattern_6p3GHz.png
H,6.3,45.5,-4.159574018361816,rad_pattern_6p3GHz.png
H,6.3,46.0,-4.075930519117961,rad_pattern_6p3GHz.png
H,6.3,46.5,-3.9894799834365706,rad_pattern_6p3GHz.png
H,6.3,47.0,-3.9402945181729905,rad_pattern_6p3GHz.png
H,6.3,47.5,-3.884273356908203,rad_pattern_6p3GHz.png
H,6.3,48.0,-3.794273009589652,rad_pattern_6p3GHz.png
H,6.3,48.5,-3.705719657724501,rad_pattern_6p3GHz.png
H,6.3,49.0,-3.6409710693060084,rad_pattern_6p3GHz.png
H,6.3,49.5,-3.58152773567528,rad_pattern_6p3GHz.png
H,6.3,50.0,-3.5047714278975306,rad_pattern_6p3GHz.png
H,6.3,50.5,-3.423350416820142,rad_pattern_6p3GHz.png
H,6.3,51.0,-3.353948278340649,rad_pattern_6p3GHz.png
H,6.3,51.5,-3.281671049672667,rad_pattern_6p3GHz.png
H,6.3,52.0,-3.20371276681211,rad_pattern_6p3GHz.png
H,6.3,52.5,-3.1272178709134124,rad_pattern_6p3GHz.png
H,6.3,53.0,-3.0596188788250416,rad_pattern_6p3GHz.png
H,6.3,53.5,-2.983129410291422,rad_pattern_6p3GHz.png
H,6.3,54.0,-2.9110951584877256,rad_pattern_6p3GHz.png
H,6.3,54.5,-2.84438256162888,rad_pattern_6p3GHz.png
H,6.3,55.0,-2.776869305438872,rad_pattern_6p3GHz.png
H,6.3,55.5,-2.7047687446744746,rad_pattern_6p3GHz.png
H,6.3,56.0,-2.618583132786245,rad_pattern_6p3GHz.png
H,6.3,56.5,-2.5545548179069115,rad_pattern_6p3GHz.png
H,6.3,57.0,-2.480502205633531,rad_pattern_6p3GHz.png
H,6.3,57.5,-2.4216086232356915,rad_pattern_6p3GHz.png
H,6.3,58.0,-2.3558705731938936,rad_pattern_6p3GHz.png
H,6.3,58.5,-2.2797177816174177,rad_pattern_6p3GHz.png
H,6.3,59.0,-2.2054423268257644,rad_pattern_6p3GHz.png
H,6.3,59.5,-2.154528175363808,rad_pattern_6p3GHz.png
H,6.3,60.0,-2.0797588308678634,rad_pattern_6p3GHz.png
H,6.3,60.5,-2.026822113786139,rad_pattern_6p3GHz.png
H,6.3,61.0,-1.9600387602742977,rad_pattern_6p3GHz.png
H,6.3,61.5,-1.8913198580053425,rad_pattern_6p3GHz.png
H,6.3,62.0,-1.8342975420741823,rad_pattern_6p3GHz.png
H,6.3,62.5,-1.7748380804303423,rad_pattern_6p3GHz.png
H,6.3,63.0,-1.712475719543363,rad_pattern_6p3GHz.png
H,6.3,63.5,-1.6618222702651302,rad_pattern_6p3GHz.png
H,6.3,64.0,-1.5952998016468385,rad_pattern_6p3GHz.png
H,6.3,64.5,-1.5424400859417382,rad_pattern_6p3GHz.png
H,6.3,65.0,-1.4954627397653617,rad_pattern_6p3GHz.png
H,6.3,65.5,-1.4439824854610777,rad_pattern_6p3GHz.png
H,6.3,66.0,-1.3765611061040524,rad_pattern_6p3GHz.png
H,6.3,66.5,-1.3264288698736806,rad_pattern_6p3GHz.png
H,6.3,67.0,-1.2773503467454574,rad_pattern_6p3GHz.png
H,6.3,67.5,-1.2198401401798726,rad_pattern_6p3GHz.png
H,6.3,68.0,-1.1694374487491963,rad_pattern_6p3GHz.png
H,6.3,68.5,-1.1266429690023507,rad_pattern_6p3GHz.png
H,6.3,69.0,-1.0824418440562766,rad_pattern_6p3GHz.png
H,6.3,69.5,-1.0300738548375037,rad_pattern_6p3GHz.png
H,6.3,70.0,-0.9809501762249369,rad_pattern_6p3GHz.png
H,6.3,70.5,-0.938287497640097,rad_pattern_6p3GHz.png
H,6.3,71.0,-0.8800847431403689,rad_pattern_6p3GHz.png
H,6.3,71.5,-0.8437838472067831,rad_pattern_6p3GHz.png
H,6.3,72.0,-0.8060441570546786,rad_pattern_6p3GHz.png
H,6.3,72.5,-0.7661166921688363,rad_pattern_6p3GHz.png
H,6.3,73.0,-0.7240102028876727,rad_pattern_6p3GHz.png
H,6.3,73.5,-0.69113226892296,rad_pattern_6p3GHz.png
H,6.3,74.0,-0.6452344783846762,rad_pattern_6p3GHz.png
H,6.3,74.5,-0.6049636217426873,rad_pattern_6p3GHz.png
H,6.3,75.0,-0.5769632423734556,rad_pattern_6p3GHz.png
H,6.3,75.5,-0.5442438404896741,rad_pattern_6p3GHz.png
H,6.3,76.0,-0.5103980154571914,rad_pattern_6p3GHz.png
H,6.3,76.5,-0.47379357520091503,rad_pattern_6p3GHz.png
H,6.3,77.0,-0.4398323373861217,rad_pattern_6p3GHz.png
H,6.3,77.5,-0.41496702974389876,rad_pattern_6p3GHz.png
H,6.3,78.0,-0.3770988974186338,rad_pattern_6p3GHz.png
H,6.3,78.5,-0.34153830192216716,rad_pattern_6p3GHz.png
H,6.3,79.0,-0.33024460845838277,rad_pattern_6p3GHz.png
H,6.3,79.5,-0.28659647370486496,rad_pattern_6p3GHz.png
H,6.3,80.0,-0.27037532919997886,rad_pattern_6p3GHz.png
H,6.3,80.5,-0.23790444780644293,rad_pattern_6p3GHz.png
H,6.3,81.0,-0.23235829501515326,rad_pattern_6p3GHz.png
H,6.3,81.5,-0.20190203178870192,rad_pattern_6p3GHz.png
H,6.3,82.0,-0.1909893600326349,rad_pattern_6p3GHz.png
H,6.3,82.5,-0.15756192452018425,rad_pattern_6p3GHz.png
H,6.3,83.0,-0.14847137302370683,rad_pattern_6p3GHz.png
H,6.3,83.5,-0.12119385025973628,rad_pattern_6p3GHz.png
H,6.3,84.0,-0.1117543875071938,rad_pattern_6p3GHz.png
H,6.3,84.5,-0.08272952050956306,rad_pattern_6p3GHz.png
H,6.3,85.0,-0.06956520165679336,rad_pattern_6p3GHz.png
H,6.3,85.5,-0.0561882995900298,rad_pattern_6p3GHz.png
H,6.3,86.0,-0.0561882995900298,rad_pattern_6p3GHz.png
H,6.3,86.5,-0.041813559392270605,rad_pattern_6p3GHz.png
H,6.3,87.0,-0.029923948180098137,rad_pattern_6p3GHz.png
H,6.3,87.5,-0.029923948180098137,rad_pattern_6p3GHz.png
H,6.3,88.0,-0.029923948180098137,rad_pattern_6p3GHz.png
H,6.3,88.5,-0.023016965286878133,rad_pattern_6p3GHz.png
H,6.3,89.0,-0.01712844312163142,rad_pattern_6p3GHz.png
H,6.3,89.5,-0.0011450184857615398,rad_pattern_6p3GHz.png
H,6.3,90.0,0.0,rad_pattern_6p3GHz.png
H,6.3,90.5,-0.0011450184857615398,rad_pattern_6p3GHz.png
H,6.3,91.0,-0.01712844312163142,rad_pattern_6p3GHz.png
H,6.3,91.5,-0.023016965286878133,rad_pattern_6p3GHz.png
H,6.3,92.0,-0.029923948180098137,rad_pattern_6p3GHz.png
H,6.3,92.5,-0.029923948180098137,rad_pattern_6p3GHz.png
H,6.3,93.0,-0.029923948180098137,rad_pattern_6p3GHz.png
H,6.3,93.5,-0.041813559392270605,rad_pattern_6p3GHz.png
H,6.3,94.0,-0.0561882995900298,rad_pattern_6p3GHz.png
H,6.3,94.5,-0.0561882995900298,rad_pattern_6p3GHz.png
H,6.3,95.0,-0.06956520165679336,rad_pattern_6p3GHz.png
H,6.3,95.5,-0.08272952050956306,rad_pattern_6p3GHz.png
H,6.3,96.0,-0.1117543875071938,rad_pattern_6p3GHz.png
H,6.3,96.5,-0.12119385025973628,rad_pattern_6p3GHz.png
H,6.3,97.0,-0.14847137302370683,rad_pattern_6p3GHz.png
H,6.3,97.5,-0.15756192452018425,rad_pattern_6p3GHz.png
H,6.3,98.0,-0.1909893600326349,rad_pattern_6p3GHz.png
H,6.3,98.5,-0.20190203178870192,rad_pattern_6p3GHz.png
H,6.3,99.0,-0.23235829501515326,rad_pattern_6p3GHz.png
H,6.3,99.5,-0.23790444780644293,rad_pattern_6p3GHz.png
H,6.3,100.0,-0.27037532919997886,rad_pattern_6p3GHz.png
H,6.3,100.5,-0.28659647370486496,rad_pattern_6p3GHz.png
H,6.3,101.0,-0.33024460845838277,rad_pattern_6p3GHz.png
H,6.3,101.5,-0.34153830192216716,rad_pattern_6p3GHz.png
H,6.3,102.0,-0.3770988974186338,rad_pattern_6p3GHz.png
H,6.3,102.5,-0.41496702974389876,rad_pattern_6p3GHz.png
H,6.3,103.0,-0.4398323373861217,rad_pattern_6p3GHz.png
H,6.3,103.5,-0.47379357520091503,rad_pattern_6p3GHz.png
H,6.3,104.0,-0.5103980154571914,rad_pattern_6p3GHz.png
H,6.3,104.5,-0.5442438404896741,rad_pattern_6p3GHz.png
H,6.3,105.0,-0.5769632423734556,rad_pattern_6p3GHz.png
H,6.3,105.5,-0.6049636217426873,rad_pattern_6p3GHz.png
H,6.3,106.0,-0.6452344783846762,rad_pattern_6p3GHz.png
H,6.3,106.5,-0.69113226892296,rad_pattern_6p3GHz.png
H,6.3,107.0,-0.7240102028876727,rad_pattern_6p3GHz.png
H,6.3,107.5,-0.7661166921688363,rad_pattern_6p3GHz.png
H,6.3,108.0,-0.8060441570546786,rad_pattern_6p3GHz.png
H,6.3,108.5,-0.8437838472067831,rad_pattern_6p3GHz.png
H,6.3,109.0,-0.8800847431403689,rad_pattern_6p3GHz.png
H,6.3,109.5,-0.938287497640097,rad_pattern_6p3GHz.png
H,6.3,110.0,-0.9809501762249369,rad_pattern_6p3GHz.png
H,6.3,110.5,-1.0300738548375037,rad_pattern_6p3GHz.png
H,6.3,111.0,-1.0824418440562766,rad_pattern_6p3GHz.png
H,6.3,111.5,-1.1266429690023507,rad_pattern_6p3GHz.png
H,6.3,112.0,-1.1694374487491963,rad_pattern_6p3GHz.png
H,6.3,112.5,-1.2198401401798726,rad_pattern_6p3GHz.png
H,6.3,113.0,-1.2773503467454574,rad_pattern_6p3GHz.png
H,6.3,113.5,-1.3264288698736806,rad_pattern_6p3GHz.png
H,6.3,114.0,-1.3765611061040524,rad_pattern_6p3GHz.png
H,6.3,114.5,-1.4439824854610777,rad_pattern_6p3GHz.png
H,6.3,115.0,-1.4954627397653617,rad_pattern_6p3GHz.png
H,6.3,115.5,-1.5424400859417382,rad_pattern_6p3GHz.png
H,6.3,116.0,-1.5952998016468385,rad_pattern_6p3GHz.png
H,6.3,116.5,-1.6618222702651302,rad_pattern_6p3GHz.png
H,6.3,117.0,-1.712475719543363,rad_pattern_6p3GHz.png
H,6.3,117.5,-1.7748380804303423,rad_pattern_6p3GHz.png
H,6.3,118.0,-1.8342975420741823,rad_pattern_6p3GHz.png
H,6.3,118.5,-1.8913198580053425,rad_pattern_6p3GHz.png
H,6.3,119.0,-1.9600387602742977,rad_pattern_6p3GHz.png
H,6.3,119.5,-2.026822113786139,rad_pattern_6p3GHz.png
H,6.3,120.0,-2.0797588308678634,rad_pattern_6p3GHz.png
H,6.3,120.5,-2.154528175363808,rad_pattern_6p3GHz.png
H,6.3,121.0,-2.2054423268257644,rad_pattern_6p3GHz.png
H,6.3,121.5,-2.2797177816174177,rad_pattern_6p3GHz.png
H,6.3,122.0,-2.3558705731938936,rad_pattern_6p3GHz.png
H,6.3,122.5,-2.4216086232356915,rad_pattern_6p3GHz.png
H,6.3,123.0,-2.480502205633531,rad_pattern_6p3GHz.png
H,6.3,123.5,-2.5545548179069115,rad_pattern_6p3GHz.png
H,6.3,124.0,-2.618583132786245,rad_pattern_6p3GHz.png
H,6.3,124.5,-2.7047687446744746,rad_pattern_6p3GHz.png
H,6.3,125.0,-2.776869305438872,rad_pattern_6p3GHz.png
H,6.3,125.5,-2.84438256162888,rad_pattern_6p3GHz.png
H,6.3,126.0,-2.9110951584877256,rad_pattern_6p3GHz.png
H,6.3,126.5,-2.983129410291422,rad_pattern_6p3GHz.png
H,6.3,127.0,-3.0596188788250416,rad_pattern_6p3GHz.png
H,6.3,127.5,-3.1272178709134124,rad_pattern_6p3GHz.png
H,6.3,128.0,-3.20371276681211,rad_pattern_6p3GHz.png
H,6.3,128.5,-3.281671049672667,rad_pattern_6p3GHz.png
H,6.3,129.0,-3.349635268717435,rad_pattern_6p3GHz.png
H,6.3,129.5,-3.41945575466438,rad_pattern_6p3GHz.png
H,6.3,130.0,-3.5047714278975306,rad_pattern_6p3GHz.png
H,6.3,130.5,-3.58152773567528,rad_pattern_6p3GHz.png
H,6.3,131.0,-3.6409710693060084,rad_pattern_6p3GHz.png
H,6.3,131.5,-3.705719657724501,rad_pattern_6p3GHz.png
H,6.3,132.0,-3.792003642277251,rad_pattern_6p3GHz.png
H,6.3,132.5,-3.884273356908203,rad_pattern_6p3GHz.png
H,6.3,133.0,-3.9402945181729905,rad_pattern_6p3GHz.png
H,6.3,133.5,-3.9894799834365706,rad_pattern_6p3GHz.png
H,6.3,134.0,-4.075930519117961,rad_pattern_6p3GHz.png
H,6.3,134.5,-4.159574018361816,rad_pattern_6p3GHz.png
H,6.3,135.0,-4.242154308263281,rad_pattern_6p3GHz.png
H,6.3,135.5,-4.323058825061594,rad_pattern_6p3GHz.png
H,6.3,136.0,-4.400840694062833,rad_pattern_6p3GHz.png
H,6.3,136.5,-4.477768909008816,rad_pattern_6p3GHz.png
H,6.3,137.0,-4.5516284026723,rad_pattern_6p3GHz.png
H,6.3,137.5,-4.630189237517545,rad_pattern_6p3GHz.png
H,6.3,138.0,-4.6966959811906435,rad_pattern_6p3GHz.png
H,6.3,138.5,-4.8050451566890295,rad_pattern_6p3GHz.png
H,6.3,139.0,-4.875889526472729,rad_pattern_6p3GHz.png
H,6.3,139.5,-4.9456297137661025,rad_pattern_6p3GHz.png
H,6.3,140.0,-5.048117595739935,rad_pattern_6p3GHz.png
H,6.3,140.5,-5.1441745841360955,rad_pattern_6p3GHz.png
H,6.3,141.0,-5.20913585956858,rad_pattern_6p3GHz.png
H,6.3,141.5,-5.304451568102749,rad_pattern_6p3GHz.png
H,6.3,142.0,-5.397085798302964,rad_pattern_6p3GHz.png
H,6.3,142.5,-5.492549247242959,rad_pattern_6p3GHz.png
H,6.3,143.0,-5.586110799043542,rad_pattern_6p3GHz.png
H,6.3,143.5,-5.683867279977658,rad_pattern_6p3GHz.png
H,6.3,144.0,-5.786608265532987,rad_pattern_6p3GHz.png
H,6.3,144.5,-5.875415168493689,rad_pattern_6p3GHz.png
H,6.3,145.0,-5.995472831918388,rad_pattern_6p3GHz.png
H,6.3,145.5,-6.096014283896977,rad_pattern_6p3GHz.png
H,6.3,146.0,-6.186115377220876,rad_pattern_6p3GHz.png
H,6.3,146.5,-6.29076567910716,rad_pattern_6p3GHz.png
H,6.3,147.0,-6.393460262450034,rad_pattern_6p3GHz.png
H,6.3,147.5,-6.50108365745875,rad_pattern_6p3GHz.png
H,6.3,148.0,-6.599743872955717,rad_pattern_6p3GHz.png
H,6.3,148.5,-6.71547897883287,rad_pattern_6p3GHz.png
H,6.3,149.0,-6.816007322721326,rad_pattern_6p3GHz.png
H,6.3,149.5,-6.919390281907965,rad_pattern_6p3GHz.png
H,6.3,150.0,-7.025341456089528,rad_pattern_6p3GHz.png
H,6.3,150.5,-7.139831109776907,rad_pattern_6p3GHz.png
H,6.3,151.0,-7.249742703980967,rad_pattern_6p3GHz.png
H,6.3,151.5,-7.338101821185074,rad_pattern_6p3GHz.png
H,6.3,152.0,-7.421764577518459,rad_pattern_6p3GHz.png
H,6.3,152.5,-7.528970838506126,rad_pattern_6p3GHz.png
H,6.3,153.0,-7.633846701168462,rad_pattern_6p3GHz.png
H,6.3,153.5,-7.763482771928494,rad_pattern_6p3GHz.png
H,6.3,154.0,-7.892756103125507,rad_pattern_6p3GHz.png
H,6.3,154.5,-7.993934317644545,rad_pattern_6p3GHz.png
H,6.3,155.0,-8.079103548852643,rad_pattern_6p3GHz.png
H,6.3,155.5,-8.185762334153239,rad_pattern_6p3GHz.png
H,6.3,156.0,-8.282890023644,rad_pattern_6p3GHz.png
H,6.3,156.5,-8.405645783588426,rad_pattern_6p3GHz.png
H,6.3,157.0,-8.497103481812225,rad_pattern_6p3GHz.png
H,6.3,157.5,-8.591134334269935,rad_pattern_6p3GHz.png
H,6.3,158.0,-8.722312680057495,rad_pattern_6p3GHz.png
H,6.3,158.5,-8.818765868692303,rad_pattern_6p3GHz.png
H,6.3,159.0,-8.929632724999845,rad_pattern_6p3GHz.png
H,6.3,159.5,-9.03874828375642,rad_pattern_6p3GHz.png
H,6.3,160.0,-9.135726419116338,rad_pattern_6p3GHz.png
H,6.3,160.5,-9.266611540814218,rad_pattern_6p3GHz.png
H,6.3,161.0,-9.362469747025642,rad_pattern_6p3GHz.png
H,6.3,161.5,-9.463963445864259,rad_pattern_6p3GHz.png
H,6.3,162.0,-9.59173321633946,rad_pattern_6p3GHz.png
H,6.3,162.5,-9.688557043692931,rad_pattern_6p3GHz.png
H,6.3,163.0,-9.803204336295892,rad_pattern_6p3GHz.png
H,6.3,163.5,-9.916387951673684,rad_pattern_6p3GHz.png
H,6.3,164.0,-10.035902673559892,rad_pattern_6p3GHz.png
H,6.3,164.5,-10.150497280942727,rad_pattern_6p3GHz.png
H,6.3,165.0,-10.254019683120283,rad_pattern_6p3GHz.png
H,6.3,165.5,-10.367047482996501,rad_pattern_6p3GHz.png
H,6.3,166.0,-10.472797114813144,rad_pattern_6p3GHz.png
H,6.3,166.5,-10.577114551347105,rad_pattern_6p3GHz.png
H,6.3,167.0,-10.694847229342777,rad_pattern_6p3GHz.png
H,6.3,167.5,-10.78359574599174,rad_pattern_6p3GHz.png
H,6.3,168.0,-10.895970494823459,rad_pattern_6p3GHz.png
H,6.3,168.5,-10.999681699089631,rad_pattern_6p3GHz.png
H,6.3,169.0,-11.101038944282,rad_pattern_6p3GHz.png
H,6.3,169.5,-11.194898655952386,rad_pattern_6p3GHz.png
H,6.3,170.0,-11.282015284033985,rad_pattern_6p3GHz.png
H,6.3,170.5,-11.386772068637224,rad_pattern_6p3GHz.png
H,6.3,171.0,-11.504852419628332,rad_pattern_6p3GHz.png
H,6.3,171.5,-11.61245649709517,rad_pattern_6p3GHz.png
H,6.3,172.0,-11.72342907394087,rad_pattern_6p3GHz.png
H,6.3,172.5,-11.804304444831303,rad_pattern_6p3GHz.png
H,6.3,173.0,-11.890777407217918,rad_pattern_6p3GHz.png
H,6.3,173.5,-11.99353504856646,rad_pattern_6p3GHz.png
H,6.3,174.0,-12.095762225824082,rad_pattern_6p3GHz.png
H,6.3,174.5,-12.176368167180172,rad_pattern_6p3GHz.png
H,6.3,175.0,-12.273140714487539,rad_pattern_6p3GHz.png
H,6.3,175.5,-12.369481100117532,rad_pattern_6p3GHz.png
H,6.3,176.0,-12.446666598143139,rad_pattern_6p3GHz.png
H,6.3,176.5,-12.542441188685181,rad_pattern_6p3GHz.png
H,6.3,177.0,-12.635769843083139,rad_pattern_6p3GHz.png
H,6.3,177.5,-12.759899872429557,rad_pattern_6p3GHz.png
H,6.3,178.0,-12.826642907358117,rad_pattern_6p3GHz.png
H,6.3,178.5,-12.946310560821932,rad_pattern_6p3GHz.png
H,6.3,179.0,-13.06437106071553,rad_pattern_6p3GHz.png
H,6.3,179.5,-13.153032187674395,rad_pattern_6p3GHz.png
H,6.3,180.0,-13.269566849295025,rad_pattern_6p3GHz.png
H,6.3,180.5,-13.412600343927412,rad_pattern_6p3GHz.png
H,6.3,181.0,-13.469534652981501,rad_pattern_6p3GHz.png
H,6.3,181.5,-13.610127675077194,rad_pattern_6p3GHz.png
H,6.3,182.0,-13.694308260507196,rad_pattern_6p3GHz.png
H,6.3,182.5,-13.83087102745452,rad_pattern_6p3GHz.png
H,6.3,183.0,-13.940786747296091,rad_pattern_6p3GHz.png
H,6.3,183.5,-14.071532850776652,rad_pattern_6p3GHz.png
H,6.3,184.0,-14.15400831876806,rad_pattern_6p3GHz.png
H,6.3,184.5,-14.287426573966723,rad_pattern_6p3GHz.png
H,6.3,185.0,-14.390518098803263,rad_pattern_6p3GHz.png
H,6.3,185.5,-14.49493823939175,rad_pattern_6p3GHz.png
H,6.3,186.0,-14.604300811873681,rad_pattern_6p3GHz.png
H,6.3,186.5,-14.75494351554759,rad_pattern_6p3GHz.png
H,6.3,187.0,-14.8525233320353,rad_pattern_6p3GHz.png
H,6.3,187.5,-14.956132155225605,rad_pattern_6p3GHz.png
H,6.3,188.0,-15.059143101273092,rad_pattern_6p3GHz.png
H,6.3,188.5,-15.15729005513405,rad_pattern_6p3GHz.png
H,6.3,189.0,-15.254327385014616,rad_pattern_6p3GHz.png
H,6.3,189.5,-15.431019482304093,rad_pattern_6p3GHz.png
H,6.3,190.0,-15.525396247766205,rad_pattern_6p3GHz.png
H,6.3,190.5,-15.652303616343193,rad_pattern_6p3GHz.png
H,6.3,191.0,-15.79013415598078,rad_pattern_6p3GHz.png
H,6.3,191.5,-15.89211724956657,rad_pattern_6p3GHz.png
H,6.3,192.0,-16.015963746079574,rad_pattern_6p3GHz.png
H,6.3,192.5,-16.138991465832287,rad_pattern_6p3GHz.png
H,6.3,193.0,-16.28276037655179,rad_pattern_6p3GHz.png
H,6.3,193.5,-16.431678371986656,rad_pattern_6p3GHz.png
H,6.3,194.0,-16.57250495541267,rad_pattern_6p3GHz.png
H,6.3,194.5,-16.726252368142806,rad_pattern_6p3GHz.png
H,6.3,195.0,-16.864273295388212,rad_pattern_6p3GHz.png
H,6.3,195.5,-17.023936915541707,rad_pattern_6p3GHz.png
H,6.3,196.0,-17.175273117138598,rad_pattern_6p3GHz.png
H,6.3,196.5,-17.325820893676667,rad_pattern_6p3GHz.png
H,6.3,197.0,-17.522434868522073,rad_pattern_6p3GHz.png
H,6.3,197.5,-17.670960958464224,rad_pattern_6p3GHz.png
H,6.3,198.0,-17.864646414186012,rad_pattern_6p3GHz.png
H,6.3,198.5,-18.029344241479773,rad_pattern_6p3GHz.png
H,6.3,199.0,-18.210960693096386,rad_pattern_6p3GHz.png
H,6.3,199.5,-18.393766308868106,rad_pattern_6p3GHz.png
H,6.3,200.0,-18.5824492607022,rad_pattern_6p3GHz.png
H,6.3,200.5,-18.735269555666655,rad_pattern_6p3GHz.png
H,6.3,201.0,-18.941400711368015,rad_pattern_6p3GHz.png
H,6.3,201.5,-19.10901210935106,rad_pattern_6p3GHz.png
H,6.3,202.0,-19.296986644281624,rad_pattern_6p3GHz.png
H,6.3,202.5,-19.47788990136254,rad_pattern_6p3GHz.png
H,6.3,203.0,-19.606882053987913,rad_pattern_6p3GHz.png
H,6.3,203.5,-19.78527043243179,rad_pattern_6p3GHz.png
H,6.3,204.0,-20.00853981984959,rad_pattern_6p3GHz.png
H,6.3,204.5,-20.154759660369322,rad_pattern_6p3GHz.png
H,6.3,205.0,-20.24772840969607,rad_pattern_6p3GHz.png
H,6.3,205.5,-20.431968605410002,rad_pattern_6p3GHz.png
H,6.3,206.0,-20.61326930911761,rad_pattern_6p3GHz.png
H,6.3,206.5,-20.756103491065144,rad_pattern_6p3GHz.png
H,6.3,207.0,-20.93674516148304,rad_pattern_6p3GHz.png
H,6.3,207.5,-21.090927480437426,rad_pattern_6p3GHz.png
H,6.3,208.0,-21.25640668057127,rad_pattern_6p3GHz.png
H,6.3,208.5,-21.408873622674417,rad_pattern_6p3GHz.png
H,6.3,209.0,-21.549323294852634,rad_pattern_6p3GHz.png
H,6.3,209.5,-21.67551067390444,rad_pattern_6p3GHz.png
H,6.3,210.0,-21.78666250708756,rad_pattern_6p3GHz.png
H,6.3,210.5,-21.990607177157816,rad_pattern_6p3GHz.png
H,6.3,211.0,-22.139739901750428,rad_pattern_6p3GHz.png
H,6.3,211.5,-22.28793724747108,rad_pattern_6p3GHz.png
H,6.3,212.0,-22.435148723745296,rad_pattern_6p3GHz.png
H,6.3,212.5,-22.588177071974165,rad_pattern_6p3GHz.png
H,6.3,213.0,-22.773985907352547,rad_pattern_6p3GHz.png
H,6.3,213.5,-22.87064934970768,rad_pattern_6p3GHz.png
H,6.3,214.0,-23.054835282112176,rad_pattern_6p3GHz.png
H,6.3,214.5,-23.230639600631246,rad_pattern_6p3GHz.png
H,6.3,215.0,-23.429789656072906,rad_pattern_6p3GHz.png
H,6.3,215.5,-23.55761282711197,rad_pattern_6p3GHz.png
H,6.3,216.0,-23.698551899005846,rad_pattern_6p3GHz.png
H,6.3,216.5,-23.872565866722855,rad_pattern_6p3GHz.png
H,6.3,217.0,-24.022979858063135,rad_pattern_6p3GHz.png
H,6.3,217.5,-24.155623691385177,rad_pattern_6p3GHz.png
H,6.3,218.0,-24.310429809865948,rad_pattern_6p3GHz.png
H,6.3,218.5,-24.500213546932223,rad_pattern_6p3GHz.png
H,6.3,219.0,-24.608510459452066,rad_pattern_6p3GHz.png
H,6.3,219.5,-24.697925518053687,rad_pattern_6p3GHz.png
H,6.3,220.0,-24.864467890523418,rad_pattern_6p3GHz.png
H,6.3,220.5,-24.94941218267399,rad_pattern_6p3GHz.png
H,6.3,221.0,-25.077900237961213,rad_pattern_6p3GHz.png
H,6.3,221.5,-25.224611318436605,rad_pattern_6p3GHz.png
H,6.3,222.0,-25.248407787128773,rad_pattern_6p3GHz.png
H,6.3,222.5,-25.29110224416582,rad_pattern_6p3GHz.png
H,6.3,223.0,-25.537788603540115,rad_pattern_6p3GHz.png
H,6.3,223.5,-25.620820034948235,rad_pattern_6p3GHz.png
H,6.3,224.0,-25.744428866444935,rad_pattern_6p3GHz.png
H,6.3,224.5,-25.765715612965412,rad_pattern_6p3GHz.png
H,6.3,225.0,-25.847647149959695,rad_pattern_6p3GHz.png
H,6.3,225.5,-25.888351943481315,rad_pattern_6p3GHz.png
H,6.3,226.0,-25.94878603083689,rad_pattern_6p3GHz.png
H,6.3,226.5,-26.030527765157192,rad_pattern_6p3GHz.png
H,6.3,227.0,-26.111169102658526,rad_pattern_6p3GHz.png
H,6.3,227.5,-26.271188305885413,rad_pattern_6p3GHz.png
H,6.3,228.0,-26.273088151540346,rad_pattern_6p3GHz.png
H,6.3,228.5,-26.513720805197497,rad_pattern_6p3GHz.png
H,6.3,229.0,-26.57349403052577,rad_pattern_6p3GHz.png
H,6.3,229.5,-26.796237015434233,rad_pattern_6p3GHz.png
H,6.3,230.0,-26.896363710784243,rad_pattern_6p3GHz.png
H,6.3,230.5,-26.95562269857293,rad_pattern_6p3GHz.png
H,6.3,231.0,-27.073525372113846,rad_pattern_6p3GHz.png
H,6.3,231.5,-27.236046722467787,rad_pattern_6p3GHz.png
H,6.3,232.0,-27.393369988887855,rad_pattern_6p3GHz.png
H,6.3,232.5,-27.398468307338337,rad_pattern_6p3GHz.png
H,6.3,233.0,-27.555411019887423,rad_pattern_6p3GHz.png
H,6.3,233.5,-27.717288796555355,rad_pattern_6p3GHz.png
H,6.3,234.0,-27.815201170664963,rad_pattern_6p3GHz.png
H,6.3,234.5,-27.993220365023046,rad_pattern_6p3GHz.png
H,6.3,235.0,-28.04043408746132,rad_pattern_6p3GHz.png
H,6.3,235.5,-28.218068530478277,rad_pattern_6p3GHz.png
H,6.3,236.0,-28.234315623162527,rad_pattern_6p3GHz.png
H,6.3,236.5,-28.330306441260486,rad_pattern_6p3GHz.png
H,6.3,237.0,-28.522938344212797,rad_pattern_6p3GHz.png
H,6.3,237.5,-28.682896182993648,rad_pattern_6p3GHz.png
H,6.3,238.0,-28.682896182993648,rad_pattern_6p3GHz.png
H,6.3,238.5,-28.762648575459664,rad_pattern_6p3GHz.png
H,6.3,239.0,-28.817489900270814,rad_pattern_6p3GHz.png
H,6.3,239.5,-28.87169450485916,rad_pattern_6p3GHz.png
H,6.3,240.0,-28.91111837295088,rad_pattern_6p3GHz.png
H,6.3,240.5,-28.91111837295088,rad_pattern_6p3GHz.png
H,6.3,241.0,-28.950484971860153,rad_pattern_6p3GHz.png
H,6.3,241.5,-29.0935881934146,rad_pattern_6p3GHz.png
H,6.3,242.0,-29.0935881934146,rad_pattern_6p3GHz.png
H,6.3,242.5,-28.97789149139781,rad_pattern_6p3GHz.png
H,6.3,243.0,-28.97789149139781,rad_pattern_6p3GHz.png
H,6.3,243.5,-28.590100754388445,rad_pattern_6p3GHz.png
H,6.3,244.0,-28.809850502876174,rad_pattern_6p3GHz.png
H,6.3,244.5,-28.62838897824435,rad_pattern_6p3GHz.png
H,6.3,245.0,-28.62838897824435,rad_pattern_6p3GHz.png
H,6.3,245.5,-28.382105709471784,rad_pattern_6p3GHz.png
H,6.3,246.0,-28.135684794390368,rad_pattern_6p3GHz.png
H,6.3,246.5,-27.965287468762988,rad_pattern_6p3GHz.png
H,6.3,247.0,-27.71855921378013,rad_pattern_6p3GHz.png
H,6.3,247.5,-27.574083880517577,rad_pattern_6p3GHz.png
H,6.3,248.0,-27.311300800404812,rad_pattern_6p3GHz.png
H,6.3,248.5,-27.193140526421296,rad_pattern_6p3GHz.png
H,6.3,249.0,-27.0209616412942,rad_pattern_6p3GHz.png
H,6.3,249.5,-26.83829581630196,rad_pattern_6p3GHz.png
H,6.3,250.0,-26.702800740312835,rad_pattern_6p3GHz.png
H,6.3,250.5,-26.56671280212751,rad_pattern_6p3GHz.png
H,6.3,251.0,-26.32930028316957,rad_pattern_6p3GHz.png
H,6.3,251.5,-26.00959050046512,rad_pattern_6p3GHz.png
H,6.3,252.0,-25.50663221621384,rad_pattern_6p3GHz.png
H,6.3,252.5,-25.058433266105016,rad_pattern_6p3GHz.png
H,6.3,253.0,-24.68255822310959,rad_pattern_6p3GHz.png
H,6.3,253.5,-24.461179832131688,rad_pattern_6p3GHz.png
H,6.3,254.0,-24.23910637296032,rad_pattern_6p3GHz.png
H,6.3,254.5,-24.016407425252012,rad_pattern_6p3GHz.png
H,6.3,255.0,-23.72978280441933,rad_pattern_6p3GHz.png
H,6.3,255.5,-23.498890068312264,rad_pattern_6p3GHz.png
H,6.3,256.0,-23.31706501948196,rad_pattern_6p3GHz.png
H,6.3,256.5,-23.148567489999564,rad_pattern_6p3GHz.png
H,6.3,257.0,-23.04925683148294,rad_pattern_6p3GHz.png
H,6.3,257.5,-22.823694033558915,rad_pattern_6p3GHz.png
H,6.3,258.0,-22.666408575223162,rad_pattern_6p3GHz.png
H,6.3,258.5,-22.558969792575876,rad_pattern_6p3GHz.png
H,6.3,259.0,-22.43393137892308,rad_pattern_6p3GHz.png
H,6.3,259.5,-22.291873528125873,rad_pattern_6p3GHz.png
H,6.3,260.0,-22.131466509080802,rad_pattern_6p3GHz.png
H,6.3,260.5,-22.084240093626537,rad_pattern_6p3GHz.png
H,6.3,261.0,-21.950847565847692,rad_pattern_6p3GHz.png
H,6.3,261.5,-21.825033834890842,rad_pattern_6p3GHz.png
H,6.3,262.0,-21.81672551530806,rad_pattern_6p3GHz.png
H,6.3,262.5,-21.74702737633361,rad_pattern_6p3GHz.png
H,6.3,263.0,-21.64332622233744,rad_pattern_6p3GHz.png
H,6.3,263.5,-21.50658254887698,rad_pattern_6p3GHz.png
H,6.3,264.0,-21.467099784704274,rad_pattern_6p3GHz.png
H,6.3,264.5,-21.4298265756038,rad_pattern_6p3GHz.png
H,6.3,265.0,-21.357183073627066,rad_pattern_6p3GHz.png
H,6.3,265.5,-21.312972117245987,rad_pattern_6p3GHz.png
H,6.3,266.0,-21.27559683050526,rad_pattern_6p3GHz.png
H,6.3,266.5,-21.231943067499504,rad_pattern_6p3GHz.png
H,6.3,267.0,-21.210320559907704,rad_pattern_6p3GHz.png
H,6.3,267.5,-21.206262406349776,rad_pattern_6p3GHz.png
H,6.3,268.0,-21.18267667493292,rad_pattern_6p3GHz.png
H,6.3,268.5,-21.130161026399385,rad_pattern_6p3GHz.png
H,6.3,269.0,-21.10300696139196,rad_pattern_6p3GHz.png
H,6.3,269.5,-21.10300696139196,rad_pattern_6p3GHz.png
H,6.3,270.0,-21.10300696139196,rad_pattern_6p3GHz.png
H,6.3,270.5,-21.10300696139196,rad_pattern_6p3GHz.png
H,6.3,271.0,-21.10300696139196,rad_pattern_6p3GHz.png
H,6.3,271.5,-21.130161026399385,rad_pattern_6p3GHz.png
H,6.3,272.0,-21.18267667493292,rad_pattern_6p3GHz.png
H,6.3,272.5,-21.206262406349776,rad_pattern_6p3GHz.png
H,6.3,273.0,-21.210320559907704,rad_pattern_6p3GHz.png
H,6.3,273.5,-21.231943067499504,rad_pattern_6p3GHz.png
H,6.3,274.0,-21.27559683050526,rad_pattern_6p3GHz.png
H,6.3,274.5,-21.312972117245987,rad_pattern_6p3GHz.png
H,6.3,275.0,-21.357183073627066,rad_pattern_6p3GHz.png
H,6.3,275.5,-21.4298265756038,rad_pattern_6p3GHz.png
H,6.3,276.0,-21.467099784704274,rad_pattern_6p3GHz.png
H,6.3,276.5,-21.50658254887698,rad_pattern_6p3GHz.png
H,6.3,277.0,-21.64332622233744,rad_pattern_6p3GHz.png
H,6.3,277.5,-21.74702737633361,rad_pattern_6p3GHz.png
H,6.3,278.0,-21.825033834890842,rad_pattern_6p3GHz.png
H,6.3,278.5,-21.845318850866953,rad_pattern_6p3GHz.png
H,6.3,279.0,-21.950847565847692,rad_pattern_6p3GHz.png
H,6.3,279.5,-22.084240093626537,rad_pattern_6p3GHz.png
H,6.3,280.0,-22.131466509080802,rad_pattern_6p3GHz.png
H,6.3,280.5,-22.291873528125873,rad_pattern_6p3GHz.png
H,6.3,281.0,-22.43393137892308,rad_pattern_6p3GHz.png
H,6.3,281.5,-22.558969792575876,rad_pattern_6p3GHz.png
H,6.3,282.0,-22.666408575223162,rad_pattern_6p3GHz.png
H,6.3,282.5,-22.823694033558915,rad_pattern_6p3GHz.png
H,6.3,283.0,-23.04925683148294,rad_pattern_6p3GHz.png
H,6.3,283.5,-23.148567489999564,rad_pattern_6p3GHz.png
H,6.3,284.0,-23.31706501948196,rad_pattern_6p3GHz.png
H,6.3,284.5,-23.498890068312264,rad_pattern_6p3GHz.png
H,6.3,285.0,-23.72978280441933,rad_pattern_6p3GHz.png
H,6.3,285.5,-24.016407425252012,rad_pattern_6p3GHz.png
H,6.3,286.0,-24.23910637296032,rad_pattern_6p3GHz.png
H,6.3,286.5,-24.461179832131688,rad_pattern_6p3GHz.png
H,6.3,287.0,-24.68255822310959,rad_pattern_6p3GHz.png
H,6.3,287.5,-25.058433266105016,rad_pattern_6p3GHz.png
H,6.3,288.0,-25.50663221621384,rad_pattern_6p3GHz.png
H,6.3,288.5,-26.00959050046512,rad_pattern_6p3GHz.png
H,6.3,289.0,-26.32930028316957,rad_pattern_6p3GHz.png
H,6.3,289.5,-26.56671280212751,rad_pattern_6p3GHz.png
H,6.3,290.0,-26.702800740312835,rad_pattern_6p3GHz.png
H,6.3,290.5,-26.83829581630196,rad_pattern_6p3GHz.png
H,6.3,291.0,-27.0209616412942,rad_pattern_6p3GHz.png
H,6.3,291.5,-27.193140526421296,rad_pattern_6p3GHz.png
H,6.3,292.0,-27.311300800404812,rad_pattern_6p3GHz.png
H,6.3,292.5,-27.574083880517577,rad_pattern_6p3GHz.png
H,6.3,293.0,-27.71855921378013,rad_pattern_6p3GHz.png
H,6.3,293.5,-27.965287468762988,rad_pattern_6p3GHz.png
H,6.3,294.0,-28.135684794390368,rad_pattern_6p3GHz.png
H,6.3,294.5,-28.382105709471784,rad_pattern_6p3GHz.png
H,6.3,295.0,-28.62838897824435,rad_pattern_6p3GHz.png
H,6.3,295.5,-28.62838897824435,rad_pattern_6p3GHz.png
H,6.3,296.0,-28.809850502876174,rad_pattern_6p3GHz.png
H,6.3,296.5,-28.590100754388445,rad_pattern_6p3GHz.png
H,6.3,297.0,-28.97789149139781,rad_pattern_6p3GHz.png
H,6.3,297.5,-28.97789149139781,rad_pattern_6p3GHz.png
H,6.3,298.0,-29.0935881934146,rad_pattern_6p3GHz.png
H,6.3,298.5,-29.0935881934146,rad_pattern_6p3GHz.png
H,6.3,299.0,-28.950484971860153,rad_pattern_6p3GHz.png
H,6.3,299.5,-28.91111837295088,rad_pattern_6p3GHz.png
H,6.3,300.0,-28.91111837295088,rad_pattern_6p3GHz.png
H,6.3,300.5,-28.87169450485916,rad_pattern_6p3GHz.png
H,6.3,301.0,-28.817489900270814,rad_pattern_6p3GHz.png
H,6.3,301.5,-28.762648575459664,rad_pattern_6p3GHz.png
H,6.3,302.0,-28.682896182993648,rad_pattern_6p3GHz.png
H,6.3,302.5,-28.682896182993648,rad_pattern_6p3GHz.png
H,6.3,303.0,-28.522938344212797,rad_pattern_6p3GHz.png
H,6.3,303.5,-28.330306441260486,rad_pattern_6p3GHz.png
H,6.3,304.0,-28.234315623162527,rad_pattern_6p3GHz.png
H,6.3,304.5,-28.218068530478277,rad_pattern_6p3GHz.png
H,6.3,305.0,-28.04043408746132,rad_pattern_6p3GHz.png
H,6.3,305.5,-27.993220365023046,rad_pattern_6p3GHz.png
H,6.3,306.0,-27.815201170664963,rad_pattern_6p3GHz.png
H,6.3,306.5,-27.717288796555355,rad_pattern_6p3GHz.png
H,6.3,307.0,-27.555411019887423,rad_pattern_6p3GHz.png
H,6.3,307.5,-27.398468307338337,rad_pattern_6p3GHz.png
H,6.3,308.0,-27.393369988887855,rad_pattern_6p3GHz.png
H,6.3,308.5,-27.236046722467787,rad_pattern_6p3GHz.png
H,6.3,309.0,-27.073525372113846,rad_pattern_6p3GHz.png
H,6.3,309.5,-26.95562269857293,rad_pattern_6p3GHz.png
H,6.3,310.0,-26.896363710784243,rad_pattern_6p3GHz.png
H,6.3,310.5,-26.796237015434233,rad_pattern_6p3GHz.png
H,6.3,311.0,-26.57349403052577,rad_pattern_6p3GHz.png
H,6.3,311.5,-26.513720805197497,rad_pattern_6p3GHz.png
H,6.3,312.0,-26.273088151540346,rad_pattern_6p3GHz.png
H,6.3,312.5,-26.271188305885413,rad_pattern_6p3GHz.png
H,6.3,313.0,-26.111169102658526,rad_pattern_6p3GHz.png
H,6.3,313.5,-26.030527765157192,rad_pattern_6p3GHz.png
H,6.3,314.0,-25.94878603083689,rad_pattern_6p3GHz.png
H,6.3,314.5,-25.888351943481315,rad_pattern_6p3GHz.png
H,6.3,315.0,-25.82720702903483,rad_pattern_6p3GHz.png
H,6.3,315.5,-25.745446527061784,rad_pattern_6p3GHz.png
H,6.3,316.0,-25.744428866444935,rad_pattern_6p3GHz.png
H,6.3,316.5,-25.620820034948235,rad_pattern_6p3GHz.png
H,6.3,317.0,-25.496934251014704,rad_pattern_6p3GHz.png
H,6.3,317.5,-25.250256811187786,rad_pattern_6p3GHz.png
H,6.3,318.0,-25.248407787128773,rad_pattern_6p3GHz.png
H,6.3,318.5,-25.224611318436605,rad_pattern_6p3GHz.png
H,6.3,319.0,-25.077900237961213,rad_pattern_6p3GHz.png
H,6.3,319.5,-24.94941218267399,rad_pattern_6p3GHz.png
H,6.3,320.0,-24.864467890523418,rad_pattern_6p3GHz.png
H,6.3,320.5,-24.697925518053687,rad_pattern_6p3GHz.png
H,6.3,321.0,-24.567850745751993,rad_pattern_6p3GHz.png
H,6.3,321.5,-24.500213546932223,rad_pattern_6p3GHz.png
H,6.3,322.0,-24.310429809865948,rad_pattern_6p3GHz.png
H,6.3,322.5,-24.155623691385177,rad_pattern_6p3GHz.png
H,6.3,323.0,-24.022979858063135,rad_pattern_6p3GHz.png
H,6.3,323.5,-23.872565866722855,rad_pattern_6p3GHz.png
H,6.3,324.0,-23.698551899005846,rad_pattern_6p3GHz.png
H,6.3,324.5,-23.55761282711197,rad_pattern_6p3GHz.png
H,6.3,325.0,-23.429789656072906,rad_pattern_6p3GHz.png
H,6.3,325.5,-23.230639600631246,rad_pattern_6p3GHz.png
H,6.3,326.0,-23.054835282112176,rad_pattern_6p3GHz.png
H,6.3,326.5,-22.87064934970768,rad_pattern_6p3GHz.png
H,6.3,327.0,-22.773985907352547,rad_pattern_6p3GHz.png
H,6.3,327.5,-22.588177071974165,rad_pattern_6p3GHz.png
H,6.3,328.0,-22.435148723745296,rad_pattern_6p3GHz.png
H,6.3,328.5,-22.28793724747108,rad_pattern_6p3GHz.png
H,6.3,329.0,-22.139739901750428,rad_pattern_6p3GHz.png
H,6.3,329.5,-21.990607177157816,rad_pattern_6p3GHz.png
H,6.3,330.0,-21.78666250708756,rad_pattern_6p3GHz.png
H,6.3,330.5,-21.67551067390444,rad_pattern_6p3GHz.png
H,6.3,331.0,-21.549323294852634,rad_pattern_6p3GHz.png
H,6.3,331.5,-21.408873622674417,rad_pattern_6p3GHz.png
H,6.3,332.0,-21.25640668057127,rad_pattern_6p3GHz.png
H,6.3,332.5,-21.090927480437426,rad_pattern_6p3GHz.png
H,6.3,333.0,-20.93674516148304,rad_pattern_6p3GHz.png
H,6.3,333.5,-20.768997310349253,rad_pattern_6p3GHz.png
H,6.3,334.0,-20.639256348770683,rad_pattern_6p3GHz.png
H,6.3,334.5,-20.431968605410002,rad_pattern_6p3GHz.png
H,6.3,335.0,-20.24772840969607,rad_pattern_6p3GHz.png
H,6.3,335.5,-20.142762007661343,rad_pattern_6p3GHz.png
H,6.3,336.0,-20.00853981984959,rad_pattern_6p3GHz.png
H,6.3,336.5,-19.78527043243179,rad_pattern_6p3GHz.png
H,6.3,337.0,-19.606882053987913,rad_pattern_6p3GHz.png
H,6.3,337.5,-19.47788990136254,rad_pattern_6p3GHz.png
H,6.3,338.0,-19.296986644281624,rad_pattern_6p3GHz.png
H,6.3,338.5,-19.10901210935106,rad_pattern_6p3GHz.png
H,6.3,339.0,-18.941400711368015,rad_pattern_6p3GHz.png
H,6.3,339.5,-18.735269555666655,rad_pattern_6p3GHz.png
H,6.3,340.0,-18.5824492607022,rad_pattern_6p3GHz.png
H,6.3,340.5,-18.393766308868106,rad_pattern_6p3GHz.png
H,6.3,341.0,-18.210960693096386,rad_pattern_6p3GHz.png
H,6.3,341.5,-18.029344241479773,rad_pattern_6p3GHz.png
H,6.3,342.0,-17.864646414186012,rad_pattern_6p3GHz.png
H,6.3,342.5,-17.670960958464224,rad_pattern_6p3GHz.png
H,6.3,343.0,-17.522434868522073,rad_pattern_6p3GHz.png
H,6.3,343.5,-17.325820893676667,rad_pattern_6p3GHz.png
H,6.3,344.0,-17.175273117138598,rad_pattern_6p3GHz.png
H,6.3,344.5,-17.023936915541707,rad_pattern_6p3GHz.png
H,6.3,345.0,-16.864273295388212,rad_pattern_6p3GHz.png
H,6.3,345.5,-16.726252368142806,rad_pattern_6p3GHz.png
H,6.3,346.0,-16.57250495541267,rad_pattern_6p3GHz.png
H,6.3,346.5,-16.431678371986656,rad_pattern_6p3GHz.png
H,6.3,347.0,-16.28276037655179,rad_pattern_6p3GHz.png
H,6.3,347.5,-16.138991465832287,rad_pattern_6p3GHz.png
H,6.3,348.0,-16.015963746079574,rad_pattern_6p3GHz.png
H,6.3,348.5,-15.89211724956657,rad_pattern_6p3GHz.png
H,6.3,349.0,-15.79013415598078,rad_pattern_6p3GHz.png
H,6.3,349.5,-15.652303616343193,rad_pattern_6p3GHz.png
H,6.3,350.0,-15.525396247766205,rad_pattern_6p3GHz.png
H,6.3,350.5,-15.431019482304093,rad_pattern_6p3GHz.png
H,6.3,351.0,-15.254327385014616,rad_pattern_6p3GHz.png
H,6.3,351.5,-15.15729005513405,rad_pattern_6p3GHz.png
H,6.3,352.0,-15.059143101273092,rad_pattern_6p3GHz.png
H,6.3,352.5,-14.956132155225605,rad_pattern_6p3GHz.png
H,6.3,353.0,-14.8525233320353,rad_pattern_6p3GHz.png
H,6.3,353.5,-14.75494351554759,rad_pattern_6p3GHz.png
H,6.3,354.0,-14.604300811873681,rad_pattern_6p3GHz.png
H,6.3,354.5,-14.49493823939175,rad_pattern_6p3GHz.png
H,6.3,355.0,-14.390518098803263,rad_pattern_6p3GHz.png
H,6.3,355.5,-14.287426573966723,rad_pattern_6p3GHz.png
H,6.3,356.0,-14.15400831876806,rad_pattern_6p3GHz.png
H,6.3,356.5,-14.071532850776652,rad_pattern_6p3GHz.png
H,6.3,357.0,-13.940786747296091,rad_pattern_6p3GHz.png
H,6.3,357.5,-13.83087102745452,rad_pattern_6p3GHz.png
H,6.3,358.0,-13.694308260507196,rad_pattern_6p3GHz.png
H,6.3,358.5,-13.610127675077194,rad_pattern_6p3GHz.png
H,6.3,359.0,-13.469971850422247,rad_pattern_6p3GHz.png
H,6.3,359.5,-13.412600343927412,rad_pattern_6p3GHz.png
H,7.3,0.0,-14.050002206507088,rad_pattern_7p3GHz.png
H,7.3,0.5,-13.93322683793502,rad_pattern_7p3GHz.png
H,7.3,1.0,-13.81582281644613,rad_pattern_7p3GHz.png
H,7.3,1.5,-13.695243428954623,rad_pattern_7p3GHz.png
H,7.3,2.0,-13.576785370325183,rad_pattern_7p3GHz.png
H,7.3,2.5,-13.45423998075627,rad_pattern_7p3GHz.png
H,7.3,3.0,-13.33313898679247,rad_pattern_7p3GHz.png
H,7.3,3.5,-13.206130641577015,rad_pattern_7p3GHz.png
H,7.3,4.0,-13.085075222469495,rad_pattern_7p3GHz.png
H,7.3,4.5,-13.00803307586018,rad_pattern_7p3GHz.png
H,7.3,5.0,-12.88301707629871,rad_pattern_7p3GHz.png
H,7.3,5.5,-12.806565978808468,rad_pattern_7p3GHz.png
H,7.3,6.0,-12.673662068332817,rad_pattern_7p3GHz.png
H,7.3,6.5,-12.545973199699173,rad_pattern_7p3GHz.png
H,7.3,7.0,-12.42114594702132,rad_pattern_7p3GHz.png
H,7.3,7.5,-12.323836200734302,rad_pattern_7p3GHz.png
H,7.3,8.0,-12.221927788168898,rad_pattern_7p3GHz.png
H,7.3,8.5,-12.115655722854576,rad_pattern_7p3GHz.png
H,7.3,9.0,-12.014071314667266,rad_pattern_7p3GHz.png
H,7.3,9.5,-11.914156071657615,rad_pattern_7p3GHz.png
H,7.3,10.0,-11.814405020376181,rad_pattern_7p3GHz.png
H,7.3,10.5,-11.701348650897629,rad_pattern_7p3GHz.png
H,7.3,11.0,-11.588968469678477,rad_pattern_7p3GHz.png
H,7.3,11.5,-11.470223590017508,rad_pattern_7p3GHz.png
H,7.3,12.0,-11.36640837187987,rad_pattern_7p3GHz.png
H,7.3,12.5,-11.266551048825132,rad_pattern_7p3GHz.png
H,7.3,13.0,-11.164975238522139,rad_pattern_7p3GHz.png
H,7.3,13.5,-11.039182027670698,rad_pattern_7p3GHz.png
H,7.3,14.0,-10.94246206452534,rad_pattern_7p3GHz.png
H,7.3,14.5,-10.8437740718268,rad_pattern_7p3GHz.png
H,7.3,15.0,-10.730726011359497,rad_pattern_7p3GHz.png
H,7.3,15.5,-10.634703166347748,rad_pattern_7p3GHz.png
H,7.3,16.0,-10.51242524802608,rad_pattern_7p3GHz.png
H,7.3,16.5,-10.41516779923456,rad_pattern_7p3GHz.png
H,7.3,17.0,-10.317761038520914,rad_pattern_7p3GHz.png
H,7.3,17.5,-10.210971730360264,rad_pattern_7p3GHz.png
H,7.3,18.0,-10.103111799989104,rad_pattern_7p3GHz.png
H,7.3,18.5,-10.003290666932173,rad_pattern_7p3GHz.png
H,7.3,19.0,-9.92029569367778,rad_pattern_7p3GHz.png
H,7.3,19.5,-9.81493825890194,rad_pattern_7p3GHz.png
H,7.3,20.0,-9.701384035939807,rad_pattern_7p3GHz.png
H,7.3,20.5,-9.620569508810195,rad_pattern_7p3GHz.png
H,7.3,21.0,-9.498269439555692,rad_pattern_7p3GHz.png
H,7.3,21.5,-9.420113574166393,rad_pattern_7p3GHz.png
H,7.3,22.0,-9.301774793934896,rad_pattern_7p3GHz.png
H,7.3,22.5,-9.209146878136359,rad_pattern_7p3GHz.png
H,7.3,23.0,-9.130839130095879,rad_pattern_7p3GHz.png
H,7.3,23.5,-9.013156800747229,rad_pattern_7p3GHz.png
H,7.3,24.0,-8.905125500123205,rad_pattern_7p3GHz.png
H,7.3,24.5,-8.812419257000844,rad_pattern_7p3GHz.png
H,7.3,25.0,-8.725246772872662,rad_pattern_7p3GHz.png
H,7.3,25.5,-8.637807406789417,rad_pattern_7p3GHz.png
H,7.3,26.0,-8.539122320181036,rad_pattern_7p3GHz.png
H,7.3,26.5,-8.38433942796221,rad_pattern_7p3GHz.png
H,7.3,27.0,-8.280725199915551,rad_pattern_7p3GHz.png
H,7.3,27.5,-8.17528517500406,rad_pattern_7p3GHz.png
H,7.3,28.0,-8.067970967552657,rad_pattern_7p3GHz.png
H,7.3,28.5,-7.97040402925926,rad_pattern_7p3GHz.png
H,7.3,29.0,-7.875741226543962,rad_pattern_7p3GHz.png
H,7.3,29.5,-7.807077405708309,rad_pattern_7p3GHz.png
H,7.3,30.0,-7.7206262870305125,rad_pattern_7p3GHz.png
H,7.3,30.5,-7.603833510837475,rad_pattern_7p3GHz.png
H,7.3,31.0,-7.475415959771919,rad_pattern_7p3GHz.png
H,7.3,31.5,-7.345981631097214,rad_pattern_7p3GHz.png
H,7.3,32.0,-7.255237369507995,rad_pattern_7p3GHz.png
H,7.3,32.5,-7.144022625094365,rad_pattern_7p3GHz.png
H,7.3,33.0,-7.034568014782803,rad_pattern_7p3GHz.png
H,7.3,33.5,-6.9318452024833235,rad_pattern_7p3GHz.png
H,7.3,34.0,-6.819860202020756,rad_pattern_7p3GHz.png
H,7.3,34.5,-6.712514746205361,rad_pattern_7p3GHz.png
H,7.3,35.0,-6.606409737106727,rad_pattern_7p3GHz.png
H,7.3,35.5,-6.500391344000224,rad_pattern_7p3GHz.png
H,7.3,36.0,-6.3987601608261855,rad_pattern_7p3GHz.png
H,7.3,36.5,-6.285148061642722,rad_pattern_7p3GHz.png
H,7.3,37.0,-6.181268407655498,rad_pattern_7p3GHz.png
H,7.3,37.5,-6.0813304555527985,rad_pattern_7p3GHz.png
H,7.3,38.0,-5.985079514087875,rad_pattern_7p3GHz.png
H,7.3,38.5,-5.8823581792198745,rad_pattern_7p3GHz.png
H,7.3,39.0,-5.782646264266397,rad_pattern_7p3GHz.png
H,7.3,39.5,-5.681058403118573,rad_pattern_7p3GHz.png
H,7.3,40.0,-5.581114292546328,rad_pattern_7p3GHz.png
H,7.3,40.5,-5.4786472365892855,rad_pattern_7p3GHz.png
H,7.3,41.0,-5.36807414812705,rad_pattern_7p3GHz.png
H,7.3,41.5,-5.29717284102048,rad_pattern_7p3GHz.png
H,7.3,42.0,-5.2078928929573856,rad_pattern_7p3GHz.png
H,7.3,42.5,-5.11123250170283,rad_pattern_7p3GHz.png
H,7.3,43.0,-5.005302072739301,rad_pattern_7p3GHz.png
H,7.3,43.5,-4.927316799231313,rad_pattern_7p3GHz.png
H,7.3,44.0,-4.830940935781523,rad_pattern_7p3GHz.png
H,7.3,44.5,-4.732203643781016,rad_pattern_7p3GHz.png
H,7.3,45.0,-4.651022512528378,rad_pattern_7p3GHz.png
H,7.3,45.5,-4.567949027843444,rad_pattern_7p3GHz.png
H,7.3,46.0,-4.463073263957732,rad_pattern_7p3GHz.png
H,7.3,46.5,-4.396069974603456,rad_pattern_7p3GHz.png
H,7.3,47.0,-4.304988206730535,rad_pattern_7p3GHz.png
H,7.3,47.5,-4.2128619245533905,rad_pattern_7p3GHz.png
H,7.3,48.0,-4.123006665529431,rad_pattern_7p3GHz.png
H,7.3,48.5,-4.034615073643522,rad_pattern_7p3GHz.png
H,7.3,49.0,-3.964187590721881,rad_pattern_7p3GHz.png
H,7.3,49.5,-3.8667169245241624,rad_pattern_7p3GHz.png
H,7.3,50.0,-3.7784531538423245,rad_pattern_7p3GHz.png
H,7.3,50.5,-3.679052283577178,rad_pattern_7p3GHz.png
H,7.3,51.0,-3.6106617347701757,rad_pattern_7p3GHz.png
H,7.3,51.5,-3.5300643133454592,rad_pattern_7p3GHz.png
H,7.3,52.0,-3.4393321401343435,rad_pattern_7p3GHz.png
H,7.3,52.5,-3.3703798677446954,rad_pattern_7p3GHz.png
H,7.3,53.0,-3.290580996762454,rad_pattern_7p3GHz.png
H,7.3,53.5,-3.20958422527508,rad_pattern_7p3GHz.png
H,7.3,54.0,-3.1257919473089686,rad_pattern_7p3GHz.png
H,7.3,54.5,-3.0460336683556584,rad_pattern_7p3GHz.png
H,7.3,55.0,-2.9782718850024423,rad_pattern_7p3GHz.png
H,7.3,55.5,-2.8952065093126897,rad_pattern_7p3GHz.png
H,7.3,56.0,-2.8270317442218307,rad_pattern_7p3GHz.png
H,7.3,56.5,-2.7466013463832297,rad_pattern_7p3GHz.png
H,7.3,57.0,-2.681563608987304,rad_pattern_7p3GHz.png
H,7.3,57.5,-2.596906953008382,rad_pattern_7p3GHz.png
H,7.3,58.0,-2.552027725388033,rad_pattern_7p3GHz.png
H,7.3,58.5,-2.465922609074763,rad_pattern_7p3GHz.png
H,7.3,59.0,-2.403718464261665,rad_pattern_7p3GHz.png
H,7.3,59.5,-2.3333633291294404,rad_pattern_7p3GHz.png
H,7.3,60.0,-2.28124901969721,rad_pattern_7p3GHz.png
H,7.3,60.5,-2.2029468336291522,rad_pattern_7p3GHz.png
H,7.3,61.0,-2.1369812499916883,rad_pattern_7p3GHz.png
H,7.3,61.5,-2.050139474321142,rad_pattern_7p3GHz.png
H,7.3,62.0,-2.005505473315008,rad_pattern_7p3GHz.png
H,7.3,62.5,-1.9307171121257234,rad_pattern_7p3GHz.png
H,7.3,63.0,-1.8802018296572705,rad_pattern_7p3GHz.png
H,7.3,63.5,-1.8171198140830356,rad_pattern_7p3GHz.png
H,7.3,64.0,-1.7506445353567486,rad_pattern_7p3GHz.png
H,7.3,64.5,-1.6967227524983493,rad_pattern_7p3GHz.png
H,7.3,65.0,-1.6388138463616109,rad_pattern_7p3GHz.png
H,7.3,65.5,-1.5781479087938557,rad_pattern_7p3GHz.png
H,7.3,66.0,-1.5175796855264814,rad_pattern_7p3GHz.png
H,7.3,66.5,-1.4555350517447927,rad_pattern_7p3GHz.png
H,7.3,67.0,-1.4063542291093079,rad_pattern_7p3GHz.png
H,7.3,67.5,-1.3552892356693782,rad_pattern_7p3GHz.png
H,7.3,68.0,-1.2983087643087892,rad_pattern_7p3GHz.png
H,7.3,68.5,-1.2390548250693705,rad_pattern_7p3GHz.png
H,7.3,69.0,-1.185983161352965,rad_pattern_7p3GHz.png
H,7.3,69.5,-1.1319040250877492,rad_pattern_7p3GHz.png
H,7.3,70.0,-1.0869890323780034,rad_pattern_7p3GHz.png
H,7.3,70.5,-1.0313999310401343,rad_pattern_7p3GHz.png
H,7.3,71.0,-0.987818093212173,rad_pattern_7p3GHz.png
H,7.3,71.5,-0.9443588223930774,rad_pattern_7p3GHz.png
H,7.3,72.0,-0.8981254975054362,rad_pattern_7p3GHz.png
H,7.3,72.5,-0.8576542607927067,rad_pattern_7p3GHz.png
H,7.3,73.0,-0.790129475902976,rad_pattern_7p3GHz.png
H,7.3,73.5,-0.7432694299860358,rad_pattern_7p3GHz.png
H,7.3,74.0,-0.7007205940807033,rad_pattern_7p3GHz.png
H,7.3,74.5,-0.6683972989947797,rad_pattern_7p3GHz.png
H,7.3,75.0,-0.6328250412434748,rad_pattern_7p3GHz.png
H,7.3,75.5,-0.5991834408811556,rad_pattern_7p3GHz.png
H,7.3,76.0,-0.5521504049207699,rad_pattern_7p3GHz.png
H,7.3,76.5,-0.5028624126478398,rad_pattern_7p3GHz.png
H,7.3,77.0,-0.4768936122822538,rad_pattern_7p3GHz.png
H,7.3,77.5,-0.44585850102631497,rad_pattern_7p3GHz.png
H,7.3,78.0,-0.40149205517218434,rad_pattern_7p3GHz.png
H,7.3,78.5,-0.38653430397404875,rad_pattern_7p3GHz.png
H,7.3,79.0,-0.3522848869627708,rad_pattern_7p3GHz.png
H,7.3,79.5,-0.3117426138352819,rad_pattern_7p3GHz.png
H,7.3,80.0,-0.2969385360607042,rad_pattern_7p3GHz.png
H,7.3,80.5,-0.2475158386293863,rad_pattern_7p3GHz.png
H,7.3,81.0,-0.241363818121215,rad_pattern_7p3GHz.png
H,7.3,81.5,-0.21056936292112027,rad_pattern_7p3GHz.png
H,7.3,82.0,-0.1990502946186652,rad_pattern_7p3GHz.png
H,7.3,82.5,-0.1614505251548053,rad_pattern_7p3GHz.png
H,7.3,83.0,-0.15548052485799602,rad_pattern_7p3GHz.png
H,7.3,83.5,-0.1377964609717317,rad_pattern_7p3GHz.png
H,7.3,84.0,-0.11842692108385222,rad_pattern_7p3GHz.png
H,7.3,84.5,-0.08529736722359615,rad_pattern_7p3GHz.png
H,7.3,85.0,-0.06956520165679336,rad_pattern_7p3GHz.png
H,7.3,85.5,-0.06055562485798305,rad_pattern_7p3GHz.png
H,7.3,86.0,-0.06055562485798305,rad_pattern_7p3GHz.png
H,7.3,86.5,-0.06055562485798305,rad_pattern_7p3GHz.png
H,7.3,87.0,-0.029923948180098137,rad_pattern_7p3GHz.png
H,7.3,87.5,-0.029923948180098137,rad_pattern_7p3GHz.png
H,7.3,88.0,-0.029923948180098137,rad_pattern_7p3GHz.png
H,7.3,88.5,-0.023016965286878133,rad_pattern_7p3GHz.png
H,7.3,89.0,-0.01794623668746098,rad_pattern_7p3GHz.png
H,7.3,89.5,-0.0011450184857615398,rad_pattern_7p3GHz.png
H,7.3,90.0,0.0,rad_pattern_7p3GHz.png
H,7.3,90.5,-0.0011450184857615398,rad_pattern_7p3GHz.png
H,7.3,91.0,-0.01794623668746098,rad_pattern_7p3GHz.png
H,7.3,91.5,-0.023016965286878133,rad_pattern_7p3GHz.png
H,7.3,92.0,-0.029923948180098137,rad_pattern_7p3GHz.png
H,7.3,92.5,-0.029923948180098137,rad_pattern_7p3GHz.png
H,7.3,93.0,-0.029923948180098137,rad_pattern_7p3GHz.png
H,7.3,93.5,-0.06055562485798305,rad_pattern_7p3GHz.png
H,7.3,94.0,-0.06055562485798305,rad_pattern_7p3GHz.png
H,7.3,94.5,-0.06055562485798305,rad_pattern_7p3GHz.png
H,7.3,95.0,-0.06956520165679336,rad_pattern_7p3GHz.png
H,7.3,95.5,-0.08529736722359615,rad_pattern_7p3GHz.png
H,7.3,96.0,-0.11842692108385222,rad_pattern_7p3GHz.png
H,7.3,96.5,-0.1377964609717317,rad_pattern_7p3GHz.png
H,7.3,97.0,-0.15548052485799602,rad_pattern_7p3GHz.png
H,7.3,97.5,-0.1614505251548053,rad_pattern_7p3GHz.png
H,7.3,98.0,-0.1990502946186652,rad_pattern_7p3GHz.png
H,7.3,98.5,-0.21056936292112027,rad_pattern_7p3GHz.png
H,7.3,99.0,-0.241363818121215,rad_pattern_7p3GHz.png
H,7.3,99.5,-0.2475158386293863,rad_pattern_7p3GHz.png
H,7.3,100.0,-0.2969385360607042,rad_pattern_7p3GHz.png
H,7.3,100.5,-0.3117426138352819,rad_pattern_7p3GHz.png
H,7.3,101.0,-0.3522848869627708,rad_pattern_7p3GHz.png
H,7.3,101.5,-0.38653430397404875,rad_pattern_7p3GHz.png
H,7.3,102.0,-0.40149205517218434,rad_pattern_7p3GHz.png
H,7.3,102.5,-0.44585850102631497,rad_pattern_7p3GHz.png
H,7.3,103.0,-0.4768936122822538,rad_pattern_7p3GHz.png
H,7.3,103.5,-0.5028624126478398,rad_pattern_7p3GHz.png
H,7.3,104.0,-0.5521504049207699,rad_pattern_7p3GHz.png
H,7.3,104.5,-0.5991834408811556,rad_pattern_7p3GHz.png
H,7.3,105.0,-0.6328250412434748,rad_pattern_7p3GHz.png
H,7.3,105.5,-0.6683972989947797,rad_pattern_7p3GHz.png
H,7.3,106.0,-0.7007205940807033,rad_pattern_7p3GHz.png
H,7.3,106.5,-0.7432694299860358,rad_pattern_7p3GHz.png
H,7.3,107.0,-0.790129475902976,rad_pattern_7p3GHz.png
H,7.3,107.5,-0.8576542607927067,rad_pattern_7p3GHz.png
H,7.3,108.0,-0.8981254975054362,rad_pattern_7p3GHz.png
H,7.3,108.5,-0.9443588223930774,rad_pattern_7p3GHz.png
H,7.3,109.0,-0.987818093212173,rad_pattern_7p3GHz.png
H,7.3,109.5,-1.0313999310401343,rad_pattern_7p3GHz.png
H,7.3,110.0,-1.0869890323780034,rad_pattern_7p3GHz.png
H,7.3,110.5,-1.1319040250877492,rad_pattern_7p3GHz.png
H,7.3,111.0,-1.185983161352965,rad_pattern_7p3GHz.png
H,7.3,111.5,-1.2390548250693705,rad_pattern_7p3GHz.png
H,7.3,112.0,-1.2983087643087892,rad_pattern_7p3GHz.png
H,7.3,112.5,-1.3552892356693782,rad_pattern_7p3GHz.png
H,7.3,113.0,-1.4063542291093079,rad_pattern_7p3GHz.png
H,7.3,113.5,-1.4555350517447927,rad_pattern_7p3GHz.png
H,7.3,114.0,-1.5175796855264814,rad_pattern_7p3GHz.png
H,7.3,114.5,-1.5781479087938557,rad_pattern_7p3GHz.png
H,7.3,115.0,-1.6388138463616109,rad_pattern_7p3GHz.png
H,7.3,115.5,-1.6967227524983493,rad_pattern_7p3GHz.png
H,7.3,116.0,-1.7506445353567486,rad_pattern_7p3GHz.png
H,7.3,116.5,-1.8171198140830356,rad_pattern_7p3GHz.png
H,7.3,117.0,-1.8802018296572705,rad_pattern_7p3GHz.png
H,7.3,117.5,-1.9307171121257234,rad_pattern_7p3GHz.png
H,7.3,118.0,-2.005505473315008,rad_pattern_7p3GHz.png
H,7.3,118.5,-2.050139474321142,rad_pattern_7p3GHz.png
H,7.3,119.0,-2.1369812499916883,rad_pattern_7p3GHz.png
H,7.3,119.5,-2.2029468336291522,rad_pattern_7p3GHz.png
H,7.3,120.0,-2.28124901969721,rad_pattern_7p3GHz.png
H,7.3,120.5,-2.3333633291294404,rad_pattern_7p3GHz.png
H,7.3,121.0,-2.403718464261665,rad_pattern_7p3GHz.png
H,7.3,121.5,-2.465922609074763,rad_pattern_7p3GHz.png
H,7.3,122.0,-2.552027725388033,rad_pattern_7p3GHz.png
H,7.3,122.5,-2.596906953008382,rad_pattern_7p3GHz.png
H,7.3,123.0,-2.681563608987304,rad_pattern_7p3GHz.png
H,7.3,123.5,-2.7466013463832297,rad_pattern_7p3GHz.png
H,7.3,124.0,-2.8270317442218307,rad_pattern_7p3GHz.png
H,7.3,124.5,-2.8952065093126897,rad_pattern_7p3GHz.png
H,7.3,125.0,-2.9782718850024423,rad_pattern_7p3GHz.png
H,7.3,125.5,-3.0460336683556584,rad_pattern_7p3GHz.png
H,7.3,126.0,-3.1257919473089686,rad_pattern_7p3GHz.png
H,7.3,126.5,-3.20958422527508,rad_pattern_7p3GHz.png
H,7.3,127.0,-3.290580996762454,rad_pattern_7p3GHz.png
H,7.3,127.5,-3.3703798677446954,rad_pattern_7p3GHz.png
H,7.3,128.0,-3.4393321401343435,rad_pattern_7p3GHz.png
H,7.3,128.5,-3.5300643133454592,rad_pattern_7p3GHz.png
H,7.3,129.0,-3.6106617347701757,rad_pattern_7p3GHz.png
H,7.3,129.5,-3.679052283577178,rad_pattern_7p3GHz.png
H,7.3,130.0,-3.7784531538423245,rad_pattern_7p3GHz.png
H,7.3,130.5,-3.8667169245241624,rad_pattern_7p3GHz.png
H,7.3,131.0,-3.964187590721881,rad_pattern_7p3GHz.png
H,7.3,131.5,-4.034615073643522,rad_pattern_7p3GHz.png
H,7.3,132.0,-4.123006665529431,rad_pattern_7p3GHz.png
H,7.3,132.5,-4.2128619245533905,rad_pattern_7p3GHz.png
H,7.3,133.0,-4.304988206730535,rad_pattern_7p3GHz.png
H,7.3,133.5,-4.396069974603456,rad_pattern_7p3GHz.png
H,7.3,134.0,-4.463073263957732,rad_pattern_7p3GHz.png
H,7.3,134.5,-4.567949027843444,rad_pattern_7p3GHz.png
H,7.3,135.0,-4.651022512528378,rad_pattern_7p3GHz.png
H,7.3,135.5,-4.732203643781016,rad_pattern_7p3GHz.png
H,7.3,136.0,-4.830940935781523,rad_pattern_7p3GHz.png
H,7.3,136.5,-4.927316799231313,rad_pattern_7p3GHz.png
H,7.3,137.0,-5.005302072739301,rad_pattern_7p3GHz.png
H,7.3,137.5,-5.11123250170283,rad_pattern_7p3GHz.png
H,7.3,138.0,-5.192896070656694,rad_pattern_7p3GHz.png
H,7.3,138.5,-5.294637133526919,rad_pattern_7p3GHz.png
H,7.3,139.0,-5.36807414812705,rad_pattern_7p3GHz.png
H,7.3,139.5,-5.4786472365892855,rad_pattern_7p3GHz.png
H,7.3,140.0,-5.581114292546328,rad_pattern_7p3GHz.png
H,7.3,140.5,-5.681058403118573,rad_pattern_7p3GHz.png
H,7.3,141.0,-5.782646264266397,rad_pattern_7p3GHz.png
H,7.3,141.5,-5.8823581792198745,rad_pattern_7p3GHz.png
H,7.3,142.0,-5.985079514087875,rad_pattern_7p3GHz.png
H,7.3,142.5,-6.0813304555527985,rad_pattern_7p3GHz.png
H,7.3,143.0,-6.181268407655498,rad_pattern_7p3GHz.png
H,7.3,143.5,-6.285148061642722,rad_pattern_7p3GHz.png
H,7.3,144.0,-6.3987601608261855,rad_pattern_7p3GHz.png
H,7.3,144.5,-6.500391344000224,rad_pattern_7p3GHz.png
H,7.3,145.0,-6.606409737106727,rad_pattern_7p3GHz.png
H,7.3,145.5,-6.712514746205361,rad_pattern_7p3GHz.png
H,7.3,146.0,-6.819860202020756,rad_pattern_7p3GHz.png
H,7.3,146.5,-6.9318452024833235,rad_pattern_7p3GHz.png
H,7.3,147.0,-7.034568014782803,rad_pattern_7p3GHz.png
H,7.3,147.5,-7.144022625094365,rad_pattern_7p3GHz.png
H,7.3,148.0,-7.255237369507995,rad_pattern_7p3GHz.png
H,7.3,148.5,-7.345981631097214,rad_pattern_7p3GHz.png
H,7.3,149.0,-7.475415959771919,rad_pattern_7p3GHz.png
H,7.3,149.5,-7.603833510837475,rad_pattern_7p3GHz.png
H,7.3,150.0,-7.7206262870305125,rad_pattern_7p3GHz.png
H,7.3,150.5,-7.807077405708309,rad_pattern_7p3GHz.png
H,7.3,151.0,-7.875741226543962,rad_pattern_7p3GHz.png
H,7.3,151.5,-7.97040402925926,rad_pattern_7p3GHz.png
H,7.3,152.0,-8.067970967552657,rad_pattern_7p3GHz.png
H,7.3,152.5,-8.17528517500406,rad_pattern_7p3GHz.png
H,7.3,153.0,-8.280725199915551,rad_pattern_7p3GHz.png
H,7.3,153.5,-8.37141186390264,rad_pattern_7p3GHz.png
H,7.3,154.0,-8.538518256444938,rad_pattern_7p3GHz.png
H,7.3,154.5,-8.637807406789417,rad_pattern_7p3GHz.png
H,7.3,155.0,-8.725246772872662,rad_pattern_7p3GHz.png
H,7.3,155.5,-8.812419257000844,rad_pattern_7p3GHz.png
H,7.3,156.0,-8.905125500123205,rad_pattern_7p3GHz.png
H,7.3,156.5,-9.013156800747229,rad_pattern_7p3GHz.png
H,7.3,157.0,-9.130839130095879,rad_pattern_7p3GHz.png
H,7.3,157.5,-9.209146878136359,rad_pattern_7p3GHz.png
H,7.3,158.0,-9.301774793934896,rad_pattern_7p3GHz.png
H,7.3,158.5,-9.420113574166393,rad_pattern_7p3GHz.png
H,7.3,159.0,-9.498269439555692,rad_pattern_7p3GHz.png
H,7.3,159.5,-9.620569508810195,rad_pattern_7p3GHz.png
H,7.3,160.0,-9.701384035939807,rad_pattern_7p3GHz.png
H,7.3,160.5,-9.81493825890194,rad_pattern_7p3GHz.png
H,7.3,161.0,-9.92029569367778,rad_pattern_7p3GHz.png
H,7.3,161.5,-10.003290666932173,rad_pattern_7p3GHz.png
H,7.3,162.0,-10.103111799989104,rad_pattern_7p3GHz.png
H,7.3,162.5,-10.210971730360264,rad_pattern_7p3GHz.png
H,7.3,163.0,-10.317761038520914,rad_pattern_7p3GHz.png
H,7.3,163.5,-10.41516779923456,rad_pattern_7p3GHz.png
H,7.3,164.0,-10.51242524802608,rad_pattern_7p3GHz.png
H,7.3,164.5,-10.634703166347748,rad_pattern_7p3GHz.png
H,7.3,165.0,-10.730726011359497,rad_pattern_7p3GHz.png
H,7.3,165.5,-10.8437740718268,rad_pattern_7p3GHz.png
H,7.3,166.0,-10.94246206452534,rad_pattern_7p3GHz.png
H,7.3,166.5,-11.039182027670698,rad_pattern_7p3GHz.png
H,7.3,167.0,-11.164975238522139,rad_pattern_7p3GHz.png
H,7.3,167.5,-11.266551048825132,rad_pattern_7p3GHz.png
H,7.3,168.0,-11.36640837187987,rad_pattern_7p3GHz.png
H,7.3,168.5,-11.470223590017508,rad_pattern_7p3GHz.png
H,7.3,169.0,-11.588968469678477,rad_pattern_7p3GHz.png
H,7.3,169.5,-11.701348650897629,rad_pattern_7p3GHz.png
H,7.3,170.0,-11.814405020376181,rad_pattern_7p3GHz.png
H,7.3,170.5,-11.914156071657615,rad_pattern_7p3GHz.png
H,7.3,171.0,-12.014071314667266,rad_pattern_7p3GHz.png
H,7.3,171.5,-12.115655722854576,rad_pattern_7p3GHz.png
H,7.3,172.0,-12.221927788168898,rad_pattern_7p3GHz.png
H,7.3,172.5,-12.323836200734302,rad_pattern_7p3GHz.png
H,7.3,173.0,-12.42114594702132,rad_pattern_7p3GHz.png
H,7.3,173.5,-12.545973199699173,rad_pattern_7p3GHz.png
H,7.3,174.0,-12.673662068332817,rad_pattern_7p3GHz.png
H,7.3,174.5,-12.806565978808468,rad_pattern_7p3GHz.png
H,7.3,175.0,-12.88301707629871,rad_pattern_7p3GHz.png
H,7.3,175.5,-13.00803307586018,rad_pattern_7p3GHz.png
H,7.3,176.0,-13.085075222469495,rad_pattern_7p3GHz.png
H,7.3,176.5,-13.206130641577015,rad_pattern_7p3GHz.png
H,7.3,177.0,-13.33313898679247,rad_pattern_7p3GHz.png
H,7.3,177.5,-13.45423998075627,rad_pattern_7p3GHz.png
H,7.3,178.0,-13.576785370325183,rad_pattern_7p3GHz.png
H,7.3,178.5,-13.695243428954623,rad_pattern_7p3GHz.png
H,7.3,179.0,-13.81582281644613,rad_pattern_7p3GHz.png
H,7.3,179.5,-13.93322683793502,rad_pattern_7p3GHz.png
H,7.3,180.0,-14.050002206507088,rad_pattern_7p3GHz.png
H,7.3,180.5,-14.16532557891831,rad_pattern_7p3GHz.png
H,7.3,181.0,-14.307608026329707,rad_pattern_7p3GHz.png
H,7.3,181.5,-14.392622536826991,rad_pattern_7p3GHz.png
H,7.3,182.0,-14.558962707641129,rad_pattern_7p3GHz.png
H,7.3,182.5,-14.642019802829171,rad_pattern_7p3GHz.png
H,7.3,183.0,-14.78247663766501,rad_pattern_7p3GHz.png
H,7.3,183.5,-14.884831319563897,rad_pattern_7p3GHz.png
H,7.3,184.0,-14.99835326386999,rad_pattern_7p3GHz.png
H,7.3,184.5,-15.154166447591031,rad_pattern_7p3GHz.png
H,7.3,185.0,-15.264520303124954,rad_pattern_7p3GHz.png
H,7.3,185.5,-15.374577740732526,rad_pattern_7p3GHz.png
H,7.3,186.0,-15.469869096905269,rad_pattern_7p3GHz.png
H,7.3,186.5,-15.5689696928356,rad_pattern_7p3GHz.png
H,7.3,187.0,-15.670006262920735,rad_pattern_7p3GHz.png
H,7.3,187.5,-15.777449394040627,rad_pattern_7p3GHz.png
H,7.3,188.0,-15.876746730144102,rad_pattern_7p3GHz.png
H,7.3,188.5,-16.023531928654716,rad_pattern_7p3GHz.png
H,7.3,189.0,-16.15299030814885,rad_pattern_7p3GHz.png
H,7.3,189.5,-16.253069873330734,rad_pattern_7p3GHz.png
H,7.3,190.0,-16.34749566850773,rad_pattern_7p3GHz.png
H,7.3,190.5,-16.45851925777833,rad_pattern_7p3GHz.png
H,7.3,191.0,-16.5720883281242,rad_pattern_7p3GHz.png
H,7.3,191.5,-16.70822606901417,rad_pattern_7p3GHz.png
H,7.3,192.0,-16.803403123175418,rad_pattern_7p3GHz.png
H,7.3,192.5,-16.910282148309726,rad_pattern_7p3GHz.png
H,7.3,193.0,-17.04753146679931,rad_pattern_7p3GHz.png
H,7.3,193.5,-17.174856627598906,rad_pattern_7p3GHz.png
H,7.3,194.0,-17.266478434445407,rad_pattern_7p3GHz.png
H,7.3,194.5,-17.385374946583564,rad_pattern_7p3GHz.png
H,7.3,195.0,-17.48999878856135,rad_pattern_7p3GHz.png
H,7.3,195.5,-17.6196419140597,rad_pattern_7p3GHz.png
H,7.3,196.0,-17.69927224286378,rad_pattern_7p3GHz.png
H,7.3,196.5,-17.82160540517269,rad_pattern_7p3GHz.png
H,7.3,197.0,-17.915589324574192,rad_pattern_7p3GHz.png
H,7.3,197.5,-18.00895098220979,rad_pattern_7p3GHz.png
H,7.3,198.0,-18.11137523822362,rad_pattern_7p3GHz.png
H,7.3,198.5,-18.20298647322456,rad_pattern_7p3GHz.png
H,7.3,199.0,-18.284541712314724,rad_pattern_7p3GHz.png
H,7.3,199.5,-18.364879233865413,rad_pattern_7p3GHz.png
H,7.3,200.0,-18.444096700719538,rad_pattern_7p3GHz.png
H,7.3,200.5,-18.532298412000426,rad_pattern_7p3GHz.png
H,7.3,201.0,-18.61975891097586,rad_pattern_7p3GHz.png
H,7.3,201.5,-18.706461943718136,rad_pattern_7p3GHz.png
H,7.3,202.0,-18.77060476211177,rad_pattern_7p3GHz.png
H,7.3,202.5,-18.82408728544236,rad_pattern_7p3GHz.png
H,7.3,203.0,-18.92389515018559,rad_pattern_7p3GHz.png
H,7.3,203.5,-19.022242598487242,rad_pattern_7p3GHz.png
H,7.3,204.0,-19.104448655222388,rad_pattern_7p3GHz.png
H,7.3,204.5,-19.20982120224666,rad_pattern_7p3GHz.png
H,7.3,205.0,-19.3431363679361,rad_pattern_7p3GHz.png
H,7.3,205.5,-19.43535239048114,rad_pattern_7p3GHz.png
H,7.3,206.0,-19.514460711126954,rad_pattern_7p3GHz.png
H,7.3,206.5,-19.657293478346148,rad_pattern_7p3GHz.png
H,7.3,207.0,-19.760652807359524,rad_pattern_7p3GHz.png
H,7.3,207.5,-19.914321827525054,rad_pattern_7p3GHz.png
H,7.3,208.0,-20.00314072802675,rad_pattern_7p3GHz.png
H,7.3,208.5,-20.142316459157133,rad_pattern_7p3GHz.png
H,7.3,209.0,-20.29435808215698,rad_pattern_7p3GHz.png
H,7.3,209.5,-20.44571851952315,rad_pattern_7p3GHz.png
H,7.3,210.0,-20.54240536967143,rad_pattern_7p3GHz.png
H,7.3,210.5,-20.6920017604119,rad_pattern_7p3GHz.png
H,7.3,211.0,-20.830879663762854,rad_pattern_7p3GHz.png
H,7.3,211.5,-20.97923796518155,rad_pattern_7p3GHz.png
H,7.3,212.0,-21.126750555632572,rad_pattern_7p3GHz.png
H,7.3,212.5,-21.264575355870985,rad_pattern_7p3GHz.png
H,7.3,213.0,-21.379151249330977,rad_pattern_7p3GHz.png
H,7.3,213.5,-21.5398088247839,rad_pattern_7p3GHz.png
H,7.3,214.0,-21.652029902623497,rad_pattern_7p3GHz.png
H,7.3,214.5,-21.843046987563273,rad_pattern_7p3GHz.png
H,7.3,215.0,-21.99468328070881,rad_pattern_7p3GHz.png
H,7.3,215.5,-22.17656351312493,rad_pattern_7p3GHz.png
H,7.3,216.0,-22.31072593070076,rad_pattern_7p3GHz.png
H,7.3,216.5,-22.46156885140451,rad_pattern_7p3GHz.png
H,7.3,217.0,-22.681717643297223,rad_pattern_7p3GHz.png
H,7.3,217.5,-22.877846901408326,rad_pattern_7p3GHz.png
H,7.3,218.0,-23.073250760166786,rad_pattern_7p3GHz.png
H,7.3,218.5,-23.290359595071745,rad_pattern_7p3GHz.png
H,7.3,219.0,-23.52039315892485,rad_pattern_7p3GHz.png
H,7.3,219.5,-23.73184989786986,rad_pattern_7p3GHz.png
H,7.3,220.0,-23.9648770795268,rad_pattern_7p3GHz.png
H,7.3,220.5,-24.2534118079992,rad_pattern_7p3GHz.png
H,7.3,221.0,-24.422549588334757,rad_pattern_7p3GHz.png
H,7.3,221.5,-24.6916647671027,rad_pattern_7p3GHz.png
H,7.3,222.0,-24.96052125512211,rad_pattern_7p3GHz.png
H,7.3,222.5,-25.16674331575596,rad_pattern_7p3GHz.png
H,7.3,223.0,-25.456079081934707,rad_pattern_7p3GHz.png
H,7.3,223.5,-25.846086209689457,rad_pattern_7p3GHz.png
H,7.3,224.0,-25.989656983046885,rad_pattern_7p3GHz.png
H,7.3,224.5,-26.072488382268123,rad_pattern_7p3GHz.png
H,7.3,225.0,-26.092928483005583,rad_pattern_7p3GHz.png
H,7.3,225.5,-26.440409912156372,rad_pattern_7p3GHz.png
H,7.3,226.0,-26.726146987903515,rad_pattern_7p3GHz.png
H,7.3,226.5,-26.970495673411296,rad_pattern_7p3GHz.png
H,7.3,227.0,-27.153691028224436,rad_pattern_7p3GHz.png
H,7.3,227.5,-27.37760427559909,rad_pattern_7p3GHz.png
H,7.3,228.0,-27.661251305089657,rad_pattern_7p3GHz.png
H,7.3,228.5,-27.70430646222153,rad_pattern_7p3GHz.png
H,7.3,229.0,-27.721079609268152,rad_pattern_7p3GHz.png
H,7.3,229.5,-27.7807621956769,rad_pattern_7p3GHz.png
H,7.3,230.0,-28.106690219307577,rad_pattern_7p3GHz.png
H,7.3,230.5,-28.125155161878045,rad_pattern_7p3GHz.png
H,7.3,231.0,-28.305995789165525,rad_pattern_7p3GHz.png
H,7.3,231.5,-28.328513669676067,rad_pattern_7p3GHz.png
H,7.3,232.0,-28.508977481558247,rad_pattern_7p3GHz.png
H,7.3,232.5,-28.711676593343256,rad_pattern_7p3GHz.png
H,7.3,233.0,-28.711676593343256,rad_pattern_7p3GHz.png
H,7.3,233.5,-28.70570642720205,rad_pattern_7p3GHz.png
H,7.3,234.0,-28.70570642720205,rad_pattern_7p3GHz.png
H,7.3,234.5,-28.803129039370525,rad_pattern_7p3GHz.png
H,7.3,235.0,-28.826758664188432,rad_pattern_7p3GHz.png
H,7.3,235.5,-28.987787636924622,rad_pattern_7p3GHz.png
H,7.3,236.0,-29.148285270509337,rad_pattern_7p3GHz.png
H,7.3,236.5,-29.27656088263485,rad_pattern_7p3GHz.png
H,7.3,237.0,-29.33248801453356,rad_pattern_7p3GHz.png
H,7.3,237.5,-29.33248801453356,rad_pattern_7p3GHz.png
H,7.3,238.0,-29.33248801453356,rad_pattern_7p3GHz.png
H,7.3,238.5,-29.258705530400846,rad_pattern_7p3GHz.png
H,7.3,239.0,-29.34786433620915,rad_pattern_7p3GHz.png
H,7.3,239.5,-29.466837510051803,rad_pattern_7p3GHz.png
H,7.3,240.0,-29.466837510051803,rad_pattern_7p3GHz.png
H,7.3,240.5,-29.466837510051803,rad_pattern_7p3GHz.png
H,7.3,241.0,-29.44178184135508,rad_pattern_7p3GHz.png
H,7.3,241.5,-29.481137680692644,rad_pattern_7p3GHz.png
H,7.3,242.0,-29.301033999232178,rad_pattern_7p3GHz.png
H,7.3,242.5,-29.56617168253145,rad_pattern_7p3GHz.png
H,7.3,243.0,-29.56617168253145,rad_pattern_7p3GHz.png
H,7.3,243.5,-29.643721501615637,rad_pattern_7p3GHz.png
H,7.3,244.0,-29.643721501615637,rad_pattern_7p3GHz.png
H,7.3,244.5,-29.643721501615637,rad_pattern_7p3GHz.png
H,7.3,245.0,-29.649995967120056,rad_pattern_7p3GHz.png
H,7.3,245.5,-29.649995967120056,rad_pattern_7p3GHz.png
H,7.3,246.0,-29.946618529623,rad_pattern_7p3GHz.png
H,7.3,246.5,-29.597367551351905,rad_pattern_7p3GHz.png
H,7.3,247.0,-29.415230047552015,rad_pattern_7p3GHz.png
H,7.3,247.5,-29.38857475137692,rad_pattern_7p3GHz.png
H,7.3,248.0,-29.36182689199255,rad_pattern_7p3GHz.png
H,7.3,248.5,-28.996744161422804,rad_pattern_7p3GHz.png
H,7.3,249.0,-28.631459212352762,rad_pattern_7p3GHz.png
H,7.3,249.5,-28.540115635066662,rad_pattern_7p3GHz.png
H,7.3,250.0,-28.303170315333794,rad_pattern_7p3GHz.png
H,7.3,250.5,-28.24875729722035,rad_pattern_7p3GHz.png
H,7.3,251.0,-28.011376806503403,rad_pattern_7p3GHz.png
H,7.3,251.5,-27.654998377587514,rad_pattern_7p3GHz.png
H,7.3,252.0,-27.62757495740421,rad_pattern_7p3GHz.png
H,7.3,252.5,-27.307188987282018,rad_pattern_7p3GHz.png
H,7.3,253.0,-27.105353259934876,rad_pattern_7p3GHz.png
H,7.3,253.5,-27.085965097768387,rad_pattern_7p3GHz.png
H,7.3,254.0,-26.883558907801802,rad_pattern_7p3GHz.png
H,7.3,254.5,-26.68096886230733,rad_pattern_7p3GHz.png
H,7.3,255.0,-26.51361367212422,rad_pattern_7p3GHz.png
H,7.3,255.5,-26.373788292386312,rad_pattern_7p3GHz.png
H,7.3,256.0,-26.20559457827233,rad_pattern_7p3GHz.png
H,7.3,256.5,-25.504044312586455,rad_pattern_7p3GHz.png
H,7.3,257.0,-25.209411378209747,rad_pattern_7p3GHz.png
H,7.3,257.5,-24.927549430659052,rad_pattern_7p3GHz.png
H,7.3,258.0,-24.67328409848666,rad_pattern_7p3GHz.png
H,7.3,258.5,-24.47518882810274,rad_pattern_7p3GHz.png
H,7.3,259.0,-24.310694930833943,rad_pattern_7p3GHz.png
H,7.3,259.5,-24.23099024375533,rad_pattern_7p3GHz.png
H,7.3,260.0,-24.03199485508413,rad_pattern_7p3GHz.png
H,7.3,260.5,-23.92809834877856,rad_pattern_7p3GHz.png
H,7.3,261.0,-23.7662272989027,rad_pattern_7p3GHz.png
H,7.3,261.5,-23.660548086547596,rad_pattern_7p3GHz.png
H,7.3,262.0,-23.55010044630176,rad_pattern_7p3GHz.png
H,7.3,262.5,-23.439488671285215,rad_pattern_7p3GHz.png
H,7.3,263.0,-23.38951614061819,rad_pattern_7p3GHz.png
H,7.3,263.5,-23.195366402499403,rad_pattern_7p3GHz.png
H,7.3,264.0,-23.172879451334797,rad_pattern_7p3GHz.png
H,7.3,264.5,-23.121129809561683,rad_pattern_7p3GHz.png
H,7.3,265.0,-23.068853120257415,rad_pattern_7p3GHz.png
H,7.3,265.5,-23.04487542228356,rad_pattern_7p3GHz.png
H,7.3,266.0,-22.99159453654433,rad_pattern_7p3GHz.png
H,7.3,266.5,-22.93953903197085,rad_pattern_7p3GHz.png
H,7.3,267.0,-22.88504794207086,rad_pattern_7p3GHz.png
H,7.3,267.5,-22.83008298855666,rad_pattern_7p3GHz.png
H,7.3,268.0,-22.80460735696121,rad_pattern_7p3GHz.png
H,7.3,268.5,-22.748512104307544,rad_pattern_7p3GHz.png
H,7.3,269.0,-22.721925921729483,rad_pattern_7p3GHz.png
H,7.3,269.5,-22.721925921729483,rad_pattern_7p3GHz.png
H,7.3,270.0,-22.721925921729483,rad_pattern_7p3GHz.png
H,7.3,270.5,-22.721925921729483,rad_pattern_7p3GHz.png
H,7.3,271.0,-22.721925921729483,rad_pattern_7p3GHz.png
H,7.3,271.5,-22.748512104307544,rad_pattern_7p3GHz.png
H,7.3,272.0,-22.80460735696121,rad_pattern_7p3GHz.png
H,7.3,272.5,-22.83008298855666,rad_pattern_7p3GHz.png
H,7.3,273.0,-22.88504794207086,rad_pattern_7p3GHz.png
H,7.3,273.5,-22.93953903197085,rad_pattern_7p3GHz.png
H,7.3,274.0,-22.99159453654433,rad_pattern_7p3GHz.png
H,7.3,274.5,-23.04487542228356,rad_pattern_7p3GHz.png
H,7.3,275.0,-23.068853120257415,rad_pattern_7p3GHz.png
H,7.3,275.5,-23.121129809561683,rad_pattern_7p3GHz.png
H,7.3,276.0,-23.172879451334797,rad_pattern_7p3GHz.png
H,7.3,276.5,-23.195366402499403,rad_pattern_7p3GHz.png
H,7.3,277.0,-23.38951614061819,rad_pattern_7p3GHz.png
H,7.3,277.5,-23.439488671285215,rad_pattern_7p3GHz.png
H,7.3,278.0,-23.55010044630176,rad_pattern_7p3GHz.png
H,7.3,278.5,-23.660548086547596,rad_pattern_7p3GHz.png
H,7.3,279.0,-23.7662272989027,rad_pattern_7p3GHz.png
H,7.3,279.5,-23.92809834877856,rad_pattern_7p3GHz.png
H,7.3,280.0,-24.03199485508413,rad_pattern_7p3GHz.png
H,7.3,280.5,-24.23099024375533,rad_pattern_7p3GHz.png
H,7.3,281.0,-24.310694930833943,rad_pattern_7p3GHz.png
H,7.3,281.5,-24.47518882810274,rad_pattern_7p3GHz.png
H,7.3,282.0,-24.67328409848666,rad_pattern_7p3GHz.png
H,7.3,282.5,-24.927549430659052,rad_pattern_7p3GHz.png
H,7.3,283.0,-25.209411378209747,rad_pattern_7p3GHz.png
H,7.3,283.5,-25.504044312586455,rad_pattern_7p3GHz.png
H,7.3,284.0,-26.20559457827233,rad_pattern_7p3GHz.png
H,7.3,284.5,-26.373788292386312,rad_pattern_7p3GHz.png
H,7.3,285.0,-26.51361367212422,rad_pattern_7p3GHz.png
H,7.3,285.5,-26.68096886230733,rad_pattern_7p3GHz.png
H,7.3,286.0,-26.883558907801802,rad_pattern_7p3GHz.png
H,7.3,286.5,-27.085965097768387,rad_pattern_7p3GHz.png
H,7.3,287.0,-27.105353259934876,rad_pattern_7p3GHz.png
H,7.3,287.5,-27.307188987282018,rad_pattern_7p3GHz.png
H,7.3,288.0,-27.62757495740421,rad_pattern_7p3GHz.png
H,7.3,288.5,-27.654998377587514,rad_pattern_7p3GHz.png
H,7.3,289.0,-28.011376806503403,rad_pattern_7p3GHz.png
H,7.3,289.5,-28.24875729722035,rad_pattern_7p3GHz.png
H,7.3,290.0,-28.303170315333794,rad_pattern_7p3GHz.png
H,7.3,290.5,-28.540115635066662,rad_pattern_7p3GHz.png
H,7.3,291.0,-28.631459212352762,rad_pattern_7p3GHz.png
H,7.3,291.5,-28.996744161422804,rad_pattern_7p3GHz.png
H,7.3,292.0,-29.36182689199255,rad_pattern_7p3GHz.png
H,7.3,292.5,-29.38857475137692,rad_pattern_7p3GHz.png
H,7.3,293.0,-29.415230047552015,rad_pattern_7p3GHz.png
H,7.3,293.5,-29.597367551351905,rad_pattern_7p3GHz.png
H,7.3,294.0,-29.946618529623,rad_pattern_7p3GHz.png
H,7.3,294.5,-29.649995967120056,rad_pattern_7p3GHz.png
H,7.3,295.0,-29.649995967120056,rad_pattern_7p3GHz.png
H,7.3,295.5,-29.643721501615637,rad_pattern_7p3GHz.png
H,7.3,296.0,-29.643721501615637,rad_pattern_7p3GHz.png
H,7.3,296.5,-29.643721501615637,rad_pattern_7p3GHz.png
H,7.3,297.0,-29.56617168253145,rad_pattern_7p3GHz.png
H,7.3,297.5,-29.56617168253145,rad_pattern_7p3GHz.png
H,7.3,298.0,-29.301033999232178,rad_pattern_7p3GHz.png
H,7.3,298.5,-29.481137680692644,rad_pattern_7p3GHz.png
H,7.3,299.0,-29.44178184135508,rad_pattern_7p3GHz.png
H,7.3,299.5,-29.466837510051803,rad_pattern_7p3GHz.png
H,7.3,300.0,-29.466837510051803,rad_pattern_7p3GHz.png
H,7.3,300.5,-29.466837510051803,rad_pattern_7p3GHz.png
H,7.3,301.0,-29.34786433620915,rad_pattern_7p3GHz.png
H,7.3,301.5,-29.258705530400846,rad_pattern_7p3GHz.png
H,7.3,302.0,-29.33248801453356,rad_pattern_7p3GHz.png
H,7.3,302.5,-29.33248801453356,rad_pattern_7p3GHz.png
H,7.3,303.0,-29.33248801453356,rad_pattern_7p3GHz.png
H,7.3,303.5,-29.27656088263485,rad_pattern_7p3GHz.png
H,7.3,304.0,-29.148285270509337,rad_pattern_7p3GHz.png
H,7.3,304.5,-28.987787636924622,rad_pattern_7p3GHz.png
H,7.3,305.0,-28.826758664188432,rad_pattern_7p3GHz.png
H,7.3,305.5,-28.803129039370525,rad_pattern_7p3GHz.png
H,7.3,306.0,-28.70570642720205,rad_pattern_7p3GHz.png
H,7.3,306.5,-28.70570642720205,rad_pattern_7p3GHz.png
H,7.3,307.0,-28.711676593343256,rad_pattern_7p3GHz.png
H,7.3,307.5,-28.711676593343256,rad_pattern_7p3GHz.png
H,7.3,308.0,-28.508977481558247,rad_pattern_7p3GHz.png
H,7.3,308.5,-28.328513669676067,rad_pattern_7p3GHz.png
H,7.3,309.0,-28.305995789165525,rad_pattern_7p3GHz.png
H,7.3,309.5,-28.125155161878045,rad_pattern_7p3GHz.png
H,7.3,310.0,-28.106690219307577,rad_pattern_7p3GHz.png
H,7.3,310.5,-27.7807621956769,rad_pattern_7p3GHz.png
H,7.3,311.0,-27.721079609268152,rad_pattern_7p3GHz.png
H,7.3,311.5,-27.70430646222153,rad_pattern_7p3GHz.png
H,7.3,312.0,-27.661251305089657,rad_pattern_7p3GHz.png
H,7.3,312.5,-27.37760427559909,rad_pattern_7p3GHz.png
H,7.3,313.0,-27.050840215073634,rad_pattern_7p3GHz.png
H,7.3,313.5,-26.970495673411296,rad_pattern_7p3GHz.png
H,7.3,314.0,-26.726146987903515,rad_pattern_7p3GHz.png
H,7.3,314.5,-26.440409912156372,rad_pattern_7p3GHz.png
H,7.3,315.0,-26.092928483005583,rad_pattern_7p3GHz.png
H,7.3,315.5,-26.072488382268123,rad_pattern_7p3GHz.png
H,7.3,316.0,-25.989656983046885,rad_pattern_7p3GHz.png
H,7.3,316.5,-25.846086209689457,rad_pattern_7p3GHz.png
H,7.3,317.0,-25.456079081934707,rad_pattern_7p3GHz.png
H,7.3,317.5,-25.16674331575596,rad_pattern_7p3GHz.png
H,7.3,318.0,-24.96052125512211,rad_pattern_7p3GHz.png
H,7.3,318.5,-24.6916647671027,rad_pattern_7p3GHz.png
H,7.3,319.0,-24.422549588334757,rad_pattern_7p3GHz.png
H,7.3,319.5,-24.2534118079992,rad_pattern_7p3GHz.png
H,7.3,320.0,-23.9648770795268,rad_pattern_7p3GHz.png
H,7.3,320.5,-23.73184989786986,rad_pattern_7p3GHz.png
H,7.3,321.0,-23.52039315892485,rad_pattern_7p3GHz.png
H,7.3,321.5,-23.290359595071745,rad_pattern_7p3GHz.png
H,7.3,322.0,-23.073250760166786,rad_pattern_7p3GHz.png
H,7.3,322.5,-22.877846901408326,rad_pattern_7p3GHz.png
H,7.3,323.0,-22.681717643297223,rad_pattern_7p3GHz.png
H,7.3,323.5,-22.46156885140451,rad_pattern_7p3GHz.png
H,7.3,324.0,-22.31072593070076,rad_pattern_7p3GHz.png
H,7.3,324.5,-22.17656351312493,rad_pattern_7p3GHz.png
H,7.3,325.0,-21.99468328070881,rad_pattern_7p3GHz.png
H,7.3,325.5,-21.843046987563273,rad_pattern_7p3GHz.png
H,7.3,326.0,-21.652029902623497,rad_pattern_7p3GHz.png
H,7.3,326.5,-21.5398088247839,rad_pattern_7p3GHz.png
H,7.3,327.0,-21.379151249330977,rad_pattern_7p3GHz.png
H,7.3,327.5,-21.264575355870985,rad_pattern_7p3GHz.png
H,7.3,328.0,-21.126750555632572,rad_pattern_7p3GHz.png
H,7.3,328.5,-20.97923796518155,rad_pattern_7p3GHz.png
H,7.3,329.0,-20.830879663762854,rad_pattern_7p3GHz.png
H,7.3,329.5,-20.6920017604119,rad_pattern_7p3GHz.png
H,7.3,330.0,-20.54240536967143,rad_pattern_7p3GHz.png
H,7.3,330.5,-20.44571851952315,rad_pattern_7p3GHz.png
H,7.3,331.0,-20.29435808215698,rad_pattern_7p3GHz.png
H,7.3,331.5,-20.142316459157133,rad_pattern_7p3GHz.png
H,7.3,332.0,-20.00314072802675,rad_pattern_7p3GHz.png
H,7.3,332.5,-19.914321827525054,rad_pattern_7p3GHz.png
H,7.3,333.0,-19.760652807359524,rad_pattern_7p3GHz.png
H,7.3,333.5,-19.657293478346148,rad_pattern_7p3GHz.png
H,7.3,334.0,-19.514460711126954,rad_pattern_7p3GHz.png
H,7.3,334.5,-19.43535239048114,rad_pattern_7p3GHz.png
H,7.3,335.0,-19.3431363679361,rad_pattern_7p3GHz.png
H,7.3,335.5,-19.20982120224666,rad_pattern_7p3GHz.png
H,7.3,336.0,-19.104448655222388,rad_pattern_7p3GHz.png
H,7.3,336.5,-19.022242598487242,rad_pattern_7p3GHz.png
H,7.3,337.0,-18.92389515018559,rad_pattern_7p3GHz.png
H,7.3,337.5,-18.82408728544236,rad_pattern_7p3GHz.png
H,7.3,338.0,-18.77060476211177,rad_pattern_7p3GHz.png
H,7.3,338.5,-18.706461943718136,rad_pattern_7p3GHz.png
H,7.3,339.0,-18.61975891097586,rad_pattern_7p3GHz.png
H,7.3,339.5,-18.532298412000426,rad_pattern_7p3GHz.png
H,7.3,340.0,-18.444096700719538,rad_pattern_7p3GHz.png
H,7.3,340.5,-18.364879233865413,rad_pattern_7p3GHz.png
H,7.3,341.0,-18.284541712314724,rad_pattern_7p3GHz.png
H,7.3,341.5,-18.20298647322456,rad_pattern_7p3GHz.png
H,7.3,342.0,-18.11137523822362,rad_pattern_7p3GHz.png
H,7.3,342.5,-17.990011767681636,rad_pattern_7p3GHz.png
H,7.3,343.0,-17.915589324574192,rad_pattern_7p3GHz.png
H,7.3,343.5,-17.82160540517269,rad_pattern_7p3GHz.png
H,7.3,344.0,-17.69927224286378,rad_pattern_7p3GHz.png
H,7.3,344.5,-17.6196419140597,rad_pattern_7p3GHz.png
H,7.3,345.0,-17.48999878856135,rad_pattern_7p3GHz.png
H,7.3,345.5,-17.385374946583564,rad_pattern_7p3GHz.png
H,7.3,346.0,-17.266478434445407,rad_pattern_7p3GHz.png
H,7.3,346.5,-17.174856627598906,rad_pattern_7p3GHz.png
H,7.3,347.0,-17.054094152410293,rad_pattern_7p3GHz.png
H,7.3,347.5,-16.910282148309726,rad_pattern_7p3GHz.png
H,7.3,348.0,-16.803403123175418,rad_pattern_7p3GHz.png
H,7.3,348.5,-16.70822606901417,rad_pattern_7p3GHz.png
H,7.3,349.0,-16.5720883281242,rad_pattern_7p3GHz.png
H,7.3,349.5,-16.45851925777833,rad_pattern_7p3GHz.png
H,7.3,350.0,-16.34749566850773,rad_pattern_7p3GHz.png
H,7.3,350.5,-16.253069873330734,rad_pattern_7p3GHz.png
H,7.3,351.0,-16.15299030814885,rad_pattern_7p3GHz.png
H,7.3,351.5,-16.023531928654716,rad_pattern_7p3GHz.png
H,7.3,352.0,-15.876746730144102,rad_pattern_7p3GHz.png
H,7.3,352.5,-15.777449394040627,rad_pattern_7p3GHz.png
H,7.3,353.0,-15.670006262920735,rad_pattern_7p3GHz.png
H,7.3,353.5,-15.5689696928356,rad_pattern_7p3GHz.png
H,7.3,354.0,-15.469869096905269,rad_pattern_7p3GHz.png
H,7.3,354.5,-15.374577740732526,rad_pattern_7p3GHz.png
H,7.3,355.0,-15.264520303124954,rad_pattern_7p3GHz.png
H,7.3,355.5,-15.154166447591031,rad_pattern_7p3GHz.png
H,7.3,356.0,-14.99835326386999,rad_pattern_7p3GHz.png
H,7.3,356.5,-14.884831319563897,rad_pattern_7p3GHz.png
H,7.3,357.0,-14.78247663766501,rad_pattern_7p3GHz.png
H,7.3,357.5,-14.668397265721296,rad_pattern_7p3GHz.png
H,7.3,358.0,-14.560051781457219,rad_pattern_7p3GHz.png
H,7.3,358.5,-14.392622536826991,rad_pattern_7p3GHz.png
H,7.3,359.0,-14.307608026329707,rad_pattern_7p3GHz.png
H,7.3,359.5,-14.16532557891831,rad_pattern_7p3GHz.png
H,8.3,0.0,-14.714910271527346,rad_pattern_8p3GHz.png
H,8.3,0.5,-14.62813769798878,rad_pattern_8p3GHz.png
H,8.3,1.0,-14.538825555131705,rad_pattern_8p3GHz.png
H,8.3,1.5,-14.45109057309616,rad_pattern_8p3GHz.png
H,8.3,2.0,-14.357725818055187,rad_pattern_8p3GHz.png
H,8.3,2.5,-14.266682070690962,rad_pattern_8p3GHz.png
H,8.3,3.0,-14.197553841453004,rad_pattern_8p3GHz.png
H,8.3,3.5,-14.105870552752204,rad_pattern_8p3GHz.png
H,8.3,4.0,-14.013845215762103,rad_pattern_8p3GHz.png
H,8.3,4.5,-13.941615972533999,rad_pattern_8p3GHz.png
H,8.3,5.0,-13.843276559054864,rad_pattern_8p3GHz.png
H,8.3,5.5,-13.769945956052961,rad_pattern_8p3GHz.png
H,8.3,6.0,-13.717604991374522,rad_pattern_8p3GHz.png
H,8.3,6.5,-13.599481495264513,rad_pattern_8p3GHz.png
H,8.3,7.0,-13.522126330567882,rad_pattern_8p3GHz.png
H,8.3,7.5,-13.446912990743943,rad_pattern_8p3GHz.png
H,8.3,8.0,-13.366666255895325,rad_pattern_8p3GHz.png
H,8.3,8.5,-13.276314775733287,rad_pattern_8p3GHz.png
H,8.3,9.0,-13.153295469884661,rad_pattern_8p3GHz.png
H,8.3,9.5,-13.064371679845209,rad_pattern_8p3GHz.png
H,8.3,10.0,-12.983356011635241,rad_pattern_8p3GHz.png
H,8.3,10.5,-12.896174837051834,rad_pattern_8p3GHz.png
H,8.3,11.0,-12.802076886992747,rad_pattern_8p3GHz.png
H,8.3,11.5,-12.70023929527527,rad_pattern_8p3GHz.png
H,8.3,12.0,-12.585716850762847,rad_pattern_8p3GHz.png
H,8.3,12.5,-12.47672298229012,rad_pattern_8p3GHz.png
H,8.3,13.0,-12.376194980458308,rad_pattern_8p3GHz.png
H,8.3,13.5,-12.253471452456527,rad_pattern_8p3GHz.png
H,8.3,14.0,-12.148468057357405,rad_pattern_8p3GHz.png
H,8.3,14.5,-12.035586258000428,rad_pattern_8p3GHz.png
H,8.3,15.0,-11.922483066358552,rad_pattern_8p3GHz.png
H,8.3,15.5,-11.790756901695357,rad_pattern_8p3GHz.png
H,8.3,16.0,-11.67163839897573,rad_pattern_8p3GHz.png
H,8.3,16.5,-11.575261305793866,rad_pattern_8p3GHz.png
H,8.3,17.0,-11.461173908275523,rad_pattern_8p3GHz.png
H,8.3,17.5,-11.345428874029192,rad_pattern_8p3GHz.png
H,8.3,18.0,-11.246106537582563,rad_pattern_8p3GHz.png
H,8.3,18.5,-11.1185092256325,rad_pattern_8p3GHz.png
H,8.3,19.0,-11.026587458911258,rad_pattern_8p3GHz.png
H,8.3,19.5,-10.915204784186614,rad_pattern_8p3GHz.png
H,8.3,20.0,-10.797802187301574,rad_pattern_8p3GHz.png
H,8.3,20.5,-10.676158406007477,rad_pattern_8p3GHz.png
H,8.3,21.0,-10.5672146322432,rad_pattern_8p3GHz.png
H,8.3,21.5,-10.450427427252805,rad_pattern_8p3GHz.png
H,8.3,22.0,-10.34285889703511,rad_pattern_8p3GHz.png
H,8.3,22.5,-10.218608916034018,rad_pattern_8p3GHz.png
H,8.3,23.0,-10.10274424651795,rad_pattern_8p3GHz.png
H,8.3,23.5,-9.988094714166678,rad_pattern_8p3GHz.png
H,8.3,24.0,-9.861947056464018,rad_pattern_8p3GHz.png
H,8.3,24.5,-9.728860446415926,rad_pattern_8p3GHz.png
H,8.3,25.0,-9.615965439990056,rad_pattern_8p3GHz.png
H,8.3,25.5,-9.491560501111362,rad_pattern_8p3GHz.png
H,8.3,26.0,-9.378674614392743,rad_pattern_8p3GHz.png
H,8.3,26.5,-9.263488713436246,rad_pattern_8p3GHz.png
H,8.3,27.0,-9.133126765792252,rad_pattern_8p3GHz.png
H,8.3,27.5,-9.027703810241512,rad_pattern_8p3GHz.png
H,8.3,28.0,-8.87044848992128,rad_pattern_8p3GHz.png
H,8.3,28.5,-8.761559992535503,rad_pattern_8p3GHz.png
H,8.3,29.0,-8.662057143411882,rad_pattern_8p3GHz.png
H,8.3,29.5,-8.549056810464322,rad_pattern_8p3GHz.png
H,8.3,30.0,-8.434225703309412,rad_pattern_8p3GHz.png
H,8.3,30.5,-8.332210837621385,rad_pattern_8p3GHz.png
H,8.3,31.0,-8.209037605978676,rad_pattern_8p3GHz.png
H,8.3,31.5,-8.088534555134032,rad_pattern_8p3GHz.png
H,8.3,32.0,-7.966315619298783,rad_pattern_8p3GHz.png
H,8.3,32.5,-7.833590491689016,rad_pattern_8p3GHz.png
H,8.3,33.0,-7.708361444041685,rad_pattern_8p3GHz.png
H,8.3,33.5,-7.613363918046762,rad_pattern_8p3GHz.png
H,8.3,34.0,-7.508687566495595,rad_pattern_8p3GHz.png
H,8.3,34.5,-7.403335587768318,rad_pattern_8p3GHz.png
H,8.3,35.0,-7.27901562699175,rad_pattern_8p3GHz.png
H,8.3,35.5,-7.1791379463798854,rad_pattern_8p3GHz.png
H,8.3,36.0,-7.05759172478766,rad_pattern_8p3GHz.png
H,8.3,36.5,-6.967457946043876,rad_pattern_8p3GHz.png
H,8.3,37.0,-6.852115790558116,rad_pattern_8p3GHz.png
H,8.3,37.5,-6.74050159457887,rad_pattern_8p3GHz.png
H,8.3,38.0,-6.6442531763103325,rad_pattern_8p3GHz.png
H,8.3,38.5,-6.536822040566321,rad_pattern_8p3GHz.png
H,8.3,39.0,-6.437382596637743,rad_pattern_8p3GHz.png
H,8.3,39.5,-6.317586463246165,rad_pattern_8p3GHz.png
H,8.3,40.0,-6.214118567889219,rad_pattern_8p3GHz.png
H,8.3,40.5,-6.108773137837208,rad_pattern_8p3GHz.png
H,8.3,41.0,-6.0176970827012575,rad_pattern_8p3GHz.png
H,8.3,41.5,-5.9092048063711005,rad_pattern_8p3GHz.png
H,8.3,42.0,-5.8032690043756645,rad_pattern_8p3GHz.png
H,8.3,42.5,-5.69390156160339,rad_pattern_8p3GHz.png
H,8.3,43.0,-5.595444433674263,rad_pattern_8p3GHz.png
H,8.3,43.5,-5.499419270106642,rad_pattern_8p3GHz.png
H,8.3,44.0,-5.383930267735476,rad_pattern_8p3GHz.png
H,8.3,44.5,-5.3028045858041715,rad_pattern_8p3GHz.png
H,8.3,45.0,-5.1824689210409005,rad_pattern_8p3GHz.png
H,8.3,45.5,-5.098420563966446,rad_pattern_8p3GHz.png
H,8.3,46.0,-4.973838916398787,rad_pattern_8p3GHz.png
H,8.3,46.5,-4.885252960305564,rad_pattern_8p3GHz.png
H,8.3,47.0,-4.758793869126293,rad_pattern_8p3GHz.png
H,8.3,47.5,-4.672676026421641,rad_pattern_8p3GHz.png
H,8.3,48.0,-4.57422408331507,rad_pattern_8p3GHz.png
H,8.3,48.5,-4.481118714873521,rad_pattern_8p3GHz.png
H,8.3,49.0,-4.386435907906019,rad_pattern_8p3GHz.png
H,8.3,49.5,-4.284048030272711,rad_pattern_8p3GHz.png
H,8.3,50.0,-4.185778845762474,rad_pattern_8p3GHz.png
H,8.3,50.5,-4.0965514922067925,rad_pattern_8p3GHz.png
H,8.3,51.0,-4.008715740783863,rad_pattern_8p3GHz.png
H,8.3,51.5,-3.9002496049021325,rad_pattern_8p3GHz.png
H,8.3,52.0,-3.809511355007892,rad_pattern_8p3GHz.png
H,8.3,52.5,-3.7122587607315474,rad_pattern_8p3GHz.png
H,8.3,53.0,-3.6318863975423348,rad_pattern_8p3GHz.png
H,8.3,53.5,-3.545062477165299,rad_pattern_8p3GHz.png
H,8.3,54.0,-3.4487547213743213,rad_pattern_8p3GHz.png
H,8.3,54.5,-3.354773845798409,rad_pattern_8p3GHz.png
H,8.3,55.0,-3.2741972005621136,rad_pattern_8p3GHz.png
H,8.3,55.5,-3.1840664017961977,rad_pattern_8p3GHz.png
H,8.3,56.0,-3.1065349808301868,rad_pattern_8p3GHz.png
H,8.3,56.5,-3.0117539554838118,rad_pattern_8p3GHz.png
H,8.3,57.0,-2.9215430334087884,rad_pattern_8p3GHz.png
H,8.3,57.5,-2.845252598542345,rad_pattern_8p3GHz.png
H,8.3,58.0,-2.760398418103904,rad_pattern_8p3GHz.png
H,8.3,58.5,-2.685533489195194,rad_pattern_8p3GHz.png
H,8.3,59.0,-2.597232965965077,rad_pattern_8p3GHz.png
H,8.3,59.5,-2.537114055223878,rad_pattern_8p3GHz.png
H,8.3,60.0,-2.4392137099736253,rad_pattern_8p3GHz.png
H,8.3,60.5,-2.360592650825023,rad_pattern_8p3GHz.png
H,8.3,61.0,-2.2942606034927486,rad_pattern_8p3GHz.png
H,8.3,61.5,-2.2027707221497117,rad_pattern_8p3GHz.png
H,8.3,62.0,-2.1333210022136626,rad_pattern_8p3GHz.png
H,8.3,62.5,-2.0590746297174576,rad_pattern_8p3GHz.png
H,8.3,63.0,-1.9847291700523009,rad_pattern_8p3GHz.png
H,8.3,63.5,-1.9203714017104758,rad_pattern_8p3GHz.png
H,8.3,64.0,-1.8530491288918647,rad_pattern_8p3GHz.png
H,8.3,64.5,-1.7748380804303423,rad_pattern_8p3GHz.png
H,8.3,65.0,-1.7137140825829462,rad_pattern_8p3GHz.png
H,8.3,65.5,-1.6350724705403792,rad_pattern_8p3GHz.png
H,8.3,66.0,-1.57315077039992,rad_pattern_8p3GHz.png
H,8.3,66.5,-1.505085799467576,rad_pattern_8p3GHz.png
H,8.3,67.0,-1.4411236443020634,rad_pattern_8p3GHz.png
H,8.3,67.5,-1.377359072111929,rad_pattern_8p3GHz.png
H,8.3,68.0,-1.325034056825551,rad_pattern_8p3GHz.png
H,8.3,68.5,-1.2708698172798982,rad_pattern_8p3GHz.png
H,8.3,69.0,-1.1988521702326977,rad_pattern_8p3GHz.png
H,8.3,69.5,-1.138524104275639,rad_pattern_8p3GHz.png
H,8.3,70.0,-1.0896722903210616,rad_pattern_8p3GHz.png
H,8.3,70.5,-1.0313999310401343,rad_pattern_8p3GHz.png
H,8.3,71.0,-0.9793472229999054,rad_pattern_8p3GHz.png
H,8.3,71.5,-0.9353357361769845,rad_pattern_8p3GHz.png
H,8.3,72.0,-0.8886702056147158,rad_pattern_8p3GHz.png
H,8.3,72.5,-0.8315452912417811,rad_pattern_8p3GHz.png
H,8.3,73.0,-0.7793081628706169,rad_pattern_8p3GHz.png
H,8.3,73.5,-0.7351733418151554,rad_pattern_8p3GHz.png
H,8.3,74.0,-0.6927477464043257,rad_pattern_8p3GHz.png
H,8.3,74.5,-0.6480444447799414,rad_pattern_8p3GHz.png
H,8.3,75.0,-0.6047695972859621,rad_pattern_8p3GHz.png
H,8.3,75.5,-0.572464543258544,rad_pattern_8p3GHz.png
H,8.3,76.0,-0.5383096988415907,rad_pattern_8p3GHz.png
H,8.3,76.5,-0.4891273586716025,rad_pattern_8p3GHz.png
H,8.3,77.0,-0.4507805542083858,rad_pattern_8p3GHz.png
H,8.3,77.5,-0.43358629800264126,rad_pattern_8p3GHz.png
H,8.3,78.0,-0.3893482083184807,rad_pattern_8p3GHz.png
H,8.3,78.5,-0.3644690666481196,rad_pattern_8p3GHz.png
H,8.3,79.0,-0.3413178464471862,rad_pattern_8p3GHz.png
H,8.3,79.5,-0.28659647370486496,rad_pattern_8p3GHz.png
H,8.3,80.0,-0.275323638098552,rad_pattern_8p3GHz.png
H,8.3,80.5,-0.23790444780644293,rad_pattern_8p3GHz.png
H,8.3,81.0,-0.23686105656818413,rad_pattern_8p3GHz.png
H,8.3,81.5,-0.20190203178870192,rad_pattern_8p3GHz.png
H,8.3,82.0,-0.1909893600326349,rad_pattern_8p3GHz.png
H,8.3,82.5,-0.15756192452018425,rad_pattern_8p3GHz.png
H,8.3,83.0,-0.14847137302370683,rad_pattern_8p3GHz.png
H,8.3,83.5,-0.12119385025973628,rad_pattern_8p3GHz.png
H,8.3,84.0,-0.1117543875071938,rad_pattern_8p3GHz.png
H,8.3,84.5,-0.08016167379552996,rad_pattern_8p3GHz.png
H,8.3,85.0,-0.06956520165679336,rad_pattern_8p3GHz.png
H,8.3,85.5,-0.0561882995900298,rad_pattern_8p3GHz.png
H,8.3,86.0,-0.0561882995900298,rad_pattern_8p3GHz.png
H,8.3,86.5,-0.041813559392270605,rad_pattern_8p3GHz.png
H,8.3,87.0,-0.029923948180098137,rad_pattern_8p3GHz.png
H,8.3,87.5,-0.029923948180098137,rad_pattern_8p3GHz.png
H,8.3,88.0,-0.029923948180098137,rad_pattern_8p3GHz.png
H,8.3,88.5,-0.023016965286878133,rad_pattern_8p3GHz.png
H,8.3,89.0,-0.01712844312163142,rad_pattern_8p3GHz.png
H,8.3,89.5,-0.0011450184857615398,rad_pattern_8p3GHz.png
H,8.3,90.0,0.0,rad_pattern_8p3GHz.png
H,8.3,90.5,-0.0011450184857615398,rad_pattern_8p3GHz.png
H,8.3,91.0,-0.01712844312163142,rad_pattern_8p3GHz.png
H,8.3,91.5,-0.023016965286878133,rad_pattern_8p3GHz.png
H,8.3,92.0,-0.029923948180098137,rad_pattern_8p3GHz.png
H,8.3,92.5,-0.029923948180098137,rad_pattern_8p3GHz.png
H,8.3,93.0,-0.029923948180098137,rad_pattern_8p3GHz.png
H,8.3,93.5,-0.041813559392270605,rad_pattern_8p3GHz.png
H,8.3,94.0,-0.0561882995900298,rad_pattern_8p3GHz.png
H,8.3,94.5,-0.0561882995900298,rad_pattern_8p3GHz.png
H,8.3,95.0,-0.06956520165679336,rad_pattern_8p3GHz.png
H,8.3,95.5,-0.08016167379552996,rad_pattern_8p3GHz.png
H,8.3,96.0,-0.1117543875071938,rad_pattern_8p3GHz.png
H,8.3,96.5,-0.12119385025973628,rad_pattern_8p3GHz.png
H,8.3,97.0,-0.14847137302370683,rad_pattern_8p3GHz.png
H,8.3,97.5,-0.15756192452018425,rad_pattern_8p3GHz.png
H,8.3,98.0,-0.1909893600326349,rad_pattern_8p3GHz.png
H,8.3,98.5,-0.20190203178870192,rad_pattern_8p3GHz.png
H,8.3,99.0,-0.23686105656818413,rad_pattern_8p3GHz.png
H,8.3,99.5,-0.23790444780644293,rad_pattern_8p3GHz.png
H,8.3,100.0,-0.275323638098552,rad_pattern_8p3GHz.png
H,8.3,100.5,-0.28659647370486496,rad_pattern_8p3GHz.png
H,8.3,101.0,-0.3413178464471862,rad_pattern_8p3GHz.png
H,8.3,101.5,-0.3644690666481196,rad_pattern_8p3GHz.png
H,8.3,102.0,-0.3893482083184807,rad_pattern_8p3GHz.png
H,8.3,102.5,-0.43358629800264126,rad_pattern_8p3GHz.png
H,8.3,103.0,-0.4507805542083858,rad_pattern_8p3GHz.png
H,8.3,103.5,-0.4891273586716025,rad_pattern_8p3GHz.png
H,8.3,104.0,-0.5383096988415907,rad_pattern_8p3GHz.png
H,8.3,104.5,-0.572464543258544,rad_pattern_8p3GHz.png
H,8.3,105.0,-0.6047695972859621,rad_pattern_8p3GHz.png
H,8.3,105.5,-0.6480444447799414,rad_pattern_8p3GHz.png
H,8.3,106.0,-0.6927477464043257,rad_pattern_8p3GHz.png
H,8.3,106.5,-0.7351733418151554,rad_pattern_8p3GHz.png
H,8.3,107.0,-0.7793081628706169,rad_pattern_8p3GHz.png
H,8.3,107.5,-0.8315452912417811,rad_pattern_8p3GHz.png
H,8.3,108.0,-0.8886702056147158,rad_pattern_8p3GHz.png
H,8.3,108.5,-0.9353357361769845,rad_pattern_8p3GHz.png
H,8.3,109.0,-0.9793472229999054,rad_pattern_8p3GHz.png
H,8.3,109.5,-1.0313999310401343,rad_pattern_8p3GHz.png
H,8.3,110.0,-1.0896722903210616,rad_pattern_8p3GHz.png
H,8.3,110.5,-1.138524104275639,rad_pattern_8p3GHz.png
H,8.3,111.0,-1.1988521702326977,rad_pattern_8p3GHz.png
H,8.3,111.5,-1.2708698172798982,rad_pattern_8p3GHz.png
H,8.3,112.0,-1.325034056825551,rad_pattern_8p3GHz.png
H,8.3,112.5,-1.377359072111929,rad_pattern_8p3GHz.png
H,8.3,113.0,-1.4411236443020634,rad_pattern_8p3GHz.png
H,8.3,113.5,-1.505085799467576,rad_pattern_8p3GHz.png
H,8.3,114.0,-1.57315077039992,rad_pattern_8p3GHz.png
H,8.3,114.5,-1.6350724705403792,rad_pattern_8p3GHz.png
H,8.3,115.0,-1.7137140825829462,rad_pattern_8p3GHz.png
H,8.3,115.5,-1.7748380804303423,rad_pattern_8p3GHz.png
H,8.3,116.0,-1.8530491288918647,rad_pattern_8p3GHz.png
H,8.3,116.5,-1.9203714017104758,rad_pattern_8p3GHz.png
H,8.3,117.0,-1.9847291700523009,rad_pattern_8p3GHz.png
H,8.3,117.5,-2.0590746297174576,rad_pattern_8p3GHz.png
H,8.3,118.0,-2.1333210022136626,rad_pattern_8p3GHz.png
H,8.3,118.5,-2.2027707221497117,rad_pattern_8p3GHz.png
H,8.3,119.0,-2.2942606034927486,rad_pattern_8p3GHz.png
H,8.3,119.5,-2.360592650825023,rad_pattern_8p3GHz.png
H,8.3,120.0,-2.4392137099736253,rad_pattern_8p3GHz.png
H,8.3,120.5,-2.5268710662740403,rad_pattern_8p3GHz.png
H,8.3,121.0,-2.597232965965077,rad_pattern_8p3GHz.png
H,8.3,121.5,-2.685533489195194,rad_pattern_8p3GHz.png
H,8.3,122.0,-2.760398418103904,rad_pattern_8p3GHz.png
H,8.3,122.5,-2.845252598542345,rad_pattern_8p3GHz.png
H,8.3,123.0,-2.9215430334087884,rad_pattern_8p3GHz.png
H,8.3,123.5,-3.0113914367333727,rad_pattern_8p3GHz.png
H,8.3,124.0,-3.1065349808301868,rad_pattern_8p3GHz.png
H,8.3,124.5,-3.1840664017961977,rad_pattern_8p3GHz.png
H,8.3,125.0,-3.2741972005621136,rad_pattern_8p3GHz.png
H,8.3,125.5,-3.354773845798409,rad_pattern_8p3GHz.png
H,8.3,126.0,-3.4487547213743213,rad_pattern_8p3GHz.png
H,8.3,126.5,-3.545062477165299,rad_pattern_8p3GHz.png
H,8.3,127.0,-3.6318863975423348,rad_pattern_8p3GHz.png
H,8.3,127.5,-3.7122587607315474,rad_pattern_8p3GHz.png
H,8.3,128.0,-3.809511355007892,rad_pattern_8p3GHz.png
H,8.3,128.5,-3.9002496049021325,rad_pattern_8p3GHz.png
H,8.3,129.0,-4.008715740783863,rad_pattern_8p3GHz.png
H,8.3,129.5,-4.0965514922067925,rad_pattern_8p3GHz.png
H,8.3,130.0,-4.185778845762474,rad_pattern_8p3GHz.png
H,8.3,130.5,-4.284048030272711,rad_pattern_8p3GHz.png
H,8.3,131.0,-4.386435907906019,rad_pattern_8p3GHz.png
H,8.3,131.5,-4.481118714873521,rad_pattern_8p3GHz.png
H,8.3,132.0,-4.57422408331507,rad_pattern_8p3GHz.png
H,8.3,132.5,-4.672676026421641,rad_pattern_8p3GHz.png
H,8.3,133.0,-4.758793869126293,rad_pattern_8p3GHz.png
H,8.3,133.5,-4.885252960305564,rad_pattern_8p3GHz.png
H,8.3,134.0,-4.973838916398787,rad_pattern_8p3GHz.png
H,8.3,134.5,-5.098420563966446,rad_pattern_8p3GHz.png
H,8.3,135.0,-5.1824689210409005,rad_pattern_8p3GHz.png
H,8.3,135.5,-5.3028045858041715,rad_pattern_8p3GHz.png
H,8.3,136.0,-5.383930267735476,rad_pattern_8p3GHz.png
H,8.3,136.5,-5.499419270106642,rad_pattern_8p3GHz.png
H,8.3,137.0,-5.595444433674263,rad_pattern_8p3GHz.png
H,8.3,137.5,-5.69390156160339,rad_pattern_8p3GHz.png
H,8.3,138.0,-5.8032690043756645,rad_pattern_8p3GHz.png
H,8.3,138.5,-5.9092048063711005,rad_pattern_8p3GHz.png
H,8.3,139.0,-6.0176970827012575,rad_pattern_8p3GHz.png
H,8.3,139.5,-6.108773137837208,rad_pattern_8p3GHz.png
H,8.3,140.0,-6.214118567889219,rad_pattern_8p3GHz.png
H,8.3,140.5,-6.317586463246165,rad_pattern_8p3GHz.png
H,8.3,141.0,-6.437382596637743,rad_pattern_8p3GHz.png
H,8.3,141.5,-6.536822040566321,rad_pattern_8p3GHz.png
H,8.3,142.0,-6.6442531763103325,rad_pattern_8p3GHz.png
H,8.3,142.5,-6.74050159457887,rad_pattern_8p3GHz.png
H,8.3,143.0,-6.852115790558116,rad_pattern_8p3GHz.png
H,8.3,143.5,-6.967457946043876,rad_pattern_8p3GHz.png
H,8.3,144.0,-7.05759172478766,rad_pattern_8p3GHz.png
H,8.3,144.5,-7.1791379463798854,rad_pattern_8p3GHz.png
H,8.3,145.0,-7.27901562699175,rad_pattern_8p3GHz.png
H,8.3,145.5,-7.403335587768318,rad_pattern_8p3GHz.png
H,8.3,146.0,-7.508687566495595,rad_pattern_8p3GHz.png
H,8.3,146.5,-7.613363918046762,rad_pattern_8p3GHz.png
H,8.3,147.0,-7.708361444041685,rad_pattern_8p3GHz.png
H,8.3,147.5,-7.833590491689016,rad_pattern_8p3GHz.png
H,8.3,148.0,-7.966315619298783,rad_pattern_8p3GHz.png
H,8.3,148.5,-8.088534555134032,rad_pattern_8p3GHz.png
H,8.3,149.0,-8.209037605978676,rad_pattern_8p3GHz.png
H,8.3,149.5,-8.332210837621385,rad_pattern_8p3GHz.png
H,8.3,150.0,-8.434225703309412,rad_pattern_8p3GHz.png
H,8.3,150.5,-8.549056810464322,rad_pattern_8p3GHz.png
H,8.3,151.0,-8.662057143411882,rad_pattern_8p3GHz.png
H,8.3,151.5,-8.761559992535503,rad_pattern_8p3GHz.png
H,8.3,152.0,-8.86883879912336,rad_pattern_8p3GHz.png
H,8.3,152.5,-9.027703810241512,rad_pattern_8p3GHz.png
H,8.3,153.0,-9.133126765792252,rad_pattern_8p3GHz.png
H,8.3,153.5,-9.263488713436246,rad_pattern_8p3GHz.png
H,8.3,154.0,-9.378674614392743,rad_pattern_8p3GHz.png
H,8.3,154.5,-9.491560501111362,rad_pattern_8p3GHz.png
H,8.3,155.0,-9.615965439990056,rad_pattern_8p3GHz.png
H,8.3,155.5,-9.728860446415926,rad_pattern_8p3GHz.png
H,8.3,156.0,-9.861947056464018,rad_pattern_8p3GHz.png
H,8.3,156.5,-9.988094714166678,rad_pattern_8p3GHz.png
H,8.3,157.0,-10.114003564879464,rad_pattern_8p3GHz.png
H,8.3,157.5,-10.213951417913218,rad_pattern_8p3GHz.png
H,8.3,158.0,-10.337763159902746,rad_pattern_8p3GHz.png
H,8.3,158.5,-10.450427427252805,rad_pattern_8p3GHz.png
H,8.3,159.0,-10.5672146322432,rad_pattern_8p3GHz.png
H,8.3,159.5,-10.676158406007477,rad_pattern_8p3GHz.png
H,8.3,160.0,-10.797802187301574,rad_pattern_8p3GHz.png
H,8.3,160.5,-10.915204784186614,rad_pattern_8p3GHz.png
H,8.3,161.0,-11.026587458911258,rad_pattern_8p3GHz.png
H,8.3,161.5,-11.1185092256325,rad_pattern_8p3GHz.png
H,8.3,162.0,-11.246106537582563,rad_pattern_8p3GHz.png
H,8.3,162.5,-11.345428874029192,rad_pattern_8p3GHz.png
H,8.3,163.0,-11.461173908275523,rad_pattern_8p3GHz.png
H,8.3,163.5,-11.575261305793866,rad_pattern_8p3GHz.png
H,8.3,164.0,-11.67163839897573,rad_pattern_8p3GHz.png
H,8.3,164.5,-11.790756901695357,rad_pattern_8p3GHz.png
H,8.3,165.0,-11.922483066358552,rad_pattern_8p3GHz.png
H,8.3,165.5,-12.035586258000428,rad_pattern_8p3GHz.png
H,8.3,166.0,-12.148468057357405,rad_pattern_8p3GHz.png
H,8.3,166.5,-12.253471452456527,rad_pattern_8p3GHz.png
H,8.3,167.0,-12.369755041591677,rad_pattern_8p3GHz.png
H,8.3,167.5,-12.47672298229012,rad_pattern_8p3GHz.png
H,8.3,168.0,-12.585716850762847,rad_pattern_8p3GHz.png
H,8.3,168.5,-12.70023929527527,rad_pattern_8p3GHz.png
H,8.3,169.0,-12.802076886992747,rad_pattern_8p3GHz.png
H,8.3,169.5,-12.896174837051834,rad_pattern_8p3GHz.png
H,8.3,170.0,-12.983356011635241,rad_pattern_8p3GHz.png
H,8.3,170.5,-13.064371679845209,rad_pattern_8p3GHz.png
H,8.3,171.0,-13.153295469884661,rad_pattern_8p3GHz.png
H,8.3,171.5,-13.276314775733287,rad_pattern_8p3GHz.png
H,8.3,172.0,-13.366666255895325,rad_pattern_8p3GHz.png
H,8.3,172.5,-13.446912990743943,rad_pattern_8p3GHz.png
H,8.3,173.0,-13.522126330567882,rad_pattern_8p3GHz.png
H,8.3,173.5,-13.599481495264513,rad_pattern_8p3GHz.png
H,8.3,174.0,-13.717604991374522,rad_pattern_8p3GHz.png
H,8.3,174.5,-13.769945956052961,rad_pattern_8p3GHz.png
H,8.3,175.0,-13.843276559054864,rad_pattern_8p3GHz.png
H,8.3,175.5,-13.941615972533999,rad_pattern_8p3GHz.png
H,8.3,176.0,-14.013845215762103,rad_pattern_8p3GHz.png
H,8.3,176.5,-14.105870552752204,rad_pattern_8p3GHz.png
H,8.3,177.0,-14.197553841453004,rad_pattern_8p3GHz.png
H,8.3,177.5,-14.266682070690962,rad_pattern_8p3GHz.png
H,8.3,178.0,-14.357725818055187,rad_pattern_8p3GHz.png
H,8.3,178.5,-14.45109057309616,rad_pattern_8p3GHz.png
H,8.3,179.0,-14.538825555131705,rad_pattern_8p3GHz.png
H,8.3,179.5,-14.62813769798878,rad_pattern_8p3GHz.png
H,8.3,180.0,-14.686055778332907,rad_pattern_8p3GHz.png
H,8.3,180.5,-14.800735860536488,rad_pattern_8p3GHz.png
H,8.3,181.0,-14.885649753115331,rad_pattern_8p3GHz.png
H,8.3,181.5,-14.969110880288808,rad_pattern_8p3GHz.png
H,8.3,182.0,-15.08206740370022,rad_pattern_8p3GHz.png
H,8.3,182.5,-15.130383026046342,rad_pattern_8p3GHz.png
H,8.3,183.0,-15.18812903976735,rad_pattern_8p3GHz.png
H,8.3,183.5,-15.29584617328012,rad_pattern_8p3GHz.png
H,8.3,184.0,-15.398084893406681,rad_pattern_8p3GHz.png
H,8.3,184.5,-15.442244884778134,rad_pattern_8p3GHz.png
H,8.3,185.0,-15.497377994044118,rad_pattern_8p3GHz.png
H,8.3,185.5,-15.602148394807545,rad_pattern_8p3GHz.png
H,8.3,186.0,-15.70882476270575,rad_pattern_8p3GHz.png
H,8.3,186.5,-15.808507280948188,rad_pattern_8p3GHz.png
H,8.3,187.0,-15.913504332578402,rad_pattern_8p3GHz.png
H,8.3,187.5,-16.014179389768685,rad_pattern_8p3GHz.png
H,8.3,188.0,-16.10975437168145,rad_pattern_8p3GHz.png
H,8.3,188.5,-16.232107124916926,rad_pattern_8p3GHz.png
H,8.3,189.0,-16.35279411093587,rad_pattern_8p3GHz.png
H,8.3,189.5,-16.509760451968784,rad_pattern_8p3GHz.png
H,8.3,190.0,-16.61880839787215,rad_pattern_8p3GHz.png
H,8.3,190.5,-16.75330085245123,rad_pattern_8p3GHz.png
H,8.3,191.0,-16.889731787369985,rad_pattern_8p3GHz.png
H,8.3,191.5,-17.02601880848058,rad_pattern_8p3GHz.png
H,8.3,192.0,-17.16079300261767,rad_pattern_8p3GHz.png
H,8.3,192.5,-17.317934055205907,rad_pattern_8p3GHz.png
H,8.3,193.0,-17.467895022079876,rad_pattern_8p3GHz.png
H,8.3,193.5,-17.567248484358014,rad_pattern_8p3GHz.png
H,8.3,194.0,-17.757308614078408,rad_pattern_8p3GHz.png
H,8.3,194.5,-17.890069396771,rad_pattern_8p3GHz.png
H,8.3,195.0,-18.043050230517874,rad_pattern_8p3GHz.png
H,8.3,195.5,-18.175068163845463,rad_pattern_8p3GHz.png
H,8.3,196.0,-18.310878511610408,rad_pattern_8p3GHz.png
H,8.3,196.5,-18.42519694525379,rad_pattern_8p3GHz.png
H,8.3,197.0,-18.593578793915402,rad_pattern_8p3GHz.png
H,8.3,197.5,-18.722759903077527,rad_pattern_8p3GHz.png
H,8.3,198.0,-18.851626217535017,rad_pattern_8p3GHz.png
H,8.3,198.5,-18.998309262845297,rad_pattern_8p3GHz.png
H,8.3,199.0,-19.124983064274442,rad_pattern_8p3GHz.png
H,8.3,199.5,-19.270872423114138,rad_pattern_8p3GHz.png
H,8.3,200.0,-19.43199948859387,rad_pattern_8p3GHz.png
H,8.3,200.5,-19.540472355151852,rad_pattern_8p3GHz.png
H,8.3,201.0,-19.671950294775225,rad_pattern_8p3GHz.png
H,8.3,201.5,-19.833580547229534,rad_pattern_8p3GHz.png
H,8.3,202.0,-19.94643239087911,rad_pattern_8p3GHz.png
H,8.3,202.5,-20.03153704995717,rad_pattern_8p3GHz.png
H,8.3,203.0,-20.153719957781018,rad_pattern_8p3GHz.png
H,8.3,203.5,-20.290140913758325,rad_pattern_8p3GHz.png
H,8.3,204.0,-20.395962208655195,rad_pattern_8p3GHz.png
H,8.3,204.5,-20.477770211001427,rad_pattern_8p3GHz.png
H,8.3,205.0,-20.582909093975843,rad_pattern_8p3GHz.png
H,8.3,205.5,-20.650814602671364,rad_pattern_8p3GHz.png
H,8.3,206.0,-20.717153059795454,rad_pattern_8p3GHz.png
H,8.3,206.5,-20.781924794555266,rad_pattern_8p3GHz.png
H,8.3,207.0,-20.820096517813166,rad_pattern_8p3GHz.png
H,8.3,207.5,-20.858093740190405,rad_pattern_8p3GHz.png
H,8.3,208.0,-20.895878456905567,rad_pattern_8p3GHz.png
H,8.3,208.5,-20.919670371686376,rad_pattern_8p3GHz.png
H,8.3,209.0,-20.97941585723478,rad_pattern_8p3GHz.png
H,8.3,209.5,-21.001512390937613,rad_pattern_8p3GHz.png
H,8.3,210.0,-21.03742957449487,rad_pattern_8p3GHz.png
H,8.3,210.5,-21.113460121330125,rad_pattern_8p3GHz.png
H,8.3,211.0,-21.12290607446104,rad_pattern_8p3GHz.png
H,8.3,211.5,-21.19712982114562,rad_pattern_8p3GHz.png
H,8.3,212.0,-21.24629444780727,rad_pattern_8p3GHz.png
H,8.3,212.5,-21.328853032335278,rad_pattern_8p3GHz.png
H,8.3,213.0,-21.370616331762985,rad_pattern_8p3GHz.png
H,8.3,213.5,-21.475691300807682,rad_pattern_8p3GHz.png
H,8.3,214.0,-21.539337267294545,rad_pattern_8p3GHz.png
H,8.3,214.5,-21.58704242876322,rad_pattern_8p3GHz.png
H,8.3,215.0,-21.705769474273534,rad_pattern_8p3GHz.png
H,8.3,215.5,-21.800211756425004,rad_pattern_8p3GHz.png
H,8.3,216.0,-21.894146983151234,rad_pattern_8p3GHz.png
H,8.3,216.5,-21.970322622785613,rad_pattern_8p3GHz.png
H,8.3,217.0,-22.068734918391364,rad_pattern_8p3GHz.png
H,8.3,217.5,-22.17813909604863,rad_pattern_8p3GHz.png
H,8.3,218.0,-22.269537121080393,rad_pattern_8p3GHz.png
H,8.3,218.5,-22.360331593686748,rad_pattern_8p3GHz.png
H,8.3,219.0,-22.43230853227739,rad_pattern_8p3GHz.png
H,8.3,219.5,-22.521634851638762,rad_pattern_8p3GHz.png
H,8.3,220.0,-22.58817052815289,rad_pattern_8p3GHz.png
H,8.3,220.5,-22.67631126204293,rad_pattern_8p3GHz.png
H,8.3,221.0,-22.823536835836347,rad_pattern_8p3GHz.png
H,8.3,221.5,-22.910474965918755,rad_pattern_8p3GHz.png
H,8.3,222.0,-22.996655847501128,rad_pattern_8p3GHz.png
H,8.3,222.5,-23.101591746982546,rad_pattern_8p3GHz.png
H,8.3,223.0,-23.248365858667288,rad_pattern_8p3GHz.png
H,8.3,223.5,-23.310224369998405,rad_pattern_8p3GHz.png
H,8.3,224.0,-23.516416417828328,rad_pattern_8p3GHz.png
H,8.3,224.5,-23.57855159410737,rad_pattern_8p3GHz.png
H,8.3,225.0,-23.80362959649647,rad_pattern_8p3GHz.png
H,8.3,225.5,-23.946462571969423,rad_pattern_8p3GHz.png
H,8.3,226.0,-24.0685929852668,rad_pattern_8p3GHz.png
H,8.3,226.5,-24.31200634120818,rad_pattern_8p3GHz.png
H,8.3,227.0,-24.576926390976837,rad_pattern_8p3GHz.png
H,8.3,227.5,-24.758380566221096,rad_pattern_8p3GHz.png
H,8.3,228.0,-24.878875880398464,rad_pattern_8p3GHz.png
H,8.3,228.5,-25.121391521089727,rad_pattern_8p3GHz.png
H,8.3,229.0,-25.366171757191733,rad_pattern_8p3GHz.png
H,8.3,229.5,-25.52316068140565,rad_pattern_8p3GHz.png
H,8.3,230.0,-25.767547696318502,rad_pattern_8p3GHz.png
H,8.3,230.5,-26.052544179380632,rad_pattern_8p3GHz.png
H,8.3,231.0,-26.2518599168901,rad_pattern_8p3GHz.png
H,8.3,231.5,-26.536290774044982,rad_pattern_8p3GHz.png
H,8.3,232.0,-26.6353592326482,rad_pattern_8p3GHz.png
H,8.3,232.5,-26.896283053296603,rad_pattern_8p3GHz.png
H,8.3,233.0,-26.896283053296603,rad_pattern_8p3GHz.png
H,8.3,233.5,-27.220034313850917,rad_pattern_8p3GHz.png
H,8.3,234.0,-27.41536493055484,rad_pattern_8p3GHz.png
H,8.3,234.5,-27.422037511980836,rad_pattern_8p3GHz.png
H,8.3,235.0,-27.576397523537036,rad_pattern_8p3GHz.png
H,8.3,235.5,-27.865244527897843,rad_pattern_8p3GHz.png
H,8.3,236.0,-27.98573192358189,rad_pattern_8p3GHz.png
H,8.3,236.5,-28.001813689869323,rad_pattern_8p3GHz.png
H,8.3,237.0,-28.057639779806397,rad_pattern_8p3GHz.png
H,8.3,237.5,-28.34589443872553,rad_pattern_8p3GHz.png
H,8.3,238.0,-28.4255857851774,rad_pattern_8p3GHz.png
H,8.3,238.5,-28.505122873105606,rad_pattern_8p3GHz.png
H,8.3,239.0,-28.648935399037534,rad_pattern_8p3GHz.png
H,8.3,239.5,-28.767677743984486,rad_pattern_8p3GHz.png
H,8.3,240.0,-28.767677743984486,rad_pattern_8p3GHz.png
H,8.3,240.5,-28.767677743984486,rad_pattern_8p3GHz.png
H,8.3,241.0,-28.885908141698575,rad_pattern_8p3GHz.png
H,8.3,241.5,-28.89976861134789,rad_pattern_8p3GHz.png
H,8.3,242.0,-28.96437682962701,rad_pattern_8p3GHz.png
H,8.3,242.5,-28.89976861134789,rad_pattern_8p3GHz.png
H,8.3,243.0,-28.97789149139781,rad_pattern_8p3GHz.png
H,8.3,243.5,-28.809850502876174,rad_pattern_8p3GHz.png
H,8.3,244.0,-29.13300259593189,rad_pattern_8p3GHz.png
H,8.3,244.5,-29.13300259593189,rad_pattern_8p3GHz.png
H,8.3,245.0,-29.300712904286918,rad_pattern_8p3GHz.png
H,8.3,245.5,-29.33905748278922,rad_pattern_8p3GHz.png
H,8.3,246.0,-29.468225488381766,rad_pattern_8p3GHz.png
H,8.3,246.5,-29.468225488381766,rad_pattern_8p3GHz.png
H,8.3,247.0,-29.415230047552015,rad_pattern_8p3GHz.png
H,8.3,247.5,-29.415230047552015,rad_pattern_8p3GHz.png
H,8.3,248.0,-29.646321514996124,rad_pattern_8p3GHz.png
H,8.3,248.5,-29.646321514996124,rad_pattern_8p3GHz.png
H,8.3,249.0,-29.6193732288434,rad_pattern_8p3GHz.png
H,8.3,249.5,-29.56517936516552,rad_pattern_8p3GHz.png
H,8.3,250.0,-29.56517936516552,rad_pattern_8p3GHz.png
H,8.3,250.5,-29.693453107868525,rad_pattern_8p3GHz.png
H,8.3,251.0,-29.693453107868525,rad_pattern_8p3GHz.png
H,8.3,251.5,-29.666030695741565,rad_pattern_8p3GHz.png
H,8.3,252.0,-29.666030695741565,rad_pattern_8p3GHz.png
H,8.3,252.5,-29.638608283614605,rad_pattern_8p3GHz.png
H,8.3,253.0,-29.85756913657346,rad_pattern_8p3GHz.png
H,8.3,253.5,-29.710690567068173,rad_pattern_8p3GHz.png
H,8.3,254.0,-29.710690567068173,rad_pattern_8p3GHz.png
H,8.3,254.5,-29.710690567068173,rad_pattern_8p3GHz.png
H,8.3,255.0,-29.74609895928544,rad_pattern_8p3GHz.png
H,8.3,255.5,-29.74609895928544,rad_pattern_8p3GHz.png
H,8.3,256.0,-29.718110845940746,rad_pattern_8p3GHz.png
H,8.3,256.5,-29.718110845940746,rad_pattern_8p3GHz.png
H,8.3,257.0,-29.423570752264972,rad_pattern_8p3GHz.png
H,8.3,257.5,-29.33905374841882,rad_pattern_8p3GHz.png
H,8.3,258.0,-29.33905374841882,rad_pattern_8p3GHz.png
H,8.3,258.5,-29.282562484696015,rad_pattern_8p3GHz.png
H,8.3,259.0,-29.084069411487683,rad_pattern_8p3GHz.png
H,8.3,259.5,-29.02187851239553,rad_pattern_8p3GHz.png
H,8.3,260.0,-28.79442991007009,rad_pattern_8p3GHz.png
H,8.3,260.5,-28.59009604661713,rad_pattern_8p3GHz.png
H,8.3,261.0,-28.451781475633954,rad_pattern_8p3GHz.png
H,8.3,261.5,-28.365918017810824,rad_pattern_8p3GHz.png
H,8.3,262.0,-28.365918017810824,rad_pattern_8p3GHz.png
H,8.3,262.5,-28.22268662828031,rad_pattern_8p3GHz.png
H,8.3,263.0,-28.22268662828031,rad_pattern_8p3GHz.png
H,8.3,263.5,-28.165350900455405,rad_pattern_8p3GHz.png
H,8.3,264.0,-28.08576077338463,rad_pattern_8p3GHz.png
H,8.3,264.5,-27.999467328480176,rad_pattern_8p3GHz.png
H,8.3,265.0,-27.999467328480176,rad_pattern_8p3GHz.png
H,8.3,265.5,-27.79801125045183,rad_pattern_8p3GHz.png
H,8.3,266.0,-27.71615763407343,rad_pattern_8p3GHz.png
H,8.3,266.5,-27.71615763407343,rad_pattern_8p3GHz.png
H,8.3,267.0,-27.63293228144516,rad_pattern_8p3GHz.png
H,8.3,267.5,-27.63293228144516,rad_pattern_8p3GHz.png
H,8.3,268.0,-27.17278569610512,rad_pattern_8p3GHz.png
H,8.3,268.5,-27.17278569610512,rad_pattern_8p3GHz.png
H,8.3,269.0,-27.17278569610512,rad_pattern_8p3GHz.png
H,8.3,269.5,-26.71124386054804,rad_pattern_8p3GHz.png
H,8.3,270.0,-26.71124386054804,rad_pattern_8p3GHz.png
H,8.3,270.5,-26.71124386054804,rad_pattern_8p3GHz.png
H,8.3,271.0,-27.259479317763482,rad_pattern_8p3GHz.png
H,8.3,271.5,-27.259479317763482,rad_pattern_8p3GHz.png
H,8.3,272.0,-27.259479317763482,rad_pattern_8p3GHz.png
H,8.3,272.5,-27.63293228144516,rad_pattern_8p3GHz.png
H,8.3,273.0,-27.63293228144516,rad_pattern_8p3GHz.png
H,8.3,273.5,-27.71615763407343,rad_pattern_8p3GHz.png
H,8.3,274.0,-27.71615763407343,rad_pattern_8p3GHz.png
H,8.3,274.5,-27.79801125045183,rad_pattern_8p3GHz.png
H,8.3,275.0,-27.999467328480176,rad_pattern_8p3GHz.png
H,8.3,275.5,-27.999467328480176,rad_pattern_8p3GHz.png
H,8.3,276.0,-28.08576077338463,rad_pattern_8p3GHz.png
H,8.3,276.5,-28.165350900455405,rad_pattern_8p3GHz.png
H,8.3,277.0,-28.22268662828031,rad_pattern_8p3GHz.png
H,8.3,277.5,-28.22268662828031,rad_pattern_8p3GHz.png
H,8.3,278.0,-28.365918017810824,rad_pattern_8p3GHz.png
H,8.3,278.5,-28.365918017810824,rad_pattern_8p3GHz.png
H,8.3,279.0,-28.451781475633954,rad_pattern_8p3GHz.png
H,8.3,279.5,-28.59009604661713,rad_pattern_8p3GHz.png
H,8.3,280.0,-28.79442991007009,rad_pattern_8p3GHz.png
H,8.3,280.5,-29.02187851239553,rad_pattern_8p3GHz.png
H,8.3,281.0,-29.084069411487683,rad_pattern_8p3GHz.png
H,8.3,281.5,-29.282562484696015,rad_pattern_8p3GHz.png
H,8.3,282.0,-29.33905374841882,rad_pattern_8p3GHz.png
H,8.3,282.5,-29.33905374841882,rad_pattern_8p3GHz.png
H,8.3,283.0,-29.423570752264972,rad_pattern_8p3GHz.png
H,8.3,283.5,-29.718110845940746,rad_pattern_8p3GHz.png
H,8.3,284.0,-29.718110845940746,rad_pattern_8p3GHz.png
H,8.3,284.5,-29.74609895928544,rad_pattern_8p3GHz.png
H,8.3,285.0,-29.74609895928544,rad_pattern_8p3GHz.png
H,8.3,285.5,-29.710690567068173,rad_pattern_8p3GHz.png
H,8.3,286.0,-29.710690567068173,rad_pattern_8p3GHz.png
H,8.3,286.5,-29.710690567068173,rad_pattern_8p3GHz.png
H,8.3,287.0,-29.85756913657346,rad_pattern_8p3GHz.png
H,8.3,287.5,-29.638608283614605,rad_pattern_8p3GHz.png
H,8.3,288.0,-29.666030695741565,rad_pattern_8p3GHz.png
H,8.3,288.5,-29.666030695741565,rad_pattern_8p3GHz.png
H,8.3,289.0,-29.693453107868525,rad_pattern_8p3GHz.png
H,8.3,289.5,-29.693453107868525,rad_pattern_8p3GHz.png
H,8.3,290.0,-29.56517936516552,rad_pattern_8p3GHz.png
H,8.3,290.5,-29.56517936516552,rad_pattern_8p3GHz.png
H,8.3,291.0,-29.6193732288434,rad_pattern_8p3GHz.png
H,8.3,291.5,-29.646321514996124,rad_pattern_8p3GHz.png
H,8.3,292.0,-29.646321514996124,rad_pattern_8p3GHz.png
H,8.3,292.5,-29.415230047552015,rad_pattern_8p3GHz.png
H,8.3,293.0,-29.415230047552015,rad_pattern_8p3GHz.png
H,8.3,293.5,-29.468225488381766,rad_pattern_8p3GHz.png
H,8.3,294.0,-29.468225488381766,rad_pattern_8p3GHz.png
H,8.3,294.5,-29.33905748278922,rad_pattern_8p3GHz.png
H,8.3,295.0,-29.300712904286918,rad_pattern_8p3GHz.png
H,8.3,295.5,-29.13300259593189,rad_pattern_8p3GHz.png
H,8.3,296.0,-29.13300259593189,rad_pattern_8p3GHz.png
H,8.3,296.5,-28.809850502876174,rad_pattern_8p3GHz.png
H,8.3,297.0,-28.97789149139781,rad_pattern_8p3GHz.png
H,8.3,297.5,-28.89976861134789,rad_pattern_8p3GHz.png
H,8.3,298.0,-28.96437682962701,rad_pattern_8p3GHz.png
H,8.3,298.5,-28.89976861134789,rad_pattern_8p3GHz.png
H,8.3,299.0,-28.885908141698575,rad_pattern_8p3GHz.png
H,8.3,299.5,-28.767677743984486,rad_pattern_8p3GHz.png
H,8.3,300.0,-28.767677743984486,rad_pattern_8p3GHz.png
H,8.3,300.5,-28.767677743984486,rad_pattern_8p3GHz.png
H,8.3,301.0,-28.648935399037534,rad_pattern_8p3GHz.png
H,8.3,301.5,-28.505122873105606,rad_pattern_8p3GHz.png
H,8.3,302.0,-28.4255857851774,rad_pattern_8p3GHz.png
H,8.3,302.5,-28.34589443872553,rad_pattern_8p3GHz.png
H,8.3,303.0,-28.057639779806397,rad_pattern_8p3GHz.png
H,8.3,303.5,-28.001813689869323,rad_pattern_8p3GHz.png
H,8.3,304.0,-27.98573192358189,rad_pattern_8p3GHz.png
H,8.3,304.5,-27.865244527897843,rad_pattern_8p3GHz.png
H,8.3,305.0,-27.576397523537036,rad_pattern_8p3GHz.png
H,8.3,305.5,-27.422037511980836,rad_pattern_8p3GHz.png
H,8.3,306.0,-27.41536493055484,rad_pattern_8p3GHz.png
H,8.3,306.5,-27.220034313850917,rad_pattern_8p3GHz.png
H,8.3,307.0,-26.896283053296603,rad_pattern_8p3GHz.png
H,8.3,307.5,-26.896283053296603,rad_pattern_8p3GHz.png
H,8.3,308.0,-26.6353592326482,rad_pattern_8p3GHz.png
H,8.3,308.5,-26.536290774044982,rad_pattern_8p3GHz.png
H,8.3,309.0,-26.2518599168901,rad_pattern_8p3GHz.png
H,8.3,309.5,-26.052544179380632,rad_pattern_8p3GHz.png
H,8.3,310.0,-25.767547696318502,rad_pattern_8p3GHz.png
H,8.3,310.5,-25.52316068140565,rad_pattern_8p3GHz.png
H,8.3,311.0,-25.366171757191733,rad_pattern_8p3GHz.png
H,8.3,311.5,-25.121391521089727,rad_pattern_8p3GHz.png
H,8.3,312.0,-24.878875880398464,rad_pattern_8p3GHz.png
H,8.3,312.5,-24.758380566221096,rad_pattern_8p3GHz.png
H,8.3,313.0,-24.576926390976837,rad_pattern_8p3GHz.png
H,8.3,313.5,-24.31200634120818,rad_pattern_8p3GHz.png
H,8.3,314.0,-24.0685929852668,rad_pattern_8p3GHz.png
H,8.3,314.5,-23.946462571969423,rad_pattern_8p3GHz.png
H,8.3,315.0,-23.80362959649647,rad_pattern_8p3GHz.png
H,8.3,315.5,-23.57855159410737,rad_pattern_8p3GHz.png
H,8.3,316.0,-23.516416417828328,rad_pattern_8p3GHz.png
H,8.3,316.5,-23.310224369998405,rad_pattern_8p3GHz.png
H,8.3,317.0,-23.248365858667288,rad_pattern_8p3GHz.png
H,8.3,317.5,-23.101591746982546,rad_pattern_8p3GHz.png
H,8.3,318.0,-22.996655847501128,rad_pattern_8p3GHz.png
H,8.3,318.5,-22.910474965918755,rad_pattern_8p3GHz.png
H,8.3,319.0,-22.823536835836347,rad_pattern_8p3GHz.png
H,8.3,319.5,-22.67631126204293,rad_pattern_8p3GHz.png
H,8.3,320.0,-22.58817052815289,rad_pattern_8p3GHz.png
H,8.3,320.5,-22.521634851638762,rad_pattern_8p3GHz.png
H,8.3,321.0,-22.43230853227739,rad_pattern_8p3GHz.png
H,8.3,321.5,-22.360331593686748,rad_pattern_8p3GHz.png
H,8.3,322.0,-22.269537121080393,rad_pattern_8p3GHz.png
H,8.3,322.5,-22.17813909604863,rad_pattern_8p3GHz.png
H,8.3,323.0,-22.068734918391364,rad_pattern_8p3GHz.png
H,8.3,323.5,-21.970322622785613,rad_pattern_8p3GHz.png
H,8.3,324.0,-21.894146983151234,rad_pattern_8p3GHz.png
H,8.3,324.5,-21.800211756425004,rad_pattern_8p3GHz.png
H,8.3,325.0,-21.705769474273534,rad_pattern_8p3GHz.png
H,8.3,325.5,-21.58704242876322,rad_pattern_8p3GHz.png
H,8.3,326.0,-21.539337267294545,rad_pattern_8p3GHz.png
H,8.3,326.5,-21.475691300807682,rad_pattern_8p3GHz.png
H,8.3,327.0,-21.370616331762985,rad_pattern_8p3GHz.png
H,8.3,327.5,-21.328853032335278,rad_pattern_8p3GHz.png
H,8.3,328.0,-21.24629444780727,rad_pattern_8p3GHz.png
H,8.3,328.5,-21.19712982114562,rad_pattern_8p3GHz.png
H,8.3,329.0,-21.12290607446104,rad_pattern_8p3GHz.png
H,8.3,329.5,-21.113460121330125,rad_pattern_8p3GHz.png
H,8.3,330.0,-21.03742957449487,rad_pattern_8p3GHz.png
H,8.3,330.5,-21.001512390937613,rad_pattern_8p3GHz.png
H,8.3,331.0,-20.97941585723478,rad_pattern_8p3GHz.png
H,8.3,331.5,-20.919670371686376,rad_pattern_8p3GHz.png
H,8.3,332.0,-20.895878456905567,rad_pattern_8p3GHz.png
H,8.3,332.5,-20.858093740190405,rad_pattern_8p3GHz.png
H,8.3,333.0,-20.820096517813166,rad_pattern_8p3GHz.png
H,8.3,333.5,-20.781924794555266,rad_pattern_8p3GHz.png
H,8.3,334.0,-20.717153059795454,rad_pattern_8p3GHz.png
H,8.3,334.5,-20.650814602671364,rad_pattern_8p3GHz.png
H,8.3,335.0,-20.582909093975843,rad_pattern_8p3GHz.png
H,8.3,335.5,-20.477770211001427,rad_pattern_8p3GHz.png
H,8.3,336.0,-20.395962208655195,rad_pattern_8p3GHz.png
H,8.3,336.5,-20.290140913758325,rad_pattern_8p3GHz.png
H,8.3,337.0,-20.180322473646168,rad_pattern_8p3GHz.png
H,8.3,337.5,-20.047165413316062,rad_pattern_8p3GHz.png
H,8.3,338.0,-19.94643239087911,rad_pattern_8p3GHz.png
H,8.3,338.5,-19.833580547229534,rad_pattern_8p3GHz.png
H,8.3,339.0,-19.671950294775225,rad_pattern_8p3GHz.png
H,8.3,339.5,-19.540472355151852,rad_pattern_8p3GHz.png
H,8.3,340.0,-19.441896132931976,rad_pattern_8p3GHz.png
H,8.3,340.5,-19.270872423114138,rad_pattern_8p3GHz.png
H,8.3,341.0,-19.124983064274442,rad_pattern_8p3GHz.png
H,8.3,341.5,-18.998309262845297,rad_pattern_8p3GHz.png
H,8.3,342.0,-18.851626217535017,rad_pattern_8p3GHz.png
H,8.3,342.5,-18.722759903077527,rad_pattern_8p3GHz.png
H,8.3,343.0,-18.593578793915402,rad_pattern_8p3GHz.png
H,8.3,343.5,-18.42519694525379,rad_pattern_8p3GHz.png
H,8.3,344.0,-18.310878511610408,rad_pattern_8p3GHz.png
H,8.3,344.5,-18.175068163845463,rad_pattern_8p3GHz.png
H,8.3,345.0,-18.043050230517874,rad_pattern_8p3GHz.png
H,8.3,345.5,-17.890069396771,rad_pattern_8p3GHz.png
H,8.3,346.0,-17.757308614078408,rad_pattern_8p3GHz.png
H,8.3,346.5,-17.567248484358014,rad_pattern_8p3GHz.png
H,8.3,347.0,-17.467895022079876,rad_pattern_8p3GHz.png
H,8.3,347.5,-17.317934055205907,rad_pattern_8p3GHz.png
H,8.3,348.0,-17.16079300261767,rad_pattern_8p3GHz.png
H,8.3,348.5,-17.02601880848058,rad_pattern_8p3GHz.png
H,8.3,349.0,-16.889731787369985,rad_pattern_8p3GHz.png
H,8.3,349.5,-16.75330085245123,rad_pattern_8p3GHz.png
H,8.3,350.0,-16.61880839787215,rad_pattern_8p3GHz.png
H,8.3,350.5,-16.509760451968784,rad_pattern_8p3GHz.png
H,8.3,351.0,-16.35279411093587,rad_pattern_8p3GHz.png
H,8.3,351.5,-16.232107124916926,rad_pattern_8p3GHz.png
H,8.3,352.0,-16.10975437168145,rad_pattern_8p3GHz.png
H,8.3,352.5,-16.014179389768685,rad_pattern_8p3GHz.png
H,8.3,353.0,-15.913504332578402,rad_pattern_8p3GHz.png
H,8.3,353.5,-15.808507280948188,rad_pattern_8p3GHz.png
H,8.3,354.0,-15.70882476270575,rad_pattern_8p3GHz.png
H,8.3,354.5,-15.602148394807545,rad_pattern_8p3GHz.png
H,8.3,355.0,-15.497377994044118,rad_pattern_8p3GHz.png
H,8.3,355.5,-15.442244884778134,rad_pattern_8p3GHz.png
H,8.3,356.0,-15.398084893406681,rad_pattern_8p3GHz.png
H,8.3,356.5,-15.29584617328012,rad_pattern_8p3GHz.png
H,8.3,357.0,-15.18812903976735,rad_pattern_8p3GHz.png
H,8.3,357.5,-15.130383026046342,rad_pattern_8p3GHz.png
H,8.3,358.0,-15.08206740370022,rad_pattern_8p3GHz.png
H,8.3,358.5,-14.969110880288808,rad_pattern_8p3GHz.png
H,8.3,359.0,-14.885649753115331,rad_pattern_8p3GHz.png
H,8.3,359.5,-14.800735860536488,rad_pattern_8p3GHz.png
H,9.3,0.0,-16.50713487553333,rad_pattern_9p3GHz.png
H,9.3,0.5,-16.419417735209674,rad_pattern_9p3GHz.png
H,9.3,1.0,-16.359739614372334,rad_pattern_9p3GHz.png
H,9.3,1.5,-16.18356412562355,rad_pattern_9p3GHz.png
H,9.3,2.0,-16.035312694872392,rad_pattern_9p3GHz.png
H,9.3,2.5,-15.942919787161639,rad_pattern_9p3GHz.png
H,9.3,3.0,-15.823300314406996,rad_pattern_9p3GHz.png
H,9.3,3.5,-15.669136375611982,rad_pattern_9p3GHz.png
H,9.3,4.0,-15.575167801786671,rad_pattern_9p3GHz.png
H,9.3,4.5,-15.393818119840391,rad_pattern_9p3GHz.png
H,9.3,5.0,-15.317001259897278,rad_pattern_9p3GHz.png
H,9.3,5.5,-15.18818327206036,rad_pattern_9p3GHz.png
H,9.3,6.0,-15.067334414007126,rad_pattern_9p3GHz.png
H,9.3,6.5,-14.959178333808643,rad_pattern_9p3GHz.png
H,9.3,7.0,-14.859603205811853,rad_pattern_9p3GHz.png
H,9.3,7.5,-14.730549729873616,rad_pattern_9p3GHz.png
H,9.3,8.0,-14.642310879008395,rad_pattern_9p3GHz.png
H,9.3,8.5,-14.539746360220068,rad_pattern_9p3GHz.png
H,9.3,9.0,-14.432298821477612,rad_pattern_9p3GHz.png
H,9.3,9.5,-14.342754094996245,rad_pattern_9p3GHz.png
H,9.3,10.0,-14.237582541877305,rad_pattern_9p3GHz.png
H,9.3,10.5,-14.149952782360213,rad_pattern_9p3GHz.png
H,9.3,11.0,-14.032516517344067,rad_pattern_9p3GHz.png
H,9.3,11.5,-13.930181873221809,rad_pattern_9p3GHz.png
H,9.3,12.0,-13.805167718434515,rad_pattern_9p3GHz.png
H,9.3,12.5,-13.712184285201825,rad_pattern_9p3GHz.png
H,9.3,13.0,-13.611233527489158,rad_pattern_9p3GHz.png
H,9.3,13.5,-13.472305010524586,rad_pattern_9p3GHz.png
H,9.3,14.0,-13.347411708087442,rad_pattern_9p3GHz.png
H,9.3,14.5,-13.21397876511746,rad_pattern_9p3GHz.png
H,9.3,15.0,-13.121605610299579,rad_pattern_9p3GHz.png
H,9.3,15.5,-12.98992546229324,rad_pattern_9p3GHz.png
H,9.3,16.0,-12.866962931170281,rad_pattern_9p3GHz.png
H,9.3,16.5,-12.751597786667912,rad_pattern_9p3GHz.png
H,9.3,17.0,-12.657561630707985,rad_pattern_9p3GHz.png
H,9.3,17.5,-12.532149881516386,rad_pattern_9p3GHz.png
H,9.3,18.0,-12.424673936208993,rad_pattern_9p3GHz.png
H,9.3,18.5,-12.30694711701566,rad_pattern_9p3GHz.png
H,9.3,19.0,-12.19689121023784,rad_pattern_9p3GHz.png
H,9.3,19.5,-12.10170103829098,rad_pattern_9p3GHz.png
H,9.3,20.0,-11.978412931391716,rad_pattern_9p3GHz.png
H,9.3,20.5,-11.884062903635051,rad_pattern_9p3GHz.png
H,9.3,21.0,-11.76877671006034,rad_pattern_9p3GHz.png
H,9.3,21.5,-11.668736849108374,rad_pattern_9p3GHz.png
H,9.3,22.0,-11.567212849022361,rad_pattern_9p3GHz.png
H,9.3,22.5,-11.448262537392985,rad_pattern_9p3GHz.png
H,9.3,23.0,-11.325072820058498,rad_pattern_9p3GHz.png
H,9.3,23.5,-11.226157238620207,rad_pattern_9p3GHz.png
H,9.3,24.0,-11.103557501456137,rad_pattern_9p3GHz.png
H,9.3,24.5,-10.9800236480053,rad_pattern_9p3GHz.png
H,9.3,25.0,-10.859453029408062,rad_pattern_9p3GHz.png
H,9.3,25.5,-10.72080099905411,rad_pattern_9p3GHz.png
H,9.3,26.0,-10.606155939075766,rad_pattern_9p3GHz.png
H,9.3,26.5,-10.465768451493304,rad_pattern_9p3GHz.png
H,9.3,27.0,-10.322891694780125,rad_pattern_9p3GHz.png
H,9.3,27.5,-10.189866487831928,rad_pattern_9p3GHz.png
H,9.3,28.0,-10.0590780375836,rad_pattern_9p3GHz.png
H,9.3,28.5,-9.912727888445538,rad_pattern_9p3GHz.png
H,9.3,29.0,-9.773915503150096,rad_pattern_9p3GHz.png
H,9.3,29.5,-9.671519629277011,rad_pattern_9p3GHz.png
H,9.3,30.0,-9.513744553693453,rad_pattern_9p3GHz.png
H,9.3,30.5,-9.393314588986623,rad_pattern_9p3GHz.png
H,9.3,31.0,-9.250221775945075,rad_pattern_9p3GHz.png
H,9.3,31.5,-9.11094673091927,rad_pattern_9p3GHz.png
H,9.3,32.0,-8.998962403045432,rad_pattern_9p3GHz.png
H,9.3,32.5,-8.875625291462299,rad_pattern_9p3GHz.png
H,9.3,33.0,-8.750542438689173,rad_pattern_9p3GHz.png
H,9.3,33.5,-8.623743556597752,rad_pattern_9p3GHz.png
H,9.3,34.0,-8.495258080519228,rad_pattern_9p3GHz.png
H,9.3,34.5,-8.357660515792958,rad_pattern_9p3GHz.png
H,9.3,35.0,-8.233343618680863,rad_pattern_9p3GHz.png
H,9.3,35.5,-8.12000793914951,rad_pattern_9p3GHz.png
H,9.3,36.0,-7.998910194765752,rad_pattern_9p3GHz.png
H,9.3,36.5,-7.875045569648432,rad_pattern_9p3GHz.png
H,9.3,37.0,-7.742481831914056,rad_pattern_9p3GHz.png
H,9.3,37.5,-7.612891345887647,rad_pattern_9p3GHz.png
H,9.3,38.0,-7.501365953969021,rad_pattern_9p3GHz.png
H,9.3,38.5,-7.367665546242009,rad_pattern_9p3GHz.png
H,9.3,39.0,-7.254737785370942,rad_pattern_9p3GHz.png
H,9.3,39.5,-7.1209122277430765,rad_pattern_9p3GHz.png
H,9.3,40.0,-6.9948671961344715,rad_pattern_9p3GHz.png
H,9.3,40.5,-6.886311438003176,rad_pattern_9p3GHz.png
H,9.3,41.0,-6.757511838579784,rad_pattern_9p3GHz.png
H,9.3,41.5,-6.646130878044431,rad_pattern_9p3GHz.png
H,9.3,42.0,-6.535852275795975,rad_pattern_9p3GHz.png
H,9.3,42.5,-6.421836418392829,rad_pattern_9p3GHz.png
H,9.3,43.0,-6.291422688853672,rad_pattern_9p3GHz.png
H,9.3,43.5,-6.19406681001519,rad_pattern_9p3GHz.png
H,9.3,44.0,-6.076572969053959,rad_pattern_9p3GHz.png
H,9.3,44.5,-5.9379128913414725,rad_pattern_9p3GHz.png
H,9.3,45.0,-5.836422134337123,rad_pattern_9p3GHz.png
H,9.3,45.5,-5.712542579744085,rad_pattern_9p3GHz.png
H,9.3,46.0,-5.626982208783634,rad_pattern_9p3GHz.png
H,9.3,46.5,-5.500547954416135,rad_pattern_9p3GHz.png
H,9.3,47.0,-5.407964849569137,rad_pattern_9p3GHz.png
H,9.3,47.5,-5.278408899743749,rad_pattern_9p3GHz.png
H,9.3,48.0,-5.184337725028893,rad_pattern_9p3GHz.png
H,9.3,48.5,-5.049813325186584,rad_pattern_9p3GHz.png
H,9.3,49.0,-4.954596104993133,rad_pattern_9p3GHz.png
H,9.3,49.5,-4.854583436377229,rad_pattern_9p3GHz.png
H,9.3,50.0,-4.722283625058907,rad_pattern_9p3GHz.png
H,9.3,50.5,-4.615176704234898,rad_pattern_9p3GHz.png
H,9.3,51.0,-4.509434260445026,rad_pattern_9p3GHz.png
H,9.3,51.5,-4.410671490998407,rad_pattern_9p3GHz.png
H,9.3,52.0,-4.296591104503129,rad_pattern_9p3GHz.png
H,9.3,52.5,-4.184926793893357,rad_pattern_9p3GHz.png
H,9.3,53.0,-4.082340788184425,rad_pattern_9p3GHz.png
H,9.3,53.5,-3.9777072749634144,rad_pattern_9p3GHz.png
H,9.3,54.0,-3.884460523387766,rad_pattern_9p3GHz.png
H,9.3,54.5,-3.771524867308564,rad_pattern_9p3GHz.png
H,9.3,55.0,-3.6699224022680106,rad_pattern_9p3GHz.png
H,9.3,55.5,-3.569562297225584,rad_pattern_9p3GHz.png
H,9.3,56.0,-3.467915621437669,rad_pattern_9p3GHz.png
H,9.3,56.5,-3.3563962942268226,rad_pattern_9p3GHz.png
H,9.3,57.0,-3.2511491370293513,rad_pattern_9p3GHz.png
H,9.3,57.5,-3.1665010810765395,rad_pattern_9p3GHz.png
H,9.3,58.0,-3.079084013020424,rad_pattern_9p3GHz.png
H,9.3,58.5,-2.982859452759836,rad_pattern_9p3GHz.png
H,9.3,59.0,-2.8896420353861245,rad_pattern_9p3GHz.png
H,9.3,59.5,-2.803842664966588,rad_pattern_9p3GHz.png
H,9.3,60.0,-2.7224944110422413,rad_pattern_9p3GHz.png
H,9.3,60.5,-2.6328546089199882,rad_pattern_9p3GHz.png
H,9.3,61.0,-2.5300461925234856,rad_pattern_9p3GHz.png
H,9.3,61.5,-2.4611829004971355,rad_pattern_9p3GHz.png
H,9.3,62.0,-2.3663192266091073,rad_pattern_9p3GHz.png
H,9.3,62.5,-2.2929060989304055,rad_pattern_9p3GHz.png
H,9.3,63.0,-2.2170686544947706,rad_pattern_9p3GHz.png
H,9.3,63.5,-2.1274391201604494,rad_pattern_9p3GHz.png
H,9.3,64.0,-2.0617323601634183,rad_pattern_9p3GHz.png
H,9.3,64.5,-1.9823115851001951,rad_pattern_9p3GHz.png
H,9.3,65.0,-1.9110717541351754,rad_pattern_9p3GHz.png
H,9.3,65.5,-1.83652635665457,rad_pattern_9p3GHz.png
H,9.3,66.0,-1.764026469238253,rad_pattern_9p3GHz.png
H,9.3,66.5,-1.7067605297150585,rad_pattern_9p3GHz.png
H,9.3,67.0,-1.6418939400586794,rad_pattern_9p3GHz.png
H,9.3,67.5,-1.5660873145418783,rad_pattern_9p3GHz.png
H,9.3,68.0,-1.5024212993619486,rad_pattern_9p3GHz.png
H,9.3,68.5,-1.4379792419355795,rad_pattern_9p3GHz.png
H,9.3,69.0,-1.3686596250797791,rad_pattern_9p3GHz.png
H,9.3,69.5,-1.3078411725983194,rad_pattern_9p3GHz.png
H,9.3,70.0,-1.2377200707508322,rad_pattern_9p3GHz.png
H,9.3,70.5,-1.183319354696895,rad_pattern_9p3GHz.png
H,9.3,71.0,-1.1262765550602083,rad_pattern_9p3GHz.png
H,9.3,71.5,-1.06330098969989,rad_pattern_9p3GHz.png
H,9.3,72.0,-1.0075862964158837,rad_pattern_9p3GHz.png
H,9.3,72.5,-0.9489115518872886,rad_pattern_9p3GHz.png
H,9.3,73.0,-0.8982383899870072,rad_pattern_9p3GHz.png
H,9.3,73.5,-0.8490230230168478,rad_pattern_9p3GHz.png
H,9.3,74.0,-0.8000015057752776,rad_pattern_9p3GHz.png
H,9.3,74.5,-0.7518142320140448,rad_pattern_9p3GHz.png
H,9.3,75.0,-0.7088908544282368,rad_pattern_9p3GHz.png
H,9.3,75.5,-0.6561723261522694,rad_pattern_9p3GHz.png
H,9.3,76.0,-0.6014064558772176,rad_pattern_9p3GHz.png
H,9.3,76.5,-0.5578930449218831,rad_pattern_9p3GHz.png
H,9.3,77.0,-0.5202070209036513,rad_pattern_9p3GHz.png
H,9.3,77.5,-0.4776678032443158,rad_pattern_9p3GHz.png
H,9.3,78.0,-0.4254628497177073,rad_pattern_9p3GHz.png
H,9.3,78.5,-0.40972006439990594,rad_pattern_9p3GHz.png
H,9.3,79.0,-0.36934908734222205,rad_pattern_9p3GHz.png
H,9.3,79.5,-0.32771095126780025,rad_pattern_9p3GHz.png
H,9.3,80.0,-0.3173028865844323,rad_pattern_9p3GHz.png
H,9.3,80.5,-0.2617459089781846,rad_pattern_9p3GHz.png
H,9.3,81.0,-0.2502621350804688,rad_pattern_9p3GHz.png
H,9.3,81.5,-0.21484938208072535,rad_pattern_9p3GHz.png
H,9.3,82.0,-0.20305387676391007,rad_pattern_9p3GHz.png
H,9.3,82.5,-0.16528532739246415,rad_pattern_9p3GHz.png
H,9.3,83.0,-0.15548052485799602,rad_pattern_9p3GHz.png
H,9.3,83.5,-0.1377964609717317,rad_pattern_9p3GHz.png
H,9.3,84.0,-0.11842692108385222,rad_pattern_9p3GHz.png
H,9.3,84.5,-0.08529736722359615,rad_pattern_9p3GHz.png
H,9.3,85.0,-0.06956520165679336,rad_pattern_9p3GHz.png
H,9.3,85.5,-0.06055562485798305,rad_pattern_9p3GHz.png
H,9.3,86.0,-0.06055562485798305,rad_pattern_9p3GHz.png
H,9.3,86.5,-0.06055562485798305,rad_pattern_9p3GHz.png
H,9.3,87.0,-0.029923948180098137,rad_pattern_9p3GHz.png
H,9.3,87.5,-0.029923948180098137,rad_pattern_9p3GHz.png
H,9.3,88.0,-0.029923948180098137,rad_pattern_9p3GHz.png
H,9.3,88.5,-0.023016965286878133,rad_pattern_9p3GHz.png
H,9.3,89.0,-0.01712844312163142,rad_pattern_9p3GHz.png
H,9.3,89.5,-0.0011450184857615398,rad_pattern_9p3GHz.png
H,9.3,90.0,0.0,rad_pattern_9p3GHz.png
H,9.3,90.5,-0.0011450184857615398,rad_pattern_9p3GHz.png
H,9.3,91.0,-0.01712844312163142,rad_pattern_9p3GHz.png
H,9.3,91.5,-0.023016965286878133,rad_pattern_9p3GHz.png
H,9.3,92.0,-0.029923948180098137,rad_pattern_9p3GHz.png
H,9.3,92.5,-0.029923948180098137,rad_pattern_9p3GHz.png
H,9.3,93.0,-0.029923948180098137,rad_pattern_9p3GHz.png
H,9.3,93.5,-0.06055562485798305,rad_pattern_9p3GHz.png
H,9.3,94.0,-0.06055562485798305,rad_pattern_9p3GHz.png
H,9.3,94.5,-0.06055562485798305,rad_pattern_9p3GHz.png
H,9.3,95.0,-0.06956520165679336,rad_pattern_9p3GHz.png
H,9.3,95.5,-0.08529736722359615,rad_pattern_9p3GHz.png
H,9.3,96.0,-0.11842692108385222,rad_pattern_9p3GHz.png
H,9.3,96.5,-0.1377964609717317,rad_pattern_9p3GHz.png
H,9.3,97.0,-0.15548052485799602,rad_pattern_9p3GHz.png
H,9.3,97.5,-0.16528532739246415,rad_pattern_9p3GHz.png
H,9.3,98.0,-0.20305387676391007,rad_pattern_9p3GHz.png
H,9.3,98.5,-0.21484938208072535,rad_pattern_9p3GHz.png
H,9.3,99.0,-0.2502621350804688,rad_pattern_9p3GHz.png
H,9.3,99.5,-0.2617459089781846,rad_pattern_9p3GHz.png
H,9.3,100.0,-0.3173028865844323,rad_pattern_9p3GHz.png
H,9.3,100.5,-0.32771095126780025,rad_pattern_9p3GHz.png
H,9.3,101.0,-0.36934908734222205,rad_pattern_9p3GHz.png
H,9.3,101.5,-0.40972006439990594,rad_pattern_9p3GHz.png
H,9.3,102.0,-0.4254628497177073,rad_pattern_9p3GHz.png
H,9.3,102.5,-0.4776678032443158,rad_pattern_9p3GHz.png
H,9.3,103.0,-0.5202070209036513,rad_pattern_9p3GHz.png
H,9.3,103.5,-0.5578930449218831,rad_pattern_9p3GHz.png
H,9.3,104.0,-0.6014064558772176,rad_pattern_9p3GHz.png
H,9.3,104.5,-0.6561723261522694,rad_pattern_9p3GHz.png
H,9.3,105.0,-0.7088908544282368,rad_pattern_9p3GHz.png
H,9.3,105.5,-0.7518142320140448,rad_pattern_9p3GHz.png
H,9.3,106.0,-0.8000015057752776,rad_pattern_9p3GHz.png
H,9.3,106.5,-0.8490230230168478,rad_pattern_9p3GHz.png
H,9.3,107.0,-0.8982383899870072,rad_pattern_9p3GHz.png
H,9.3,107.5,-0.9489115518872886,rad_pattern_9p3GHz.png
H,9.3,108.0,-1.0075862964158837,rad_pattern_9p3GHz.png
H,9.3,108.5,-1.06330098969989,rad_pattern_9p3GHz.png
H,9.3,109.0,-1.1262765550602083,rad_pattern_9p3GHz.png
H,9.3,109.5,-1.183319354696895,rad_pattern_9p3GHz.png
H,9.3,110.0,-1.2377200707508322,rad_pattern_9p3GHz.png
H,9.3,110.5,-1.3078411725983194,rad_pattern_9p3GHz.png
H,9.3,111.0,-1.3686596250797791,rad_pattern_9p3GHz.png
H,9.3,111.5,-1.4379792419355795,rad_pattern_9p3GHz.png
H,9.3,112.0,-1.5024212993619486,rad_pattern_9p3GHz.png
H,9.3,112.5,-1.5660873145418783,rad_pattern_9p3GHz.png
H,9.3,113.0,-1.6418939400586794,rad_pattern_9p3GHz.png
H,9.3,113.5,-1.7067605297150585,rad_pattern_9p3GHz.png
H,9.3,114.0,-1.764026469238253,rad_pattern_9p3GHz.png
H,9.3,114.5,-1.83652635665457,rad_pattern_9p3GHz.png
H,9.3,115.0,-1.9110717541351754,rad_pattern_9p3GHz.png
H,9.3,115.5,-1.9823115851001951,rad_pattern_9p3GHz.png
H,9.3,116.0,-2.0617323601634183,rad_pattern_9p3GHz.png
H,9.3,116.5,-2.1274391201604494,rad_pattern_9p3GHz.png
H,9.3,117.0,-2.2170686544947706,rad_pattern_9p3GHz.png
H,9.3,117.5,-2.2929060989304055,rad_pattern_9p3GHz.png
H,9.3,118.0,-2.3663192266091073,rad_pattern_9p3GHz.png
H,9.3,118.5,-2.4611829004971355,rad_pattern_9p3GHz.png
H,9.3,119.0,-2.5300461925234856,rad_pattern_9p3GHz.png
H,9.3,119.5,-2.6328546089199882,rad_pattern_9p3GHz.png
H,9.3,120.0,-2.7224944110422413,rad_pattern_9p3GHz.png
H,9.3,120.5,-2.803842664966588,rad_pattern_9p3GHz.png
H,9.3,121.0,-2.8896420353861245,rad_pattern_9p3GHz.png
H,9.3,121.5,-2.982859452759836,rad_pattern_9p3GHz.png
H,9.3,122.0,-3.079084013020424,rad_pattern_9p3GHz.png
H,9.3,122.5,-3.1665010810765395,rad_pattern_9p3GHz.png
H,9.3,123.0,-3.2511491370293513,rad_pattern_9p3GHz.png
H,9.3,123.5,-3.3563962942268226,rad_pattern_9p3GHz.png
H,9.3,124.0,-3.467915621437669,rad_pattern_9p3GHz.png
H,9.3,124.5,-3.569562297225584,rad_pattern_9p3GHz.png
H,9.3,125.0,-3.6699224022680106,rad_pattern_9p3GHz.png
H,9.3,125.5,-3.771524867308564,rad_pattern_9p3GHz.png
H,9.3,126.0,-3.884460523387766,rad_pattern_9p3GHz.png
H,9.3,126.5,-3.9777072749634144,rad_pattern_9p3GHz.png
H,9.3,127.0,-4.076779429846443,rad_pattern_9p3GHz.png
H,9.3,127.5,-4.184926793893357,rad_pattern_9p3GHz.png
H,9.3,128.0,-4.296591104503129,rad_pattern_9p3GHz.png
H,9.3,128.5,-4.410671490998407,rad_pattern_9p3GHz.png
H,9.3,129.0,-4.509434260445026,rad_pattern_9p3GHz.png
H,9.3,129.5,-4.615176704234898,rad_pattern_9p3GHz.png
H,9.3,130.0,-4.722283625058907,rad_pattern_9p3GHz.png
H,9.3,130.5,-4.854583436377229,rad_pattern_9p3GHz.png
H,9.3,131.0,-4.954596104993133,rad_pattern_9p3GHz.png
H,9.3,131.5,-5.049813325186584,rad_pattern_9p3GHz.png
H,9.3,132.0,-5.184337725028893,rad_pattern_9p3GHz.png
H,9.3,132.5,-5.278408899743749,rad_pattern_9p3GHz.png
H,9.3,133.0,-5.407964849569137,rad_pattern_9p3GHz.png
H,9.3,133.5,-5.500547954416135,rad_pattern_9p3GHz.png
H,9.3,134.0,-5.626982208783634,rad_pattern_9p3GHz.png
H,9.3,134.5,-5.712542579744085,rad_pattern_9p3GHz.png
H,9.3,135.0,-5.836422134337123,rad_pattern_9p3GHz.png
H,9.3,135.5,-5.9379128913414725,rad_pattern_9p3GHz.png
H,9.3,136.0,-6.076572969053959,rad_pattern_9p3GHz.png
H,9.3,136.5,-6.19406681001519,rad_pattern_9p3GHz.png
H,9.3,137.0,-6.291422688853672,rad_pattern_9p3GHz.png
H,9.3,137.5,-6.421836418392829,rad_pattern_9p3GHz.png
H,9.3,138.0,-6.535852275795975,rad_pattern_9p3GHz.png
H,9.3,138.5,-6.646130878044431,rad_pattern_9p3GHz.png
H,9.3,139.0,-6.757511838579784,rad_pattern_9p3GHz.png
H,9.3,139.5,-6.886311438003176,rad_pattern_9p3GHz.png
H,9.3,140.0,-6.9948671961344715,rad_pattern_9p3GHz.png
H,9.3,140.5,-7.1209122277430765,rad_pattern_9p3GHz.png
H,9.3,141.0,-7.254737785370942,rad_pattern_9p3GHz.png
H,9.3,141.5,-7.367665546242009,rad_pattern_9p3GHz.png
H,9.3,142.0,-7.501365953969021,rad_pattern_9p3GHz.png
H,9.3,142.5,-7.612891345887647,rad_pattern_9p3GHz.png
H,9.3,143.0,-7.742481831914056,rad_pattern_9p3GHz.png
H,9.3,143.5,-7.875045569648432,rad_pattern_9p3GHz.png
H,9.3,144.0,-7.998910194765752,rad_pattern_9p3GHz.png
H,9.3,144.5,-8.12000793914951,rad_pattern_9p3GHz.png
H,9.3,145.0,-8.233343618680863,rad_pattern_9p3GHz.png
H,9.3,145.5,-8.357660515792958,rad_pattern_9p3GHz.png
H,9.3,146.0,-8.495258080519228,rad_pattern_9p3GHz.png
H,9.3,146.5,-8.623743556597752,rad_pattern_9p3GHz.png
H,9.3,147.0,-8.750542438689173,rad_pattern_9p3GHz.png
H,9.3,147.5,-8.875625291462299,rad_pattern_9p3GHz.png
H,9.3,148.0,-8.998962403045432,rad_pattern_9p3GHz.png
H,9.3,148.5,-9.11094673091927,rad_pattern_9p3GHz.png
H,9.3,149.0,-9.250221775945075,rad_pattern_9p3GHz.png
H,9.3,149.5,-9.393314588986623,rad_pattern_9p3GHz.png
H,9.3,150.0,-9.513744553693453,rad_pattern_9p3GHz.png
H,9.3,150.5,-9.671519629277011,rad_pattern_9p3GHz.png
H,9.3,151.0,-9.773915503150096,rad_pattern_9p3GHz.png
H,9.3,151.5,-9.912727888445538,rad_pattern_9p3GHz.png
H,9.3,152.0,-10.0590780375836,rad_pattern_9p3GHz.png
H,9.3,152.5,-10.189866487831928,rad_pattern_9p3GHz.png
H,9.3,153.0,-10.322891694780125,rad_pattern_9p3GHz.png
H,9.3,153.5,-10.45282433910948,rad_pattern_9p3GHz.png
H,9.3,154.0,-10.606155939075766,rad_pattern_9p3GHz.png
H,9.3,154.5,-10.72080099905411,rad_pattern_9p3GHz.png
H,9.3,155.0,-10.84718718868589,rad_pattern_9p3GHz.png
H,9.3,155.5,-10.9800236480053,rad_pattern_9p3GHz.png
H,9.3,156.0,-11.103557501456137,rad_pattern_9p3GHz.png
H,9.3,156.5,-11.226157238620207,rad_pattern_9p3GHz.png
H,9.3,157.0,-11.325072820058498,rad_pattern_9p3GHz.png
H,9.3,157.5,-11.448262537392985,rad_pattern_9p3GHz.png
H,9.3,158.0,-11.578016449249354,rad_pattern_9p3GHz.png
H,9.3,158.5,-11.668736849108374,rad_pattern_9p3GHz.png
H,9.3,159.0,-11.779076631414632,rad_pattern_9p3GHz.png
H,9.3,159.5,-11.884062903635051,rad_pattern_9p3GHz.png
H,9.3,160.0,-11.978412931391716,rad_pattern_9p3GHz.png
H,9.3,160.5,-12.10170103829098,rad_pattern_9p3GHz.png
H,9.3,161.0,-12.19689121023784,rad_pattern_9p3GHz.png
H,9.3,161.5,-12.30694711701566,rad_pattern_9p3GHz.png
H,9.3,162.0,-12.424673936208993,rad_pattern_9p3GHz.png
H,9.3,162.5,-12.532149881516386,rad_pattern_9p3GHz.png
H,9.3,163.0,-12.657561630707985,rad_pattern_9p3GHz.png
H,9.3,163.5,-12.751597786667912,rad_pattern_9p3GHz.png
H,9.3,164.0,-12.866962931170281,rad_pattern_9p3GHz.png
H,9.3,164.5,-12.98992546229324,rad_pattern_9p3GHz.png
H,9.3,165.0,-13.121605610299579,rad_pattern_9p3GHz.png
H,9.3,165.5,-13.21397876511746,rad_pattern_9p3GHz.png
H,9.3,166.0,-13.347411708087442,rad_pattern_9p3GHz.png
H,9.3,166.5,-13.472305010524586,rad_pattern_9p3GHz.png
H,9.3,167.0,-13.611233527489158,rad_pattern_9p3GHz.png
H,9.3,167.5,-13.699673996405952,rad_pattern_9p3GHz.png
H,9.3,168.0,-13.805167718434515,rad_pattern_9p3GHz.png
H,9.3,168.5,-13.930181873221809,rad_pattern_9p3GHz.png
H,9.3,169.0,-14.032516517344067,rad_pattern_9p3GHz.png
H,9.3,169.5,-14.149952782360213,rad_pattern_9p3GHz.png
H,9.3,170.0,-14.256090661327374,rad_pattern_9p3GHz.png
H,9.3,170.5,-14.404536315526975,rad_pattern_9p3GHz.png
H,9.3,171.0,-16.555267013878854,rad_pattern_9p3GHz.png
H,9.3,171.5,-16.555267013878854,rad_pattern_9p3GHz.png
H,9.3,172.0,-16.056427293305493,rad_pattern_9p3GHz.png
H,9.3,172.5,-15.590341771331495,rad_pattern_9p3GHz.png
H,9.3,173.0,-15.146521647482862,rad_pattern_9p3GHz.png
H,9.3,173.5,-15.067334414007126,rad_pattern_9p3GHz.png
H,9.3,174.0,-15.067334414007126,rad_pattern_9p3GHz.png
H,9.3,174.5,-15.18818327206036,rad_pattern_9p3GHz.png
H,9.3,175.0,-15.317001259897278,rad_pattern_9p3GHz.png
H,9.3,175.5,-15.393818119840391,rad_pattern_9p3GHz.png
H,9.3,176.0,-15.575167801786671,rad_pattern_9p3GHz.png
H,9.3,176.5,-15.669136375611982,rad_pattern_9p3GHz.png
H,9.3,177.0,-15.823300314406996,rad_pattern_9p3GHz.png
H,9.3,177.5,-15.942919787161639,rad_pattern_9p3GHz.png
H,9.3,178.0,-16.035312694872392,rad_pattern_9p3GHz.png
H,9.3,178.5,-16.18356412562355,rad_pattern_9p3GHz.png
H,9.3,179.0,-16.359739614372334,rad_pattern_9p3GHz.png
H,9.3,179.5,-16.419417735209674,rad_pattern_9p3GHz.png
H,9.3,180.0,-16.50713487553333,rad_pattern_9p3GHz.png
H,9.3,180.5,-16.62222605849868,rad_pattern_9p3GHz.png
H,9.3,181.0,-16.736408739242638,rad_pattern_9p3GHz.png
H,9.3,181.5,-16.87862179036465,rad_pattern_9p3GHz.png
H,9.3,182.0,-16.96086310486847,rad_pattern_9p3GHz.png
H,9.3,182.5,-17.044156961023145,rad_pattern_9p3GHz.png
H,9.3,183.0,-17.18155554091342,rad_pattern_9p3GHz.png
H,9.3,183.5,-17.26491284701869,rad_pattern_9p3GHz.png
H,9.3,184.0,-17.366958062614028,rad_pattern_9p3GHz.png
H,9.3,184.5,-17.424613323832677,rad_pattern_9p3GHz.png
H,9.3,185.0,-17.525800662391237,rad_pattern_9p3GHz.png
H,9.3,185.5,-17.63571902890096,rad_pattern_9p3GHz.png
H,9.3,186.0,-17.790869118962057,rad_pattern_9p3GHz.png
H,9.3,186.5,-17.87053920716266,rad_pattern_9p3GHz.png
H,9.3,187.0,-17.97535143572345,rad_pattern_9p3GHz.png
H,9.3,187.5,-18.075522485532684,rad_pattern_9p3GHz.png
H,9.3,188.0,-18.174356734652395,rad_pattern_9p3GHz.png
H,9.3,188.5,-18.247629471088892,rad_pattern_9p3GHz.png
H,9.3,189.0,-18.344048093071773,rad_pattern_9p3GHz.png
H,9.3,189.5,-18.396421779137267,rad_pattern_9p3GHz.png
H,9.3,190.0,-18.434056047245893,rad_pattern_9p3GHz.png
H,9.3,190.5,-18.521977511053933,rad_pattern_9p3GHz.png
H,9.3,191.0,-18.55669059889588,rad_pattern_9p3GHz.png
H,9.3,191.5,-18.55669059889588,rad_pattern_9p3GHz.png
H,9.3,192.0,-18.584105728999777,rad_pattern_9p3GHz.png
H,9.3,192.5,-18.609640278677897,rad_pattern_9p3GHz.png
H,9.3,193.0,-18.628430462087017,rad_pattern_9p3GHz.png
H,9.3,193.5,-18.63988280271198,rad_pattern_9p3GHz.png
H,9.3,194.0,-18.65475445678663,rad_pattern_9p3GHz.png
H,9.3,194.5,-18.65475445678663,rad_pattern_9p3GHz.png
H,9.3,195.0,-18.681765057352514,rad_pattern_9p3GHz.png
H,9.3,195.5,-18.707439704690305,rad_pattern_9p3GHz.png
H,9.3,196.0,-18.72372689534708,rad_pattern_9p3GHz.png
H,9.3,196.5,-18.75474704949628,rad_pattern_9p3GHz.png
H,9.3,197.0,-18.7848697154944,rad_pattern_9p3GHz.png
H,9.3,197.5,-18.81421711584824,rad_pattern_9p3GHz.png
H,9.3,198.0,-18.842654773948514,rad_pattern_9p3GHz.png
H,9.3,198.5,-18.87944558773471,rad_pattern_9p3GHz.png
H,9.3,199.0,-18.94217978494788,rad_pattern_9p3GHz.png
H,9.3,199.5,-18.97742563843944,rad_pattern_9p3GHz.png
H,9.3,200.0,-19.00225124989415,rad_pattern_9p3GHz.png
H,9.3,200.5,-19.08034558133714,rad_pattern_9p3GHz.png
H,9.3,201.0,-19.097022332745272,rad_pattern_9p3GHz.png
H,9.3,201.5,-19.183981020870466,rad_pattern_9p3GHz.png
H,9.3,202.0,-19.23258993053747,rad_pattern_9p3GHz.png
H,9.3,202.5,-19.306688174480836,rad_pattern_9p3GHz.png
H,9.3,203.0,-19.37948566592873,rad_pattern_9p3GHz.png
H,9.3,203.5,-19.462522523120484,rad_pattern_9p3GHz.png
H,9.3,204.0,-19.55647999795336,rad_pattern_9p3GHz.png
H,9.3,204.5,-19.688223775149478,rad_pattern_9p3GHz.png
H,9.3,205.0,-19.79540788054906,rad_pattern_9p3GHz.png
H,9.3,205.5,-19.99209582575929,rad_pattern_9p3GHz.png
H,9.3,206.0,-20.12217951035797,rad_pattern_9p3GHz.png
H,9.3,206.5,-20.264825228756177,rad_pattern_9p3GHz.png
H,9.3,207.0,-20.38084785806063,rad_pattern_9p3GHz.png
H,9.3,207.5,-20.54827295995806,rad_pattern_9p3GHz.png
H,9.3,208.0,-20.75307100888625,rad_pattern_9p3GHz.png
H,9.3,208.5,-20.8921181356713,rad_pattern_9p3GHz.png
H,9.3,209.0,-21.044023628952807,rad_pattern_9p3GHz.png
H,9.3,209.5,-21.209407711012595,rad_pattern_9p3GHz.png
H,9.3,210.0,-21.36002839786626,rad_pattern_9p3GHz.png
H,9.3,210.5,-21.509841857238037,rad_pattern_9p3GHz.png
H,9.3,211.0,-21.673734787447582,rad_pattern_9p3GHz.png
H,9.3,211.5,-21.8220599009453,rad_pattern_9p3GHz.png
H,9.3,212.0,-21.92043024007506,rad_pattern_9p3GHz.png
H,9.3,212.5,-22.067180949762534,rad_pattern_9p3GHz.png
H,9.3,213.0,-22.18868893628137,rad_pattern_9p3GHz.png
H,9.3,213.5,-22.261267717287158,rad_pattern_9p3GHz.png
H,9.3,214.0,-22.40557756169356,rad_pattern_9p3GHz.png
H,9.3,214.5,-22.501154684030407,rad_pattern_9p3GHz.png
H,9.3,215.0,-22.562956464283804,rad_pattern_9p3GHz.png
H,9.3,215.5,-22.586520797734376,rad_pattern_9p3GHz.png
H,9.3,216.0,-22.680497065294283,rad_pattern_9p3GHz.png
H,9.3,216.5,-22.750621693693578,rad_pattern_9p3GHz.png
H,9.3,217.0,-22.808857202605136,rad_pattern_9p3GHz.png
H,9.3,217.5,-22.837303742693003,rad_pattern_9p3GHz.png
H,9.3,218.0,-22.865386081413217,rad_pattern_9p3GHz.png
H,9.3,218.5,-22.92017099219345,rad_pattern_9p3GHz.png
H,9.3,219.0,-22.92017099219345,rad_pattern_9p3GHz.png
H,9.3,219.5,-22.92858403619477,rad_pattern_9p3GHz.png
H,9.3,220.0,-22.92858403619477,rad_pattern_9p3GHz.png
H,9.3,220.5,-22.920849028991665,rad_pattern_9p3GHz.png
H,9.3,221.0,-22.905093515171927,rad_pattern_9p3GHz.png
H,9.3,221.5,-22.86709898047665,rad_pattern_9p3GHz.png
H,9.3,222.0,-22.852682096082592,rad_pattern_9p3GHz.png
H,9.3,222.5,-22.794417082229877,rad_pattern_9p3GHz.png
H,9.3,223.0,-22.755264769198753,rad_pattern_9p3GHz.png
H,9.3,223.5,-22.738102872780345,rad_pattern_9p3GHz.png
H,9.3,224.0,-22.658560289238366,rad_pattern_9p3GHz.png
H,9.3,224.5,-22.658037568878182,rad_pattern_9p3GHz.png
H,9.3,225.0,-22.63853665618497,rad_pattern_9p3GHz.png
H,9.3,225.5,-22.638328615741454,rad_pattern_9p3GHz.png
H,9.3,226.0,-22.638328615741454,rad_pattern_9p3GHz.png
H,9.3,226.5,-22.677326332599012,rad_pattern_9p3GHz.png
H,9.3,227.0,-22.735578679309683,rad_pattern_9p3GHz.png
H,9.3,227.5,-22.796114545696792,rad_pattern_9p3GHz.png
H,9.3,228.0,-22.912843986721512,rad_pattern_9p3GHz.png
H,9.3,228.5,-23.054499280553138,rad_pattern_9p3GHz.png
H,9.3,229.0,-23.152625829641057,rad_pattern_9p3GHz.png
H,9.3,229.5,-23.309630026315705,rad_pattern_9p3GHz.png
H,9.3,230.0,-23.491229409040574,rad_pattern_9p3GHz.png
H,9.3,230.5,-23.709585403276268,rad_pattern_9p3GHz.png
H,9.3,231.0,-23.953673053639232,rad_pattern_9p3GHz.png
H,9.3,231.5,-24.10743156704,rad_pattern_9p3GHz.png
H,9.3,232.0,-24.38654937089091,rad_pattern_9p3GHz.png
H,9.3,232.5,-24.710808588536047,rad_pattern_9p3GHz.png
H,9.3,233.0,-24.913307815817436,rad_pattern_9p3GHz.png
H,9.3,233.5,-25.196576044612254,rad_pattern_9p3GHz.png
H,9.3,234.0,-25.41575280937963,rad_pattern_9p3GHz.png
H,9.3,234.5,-25.738552887119003,rad_pattern_9p3GHz.png
H,9.3,235.0,-26.04422621816506,rad_pattern_9p3GHz.png
H,9.3,235.5,-26.245438561000352,rad_pattern_9p3GHz.png
H,9.3,236.0,-26.478491194274465,rad_pattern_9p3GHz.png
H,9.3,236.5,-26.486478046974963,rad_pattern_9p3GHz.png
H,9.3,237.0,-27.11965638405915,rad_pattern_9p3GHz.png
H,9.3,237.5,-27.255074050279205,rad_pattern_9p3GHz.png
H,9.3,238.0,-27.3991044601683,rad_pattern_9p3GHz.png
H,9.3,238.5,-27.54310035713464,rad_pattern_9p3GHz.png
H,9.3,239.0,-27.766484587304237,rad_pattern_9p3GHz.png
H,9.3,239.5,-27.98947917087899,rad_pattern_9p3GHz.png
H,9.3,240.0,-28.133048371475596,rad_pattern_9p3GHz.png
H,9.3,240.5,-28.14741090800619,rad_pattern_9p3GHz.png
H,9.3,241.0,-28.369184474765287,rad_pattern_9p3GHz.png
H,9.3,241.5,-28.419824562255286,rad_pattern_9p3GHz.png
H,9.3,242.0,-28.51207664098934,rad_pattern_9p3GHz.png
H,9.3,242.5,-28.51207664098934,rad_pattern_9p3GHz.png
H,9.3,243.0,-28.654733355508103,rad_pattern_9p3GHz.png
H,9.3,243.5,-28.551320794224047,rad_pattern_9p3GHz.png
H,9.3,244.0,-29.00374359919631,rad_pattern_9p3GHz.png
H,9.3,244.5,-28.951456257111666,rad_pattern_9p3GHz.png
H,9.3,245.0,-29.00374359919631,rad_pattern_9p3GHz.png
H,9.3,245.5,-29.027967947342685,rad_pattern_9p3GHz.png
H,9.3,246.0,-29.145269666067684,rad_pattern_9p3GHz.png
H,9.3,246.5,-29.15708746498963,rad_pattern_9p3GHz.png
H,9.3,247.0,-29.232918476001785,rad_pattern_9p3GHz.png
H,9.3,247.5,-29.25958979710759,rad_pattern_9p3GHz.png
H,9.3,248.0,-29.334987530048284,rad_pattern_9p3GHz.png
H,9.3,248.5,-29.334987530048284,rad_pattern_9p3GHz.png
H,9.3,249.0,-29.334987530048284,rad_pattern_9p3GHz.png
H,9.3,249.5,-29.409580724906114,rad_pattern_9p3GHz.png
H,9.3,250.0,-29.68367774816069,rad_pattern_9p3GHz.png
H,9.3,250.5,-29.693453107868525,rad_pattern_9p3GHz.png
H,9.3,251.0,-29.693453107868525,rad_pattern_9p3GHz.png
H,9.3,251.5,-29.620326306081473,rad_pattern_9p3GHz.png
H,9.3,252.0,-29.620326306081473,rad_pattern_9p3GHz.png
H,9.3,252.5,-29.547199504294426,rad_pattern_9p3GHz.png
H,9.3,253.0,-29.85756913657346,rad_pattern_9p3GHz.png
H,9.3,253.5,-29.710690567068173,rad_pattern_9p3GHz.png
H,9.3,254.0,-29.710690567068173,rad_pattern_9p3GHz.png
H,9.3,254.5,-29.710690567068173,rad_pattern_9p3GHz.png
H,9.3,255.0,-29.774087072630135,rad_pattern_9p3GHz.png
H,9.3,255.5,-29.865285391100947,rad_pattern_9p3GHz.png
H,9.3,256.0,-29.865285391100947,rad_pattern_9p3GHz.png
H,9.3,256.5,-29.900265397890546,rad_pattern_9p3GHz.png
H,9.3,257.0,-29.724706438977723,rad_pattern_9p3GHz.png
H,9.3,257.5,-29.900265397890546,rad_pattern_9p3GHz.png
H,9.3,258.0,-29.81554576915954,rad_pattern_9p3GHz.png
H,9.3,258.5,-29.81554576915954,rad_pattern_9p3GHz.png
H,9.3,259.0,-29.81554576915954,rad_pattern_9p3GHz.png
H,9.3,259.5,-29.84940391761657,rad_pattern_9p3GHz.png
H,9.3,260.0,-29.877843619072593,rad_pattern_9p3GHz.png
H,9.3,260.5,-29.84940391761657,rad_pattern_9p3GHz.png
H,9.3,261.0,-29.882595196999056,rad_pattern_9p3GHz.png
H,9.3,261.5,-29.825363211005758,rad_pattern_9p3GHz.png
H,9.3,262.0,-29.825363211005758,rad_pattern_9p3GHz.png
H,9.3,262.5,-29.796716821084154,rad_pattern_9p3GHz.png
H,9.3,263.0,-29.739380989008414,rad_pattern_9p3GHz.png
H,9.3,263.5,-29.739380989008414,rad_pattern_9p3GHz.png
H,9.3,264.0,-29.800068371261897,rad_pattern_9p3GHz.png
H,9.3,264.5,-29.800068371261897,rad_pattern_9p3GHz.png
H,9.3,265.0,-29.684947302618305,rad_pattern_9p3GHz.png
H,9.3,265.5,-29.598532441870848,rad_pattern_9p3GHz.png
H,9.3,266.0,-29.598532441870848,rad_pattern_9p3GHz.png
H,9.3,266.5,-30.12160785389828,rad_pattern_9p3GHz.png
H,9.3,267.0,-30.12160785389828,rad_pattern_9p3GHz.png
H,9.3,267.5,-29.97723339570805,rad_pattern_9p3GHz.png
H,9.3,268.0,-29.832801744123678,rad_pattern_9p3GHz.png
H,9.3,268.5,-29.54386024207301,rad_pattern_9p3GHz.png
H,9.3,269.0,-29.34156816767175,rad_pattern_9p3GHz.png
H,9.3,269.5,-29.34156816767175,rad_pattern_9p3GHz.png
H,9.3,270.0,-29.34156816767175,rad_pattern_9p3GHz.png
H,9.3,270.5,-29.34156816767175,rad_pattern_9p3GHz.png
H,9.3,271.0,-29.34156816767175,rad_pattern_9p3GHz.png
H,9.3,271.5,-29.54386024207301,rad_pattern_9p3GHz.png
H,9.3,272.0,-29.832801744123678,rad_pattern_9p3GHz.png
H,9.3,272.5,-29.97723339570805,rad_pattern_9p3GHz.png
H,9.3,273.0,-30.12160785389828,rad_pattern_9p3GHz.png
H,9.3,273.5,-30.12160785389828,rad_pattern_9p3GHz.png
H,9.3,274.0,-29.598532441870848,rad_pattern_9p3GHz.png
H,9.3,274.5,-29.598532441870848,rad_pattern_9p3GHz.png
H,9.3,275.0,-29.684947302618305,rad_pattern_9p3GHz.png
H,9.3,275.5,-29.800068371261897,rad_pattern_9p3GHz.png
H,9.3,276.0,-29.800068371261897,rad_pattern_9p3GHz.png
H,9.3,276.5,-29.739380989008414,rad_pattern_9p3GHz.png
H,9.3,277.0,-29.739380989008414,rad_pattern_9p3GHz.png
H,9.3,277.5,-29.796716821084154,rad_pattern_9p3GHz.png
H,9.3,278.0,-29.825363211005758,rad_pattern_9p3GHz.png
H,9.3,278.5,-29.825363211005758,rad_pattern_9p3GHz.png
H,9.3,279.0,-29.882595196999056,rad_pattern_9p3GHz.png
H,9.3,279.5,-29.84940391761657,rad_pattern_9p3GHz.png
H,9.3,280.0,-29.877843619072593,rad_pattern_9p3GHz.png
H,9.3,280.5,-29.84940391761657,rad_pattern_9p3GHz.png
H,9.3,281.0,-29.81554576915954,rad_pattern_9p3GHz.png
H,9.3,281.5,-29.81554576915954,rad_pattern_9p3GHz.png
H,9.3,282.0,-29.81554576915954,rad_pattern_9p3GHz.png
H,9.3,282.5,-29.900265397890546,rad_pattern_9p3GHz.png
H,9.3,283.0,-29.724706438977723,rad_pattern_9p3GHz.png
H,9.3,283.5,-29.900265397890546,rad_pattern_9p3GHz.png
H,9.3,284.0,-29.865285391100947,rad_pattern_9p3GHz.png
H,9.3,284.5,-29.865285391100947,rad_pattern_9p3GHz.png
H,9.3,285.0,-29.774087072630135,rad_pattern_9p3GHz.png
H,9.3,285.5,-29.710690567068173,rad_pattern_9p3GHz.png
H,9.3,286.0,-29.710690567068173,rad_pattern_9p3GHz.png
H,9.3,286.5,-29.710690567068173,rad_pattern_9p3GHz.png
H,9.3,287.0,-29.85756913657346,rad_pattern_9p3GHz.png
H,9.3,287.5,-29.547199504294426,rad_pattern_9p3GHz.png
H,9.3,288.0,-29.620326306081473,rad_pattern_9p3GHz.png
H,9.3,288.5,-29.620326306081473,rad_pattern_9p3GHz.png
H,9.3,289.0,-29.693453107868525,rad_pattern_9p3GHz.png
H,9.3,289.5,-29.693453107868525,rad_pattern_9p3GHz.png
H,9.3,290.0,-29.68367774816069,rad_pattern_9p3GHz.png
H,9.3,290.5,-29.409580724906114,rad_pattern_9p3GHz.png
H,9.3,291.0,-29.334987530048284,rad_pattern_9p3GHz.png
H,9.3,291.5,-29.334987530048284,rad_pattern_9p3GHz.png
H,9.3,292.0,-29.334987530048284,rad_pattern_9p3GHz.png
H,9.3,292.5,-29.25958979710759,rad_pattern_9p3GHz.png
H,9.3,293.0,-29.232918476001785,rad_pattern_9p3GHz.png
H,9.3,293.5,-29.15708746498963,rad_pattern_9p3GHz.png
H,9.3,294.0,-29.145269666067684,rad_pattern_9p3GHz.png
H,9.3,294.5,-29.027967947342685,rad_pattern_9p3GHz.png
H,9.3,295.0,-29.00374359919631,rad_pattern_9p3GHz.png
H,9.3,295.5,-28.951456257111666,rad_pattern_9p3GHz.png
H,9.3,296.0,-29.00374359919631,rad_pattern_9p3GHz.png
H,9.3,296.5,-28.551320794224047,rad_pattern_9p3GHz.png
H,9.3,297.0,-28.654733355508103,rad_pattern_9p3GHz.png
H,9.3,297.5,-28.51207664098934,rad_pattern_9p3GHz.png
H,9.3,298.0,-28.51207664098934,rad_pattern_9p3GHz.png
H,9.3,298.5,-28.419824562255286,rad_pattern_9p3GHz.png
H,9.3,299.0,-28.369184474765287,rad_pattern_9p3GHz.png
H,9.3,299.5,-28.14741090800619,rad_pattern_9p3GHz.png
H,9.3,300.0,-28.133048371475596,rad_pattern_9p3GHz.png
H,9.3,300.5,-27.98947917087899,rad_pattern_9p3GHz.png
H,9.3,301.0,-27.766484587304237,rad_pattern_9p3GHz.png
H,9.3,301.5,-27.54310035713464,rad_pattern_9p3GHz.png
H,9.3,302.0,-27.3991044601683,rad_pattern_9p3GHz.png
H,9.3,302.5,-27.255074050279205,rad_pattern_9p3GHz.png
H,9.3,303.0,-27.11965638405915,rad_pattern_9p3GHz.png
H,9.3,303.5,-26.486478046974963,rad_pattern_9p3GHz.png
H,9.3,304.0,-26.478491194274465,rad_pattern_9p3GHz.png
H,9.3,304.5,-26.245438561000352,rad_pattern_9p3GHz.png
H,9.3,305.0,-26.04422621816506,rad_pattern_9p3GHz.png
H,9.3,305.5,-25.738552887119003,rad_pattern_9p3GHz.png
H,9.3,306.0,-25.41575280937963,rad_pattern_9p3GHz.png
H,9.3,306.5,-25.196576044612254,rad_pattern_9p3GHz.png
H,9.3,307.0,-24.913307815817436,rad_pattern_9p3GHz.png
H,9.3,307.5,-24.710808588536047,rad_pattern_9p3GHz.png
H,9.3,308.0,-24.38654937089091,rad_pattern_9p3GHz.png
H,9.3,308.5,-24.10743156704,rad_pattern_9p3GHz.png
H,9.3,309.0,-23.953673053639232,rad_pattern_9p3GHz.png
H,9.3,309.5,-23.709585403276268,rad_pattern_9p3GHz.png
H,9.3,310.0,-23.491229409040574,rad_pattern_9p3GHz.png
H,9.3,310.5,-23.309630026315705,rad_pattern_9p3GHz.png
H,9.3,311.0,-23.152625829641057,rad_pattern_9p3GHz.png
H,9.3,311.5,-23.054499280553138,rad_pattern_9p3GHz.png
H,9.3,312.0,-22.912843986721512,rad_pattern_9p3GHz.png
H,9.3,312.5,-22.796114545696792,rad_pattern_9p3GHz.png
H,9.3,313.0,-22.735578679309683,rad_pattern_9p3GHz.png
H,9.3,313.5,-22.677326332599012,rad_pattern_9p3GHz.png
H,9.3,314.0,-22.638328615741454,rad_pattern_9p3GHz.png
H,9.3,314.5,-22.638328615741454,rad_pattern_9p3GHz.png
H,9.3,315.0,-22.63853665618497,rad_pattern_9p3GHz.png
H,9.3,315.5,-22.658037568878182,rad_pattern_9p3GHz.png
H,9.3,316.0,-22.658560289238366,rad_pattern_9p3GHz.png
H,9.3,316.5,-22.738102872780345,rad_pattern_9p3GHz.png
H,9.3,317.0,-22.755264769198753,rad_pattern_9p3GHz.png
H,9.3,317.5,-22.794417082229877,rad_pattern_9p3GHz.png
H,9.3,318.0,-22.852682096082592,rad_pattern_9p3GHz.png
H,9.3,318.5,-22.86709898047665,rad_pattern_9p3GHz.png
H,9.3,319.0,-22.905093515171927,rad_pattern_9p3GHz.png
H,9.3,319.5,-22.920849028991665,rad_pattern_9p3GHz.png
H,9.3,320.0,-22.92858403619477,rad_pattern_9p3GHz.png
H,9.3,320.5,-22.92858403619477,rad_pattern_9p3GHz.png
H,9.3,321.0,-22.92017099219345,rad_pattern_9p3GHz.png
H,9.3,321.5,-22.92017099219345,rad_pattern_9p3GHz.png
H,9.3,322.0,-22.865386081413217,rad_pattern_9p3GHz.png
H,9.3,322.5,-22.837303742693003,rad_pattern_9p3GHz.png
H,9.3,323.0,-22.808857202605136,rad_pattern_9p3GHz.png
H,9.3,323.5,-22.750621693693578,rad_pattern_9p3GHz.png
H,9.3,324.0,-22.680497065294283,rad_pattern_9p3GHz.png
H,9.3,324.5,-22.586520797734376,rad_pattern_9p3GHz.png
H,9.3,325.0,-22.562956464283804,rad_pattern_9p3GHz.png
H,9.3,325.5,-22.501154684030407,rad_pattern_9p3GHz.png
H,9.3,326.0,-22.40557756169356,rad_pattern_9p3GHz.png
H,9.3,326.5,-22.261267717287158,rad_pattern_9p3GHz.png
H,9.3,327.0,-22.18868893628137,rad_pattern_9p3GHz.png
H,9.3,327.5,-22.067180949762534,rad_pattern_9p3GHz.png
H,9.3,328.0,-21.92043024007506,rad_pattern_9p3GHz.png
H,9.3,328.5,-21.8220599009453,rad_pattern_9p3GHz.png
H,9.3,329.0,-21.673734787447582,rad_pattern_9p3GHz.png
H,9.3,329.5,-21.509841857238037,rad_pattern_9p3GHz.png
H,9.3,330.0,-21.36002839786626,rad_pattern_9p3GHz.png
H,9.3,330.5,-21.209407711012595,rad_pattern_9p3GHz.png
H,9.3,331.0,-21.044023628952807,rad_pattern_9p3GHz.png
H,9.3,331.5,-20.8921181356713,rad_pattern_9p3GHz.png
H,9.3,332.0,-20.75307100888625,rad_pattern_9p3GHz.png
H,9.3,332.5,-20.54827295995806,rad_pattern_9p3GHz.png
H,9.3,333.0,-20.38084785806063,rad_pattern_9p3GHz.png
H,9.3,333.5,-20.264825228756177,rad_pattern_9p3GHz.png
H,9.3,334.0,-20.12217951035797,rad_pattern_9p3GHz.png
H,9.3,334.5,-19.99209582575929,rad_pattern_9p3GHz.png
H,9.3,335.0,-19.79540788054906,rad_pattern_9p3GHz.png
H,9.3,335.5,-19.688223775149478,rad_pattern_9p3GHz.png
H,9.3,336.0,-19.55647999795336,rad_pattern_9p3GHz.png
H,9.3,336.5,-19.462522523120484,rad_pattern_9p3GHz.png
H,9.3,337.0,-19.37948566592873,rad_pattern_9p3GHz.png
H,9.3,337.5,-19.306688174480836,rad_pattern_9p3GHz.png
H,9.3,338.0,-19.23258993053747,rad_pattern_9p3GHz.png
H,9.3,338.5,-19.183981020870466,rad_pattern_9p3GHz.png
H,9.3,339.0,-19.097022332745272,rad_pattern_9p3GHz.png
H,9.3,339.5,-19.08034558133714,rad_pattern_9p3GHz.png
H,9.3,340.0,-19.00225124989415,rad_pattern_9p3GHz.png
H,9.3,340.5,-18.97742563843944,rad_pattern_9p3GHz.png
H,9.3,341.0,-18.94217978494788,rad_pattern_9p3GHz.png
H,9.3,341.5,-18.87944558773471,rad_pattern_9p3GHz.png
H,9.3,342.0,-18.842654773948514,rad_pattern_9p3GHz.png
H,9.3,342.5,-18.822891501509776,rad_pattern_9p3GHz.png
H,9.3,343.0,-18.7848697154944,rad_pattern_9p3GHz.png
H,9.3,343.5,-18.75474704949628,rad_pattern_9p3GHz.png
H,9.3,344.0,-18.72372689534708,rad_pattern_9p3GHz.png
H,9.3,344.5,-18.707439704690305,rad_pattern_9p3GHz.png
H,9.3,345.0,-18.681765057352514,rad_pattern_9p3GHz.png
H,9.3,345.5,-18.65475445678663,rad_pattern_9p3GHz.png
H,9.3,346.0,-18.65475445678663,rad_pattern_9p3GHz.png
H,9.3,346.5,-18.63988280271198,rad_pattern_9p3GHz.png
H,9.3,347.0,-18.628430462087017,rad_pattern_9p3GHz.png
H,9.3,347.5,-18.609640278677897,rad_pattern_9p3GHz.png
H,9.3,348.0,-18.584105728999777,rad_pattern_9p3GHz.png
H,9.3,348.5,-18.55669059889588,rad_pattern_9p3GHz.png
H,9.3,349.0,-18.55669059889588,rad_pattern_9p3GHz.png
H,9.3,349.5,-18.521977511053933,rad_pattern_9p3GHz.png
H,9.3,350.0,-18.434056047245893,rad_pattern_9p3GHz.png
H,9.3,350.5,-18.396421779137267,rad_pattern_9p3GHz.png
H,9.3,351.0,-18.344048093071773,rad_pattern_9p3GHz.png
H,9.3,351.5,-18.247629471088892,rad_pattern_9p3GHz.png
H,9.3,352.0,-18.174356734652395,rad_pattern_9p3GHz.png
H,9.3,352.5,-18.075522485532684,rad_pattern_9p3GHz.png
H,9.3,353.0,-17.97535143572345,rad_pattern_9p3GHz.png
H,9.3,353.5,-17.892733309988923,rad_pattern_9p3GHz.png
H,9.3,354.0,-17.790869118962057,rad_pattern_9p3GHz.png
H,9.3,354.5,-17.63571902890096,rad_pattern_9p3GHz.png
H,9.3,355.0,-17.525800662391237,rad_pattern_9p3GHz.png
H,9.3,355.5,-17.424613323832677,rad_pattern_9p3GHz.png
H,9.3,356.0,-17.366958062614028,rad_pattern_9p3GHz.png
H,9.3,356.5,-17.26491284701869,rad_pattern_9p3GHz.png
H,9.3,357.0,-17.18155554091342,rad_pattern_9p3GHz.png
H,9.3,357.5,-17.04286939790087,rad_pattern_9p3GHz.png
H,9.3,358.0,-16.96086310486847,rad_pattern_9p3GHz.png
H,9.3,358.5,-16.87862179036465,rad_pattern_9p3GHz.png
H,9.3,359.0,-16.7084654435719,rad_pattern_9p3GHz.png
H,9.3,359.5,-16.62222605849868,rad_pattern_9p3GHz.png
H,10.3,0.0,-18.70405263344949,rad_pattern_10p3GHz.png
H,10.3,0.5,-18.617055159052278,rad_pattern_10p3GHz.png
H,10.3,1.0,-18.50053807141781,rad_pattern_10p3GHz.png
H,10.3,1.5,-18.439792142093335,rad_pattern_10p3GHz.png
H,10.3,2.0,-18.320684761740274,rad_pattern_10p3GHz.png
H,10.3,2.5,-18.20184385229334,rad_pattern_10p3GHz.png
H,10.3,3.0,-18.13721172147584,rad_pattern_10p3GHz.png
H,10.3,3.5,-18.043989074826612,rad_pattern_10p3GHz.png
H,10.3,4.0,-17.89417197415158,rad_pattern_10p3GHz.png
H,10.3,4.5,-17.765981921027915,rad_pattern_10p3GHz.png
H,10.3,5.0,-17.643477788972433,rad_pattern_10p3GHz.png
H,10.3,5.5,-17.515126086455364,rad_pattern_10p3GHz.png
H,10.3,6.0,-17.417065388297917,rad_pattern_10p3GHz.png
H,10.3,6.5,-17.31843466836354,rad_pattern_10p3GHz.png
H,10.3,7.0,-17.183076540470175,rad_pattern_10p3GHz.png
H,10.3,7.5,-17.02867502000213,rad_pattern_10p3GHz.png
H,10.3,8.0,-16.927356132752124,rad_pattern_10p3GHz.png
H,10.3,8.5,-16.841111696602507,rad_pattern_10p3GHz.png
H,10.3,9.0,-16.680380510831853,rad_pattern_10p3GHz.png
H,10.3,9.5,-16.623743772570265,rad_pattern_10p3GHz.png
H,10.3,10.0,-16.489948804971053,rad_pattern_10p3GHz.png
H,10.3,10.5,-16.401722322538642,rad_pattern_10p3GHz.png
H,10.3,11.0,-16.300153043906175,rad_pattern_10p3GHz.png
H,10.3,11.5,-16.186909719908428,rad_pattern_10p3GHz.png
H,10.3,12.0,-16.094784393617648,rad_pattern_10p3GHz.png
H,10.3,12.5,-15.963359331714539,rad_pattern_10p3GHz.png
H,10.3,13.0,-15.840715844913436,rad_pattern_10p3GHz.png
H,10.3,13.5,-15.730006890672872,rad_pattern_10p3GHz.png
H,10.3,14.0,-15.611966125661501,rad_pattern_10p3GHz.png
H,10.3,14.5,-15.443128788648856,rad_pattern_10p3GHz.png
H,10.3,15.0,-15.3075911788101,rad_pattern_10p3GHz.png
H,10.3,15.5,-15.16553485056291,rad_pattern_10p3GHz.png
H,10.3,16.0,-14.999312955002775,rad_pattern_10p3GHz.png
H,10.3,16.5,-14.847824895405719,rad_pattern_10p3GHz.png
H,10.3,17.0,-14.678843734536736,rad_pattern_10p3GHz.png
H,10.3,17.5,-14.544399607670567,rad_pattern_10p3GHz.png
H,10.3,18.0,-14.371744300119335,rad_pattern_10p3GHz.png
H,10.3,18.5,-14.217350216587711,rad_pattern_10p3GHz.png
H,10.3,19.0,-14.070377788551312,rad_pattern_10p3GHz.png
H,10.3,19.5,-13.921600916831665,rad_pattern_10p3GHz.png
H,10.3,20.0,-13.791254778449794,rad_pattern_10p3GHz.png
H,10.3,20.5,-13.63304219856592,rad_pattern_10p3GHz.png
H,10.3,21.0,-13.487277255626271,rad_pattern_10p3GHz.png
H,10.3,21.5,-13.338682133021415,rad_pattern_10p3GHz.png
H,10.3,22.0,-13.209862845834788,rad_pattern_10p3GHz.png
H,10.3,22.5,-13.058300886294614,rad_pattern_10p3GHz.png
H,10.3,23.0,-12.926757252109514,rad_pattern_10p3GHz.png
H,10.3,23.5,-12.775021419296323,rad_pattern_10p3GHz.png
H,10.3,24.0,-12.629747862128223,rad_pattern_10p3GHz.png
H,10.3,24.5,-12.470528016609652,rad_pattern_10p3GHz.png
H,10.3,25.0,-12.307038209639448,rad_pattern_10p3GHz.png
H,10.3,25.5,-12.15613869026188,rad_pattern_10p3GHz.png
H,10.3,26.0,-12.002877959177763,rad_pattern_10p3GHz.png
H,10.3,26.5,-11.823180964114986,rad_pattern_10p3GHz.png
H,10.3,27.0,-11.654454305011441,rad_pattern_10p3GHz.png
H,10.3,27.5,-11.510302317397027,rad_pattern_10p3GHz.png
H,10.3,28.0,-11.337908703886661,rad_pattern_10p3GHz.png
H,10.3,28.5,-11.190952093001844,rad_pattern_10p3GHz.png
H,10.3,29.0,-11.031692391728601,rad_pattern_10p3GHz.png
H,10.3,29.5,-10.87958458541054,rad_pattern_10p3GHz.png
H,10.3,30.0,-10.725279172610247,rad_pattern_10p3GHz.png
H,10.3,30.5,-10.587924005078658,rad_pattern_10p3GHz.png
H,10.3,31.0,-10.449848904887592,rad_pattern_10p3GHz.png
H,10.3,31.5,-10.33053114832417,rad_pattern_10p3GHz.png
H,10.3,32.0,-10.187787919933953,rad_pattern_10p3GHz.png
H,10.3,32.5,-10.055105536208657,rad_pattern_10p3GHz.png
H,10.3,33.0,-9.921181225468906,rad_pattern_10p3GHz.png
H,10.3,33.5,-9.794316811718641,rad_pattern_10p3GHz.png
H,10.3,34.0,-9.673429679113017,rad_pattern_10p3GHz.png
H,10.3,34.5,-9.56804104580149,rad_pattern_10p3GHz.png
H,10.3,35.0,-9.436360206973461,rad_pattern_10p3GHz.png
H,10.3,35.5,-9.269384473106317,rad_pattern_10p3GHz.png
H,10.3,36.0,-9.09359087630531,rad_pattern_10p3GHz.png
H,10.3,36.5,-8.950434950956488,rad_pattern_10p3GHz.png
H,10.3,37.0,-8.81207595829958,rad_pattern_10p3GHz.png
H,10.3,37.5,-8.672156151736456,rad_pattern_10p3GHz.png
H,10.3,38.0,-8.535724629727415,rad_pattern_10p3GHz.png
H,10.3,38.5,-8.396978550541107,rad_pattern_10p3GHz.png
H,10.3,39.0,-8.292595887250172,rad_pattern_10p3GHz.png
H,10.3,39.5,-8.10537694771256,rad_pattern_10p3GHz.png
H,10.3,40.0,-7.957448220520877,rad_pattern_10p3GHz.png
H,10.3,40.5,-7.811390267114923,rad_pattern_10p3GHz.png
H,10.3,41.0,-7.6982823049639855,rad_pattern_10p3GHz.png
H,10.3,41.5,-7.513089187072065,rad_pattern_10p3GHz.png
H,10.3,42.0,-7.393029889613736,rad_pattern_10p3GHz.png
H,10.3,42.5,-7.249385766899007,rad_pattern_10p3GHz.png
H,10.3,43.0,-7.128399681517486,rad_pattern_10p3GHz.png
H,10.3,43.5,-6.973839390160208,rad_pattern_10p3GHz.png
H,10.3,44.0,-6.853972289220149,rad_pattern_10p3GHz.png
H,10.3,44.5,-6.734042164392161,rad_pattern_10p3GHz.png
H,10.3,45.0,-6.613146913208336,rad_pattern_10p3GHz.png
H,10.3,45.5,-6.469340572088768,rad_pattern_10p3GHz.png
H,10.3,46.0,-6.324067820491987,rad_pattern_10p3GHz.png
H,10.3,46.5,-6.234929868189685,rad_pattern_10p3GHz.png
H,10.3,47.0,-6.087147179465447,rad_pattern_10p3GHz.png
H,10.3,47.5,-5.9389522521513705,rad_pattern_10p3GHz.png
H,10.3,48.0,-5.846147906228829,rad_pattern_10p3GHz.png
H,10.3,48.5,-5.707722147103137,rad_pattern_10p3GHz.png
H,10.3,49.0,-5.607004567484026,rad_pattern_10p3GHz.png
H,10.3,49.5,-5.462399919219408,rad_pattern_10p3GHz.png
H,10.3,50.0,-5.333225376953823,rad_pattern_10p3GHz.png
H,10.3,50.5,-5.225582339344953,rad_pattern_10p3GHz.png
H,10.3,51.0,-5.087150406424442,rad_pattern_10p3GHz.png
H,10.3,51.5,-4.970165199568282,rad_pattern_10p3GHz.png
H,10.3,52.0,-4.859601265125914,rad_pattern_10p3GHz.png
H,10.3,52.5,-4.734588506508867,rad_pattern_10p3GHz.png
H,10.3,53.0,-4.620404923497542,rad_pattern_10p3GHz.png
H,10.3,53.5,-4.504164880407583,rad_pattern_10p3GHz.png
H,10.3,54.0,-4.385895658524117,rad_pattern_10p3GHz.png
H,10.3,54.5,-4.268852292772962,rad_pattern_10p3GHz.png
H,10.3,55.0,-4.145709624247996,rad_pattern_10p3GHz.png
H,10.3,55.5,-4.0281859964548445,rad_pattern_10p3GHz.png
H,10.3,56.0,-3.924981661592458,rad_pattern_10p3GHz.png
H,10.3,56.5,-3.8130578424065327,rad_pattern_10p3GHz.png
H,10.3,57.0,-3.7067741065048345,rad_pattern_10p3GHz.png
H,10.3,57.5,-3.5854145716759405,rad_pattern_10p3GHz.png
H,10.3,58.0,-3.4896099908031317,rad_pattern_10p3GHz.png
H,10.3,58.5,-3.3898521016315506,rad_pattern_10p3GHz.png
H,10.3,59.0,-3.286156120149233,rad_pattern_10p3GHz.png
H,10.3,59.5,-3.181877712511106,rad_pattern_10p3GHz.png
H,10.3,60.0,-3.0910184938068497,rad_pattern_10p3GHz.png
H,10.3,60.5,-2.9951756209681264,rad_pattern_10p3GHz.png
H,10.3,61.0,-2.9033315475835337,rad_pattern_10p3GHz.png
H,10.3,61.5,-2.795718031079012,rad_pattern_10p3GHz.png
H,10.3,62.0,-2.725302988732203,rad_pattern_10p3GHz.png
H,10.3,62.5,-2.628353856409074,rad_pattern_10p3GHz.png
H,10.3,63.0,-2.527670838943667,rad_pattern_10p3GHz.png
H,10.3,63.5,-2.4506399049314673,rad_pattern_10p3GHz.png
H,10.3,64.0,-2.3716926347014713,rad_pattern_10p3GHz.png
H,10.3,64.5,-2.2895201512568235,rad_pattern_10p3GHz.png
H,10.3,65.0,-2.2044144716609573,rad_pattern_10p3GHz.png
H,10.3,65.5,-2.142545780840326,rad_pattern_10p3GHz.png
H,10.3,66.0,-2.037062968725831,rad_pattern_10p3GHz.png
H,10.3,66.5,-1.9684219318021583,rad_pattern_10p3GHz.png
H,10.3,67.0,-1.8814208204035552,rad_pattern_10p3GHz.png
H,10.3,67.5,-1.8113256260842832,rad_pattern_10p3GHz.png
H,10.3,68.0,-1.7279435777576246,rad_pattern_10p3GHz.png
H,10.3,68.5,-1.6524039083731275,rad_pattern_10p3GHz.png
H,10.3,69.0,-1.576367220826942,rad_pattern_10p3GHz.png
H,10.3,69.5,-1.503968283126568,rad_pattern_10p3GHz.png
H,10.3,70.0,-1.4354068006334373,rad_pattern_10p3GHz.png
H,10.3,70.5,-1.3856032177280717,rad_pattern_10p3GHz.png
H,10.3,71.0,-1.3004708935285976,rad_pattern_10p3GHz.png
H,10.3,71.5,-1.2278421953547998,rad_pattern_10p3GHz.png
H,10.3,72.0,-1.1626699825369897,rad_pattern_10p3GHz.png
H,10.3,72.5,-1.0956048355056573,rad_pattern_10p3GHz.png
H,10.3,73.0,-1.031765338326494,rad_pattern_10p3GHz.png
H,10.3,73.5,-0.9733243047714311,rad_pattern_10p3GHz.png
H,10.3,74.0,-0.9232548576281339,rad_pattern_10p3GHz.png
H,10.3,74.5,-0.8587193269341746,rad_pattern_10p3GHz.png
H,10.3,75.0,-0.7816283529217927,rad_pattern_10p3GHz.png
H,10.3,75.5,-0.7339457220870997,rad_pattern_10p3GHz.png
H,10.3,76.0,-0.6926928225638775,rad_pattern_10p3GHz.png
H,10.3,76.5,-0.6491861814561446,rad_pattern_10p3GHz.png
H,10.3,77.0,-0.602518716191593,rad_pattern_10p3GHz.png
H,10.3,77.5,-0.5403339445203628,rad_pattern_10p3GHz.png
H,10.3,78.0,-0.5084585321285928,rad_pattern_10p3GHz.png
H,10.3,78.5,-0.4721333439017421,rad_pattern_10p3GHz.png
H,10.3,79.0,-0.41993842557145555,rad_pattern_10p3GHz.png
H,10.3,79.5,-0.3950887829929002,rad_pattern_10p3GHz.png
H,10.3,80.0,-0.35382781675660624,rad_pattern_10p3GHz.png
H,10.3,80.5,-0.2997447027765041,rad_pattern_10p3GHz.png
H,10.3,81.0,-0.29396791822781054,rad_pattern_10p3GHz.png
H,10.3,81.5,-0.2430946867704158,rad_pattern_10p3GHz.png
H,10.3,82.0,-0.24004604896266812,rad_pattern_10p3GHz.png
H,10.3,82.5,-0.19148255576379825,rad_pattern_10p3GHz.png
H,10.3,83.0,-0.17668205612832466,rad_pattern_10p3GHz.png
H,10.3,83.5,-0.14710273991081735,rad_pattern_10p3GHz.png
H,10.3,84.0,-0.12821975882247116,rad_pattern_10p3GHz.png
H,10.3,84.5,-0.0926524224702483,rad_pattern_10p3GHz.png
H,10.3,85.0,-0.09032462571552102,rad_pattern_10p3GHz.png
H,10.3,85.5,-0.06055562485798305,rad_pattern_10p3GHz.png
H,10.3,86.0,-0.06055562485798305,rad_pattern_10p3GHz.png
H,10.3,86.5,-0.06055562485798305,rad_pattern_10p3GHz.png
H,10.3,87.0,-0.03725223349275453,rad_pattern_10p3GHz.png
H,10.3,87.5,-0.03725223349275453,rad_pattern_10p3GHz.png
H,10.3,88.0,-0.029923948180098137,rad_pattern_10p3GHz.png
H,10.3,88.5,-0.023016965286878133,rad_pattern_10p3GHz.png
H,10.3,89.0,-0.018764030253290542,rad_pattern_10p3GHz.png
H,10.3,89.5,-0.0011450184857615398,rad_pattern_10p3GHz.png
H,10.3,90.0,0.0,rad_pattern_10p3GHz.png
H,10.3,90.5,-0.0011450184857615398,rad_pattern_10p3GHz.png
H,10.3,91.0,-0.018764030253290542,rad_pattern_10p3GHz.png
H,10.3,91.5,-0.023016965286878133,rad_pattern_10p3GHz.png
H,10.3,92.0,-0.029923948180098137,rad_pattern_10p3GHz.png
H,10.3,92.5,-0.03725223349275453,rad_pattern_10p3GHz.png
H,10.3,93.0,-0.03725223349275453,rad_pattern_10p3GHz.png
H,10.3,93.5,-0.06055562485798305,rad_pattern_10p3GHz.png
H,10.3,94.0,-0.06055562485798305,rad_pattern_10p3GHz.png
H,10.3,94.5,-0.06055562485798305,rad_pattern_10p3GHz.png
H,10.3,95.0,-0.09032462571552102,rad_pattern_10p3GHz.png
H,10.3,95.5,-0.0926524224702483,rad_pattern_10p3GHz.png
H,10.3,96.0,-0.12821975882247116,rad_pattern_10p3GHz.png
H,10.3,96.5,-0.14710273991081735,rad_pattern_10p3GHz.png
H,10.3,97.0,-0.17668205612832466,rad_pattern_10p3GHz.png
H,10.3,97.5,-0.19148255576379825,rad_pattern_10p3GHz.png
H,10.3,98.0,-0.24004604896266812,rad_pattern_10p3GHz.png
H,10.3,98.5,-0.2430946867704158,rad_pattern_10p3GHz.png
H,10.3,99.0,-0.29396791822781054,rad_pattern_10p3GHz.png
H,10.3,99.5,-0.2997447027765041,rad_pattern_10p3GHz.png
H,10.3,100.0,-0.35382781675660624,rad_pattern_10p3GHz.png
H,10.3,100.5,-0.3950887829929002,rad_pattern_10p3GHz.png
H,10.3,101.0,-0.41993842557145555,rad_pattern_10p3GHz.png
H,10.3,101.5,-0.4721333439017421,rad_pattern_10p3GHz.png
H,10.3,102.0,-0.5084585321285928,rad_pattern_10p3GHz.png
H,10.3,102.5,-0.5403339445203628,rad_pattern_10p3GHz.png
H,10.3,103.0,-0.602518716191593,rad_pattern_10p3GHz.png
H,10.3,103.5,-0.6491861814561446,rad_pattern_10p3GHz.png
H,10.3,104.0,-0.6926928225638775,rad_pattern_10p3GHz.png
H,10.3,104.5,-0.7339457220870997,rad_pattern_10p3GHz.png
H,10.3,105.0,-0.7816283529217927,rad_pattern_10p3GHz.png
H,10.3,105.5,-0.8587193269341746,rad_pattern_10p3GHz.png
H,10.3,106.0,-0.9232548576281339,rad_pattern_10p3GHz.png
H,10.3,106.5,-0.9733243047714311,rad_pattern_10p3GHz.png
H,10.3,107.0,-1.031765338326494,rad_pattern_10p3GHz.png
H,10.3,107.5,-1.0956048355056573,rad_pattern_10p3GHz.png
H,10.3,108.0,-1.1626699825369897,rad_pattern_10p3GHz.png
H,10.3,108.5,-1.2278421953547998,rad_pattern_10p3GHz.png
H,10.3,109.0,-1.2996458633451304,rad_pattern_10p3GHz.png
H,10.3,109.5,-1.377701758904454,rad_pattern_10p3GHz.png
H,10.3,110.0,-1.4354068006334373,rad_pattern_10p3GHz.png
H,10.3,110.5,-1.503968283126568,rad_pattern_10p3GHz.png
H,10.3,111.0,-1.576367220826942,rad_pattern_10p3GHz.png
H,10.3,111.5,-1.6524039083731275,rad_pattern_10p3GHz.png
H,10.3,112.0,-1.7279435777576246,rad_pattern_10p3GHz.png
H,10.3,112.5,-1.8113256260842832,rad_pattern_10p3GHz.png
H,10.3,113.0,-1.8814208204035552,rad_pattern_10p3GHz.png
H,10.3,113.5,-1.9684219318021583,rad_pattern_10p3GHz.png
H,10.3,114.0,-2.037062968725831,rad_pattern_10p3GHz.png
H,10.3,114.5,-2.142545780840326,rad_pattern_10p3GHz.png
H,10.3,115.0,-2.2044144716609573,rad_pattern_10p3GHz.png
H,10.3,115.5,-2.2895201512568235,rad_pattern_10p3GHz.png
H,10.3,116.0,-2.3716926347014713,rad_pattern_10p3GHz.png
H,10.3,116.5,-2.4506399049314673,rad_pattern_10p3GHz.png
H,10.3,117.0,-2.527670838943667,rad_pattern_10p3GHz.png
H,10.3,117.5,-2.628353856409074,rad_pattern_10p3GHz.png
H,10.3,118.0,-2.725302988732203,rad_pattern_10p3GHz.png
H,10.3,118.5,-2.795718031079012,rad_pattern_10p3GHz.png
H,10.3,119.0,-2.9033315475835337,rad_pattern_10p3GHz.png
H,10.3,119.5,-2.9951756209681264,rad_pattern_10p3GHz.png
H,10.3,120.0,-3.0910184938068497,rad_pattern_10p3GHz.png
H,10.3,120.5,-3.181877712511106,rad_pattern_10p3GHz.png
H,10.3,121.0,-3.286156120149233,rad_pattern_10p3GHz.png
H,10.3,121.5,-3.3898521016315506,rad_pattern_10p3GHz.png
H,10.3,122.0,-3.4896099908031317,rad_pattern_10p3GHz.png
H,10.3,122.5,-3.5854145716759405,rad_pattern_10p3GHz.png
H,10.3,123.0,-3.7067741065048345,rad_pattern_10p3GHz.png
H,10.3,123.5,-3.8130578424065327,rad_pattern_10p3GHz.png
H,10.3,124.0,-3.924981661592458,rad_pattern_10p3GHz.png
H,10.3,124.5,-4.0281859964548445,rad_pattern_10p3GHz.png
H,10.3,125.0,-4.145709624247996,rad_pattern_10p3GHz.png
H,10.3,125.5,-4.268852292772962,rad_pattern_10p3GHz.png
H,10.3,126.0,-4.385895658524117,rad_pattern_10p3GHz.png
H,10.3,126.5,-4.504164880407583,rad_pattern_10p3GHz.png
H,10.3,127.0,-4.620404923497542,rad_pattern_10p3GHz.png
H,10.3,127.5,-4.734588506508867,rad_pattern_10p3GHz.png
H,10.3,128.0,-4.859601265125914,rad_pattern_10p3GHz.png
H,10.3,128.5,-4.970165199568282,rad_pattern_10p3GHz.png
H,10.3,129.0,-5.087150406424442,rad_pattern_10p3GHz.png
H,10.3,129.5,-5.225582339344953,rad_pattern_10p3GHz.png
H,10.3,130.0,-5.333225376953823,rad_pattern_10p3GHz.png
H,10.3,130.5,-5.462399919219408,rad_pattern_10p3GHz.png
H,10.3,131.0,-5.607004567484026,rad_pattern_10p3GHz.png
H,10.3,131.5,-5.707722147103137,rad_pattern_10p3GHz.png
H,10.3,132.0,-5.846147906228829,rad_pattern_10p3GHz.png
H,10.3,132.5,-5.9389522521513705,rad_pattern_10p3GHz.png
H,10.3,133.0,-6.087147179465447,rad_pattern_10p3GHz.png
H,10.3,133.5,-6.234929868189685,rad_pattern_10p3GHz.png
H,10.3,134.0,-6.324067820491987,rad_pattern_10p3GHz.png
H,10.3,134.5,-6.469340572088768,rad_pattern_10p3GHz.png
H,10.3,135.0,-6.613146913208336,rad_pattern_10p3GHz.png
H,10.3,135.5,-6.734042164392161,rad_pattern_10p3GHz.png
H,10.3,136.0,-6.853972289220149,rad_pattern_10p3GHz.png
H,10.3,136.5,-6.973839390160208,rad_pattern_10p3GHz.png
H,10.3,137.0,-7.128399681517486,rad_pattern_10p3GHz.png
H,10.3,137.5,-7.249385766899007,rad_pattern_10p3GHz.png
H,10.3,138.0,-7.393029889613736,rad_pattern_10p3GHz.png
H,10.3,138.5,-7.513089187072065,rad_pattern_10p3GHz.png
H,10.3,139.0,-7.6982823049639855,rad_pattern_10p3GHz.png
H,10.3,139.5,-7.811390267114923,rad_pattern_10p3GHz.png
H,10.3,140.0,-7.957448220520877,rad_pattern_10p3GHz.png
H,10.3,140.5,-8.10537694771256,rad_pattern_10p3GHz.png
H,10.3,141.0,-8.292595887250172,rad_pattern_10p3GHz.png
H,10.3,141.5,-8.39243934646667,rad_pattern_10p3GHz.png
H,10.3,142.0,-8.535724629727415,rad_pattern_10p3GHz.png
H,10.3,142.5,-8.672156151736456,rad_pattern_10p3GHz.png
H,10.3,143.0,-8.81207595829958,rad_pattern_10p3GHz.png
H,10.3,143.5,-8.950434950956488,rad_pattern_10p3GHz.png
H,10.3,144.0,-9.09359087630531,rad_pattern_10p3GHz.png
H,10.3,144.5,-9.249051558275642,rad_pattern_10p3GHz.png
H,10.3,145.0,-9.436360206973461,rad_pattern_10p3GHz.png
H,10.3,145.5,-9.56804104580149,rad_pattern_10p3GHz.png
H,10.3,146.0,-9.673429679113017,rad_pattern_10p3GHz.png
H,10.3,146.5,-9.794316811718641,rad_pattern_10p3GHz.png
H,10.3,147.0,-9.921181225468906,rad_pattern_10p3GHz.png
H,10.3,147.5,-10.055105536208657,rad_pattern_10p3GHz.png
H,10.3,148.0,-10.187787919933953,rad_pattern_10p3GHz.png
H,10.3,148.5,-10.33053114832417,rad_pattern_10p3GHz.png
H,10.3,149.0,-10.449848904887592,rad_pattern_10p3GHz.png
H,10.3,149.5,-10.587924005078658,rad_pattern_10p3GHz.png
H,10.3,150.0,-10.725279172610247,rad_pattern_10p3GHz.png
H,10.3,150.5,-10.87958458541054,rad_pattern_10p3GHz.png
H,10.3,151.0,-11.031692391728601,rad_pattern_10p3GHz.png
H,10.3,151.5,-11.190952093001844,rad_pattern_10p3GHz.png
H,10.3,152.0,-11.337908703886661,rad_pattern_10p3GHz.png
H,10.3,152.5,-11.510302317397027,rad_pattern_10p3GHz.png
H,10.3,153.0,-11.654454305011441,rad_pattern_10p3GHz.png
H,10.3,153.5,-11.823180964114986,rad_pattern_10p3GHz.png
H,10.3,154.0,-12.002877959177763,rad_pattern_10p3GHz.png
H,10.3,154.5,-12.15613869026188,rad_pattern_10p3GHz.png
H,10.3,155.0,-12.307038209639448,rad_pattern_10p3GHz.png
H,10.3,155.5,-12.470528016609652,rad_pattern_10p3GHz.png
H,10.3,156.0,-12.629747862128223,rad_pattern_10p3GHz.png
H,10.3,156.5,-12.775021419296323,rad_pattern_10p3GHz.png
H,10.3,157.0,-12.926757252109514,rad_pattern_10p3GHz.png
H,10.3,157.5,-13.047246875897766,rad_pattern_10p3GHz.png
H,10.3,158.0,-13.209862845834788,rad_pattern_10p3GHz.png
H,10.3,158.5,-13.338682133021415,rad_pattern_10p3GHz.png
H,10.3,159.0,-13.487277255626271,rad_pattern_10p3GHz.png
H,10.3,159.5,-13.63304219856592,rad_pattern_10p3GHz.png
H,10.3,160.0,-13.791254778449794,rad_pattern_10p3GHz.png
H,10.3,160.5,-13.921600916831665,rad_pattern_10p3GHz.png
H,10.3,161.0,-14.070377788551312,rad_pattern_10p3GHz.png
H,10.3,161.5,-14.217350216587711,rad_pattern_10p3GHz.png
H,10.3,162.0,-14.371744300119335,rad_pattern_10p3GHz.png
H,10.3,162.5,-14.544399607670567,rad_pattern_10p3GHz.png
H,10.3,163.0,-14.678843734536736,rad_pattern_10p3GHz.png
H,10.3,163.5,-14.847824895405719,rad_pattern_10p3GHz.png
H,10.3,164.0,-14.999312955002775,rad_pattern_10p3GHz.png
H,10.3,164.5,-15.15782867172376,rad_pattern_10p3GHz.png
H,10.3,165.0,-15.3075911788101,rad_pattern_10p3GHz.png
H,10.3,165.5,-15.443128788648856,rad_pattern_10p3GHz.png
H,10.3,166.0,-15.597885625449132,rad_pattern_10p3GHz.png
H,10.3,166.5,-15.72335178885977,rad_pattern_10p3GHz.png
H,10.3,167.0,-15.840715844913436,rad_pattern_10p3GHz.png
H,10.3,167.5,-15.963359331714539,rad_pattern_10p3GHz.png
H,10.3,168.0,-16.094784393617648,rad_pattern_10p3GHz.png
H,10.3,168.5,-16.186909719908428,rad_pattern_10p3GHz.png
H,10.3,169.0,-16.300153043906175,rad_pattern_10p3GHz.png
H,10.3,169.5,-16.401722322538642,rad_pattern_10p3GHz.png
H,10.3,170.0,-16.489948804971053,rad_pattern_10p3GHz.png
H,10.3,170.5,-16.64279132154787,rad_pattern_10p3GHz.png
H,10.3,171.0,-16.792500130925877,rad_pattern_10p3GHz.png
H,10.3,171.5,-16.792500130925877,rad_pattern_10p3GHz.png
H,10.3,172.0,-16.310160187231613,rad_pattern_10p3GHz.png
H,10.3,172.5,-16.014179389768685,rad_pattern_10p3GHz.png
H,10.3,173.0,-16.014179389768685,rad_pattern_10p3GHz.png
H,10.3,173.5,-17.315118867390286,rad_pattern_10p3GHz.png
H,10.3,174.0,-17.417065388297917,rad_pattern_10p3GHz.png
H,10.3,174.5,-17.515126086455364,rad_pattern_10p3GHz.png
H,10.3,175.0,-17.643477788972433,rad_pattern_10p3GHz.png
H,10.3,175.5,-17.765981921027915,rad_pattern_10p3GHz.png
H,10.3,176.0,-17.89417197415158,rad_pattern_10p3GHz.png
H,10.3,176.5,-18.043989074826612,rad_pattern_10p3GHz.png
H,10.3,177.0,-18.13721172147584,rad_pattern_10p3GHz.png
H,10.3,177.5,-18.20184385229334,rad_pattern_10p3GHz.png
H,10.3,178.0,-18.320684761740274,rad_pattern_10p3GHz.png
H,10.3,178.5,-18.439792142093335,rad_pattern_10p3GHz.png
H,10.3,179.0,-18.50053807141781,rad_pattern_10p3GHz.png
H,10.3,179.5,-18.617055159052278,rad_pattern_10p3GHz.png
H,10.3,180.0,-18.70405263344949,rad_pattern_10p3GHz.png
H,10.3,180.5,-18.79049183382647,rad_pattern_10p3GHz.png
H,10.3,181.0,-18.93359719431926,rad_pattern_10p3GHz.png
H,10.3,181.5,-19.07472393537223,rad_pattern_10p3GHz.png
H,10.3,182.0,-19.130629191600402,rad_pattern_10p3GHz.png
H,10.3,182.5,-19.300508350278253,rad_pattern_10p3GHz.png
H,10.3,183.0,-19.410385884073587,rad_pattern_10p3GHz.png
H,10.3,183.5,-19.58025552625848,rad_pattern_10p3GHz.png
H,10.3,184.0,-19.688062396738996,rad_pattern_10p3GHz.png
H,10.3,184.5,-19.885543783290597,rad_pattern_10p3GHz.png
H,10.3,185.0,-19.962326492747753,rad_pattern_10p3GHz.png
H,10.3,185.5,-20.12690113128338,rad_pattern_10p3GHz.png
H,10.3,186.0,-20.29948204861598,rad_pattern_10p3GHz.png
H,10.3,186.5,-20.395474301968274,rad_pattern_10p3GHz.png
H,10.3,187.0,-20.503213383216757,rad_pattern_10p3GHz.png
H,10.3,187.5,-20.667748945322742,rad_pattern_10p3GHz.png
H,10.3,188.0,-20.774399299477626,rad_pattern_10p3GHz.png
H,10.3,188.5,-20.909092846142688,rad_pattern_10p3GHz.png
H,10.3,189.0,-20.981476126366854,rad_pattern_10p3GHz.png
H,10.3,189.5,-21.114701818998075,rad_pattern_10p3GHz.png
H,10.3,190.0,-21.242217143963774,rad_pattern_10p3GHz.png
H,10.3,190.5,-21.379090063286274,rad_pattern_10p3GHz.png
H,10.3,191.0,-21.48180979985671,rad_pattern_10p3GHz.png
H,10.3,191.5,-21.612190062654857,rad_pattern_10p3GHz.png
H,10.3,192.0,-21.747821258444368,rad_pattern_10p3GHz.png
H,10.3,192.5,-21.90502059991206,rad_pattern_10p3GHz.png
H,10.3,193.0,-22.039550191857455,rad_pattern_10p3GHz.png
H,10.3,193.5,-22.229976607608382,rad_pattern_10p3GHz.png
H,10.3,194.0,-22.30050527115471,rad_pattern_10p3GHz.png
H,10.3,194.5,-22.489428063997348,rad_pattern_10p3GHz.png
H,10.3,195.0,-22.593979512320473,rad_pattern_10p3GHz.png
H,10.3,195.5,-22.73355014077316,rad_pattern_10p3GHz.png
H,10.3,196.0,-22.82151815692039,rad_pattern_10p3GHz.png
H,10.3,196.5,-22.896755336928212,rad_pattern_10p3GHz.png
H,10.3,197.0,-23.03529496666891,rad_pattern_10p3GHz.png
H,10.3,197.5,-23.12888069992208,rad_pattern_10p3GHz.png
H,10.3,198.0,-23.166419066825735,rad_pattern_10p3GHz.png
H,10.3,198.5,-23.175827457953506,rad_pattern_10p3GHz.png
H,10.3,199.0,-23.193014148939454,rad_pattern_10p3GHz.png
H,10.3,199.5,-23.193014148939454,rad_pattern_10p3GHz.png
H,10.3,200.0,-23.12666534732257,rad_pattern_10p3GHz.png
H,10.3,200.5,-23.0523845765692,rad_pattern_10p3GHz.png
H,10.3,201.0,-23.011259030365427,rad_pattern_10p3GHz.png
H,10.3,201.5,-22.963242075869946,rad_pattern_10p3GHz.png
H,10.3,202.0,-22.877293440385913,rad_pattern_10p3GHz.png
H,10.3,202.5,-22.79106855366592,rad_pattern_10p3GHz.png
H,10.3,203.0,-22.730926893979003,rad_pattern_10p3GHz.png
H,10.3,203.5,-22.632202123145913,rad_pattern_10p3GHz.png
H,10.3,204.0,-22.532621465683075,rad_pattern_10p3GHz.png
H,10.3,204.5,-22.44428455132766,rad_pattern_10p3GHz.png
H,10.3,205.0,-22.317133104350887,rad_pattern_10p3GHz.png
H,10.3,205.5,-22.26643578553837,rad_pattern_10p3GHz.png
H,10.3,206.0,-22.21647834334294,rad_pattern_10p3GHz.png
H,10.3,206.5,-22.08763822752495,rad_pattern_10p3GHz.png
H,10.3,207.0,-22.00988009902557,rad_pattern_10p3GHz.png
H,10.3,207.5,-21.970138693515953,rad_pattern_10p3GHz.png
H,10.3,208.0,-21.888701881526977,rad_pattern_10p3GHz.png
H,10.3,208.5,-21.888701881526977,rad_pattern_10p3GHz.png
H,10.3,209.0,-21.897543591194886,rad_pattern_10p3GHz.png
H,10.3,209.5,-21.919475434819816,rad_pattern_10p3GHz.png
H,10.3,210.0,-21.9696483128772,rad_pattern_10p3GHz.png
H,10.3,210.5,-21.975904659310928,rad_pattern_10p3GHz.png
H,10.3,211.0,-22.060385634220008,rad_pattern_10p3GHz.png
H,10.3,211.5,-22.134488403046465,rad_pattern_10p3GHz.png
H,10.3,212.0,-22.22676282208575,rad_pattern_10p3GHz.png
H,10.3,212.5,-22.404162423423276,rad_pattern_10p3GHz.png
H,10.3,213.0,-22.477089858782143,rad_pattern_10p3GHz.png
H,10.3,213.5,-22.622154056510563,rad_pattern_10p3GHz.png
H,10.3,214.0,-22.75834296040255,rad_pattern_10p3GHz.png
H,10.3,214.5,-22.870311679912977,rad_pattern_10p3GHz.png
H,10.3,215.0,-23.036644792712643,rad_pattern_10p3GHz.png
H,10.3,215.5,-23.154404180026365,rad_pattern_10p3GHz.png
H,10.3,216.0,-23.32872343021769,rad_pattern_10p3GHz.png
H,10.3,216.5,-23.42171705523054,rad_pattern_10p3GHz.png
H,10.3,217.0,-23.54892606071577,rad_pattern_10p3GHz.png
H,10.3,217.5,-23.70444857178615,rad_pattern_10p3GHz.png
H,10.3,218.0,-23.83632163714072,rad_pattern_10p3GHz.png
H,10.3,218.5,-23.904348752019654,rad_pattern_10p3GHz.png
H,10.3,219.0,-23.994345806760517,rad_pattern_10p3GHz.png
H,10.3,219.5,-24.14269859418373,rad_pattern_10p3GHz.png
H,10.3,220.0,-24.209297338709103,rad_pattern_10p3GHz.png
H,10.3,220.5,-24.334910122546148,rad_pattern_10p3GHz.png
H,10.3,221.0,-24.3788428636217,rad_pattern_10p3GHz.png
H,10.3,221.5,-24.530765568741504,rad_pattern_10p3GHz.png
H,10.3,222.0,-24.56925974232852,rad_pattern_10p3GHz.png
H,10.3,222.5,-24.717540976935023,rad_pattern_10p3GHz.png
H,10.3,223.0,-24.717540976935023,rad_pattern_10p3GHz.png
H,10.3,223.5,-24.740358078777334,rad_pattern_10p3GHz.png
H,10.3,224.0,-24.84521910386241,rad_pattern_10p3GHz.png
H,10.3,224.5,-24.88696003481969,rad_pattern_10p3GHz.png
H,10.3,225.0,-24.90725473273937,rad_pattern_10p3GHz.png
H,10.3,225.5,-24.88696003481969,rad_pattern_10p3GHz.png
H,10.3,226.0,-24.845219059731416,rad_pattern_10p3GHz.png
H,10.3,226.5,-24.74162567775858,rad_pattern_10p3GHz.png
H,10.3,227.0,-24.720629608242266,rad_pattern_10p3GHz.png
H,10.3,227.5,-24.717541256476796,rad_pattern_10p3GHz.png
H,10.3,228.0,-24.569251501280473,rad_pattern_10p3GHz.png
H,10.3,228.5,-24.55008090679307,rad_pattern_10p3GHz.png
H,10.3,229.0,-24.42254895738622,rad_pattern_10p3GHz.png
H,10.3,229.5,-24.39763260167067,rad_pattern_10p3GHz.png
H,10.3,230.0,-24.264787547351137,rad_pattern_10p3GHz.png
H,10.3,230.5,-24.250027647293468,rad_pattern_10p3GHz.png
H,10.3,231.0,-24.197670296271305,rad_pattern_10p3GHz.png
H,10.3,231.5,-24.170646305598268,rad_pattern_10p3GHz.png
H,10.3,232.0,-24.09750974684337,rad_pattern_10p3GHz.png
H,10.3,232.5,-24.09750974684337,rad_pattern_10p3GHz.png
H,10.3,233.0,-24.097932236620867,rad_pattern_10p3GHz.png
H,10.3,233.5,-24.132088223660265,rad_pattern_10p3GHz.png
H,10.3,234.0,-24.132088223660265,rad_pattern_10p3GHz.png
H,10.3,234.5,-24.20621658100426,rad_pattern_10p3GHz.png
H,10.3,235.0,-24.25627672294197,rad_pattern_10p3GHz.png
H,10.3,235.5,-24.353155505936865,rad_pattern_10p3GHz.png
H,10.3,236.0,-24.42593935234697,rad_pattern_10p3GHz.png
H,10.3,236.5,-24.51414930781704,rad_pattern_10p3GHz.png
H,10.3,237.0,-24.609909181531204,rad_pattern_10p3GHz.png
H,10.3,237.5,-24.68107339631568,rad_pattern_10p3GHz.png
H,10.3,238.0,-24.86504460964416,rad_pattern_10p3GHz.png
H,10.3,238.5,-25.0149083932023,rad_pattern_10p3GHz.png
H,10.3,239.0,-25.109265162372647,rad_pattern_10p3GHz.png
H,10.3,239.5,-25.332250171317273,rad_pattern_10p3GHz.png
H,10.3,240.0,-25.450954875341832,rad_pattern_10p3GHz.png
H,10.3,240.5,-25.63739143125506,rad_pattern_10p3GHz.png
H,10.3,241.0,-25.805852413934222,rad_pattern_10p3GHz.png
H,10.3,241.5,-25.898344449115374,rad_pattern_10p3GHz.png
H,10.3,242.0,-25.990355660690778,rad_pattern_10p3GHz.png
H,10.3,242.5,-26.314699748527644,rad_pattern_10p3GHz.png
H,10.3,243.0,-26.353596881294422,rad_pattern_10p3GHz.png
H,10.3,243.5,-26.44424316687076,rad_pattern_10p3GHz.png
H,10.3,244.0,-26.676895292246535,rad_pattern_10p3GHz.png
H,10.3,244.5,-26.986652908457422,rad_pattern_10p3GHz.png
H,10.3,245.0,-27.10209019713962,rad_pattern_10p3GHz.png
H,10.3,245.5,-27.307944489176087,rad_pattern_10p3GHz.png
H,10.3,246.0,-27.501707131617632,rad_pattern_10p3GHz.png
H,10.3,246.5,-27.771669191695572,rad_pattern_10p3GHz.png
H,10.3,247.0,-27.91208549935868,rad_pattern_10p3GHz.png
H,10.3,247.5,-27.91208549935868,rad_pattern_10p3GHz.png
H,10.3,248.0,-28.041069328468406,rad_pattern_10p3GHz.png
H,10.3,248.5,-28.15403551441354,rad_pattern_10p3GHz.png
H,10.3,249.0,-28.20178164411446,rad_pattern_10p3GHz.png
H,10.3,249.5,-28.255830450902554,rad_pattern_10p3GHz.png
H,10.3,250.0,-28.303170315333794,rad_pattern_10p3GHz.png
H,10.3,250.5,-28.587076645445915,rad_pattern_10p3GHz.png
H,10.3,251.0,-28.587076645445915,rad_pattern_10p3GHz.png
H,10.3,251.5,-28.51418747839517,rad_pattern_10p3GHz.png
H,10.3,252.0,-28.51418747839517,rad_pattern_10p3GHz.png
H,10.3,252.5,-28.669495611144,rad_pattern_10p3GHz.png
H,10.3,253.0,-28.705715619458452,rad_pattern_10p3GHz.png
H,10.3,253.5,-28.83310806571221,rad_pattern_10p3GHz.png
H,10.3,254.0,-28.98803107991752,rad_pattern_10p3GHz.png
H,10.3,254.5,-28.995746628196162,rad_pattern_10p3GHz.png
H,10.3,255.0,-28.995746628196162,rad_pattern_10p3GHz.png
H,10.3,255.5,-28.995746628196162,rad_pattern_10p3GHz.png
H,10.3,256.0,-29.185210818339595,rad_pattern_10p3GHz.png
H,10.3,256.5,-29.24809981782037,rad_pattern_10p3GHz.png
H,10.3,257.0,-29.24809981782037,rad_pattern_10p3GHz.png
H,10.3,257.5,-29.33905374841882,rad_pattern_10p3GHz.png
H,10.3,258.0,-29.520756655497266,rad_pattern_10p3GHz.png
H,10.3,258.5,-29.611461620666145,rad_pattern_10p3GHz.png
H,10.3,259.0,-29.520756655497266,rad_pattern_10p3GHz.png
H,10.3,259.5,-29.497752081610408,rad_pattern_10p3GHz.png
H,10.3,260.0,-29.497752081610408,rad_pattern_10p3GHz.png
H,10.3,260.5,-29.559528467745096,rad_pattern_10p3GHz.png
H,10.3,261.0,-29.67819509381969,rad_pattern_10p3GHz.png
H,10.3,261.5,-29.67819509381969,rad_pattern_10p3GHz.png
H,10.3,262.0,-29.796716821084154,rad_pattern_10p3GHz.png
H,10.3,262.5,-29.796716821084154,rad_pattern_10p3GHz.png
H,10.3,263.0,-29.796716821084154,rad_pattern_10p3GHz.png
H,10.3,263.5,-29.828821703622587,rad_pattern_10p3GHz.png
H,10.3,264.0,-29.828821703622587,rad_pattern_10p3GHz.png
H,10.3,264.5,-29.77129597022683,rad_pattern_10p3GHz.png
H,10.3,265.0,-29.656146039317495,rad_pattern_10p3GHz.png
H,10.3,265.5,-29.656146039317495,rad_pattern_10p3GHz.png
H,10.3,266.0,-29.917766661393312,rad_pattern_10p3GHz.png
H,10.3,266.5,-30.12160785389828,rad_pattern_10p3GHz.png
H,10.3,267.0,-30.12160785389828,rad_pattern_10p3GHz.png
H,10.3,267.5,-29.97723339570805,rad_pattern_10p3GHz.png
H,10.3,268.0,-29.832801744123678,rad_pattern_10p3GHz.png
H,10.3,268.5,-29.746128155939722,rad_pattern_10p3GHz.png
H,10.3,269.0,-29.746128155939722,rad_pattern_10p3GHz.png
H,10.3,269.5,-29.746128155939722,rad_pattern_10p3GHz.png
H,10.3,270.0,-29.746128155939722,rad_pattern_10p3GHz.png
H,10.3,270.5,-29.746128155939722,rad_pattern_10p3GHz.png
H,10.3,271.0,-29.746128155939722,rad_pattern_10p3GHz.png
H,10.3,271.5,-29.746128155939722,rad_pattern_10p3GHz.png
H,10.3,272.0,-29.832801744123678,rad_pattern_10p3GHz.png
H,10.3,272.5,-29.97723339570805,rad_pattern_10p3GHz.png
H,10.3,273.0,-30.12160785389828,rad_pattern_10p3GHz.png
H,10.3,273.5,-30.12160785389828,rad_pattern_10p3GHz.png
H,10.3,274.0,-29.917766661393312,rad_pattern_10p3GHz.png
H,10.3,274.5,-29.656146039317495,rad_pattern_10p3GHz.png
H,10.3,275.0,-29.656146039317495,rad_pattern_10p3GHz.png
H,10.3,275.5,-29.77129597022683,rad_pattern_10p3GHz.png
H,10.3,276.0,-29.828821703622587,rad_pattern_10p3GHz.png
H,10.3,276.5,-29.828821703622587,rad_pattern_10p3GHz.png
H,10.3,277.0,-29.796716821084154,rad_pattern_10p3GHz.png
H,10.3,277.5,-29.796716821084154,rad_pattern_10p3GHz.png
H,10.3,278.0,-29.796716821084154,rad_pattern_10p3GHz.png
H,10.3,278.5,-29.67819509381969,rad_pattern_10p3GHz.png
H,10.3,279.0,-29.67819509381969,rad_pattern_10p3GHz.png
H,10.3,279.5,-29.559528467745096,rad_pattern_10p3GHz.png
H,10.3,280.0,-29.497752081610408,rad_pattern_10p3GHz.png
H,10.3,280.5,-29.497752081610408,rad_pattern_10p3GHz.png
H,10.3,281.0,-29.520756655497266,rad_pattern_10p3GHz.png
H,10.3,281.5,-29.611461620666145,rad_pattern_10p3GHz.png
H,10.3,282.0,-29.520756655497266,rad_pattern_10p3GHz.png
H,10.3,282.5,-29.33905374841882,rad_pattern_10p3GHz.png
H,10.3,283.0,-29.24809981782037,rad_pattern_10p3GHz.png
H,10.3,283.5,-29.24809981782037,rad_pattern_10p3GHz.png
H,10.3,284.0,-29.185210818339595,rad_pattern_10p3GHz.png
H,10.3,284.5,-28.995746628196162,rad_pattern_10p3GHz.png
H,10.3,285.0,-28.995746628196162,rad_pattern_10p3GHz.png
H,10.3,285.5,-28.995746628196162,rad_pattern_10p3GHz.png
H,10.3,286.0,-28.98803107991752,rad_pattern_10p3GHz.png
H,10.3,286.5,-28.83310806571221,rad_pattern_10p3GHz.png
H,10.3,287.0,-28.705715619458452,rad_pattern_10p3GHz.png
H,10.3,287.5,-28.669495611144,rad_pattern_10p3GHz.png
H,10.3,288.0,-28.51418747839517,rad_pattern_10p3GHz.png
H,10.3,288.5,-28.51418747839517,rad_pattern_10p3GHz.png
H,10.3,289.0,-28.587076645445915,rad_pattern_10p3GHz.png
H,10.3,289.5,-28.587076645445915,rad_pattern_10p3GHz.png
H,10.3,290.0,-28.303170315333794,rad_pattern_10p3GHz.png
H,10.3,290.5,-28.255830450902554,rad_pattern_10p3GHz.png
H,10.3,291.0,-28.20178164411446,rad_pattern_10p3GHz.png
H,10.3,291.5,-28.15403551441354,rad_pattern_10p3GHz.png
H,10.3,292.0,-28.041069328468406,rad_pattern_10p3GHz.png
H,10.3,292.5,-27.91208549935868,rad_pattern_10p3GHz.png
H,10.3,293.0,-27.91208549935868,rad_pattern_10p3GHz.png
H,10.3,293.5,-27.771669191695572,rad_pattern_10p3GHz.png
H,10.3,294.0,-27.501707131617632,rad_pattern_10p3GHz.png
H,10.3,294.5,-27.307944489176087,rad_pattern_10p3GHz.png
H,10.3,295.0,-27.10209019713962,rad_pattern_10p3GHz.png
H,10.3,295.5,-26.986652908457422,rad_pattern_10p3GHz.png
H,10.3,296.0,-26.676895292246535,rad_pattern_10p3GHz.png
H,10.3,296.5,-26.44424316687076,rad_pattern_10p3GHz.png
H,10.3,297.0,-26.353596881294422,rad_pattern_10p3GHz.png
H,10.3,297.5,-26.314699748527644,rad_pattern_10p3GHz.png
H,10.3,298.0,-25.990355660690778,rad_pattern_10p3GHz.png
H,10.3,298.5,-25.872960579897736,rad_pattern_10p3GHz.png
H,10.3,299.0,-25.766525450350446,rad_pattern_10p3GHz.png
H,10.3,299.5,-25.63739143125506,rad_pattern_10p3GHz.png
H,10.3,300.0,-25.450954875341832,rad_pattern_10p3GHz.png
H,10.3,300.5,-25.332250171317273,rad_pattern_10p3GHz.png
H,10.3,301.0,-25.109265162372647,rad_pattern_10p3GHz.png
H,10.3,301.5,-25.0149083932023,rad_pattern_10p3GHz.png
H,10.3,302.0,-24.86504460964416,rad_pattern_10p3GHz.png
H,10.3,302.5,-24.68107339631568,rad_pattern_10p3GHz.png
H,10.3,303.0,-24.609909181531204,rad_pattern_10p3GHz.png
H,10.3,303.5,-24.51414930781704,rad_pattern_10p3GHz.png
H,10.3,304.0,-24.42593935234697,rad_pattern_10p3GHz.png
H,10.3,304.5,-24.353155505936865,rad_pattern_10p3GHz.png
H,10.3,305.0,-24.25627672294197,rad_pattern_10p3GHz.png
H,10.3,305.5,-24.20621658100426,rad_pattern_10p3GHz.png
H,10.3,306.0,-24.132088223660265,rad_pattern_10p3GHz.png
H,10.3,306.5,-24.132088223660265,rad_pattern_10p3GHz.png
H,10.3,307.0,-24.097932236620867,rad_pattern_10p3GHz.png
H,10.3,307.5,-24.09750974684337,rad_pattern_10p3GHz.png
H,10.3,308.0,-24.09750974684337,rad_pattern_10p3GHz.png
H,10.3,308.5,-24.170646305598268,rad_pattern_10p3GHz.png
H,10.3,309.0,-24.197670296271305,rad_pattern_10p3GHz.png
H,10.3,309.5,-24.250027647293468,rad_pattern_10p3GHz.png
H,10.3,310.0,-24.264787547351137,rad_pattern_10p3GHz.png
H,10.3,310.5,-24.39763260167067,rad_pattern_10p3GHz.png
H,10.3,311.0,-24.42254895738622,rad_pattern_10p3GHz.png
H,10.3,311.5,-24.55008090679307,rad_pattern_10p3GHz.png
H,10.3,312.0,-24.569251501280473,rad_pattern_10p3GHz.png
H,10.3,312.5,-24.717541256476796,rad_pattern_10p3GHz.png
H,10.3,313.0,-24.720629608242266,rad_pattern_10p3GHz.png
H,10.3,313.5,-24.74162567775858,rad_pattern_10p3GHz.png
H,10.3,314.0,-24.845219059731416,rad_pattern_10p3GHz.png
H,10.3,314.5,-24.88696003481969,rad_pattern_10p3GHz.png
H,10.3,315.0,-24.90725473273937,rad_pattern_10p3GHz.png
H,10.3,315.5,-24.88696003481969,rad_pattern_10p3GHz.png
H,10.3,316.0,-24.84521910386241,rad_pattern_10p3GHz.png
H,10.3,316.5,-24.740358078777334,rad_pattern_10p3GHz.png
H,10.3,317.0,-24.717540976935023,rad_pattern_10p3GHz.png
H,10.3,317.5,-24.717540976935023,rad_pattern_10p3GHz.png
H,10.3,318.0,-24.56925974232852,rad_pattern_10p3GHz.png
H,10.3,318.5,-24.530765568741504,rad_pattern_10p3GHz.png
H,10.3,319.0,-24.3788428636217,rad_pattern_10p3GHz.png
H,10.3,319.5,-24.334910122546148,rad_pattern_10p3GHz.png
H,10.3,320.0,-24.209297338709103,rad_pattern_10p3GHz.png
H,10.3,320.5,-24.14269859418373,rad_pattern_10p3GHz.png
H,10.3,321.0,-23.994345806760517,rad_pattern_10p3GHz.png
H,10.3,321.5,-23.904348752019654,rad_pattern_10p3GHz.png
H,10.3,322.0,-23.83632163714072,rad_pattern_10p3GHz.png
H,10.3,322.5,-23.70444857178615,rad_pattern_10p3GHz.png
H,10.3,323.0,-23.54892606071577,rad_pattern_10p3GHz.png
H,10.3,323.5,-23.42171705523054,rad_pattern_10p3GHz.png
H,10.3,324.0,-23.32872343021769,rad_pattern_10p3GHz.png
H,10.3,324.5,-23.154404180026365,rad_pattern_10p3GHz.png
H,10.3,325.0,-23.036644792712643,rad_pattern_10p3GHz.png
H,10.3,325.5,-22.870311679912977,rad_pattern_10p3GHz.png
H,10.3,326.0,-22.75834296040255,rad_pattern_10p3GHz.png
H,10.3,326.5,-22.622154056510563,rad_pattern_10p3GHz.png
H,10.3,327.0,-22.477089858782143,rad_pattern_10p3GHz.png
H,10.3,327.5,-22.404162423423276,rad_pattern_10p3GHz.png
H,10.3,328.0,-22.22676282208575,rad_pattern_10p3GHz.png
H,10.3,328.5,-22.134488403046465,rad_pattern_10p3GHz.png
H,10.3,329.0,-22.060385634220008,rad_pattern_10p3GHz.png
H,10.3,329.5,-21.975904659310928,rad_pattern_10p3GHz.png
H,10.3,330.0,-21.9696483128772,rad_pattern_10p3GHz.png
H,10.3,330.5,-21.919475434819816,rad_pattern_10p3GHz.png
H,10.3,331.0,-21.897543591194886,rad_pattern_10p3GHz.png
H,10.3,331.5,-21.888701881526977,rad_pattern_10p3GHz.png
H,10.3,332.0,-21.888701881526977,rad_pattern_10p3GHz.png
H,10.3,332.5,-21.970138693515953,rad_pattern_10p3GHz.png
H,10.3,333.0,-22.00988009902557,rad_pattern_10p3GHz.png
H,10.3,333.5,-22.08763822752495,rad_pattern_10p3GHz.png
H,10.3,334.0,-22.21647834334294,rad_pattern_10p3GHz.png
H,10.3,334.5,-22.26643578553837,rad_pattern_10p3GHz.png
H,10.3,335.0,-22.317133104350887,rad_pattern_10p3GHz.png
H,10.3,335.5,-22.44428455132766,rad_pattern_10p3GHz.png
H,10.3,336.0,-22.532621465683075,rad_pattern_10p3GHz.png
H,10.3,336.5,-22.632202123145913,rad_pattern_10p3GHz.png
H,10.3,337.0,-22.730926893979003,rad_pattern_10p3GHz.png
H,10.3,337.5,-22.79106855366592,rad_pattern_10p3GHz.png
H,10.3,338.0,-22.877293440385913,rad_pattern_10p3GHz.png
H,10.3,338.5,-22.963242075869946,rad_pattern_10p3GHz.png
H,10.3,339.0,-23.011259030365427,rad_pattern_10p3GHz.png
H,10.3,339.5,-23.0523845765692,rad_pattern_10p3GHz.png
H,10.3,340.0,-23.12666534732257,rad_pattern_10p3GHz.png
H,10.3,340.5,-23.193014148939454,rad_pattern_10p3GHz.png
H,10.3,341.0,-23.193014148939454,rad_pattern_10p3GHz.png
H,10.3,341.5,-23.175827457953506,rad_pattern_10p3GHz.png
H,10.3,342.0,-23.166419066825735,rad_pattern_10p3GHz.png
H,10.3,342.5,-23.12888069992208,rad_pattern_10p3GHz.png
H,10.3,343.0,-23.03529496666891,rad_pattern_10p3GHz.png
H,10.3,343.5,-22.896755336928212,rad_pattern_10p3GHz.png
H,10.3,344.0,-22.82151815692039,rad_pattern_10p3GHz.png
H,10.3,344.5,-22.73355014077316,rad_pattern_10p3GHz.png
H,10.3,345.0,-22.593979512320473,rad_pattern_10p3GHz.png
H,10.3,345.5,-22.489428063997348,rad_pattern_10p3GHz.png
H,10.3,346.0,-22.30050527115471,rad_pattern_10p3GHz.png
H,10.3,346.5,-22.229976607608382,rad_pattern_10p3GHz.png
H,10.3,347.0,-22.039550191857455,rad_pattern_10p3GHz.png
H,10.3,347.5,-21.90502059991206,rad_pattern_10p3GHz.png
H,10.3,348.0,-21.747821258444368,rad_pattern_10p3GHz.png
H,10.3,348.5,-21.612190062654857,rad_pattern_10p3GHz.png
H,10.3,349.0,-21.48180979985671,rad_pattern_10p3GHz.png
H,10.3,349.5,-21.379090063286274,rad_pattern_10p3GHz.png
H,10.3,350.0,-21.242217143963774,rad_pattern_10p3GHz.png
H,10.3,350.5,-21.114701818998075,rad_pattern_10p3GHz.png
H,10.3,351.0,-20.981476126366854,rad_pattern_10p3GHz.png
H,10.3,351.5,-20.909092846142688,rad_pattern_10p3GHz.png
H,10.3,352.0,-20.774399299477626,rad_pattern_10p3GHz.png
H,10.3,352.5,-20.667748945322742,rad_pattern_10p3GHz.png
H,10.3,353.0,-20.503213383216757,rad_pattern_10p3GHz.png
H,10.3,353.5,-20.395474301968274,rad_pattern_10p3GHz.png
H,10.3,354.0,-20.29948204861598,rad_pattern_10p3GHz.png
H,10.3,354.5,-20.12690113128338,rad_pattern_10p3GHz.png
H,10.3,355.0,-19.962326492747753,rad_pattern_10p3GHz.png
H,10.3,355.5,-19.885543783290597,rad_pattern_10p3GHz.png
H,10.3,356.0,-19.688062396738996,rad_pattern_10p3GHz.png
H,10.3,356.5,-19.58025552625848,rad_pattern_10p3GHz.png
H,10.3,357.0,-19.410385884073587,rad_pattern_10p3GHz.png
H,10.3,357.5,-19.29925909443786,rad_pattern_10p3GHz.png
H,10.3,358.0,-19.130629191600402,rad_pattern_10p3GHz.png
H,10.3,358.5,-19.07472393537223,rad_pattern_10p3GHz.png
H,10.3,359.0,-18.93359719431926,rad_pattern_10p3GHz.png
H,10.3,359.5,-18.79049183382647,rad_pattern_10p3GHz.png
H,11.3,0.0,-20.698702571467503,rad_pattern_11p3GHz.png
H,11.3,0.5,-20.582660620315345,rad_pattern_11p3GHz.png
H,11.3,1.0,-20.350361711974816,rad_pattern_11p3GHz.png
H,11.3,1.5,-20.347771303240517,rad_pattern_11p3GHz.png
H,11.3,2.0,-20.17161075457598,rad_pattern_11p3GHz.png
H,11.3,2.5,-20.05267234135801,rad_pattern_11p3GHz.png
H,11.3,3.0,-19.96189304723418,rad_pattern_11p3GHz.png
H,11.3,3.5,-19.81285530098179,rad_pattern_11p3GHz.png
H,11.3,4.0,-19.71689037102674,rad_pattern_11p3GHz.png
H,11.3,4.5,-19.56399431078111,rad_pattern_11p3GHz.png
H,11.3,5.0,-19.388813467853318,rad_pattern_11p3GHz.png
H,11.3,5.5,-19.263604888688935,rad_pattern_11p3GHz.png
H,11.3,6.0,-19.07991305023896,rad_pattern_11p3GHz.png
H,11.3,6.5,-18.94966288251217,rad_pattern_11p3GHz.png
H,11.3,7.0,-18.81083494851838,rad_pattern_11p3GHz.png
H,11.3,7.5,-18.656240467510408,rad_pattern_11p3GHz.png
H,11.3,8.0,-18.436035388996146,rad_pattern_11p3GHz.png
H,11.3,8.5,-18.25610687666447,rad_pattern_11p3GHz.png
H,11.3,9.0,-18.111106755114807,rad_pattern_11p3GHz.png
H,11.3,9.5,-17.9734179052647,rad_pattern_11p3GHz.png
H,11.3,10.0,-17.816150909297793,rad_pattern_11p3GHz.png
H,11.3,10.5,-17.676563457208733,rad_pattern_11p3GHz.png
H,11.3,11.0,-17.513220823429254,rad_pattern_11p3GHz.png
H,11.3,11.5,-17.377513665527943,rad_pattern_11p3GHz.png
H,11.3,12.0,-17.279881182687028,rad_pattern_11p3GHz.png
H,11.3,12.5,-17.142314625243568,rad_pattern_11p3GHz.png
H,11.3,13.0,-17.025782313939832,rad_pattern_11p3GHz.png
H,11.3,13.5,-16.880274197415503,rad_pattern_11p3GHz.png
H,11.3,14.0,-16.775652537930963,rad_pattern_11p3GHz.png
H,11.3,14.5,-16.614290959728677,rad_pattern_11p3GHz.png
H,11.3,15.0,-16.50681053528849,rad_pattern_11p3GHz.png
H,11.3,15.5,-16.364761689550843,rad_pattern_11p3GHz.png
H,11.3,16.0,-16.20642185290632,rad_pattern_11p3GHz.png
H,11.3,16.5,-16.04682516875737,rad_pattern_11p3GHz.png
H,11.3,17.0,-15.902863499350179,rad_pattern_11p3GHz.png
H,11.3,17.5,-15.760247567273122,rad_pattern_11p3GHz.png
H,11.3,18.0,-15.624791708502222,rad_pattern_11p3GHz.png
H,11.3,18.5,-15.488030068559585,rad_pattern_11p3GHz.png
H,11.3,19.0,-15.350073296615355,rad_pattern_11p3GHz.png
H,11.3,19.5,-15.212433715647876,rad_pattern_11p3GHz.png
H,11.3,20.0,-15.070550627224469,rad_pattern_11p3GHz.png
H,11.3,20.5,-14.945979261738664,rad_pattern_11p3GHz.png
H,11.3,21.0,-14.817382208855019,rad_pattern_11p3GHz.png
H,11.3,21.5,-14.707084382877648,rad_pattern_11p3GHz.png
H,11.3,22.0,-14.58403086921911,rad_pattern_11p3GHz.png
H,11.3,22.5,-14.465521406944017,rad_pattern_11p3GHz.png
H,11.3,23.0,-14.323421776099856,rad_pattern_11p3GHz.png
H,11.3,23.5,-14.179101027724442,rad_pattern_11p3GHz.png
H,11.3,24.0,-14.06796338764099,rad_pattern_11p3GHz.png
H,11.3,24.5,-13.905842264063203,rad_pattern_11p3GHz.png
H,11.3,25.0,-13.7581674488214,rad_pattern_11p3GHz.png
H,11.3,25.5,-13.604131702507267,rad_pattern_11p3GHz.png
H,11.3,26.0,-13.425386918120111,rad_pattern_11p3GHz.png
H,11.3,26.5,-13.258123170600928,rad_pattern_11p3GHz.png
H,11.3,27.0,-13.076434132023206,rad_pattern_11p3GHz.png
H,11.3,27.5,-12.906613988081244,rad_pattern_11p3GHz.png
H,11.3,28.0,-12.72196560374545,rad_pattern_11p3GHz.png
H,11.3,28.5,-12.524414137771846,rad_pattern_11p3GHz.png
H,11.3,29.0,-12.373864655856018,rad_pattern_11p3GHz.png
H,11.3,29.5,-12.188209080877375,rad_pattern_11p3GHz.png
H,11.3,30.0,-12.012775611032502,rad_pattern_11p3GHz.png
H,11.3,30.5,-11.85717089394111,rad_pattern_11p3GHz.png
H,11.3,31.0,-11.679339026236384,rad_pattern_11p3GHz.png
H,11.3,31.5,-11.510348321999778,rad_pattern_11p3GHz.png
H,11.3,32.0,-11.349188894167398,rad_pattern_11p3GHz.png
H,11.3,32.5,-11.194555433714129,rad_pattern_11p3GHz.png
H,11.3,33.0,-11.027524594961537,rad_pattern_11p3GHz.png
H,11.3,33.5,-10.86844042451525,rad_pattern_11p3GHz.png
H,11.3,34.0,-10.707902633465167,rad_pattern_11p3GHz.png
H,11.3,34.5,-10.554998625315676,rad_pattern_11p3GHz.png
H,11.3,35.0,-10.404857501469603,rad_pattern_11p3GHz.png
H,11.3,35.5,-10.233732851630538,rad_pattern_11p3GHz.png
H,11.3,36.0,-10.088205595843661,rad_pattern_11p3GHz.png
H,11.3,36.5,-9.926616599756859,rad_pattern_11p3GHz.png
H,11.3,37.0,-9.760242570787554,rad_pattern_11p3GHz.png
H,11.3,37.5,-9.620371718849242,rad_pattern_11p3GHz.png
H,11.3,38.0,-9.478900483371017,rad_pattern_11p3GHz.png
H,11.3,38.5,-9.331200076617698,rad_pattern_11p3GHz.png
H,11.3,39.0,-9.173050807917278,rad_pattern_11p3GHz.png
H,11.3,39.5,-9.00455179672566,rad_pattern_11p3GHz.png
H,11.3,40.0,-8.860523880567637,rad_pattern_11p3GHz.png
H,11.3,40.5,-8.711161205978193,rad_pattern_11p3GHz.png
H,11.3,41.0,-8.525308296106086,rad_pattern_11p3GHz.png
H,11.3,41.5,-8.413265288091221,rad_pattern_11p3GHz.png
H,11.3,42.0,-8.257002685251969,rad_pattern_11p3GHz.png
H,11.3,42.5,-8.124793986001954,rad_pattern_11p3GHz.png
H,11.3,43.0,-7.993271074947597,rad_pattern_11p3GHz.png
H,11.3,43.5,-7.833076575384375,rad_pattern_11p3GHz.png
H,11.3,44.0,-7.715092852280467,rad_pattern_11p3GHz.png
H,11.3,44.5,-7.592968801367281,rad_pattern_11p3GHz.png
H,11.3,45.0,-7.430895271597301,rad_pattern_11p3GHz.png
H,11.3,45.5,-7.306823275958525,rad_pattern_11p3GHz.png
H,11.3,46.0,-7.142245910485546,rad_pattern_11p3GHz.png
H,11.3,46.5,-7.012517260271768,rad_pattern_11p3GHz.png
H,11.3,47.0,-6.846605859805557,rad_pattern_11p3GHz.png
H,11.3,47.5,-6.716699232458648,rad_pattern_11p3GHz.png
H,11.3,48.0,-6.574416535206925,rad_pattern_11p3GHz.png
H,11.3,48.5,-6.408780254124441,rad_pattern_11p3GHz.png
H,11.3,49.0,-6.270963744613439,rad_pattern_11p3GHz.png
H,11.3,49.5,-6.1086352403862065,rad_pattern_11p3GHz.png
H,11.3,50.0,-5.988430296488531,rad_pattern_11p3GHz.png
H,11.3,50.5,-5.8108640921829675,rad_pattern_11p3GHz.png
H,11.3,51.0,-5.6970464660318285,rad_pattern_11p3GHz.png
H,11.3,51.5,-5.548098701300965,rad_pattern_11p3GHz.png
H,11.3,52.0,-5.402111625000529,rad_pattern_11p3GHz.png
H,11.3,52.5,-5.260020513389762,rad_pattern_11p3GHz.png
H,11.3,53.0,-5.140836266013167,rad_pattern_11p3GHz.png
H,11.3,53.5,-5.0126616634689505,rad_pattern_11p3GHz.png
H,11.3,54.0,-4.887359357174358,rad_pattern_11p3GHz.png
H,11.3,54.5,-4.7629542384624735,rad_pattern_11p3GHz.png
H,11.3,55.0,-4.638372865236541,rad_pattern_11p3GHz.png
H,11.3,55.5,-4.517835408480131,rad_pattern_11p3GHz.png
H,11.3,56.0,-4.398647249098907,rad_pattern_11p3GHz.png
H,11.3,56.5,-4.270340998727498,rad_pattern_11p3GHz.png
H,11.3,57.0,-4.164932658270022,rad_pattern_11p3GHz.png
H,11.3,57.5,-4.040169046211549,rad_pattern_11p3GHz.png
H,11.3,58.0,-3.9460470936265146,rad_pattern_11p3GHz.png
H,11.3,58.5,-3.825629868145942,rad_pattern_11p3GHz.png
H,11.3,59.0,-3.7075478915169953,rad_pattern_11p3GHz.png
H,11.3,59.5,-3.6026039014778917,rad_pattern_11p3GHz.png
H,11.3,60.0,-3.5004639912283935,rad_pattern_11p3GHz.png
H,11.3,60.5,-3.4000228177171863,rad_pattern_11p3GHz.png
H,11.3,61.0,-3.2992183637179195,rad_pattern_11p3GHz.png
H,11.3,61.5,-3.1855864274503674,rad_pattern_11p3GHz.png
H,11.3,62.0,-3.087564839052664,rad_pattern_11p3GHz.png
H,11.3,62.5,-2.9883206952986967,rad_pattern_11p3GHz.png
H,11.3,63.0,-2.889250608530091,rad_pattern_11p3GHz.png
H,11.3,63.5,-2.8123596791224195,rad_pattern_11p3GHz.png
H,11.3,64.0,-2.7075177184025527,rad_pattern_11p3GHz.png
H,11.3,64.5,-2.5877420206720423,rad_pattern_11p3GHz.png
H,11.3,65.0,-2.515322230653986,rad_pattern_11p3GHz.png
H,11.3,65.5,-2.405905608359845,rad_pattern_11p3GHz.png
H,11.3,66.0,-2.3159121695324814,rad_pattern_11p3GHz.png
H,11.3,66.5,-2.223030688688599,rad_pattern_11p3GHz.png
H,11.3,67.0,-2.1240707918414223,rad_pattern_11p3GHz.png
H,11.3,67.5,-2.0378800753703246,rad_pattern_11p3GHz.png
H,11.3,68.0,-1.9426108191744937,rad_pattern_11p3GHz.png
H,11.3,68.5,-1.8617205535029768,rad_pattern_11p3GHz.png
H,11.3,69.0,-1.7798990072850565,rad_pattern_11p3GHz.png
H,11.3,69.5,-1.686688451468111,rad_pattern_11p3GHz.png
H,11.3,70.0,-1.6032614722195575,rad_pattern_11p3GHz.png
H,11.3,70.5,-1.5410928914868087,rad_pattern_11p3GHz.png
H,11.3,71.0,-1.454249231620878,rad_pattern_11p3GHz.png
H,11.3,71.5,-1.3740782268724203,rad_pattern_11p3GHz.png
H,11.3,72.0,-1.299475169594274,rad_pattern_11p3GHz.png
H,11.3,72.5,-1.2405023695576283,rad_pattern_11p3GHz.png
H,11.3,73.0,-1.1810524747315405,rad_pattern_11p3GHz.png
H,11.3,73.5,-1.1006062142817257,rad_pattern_11p3GHz.png
H,11.3,74.0,-1.0419726708351646,rad_pattern_11p3GHz.png
H,11.3,74.5,-0.9855661420766246,rad_pattern_11p3GHz.png
H,11.3,75.0,-0.9120221854088726,rad_pattern_11p3GHz.png
H,11.3,75.5,-0.8459136930448956,rad_pattern_11p3GHz.png
H,11.3,76.0,-0.7973998483933471,rad_pattern_11p3GHz.png
H,11.3,76.5,-0.7388299927021293,rad_pattern_11p3GHz.png
H,11.3,77.0,-0.6781456499924268,rad_pattern_11p3GHz.png
H,11.3,77.5,-0.6344375906230191,rad_pattern_11p3GHz.png
H,11.3,78.0,-0.5951824279443407,rad_pattern_11p3GHz.png
H,11.3,78.5,-0.5402223748077191,rad_pattern_11p3GHz.png
H,11.3,79.0,-0.4884912683838074,rad_pattern_11p3GHz.png
H,11.3,79.5,-0.45719536742130984,rad_pattern_11p3GHz.png
H,11.3,80.0,-0.4040318390349533,rad_pattern_11p3GHz.png
H,11.3,80.5,-0.36634345208461383,rad_pattern_11p3GHz.png
H,11.3,81.0,-0.3374054385699523,rad_pattern_11p3GHz.png
H,11.3,81.5,-0.28054719402479833,rad_pattern_11p3GHz.png
H,11.3,82.0,-0.2721347430315433,rad_pattern_11p3GHz.png
H,11.3,82.5,-0.22258726433879517,rad_pattern_11p3GHz.png
H,11.3,83.0,-0.21633085868052504,rad_pattern_11p3GHz.png
H,11.3,83.5,-0.1725174681103745,rad_pattern_11p3GHz.png
H,11.3,84.0,-0.16210784427731895,rad_pattern_11p3GHz.png
H,11.3,84.5,-0.11886464253953477,rad_pattern_11p3GHz.png
H,11.3,85.0,-0.10005362506916526,rad_pattern_11p3GHz.png
H,11.3,85.5,-0.08030462496357771,rad_pattern_11p3GHz.png
H,11.3,86.0,-0.08030462496357771,rad_pattern_11p3GHz.png
H,11.3,86.5,-0.06896448068236083,rad_pattern_11p3GHz.png
H,11.3,87.0,-0.040525644163516006,rad_pattern_11p3GHz.png
H,11.3,87.5,-0.0402356482659485,rad_pattern_11p3GHz.png
H,11.3,88.0,-0.029923948180098137,rad_pattern_11p3GHz.png
H,11.3,88.5,-0.023016965286878133,rad_pattern_11p3GHz.png
H,11.3,89.0,-0.01952734361954711,rad_pattern_11p3GHz.png
H,11.3,89.5,-0.0011450184857615398,rad_pattern_11p3GHz.png
H,11.3,90.0,0.0,rad_pattern_11p3GHz.png
H,11.3,90.5,-0.0011450184857615398,rad_pattern_11p3GHz.png
H,11.3,91.0,-0.01952734361954711,rad_pattern_11p3GHz.png
H,11.3,91.5,-0.023016965286878133,rad_pattern_11p3GHz.png
H,11.3,92.0,-0.029923948180098137,rad_pattern_11p3GHz.png
H,11.3,92.5,-0.0402356482659485,rad_pattern_11p3GHz.png
H,11.3,93.0,-0.040525644163516006,rad_pattern_11p3GHz.png
H,11.3,93.5,-0.06896448068236083,rad_pattern_11p3GHz.png
H,11.3,94.0,-0.08030462496357771,rad_pattern_11p3GHz.png
H,11.3,94.5,-0.08030462496357771,rad_pattern_11p3GHz.png
H,11.3,95.0,-0.10005362506916526,rad_pattern_11p3GHz.png
H,11.3,95.5,-0.11886464253953477,rad_pattern_11p3GHz.png
H,11.3,96.0,-0.16210784427731895,rad_pattern_11p3GHz.png
H,11.3,96.5,-0.1725174681103745,rad_pattern_11p3GHz.png
H,11.3,97.0,-0.21633085868052504,rad_pattern_11p3GHz.png
H,11.3,97.5,-0.22258726433879517,rad_pattern_11p3GHz.png
H,11.3,98.0,-0.2721347430315433,rad_pattern_11p3GHz.png
H,11.3,98.5,-0.28054719402479833,rad_pattern_11p3GHz.png
H,11.3,99.0,-0.3374054385699523,rad_pattern_11p3GHz.png
H,11.3,99.5,-0.36634345208461383,rad_pattern_11p3GHz.png
H,11.3,100.0,-0.4040318390349533,rad_pattern_11p3GHz.png
H,11.3,100.5,-0.45719536742130984,rad_pattern_11p3GHz.png
H,11.3,101.0,-0.4884912683838074,rad_pattern_11p3GHz.png
H,11.3,101.5,-0.5402223748077191,rad_pattern_11p3GHz.png
H,11.3,102.0,-0.5951824279443407,rad_pattern_11p3GHz.png
H,11.3,102.5,-0.6344375906230191,rad_pattern_11p3GHz.png
H,11.3,103.0,-0.6781456499924268,rad_pattern_11p3GHz.png
H,11.3,103.5,-0.7388299927021293,rad_pattern_11p3GHz.png
H,11.3,104.0,-0.7973998483933471,rad_pattern_11p3GHz.png
H,11.3,104.5,-0.8459136930448956,rad_pattern_11p3GHz.png
H,11.3,105.0,-0.9120221854088726,rad_pattern_11p3GHz.png
H,11.3,105.5,-0.9855661420766246,rad_pattern_11p3GHz.png
H,11.3,106.0,-1.0419726708351646,rad_pattern_11p3GHz.png
H,11.3,106.5,-1.1006062142817257,rad_pattern_11p3GHz.png
H,11.3,107.0,-1.1810524747315405,rad_pattern_11p3GHz.png
H,11.3,107.5,-1.2405023695576283,rad_pattern_11p3GHz.png
H,11.3,108.0,-1.299475169594274,rad_pattern_11p3GHz.png
H,11.3,108.5,-1.3740782268724203,rad_pattern_11p3GHz.png
H,11.3,109.0,-1.454249231620878,rad_pattern_11p3GHz.png
H,11.3,109.5,-1.5410928914868087,rad_pattern_11p3GHz.png
H,11.3,110.0,-1.6032614722195575,rad_pattern_11p3GHz.png
H,11.3,110.5,-1.686688451468111,rad_pattern_11p3GHz.png
H,11.3,111.0,-1.7798990072850565,rad_pattern_11p3GHz.png
H,11.3,111.5,-1.8617205535029768,rad_pattern_11p3GHz.png
H,11.3,112.0,-1.9426108191744937,rad_pattern_11p3GHz.png
H,11.3,112.5,-2.0378800753703246,rad_pattern_11p3GHz.png
H,11.3,113.0,-2.1240707918414223,rad_pattern_11p3GHz.png
H,11.3,113.5,-2.223030688688599,rad_pattern_11p3GHz.png
H,11.3,114.0,-2.3159121695324814,rad_pattern_11p3GHz.png
H,11.3,114.5,-2.405905608359845,rad_pattern_11p3GHz.png
H,11.3,115.0,-2.515322230653986,rad_pattern_11p3GHz.png
H,11.3,115.5,-2.5877420206720423,rad_pattern_11p3GHz.png
H,11.3,116.0,-2.6948536475868607,rad_pattern_11p3GHz.png
H,11.3,116.5,-2.8123596791224195,rad_pattern_11p3GHz.png
H,11.3,117.0,-2.889250608530091,rad_pattern_11p3GHz.png
H,11.3,117.5,-2.9883206952986967,rad_pattern_11p3GHz.png
H,11.3,118.0,-3.087564839052664,rad_pattern_11p3GHz.png
H,11.3,118.5,-3.1855864274503674,rad_pattern_11p3GHz.png
H,11.3,119.0,-3.2992183637179195,rad_pattern_11p3GHz.png
H,11.3,119.5,-3.4000228177171863,rad_pattern_11p3GHz.png
H,11.3,120.0,-3.5004639912283935,rad_pattern_11p3GHz.png
H,11.3,120.5,-3.6026039014778917,rad_pattern_11p3GHz.png
H,11.3,121.0,-3.7075478915169953,rad_pattern_11p3GHz.png
H,11.3,121.5,-3.825629868145942,rad_pattern_11p3GHz.png
H,11.3,122.0,-3.9460470936265146,rad_pattern_11p3GHz.png
H,11.3,122.5,-4.040169046211549,rad_pattern_11p3GHz.png
H,11.3,123.0,-4.164932658270022,rad_pattern_11p3GHz.png
H,11.3,123.5,-4.270340998727498,rad_pattern_11p3GHz.png
H,11.3,124.0,-4.398647249098907,rad_pattern_11p3GHz.png
H,11.3,124.5,-4.517835408480131,rad_pattern_11p3GHz.png
H,11.3,125.0,-4.638372865236541,rad_pattern_11p3GHz.png
H,11.3,125.5,-4.7629542384624735,rad_pattern_11p3GHz.png
H,11.3,126.0,-4.887359357174358,rad_pattern_11p3GHz.png
H,11.3,126.5,-5.0126616634689505,rad_pattern_11p3GHz.png
H,11.3,127.0,-5.140836266013167,rad_pattern_11p3GHz.png
H,11.3,127.5,-5.260020513389762,rad_pattern_11p3GHz.png
H,11.3,128.0,-5.402111625000529,rad_pattern_11p3GHz.png
H,11.3,128.5,-5.548098701300965,rad_pattern_11p3GHz.png
H,11.3,129.0,-5.6970464660318285,rad_pattern_11p3GHz.png
H,11.3,129.5,-5.8108640921829675,rad_pattern_11p3GHz.png
H,11.3,130.0,-5.988430296488531,rad_pattern_11p3GHz.png
H,11.3,130.5,-6.1086352403862065,rad_pattern_11p3GHz.png
H,11.3,131.0,-6.270963744613439,rad_pattern_11p3GHz.png
H,11.3,131.5,-6.408780254124441,rad_pattern_11p3GHz.png
H,11.3,132.0,-6.574416535206925,rad_pattern_11p3GHz.png
H,11.3,132.5,-6.715059744788196,rad_pattern_11p3GHz.png
H,11.3,133.0,-6.846605859805557,rad_pattern_11p3GHz.png
H,11.3,133.5,-7.012517260271768,rad_pattern_11p3GHz.png
H,11.3,134.0,-7.142245910485546,rad_pattern_11p3GHz.png
H,11.3,134.5,-7.306823275958525,rad_pattern_11p3GHz.png
H,11.3,135.0,-7.430895271597301,rad_pattern_11p3GHz.png
H,11.3,135.5,-7.592968801367281,rad_pattern_11p3GHz.png
H,11.3,136.0,-7.715092852280467,rad_pattern_11p3GHz.png
H,11.3,136.5,-7.833076575384375,rad_pattern_11p3GHz.png
H,11.3,137.0,-7.993271074947597,rad_pattern_11p3GHz.png
H,11.3,137.5,-8.124793986001954,rad_pattern_11p3GHz.png
H,11.3,138.0,-8.257002685251969,rad_pattern_11p3GHz.png
H,11.3,138.5,-8.413265288091221,rad_pattern_11p3GHz.png
H,11.3,139.0,-8.525308296106086,rad_pattern_11p3GHz.png
H,11.3,139.5,-8.711161205978193,rad_pattern_11p3GHz.png
H,11.3,140.0,-8.860523880567637,rad_pattern_11p3GHz.png
H,11.3,140.5,-9.00455179672566,rad_pattern_11p3GHz.png
H,11.3,141.0,-9.173050807917278,rad_pattern_11p3GHz.png
H,11.3,141.5,-9.331200076617698,rad_pattern_11p3GHz.png
H,11.3,142.0,-9.478900483371017,rad_pattern_11p3GHz.png
H,11.3,142.5,-9.620371718849242,rad_pattern_11p3GHz.png
H,11.3,143.0,-9.760242570787554,rad_pattern_11p3GHz.png
H,11.3,143.5,-9.926616599756859,rad_pattern_11p3GHz.png
H,11.3,144.0,-10.088205595843661,rad_pattern_11p3GHz.png
H,11.3,144.5,-10.233732851630538,rad_pattern_11p3GHz.png
H,11.3,145.0,-10.404857501469603,rad_pattern_11p3GHz.png
H,11.3,145.5,-10.554998625315676,rad_pattern_11p3GHz.png
H,11.3,146.0,-10.707902633465167,rad_pattern_11p3GHz.png
H,11.3,146.5,-10.86844042451525,rad_pattern_11p3GHz.png
H,11.3,147.0,-11.027524594961537,rad_pattern_11p3GHz.png
H,11.3,147.5,-11.194555433714129,rad_pattern_11p3GHz.png
H,11.3,148.0,-11.349188894167398,rad_pattern_11p3GHz.png
H,11.3,148.5,-11.510348321999778,rad_pattern_11p3GHz.png
H,11.3,149.0,-11.679339026236384,rad_pattern_11p3GHz.png
H,11.3,149.5,-11.85717089394111,rad_pattern_11p3GHz.png
H,11.3,150.0,-12.012775611032502,rad_pattern_11p3GHz.png
H,11.3,150.5,-12.188209080877375,rad_pattern_11p3GHz.png
H,11.3,151.0,-12.373864655856018,rad_pattern_11p3GHz.png
H,11.3,151.5,-12.524414137771846,rad_pattern_11p3GHz.png
H,11.3,152.0,-12.72196560374545,rad_pattern_11p3GHz.png
H,11.3,152.5,-12.906613988081244,rad_pattern_11p3GHz.png
H,11.3,153.0,-13.076434132023206,rad_pattern_11p3GHz.png
H,11.3,153.5,-13.258123170600928,rad_pattern_11p3GHz.png
H,11.3,154.0,-13.425386918120111,rad_pattern_11p3GHz.png
H,11.3,154.5,-13.604131702507267,rad_pattern_11p3GHz.png
H,11.3,155.0,-13.7581674488214,rad_pattern_11p3GHz.png
H,11.3,155.5,-13.905842264063203,rad_pattern_11p3GHz.png
H,11.3,156.0,-14.06796338764099,rad_pattern_11p3GHz.png
H,11.3,156.5,-14.179101027724442,rad_pattern_11p3GHz.png
H,11.3,157.0,-14.323421776099856,rad_pattern_11p3GHz.png
H,11.3,157.5,-14.465521406944017,rad_pattern_11p3GHz.png
H,11.3,158.0,-14.58403086921911,rad_pattern_11p3GHz.png
H,11.3,158.5,-14.707084382877648,rad_pattern_11p3GHz.png
H,11.3,159.0,-14.817382208855019,rad_pattern_11p3GHz.png
H,11.3,159.5,-14.945979261738664,rad_pattern_11p3GHz.png
H,11.3,160.0,-15.070550627224469,rad_pattern_11p3GHz.png
H,11.3,160.5,-15.257420065555724,rad_pattern_11p3GHz.png
H,11.3,161.0,-15.487633908698562,rad_pattern_11p3GHz.png
H,11.3,161.5,-18.613797592963635,rad_pattern_11p3GHz.png
H,11.3,162.0,-18.613797592963635,rad_pattern_11p3GHz.png
H,11.3,162.5,-18.5211522177055,rad_pattern_11p3GHz.png
H,11.3,163.0,-18.410792759835797,rad_pattern_11p3GHz.png
H,11.3,163.5,-18.342085238223962,rad_pattern_11p3GHz.png
H,11.3,164.0,-16.547337152733594,rad_pattern_11p3GHz.png
H,11.3,164.5,-16.547337152733594,rad_pattern_11p3GHz.png
H,11.3,165.0,-16.689328428812882,rad_pattern_11p3GHz.png
H,11.3,165.5,-16.80382357109779,rad_pattern_11p3GHz.png
H,11.3,166.0,-16.94408498355347,rad_pattern_11p3GHz.png
H,11.3,166.5,-17.07700355710624,rad_pattern_11p3GHz.png
H,11.3,167.0,-17.17973166353118,rad_pattern_11p3GHz.png
H,11.3,167.5,-17.317934055205907,rad_pattern_11p3GHz.png
H,11.3,168.0,-17.433276773242962,rad_pattern_11p3GHz.png
H,11.3,168.5,-17.598402901134765,rad_pattern_11p3GHz.png
H,11.3,169.0,-17.688968596408706,rad_pattern_11p3GHz.png
H,11.3,169.5,-17.852471966950322,rad_pattern_11p3GHz.png
H,11.3,170.0,-18.01540653370889,rad_pattern_11p3GHz.png
H,11.3,170.5,-18.01540653370889,rad_pattern_11p3GHz.png
H,11.3,171.0,-17.821135506404538,rad_pattern_11p3GHz.png
H,11.3,171.5,-17.282772426285533,rad_pattern_11p3GHz.png
H,11.3,172.0,-16.800811115543958,rad_pattern_11p3GHz.png
H,11.3,172.5,-16.800811115543958,rad_pattern_11p3GHz.png
H,11.3,173.0,-18.524040989729592,rad_pattern_11p3GHz.png
H,11.3,173.5,-19.118761045386886,rad_pattern_11p3GHz.png
H,11.3,174.0,-19.303962631291817,rad_pattern_11p3GHz.png
H,11.3,174.5,-19.606202744031545,rad_pattern_11p3GHz.png
H,11.3,175.0,-19.626156761525582,rad_pattern_11p3GHz.png
H,11.3,175.5,-19.659222867914213,rad_pattern_11p3GHz.png
H,11.3,176.0,-19.626156761525582,rad_pattern_11p3GHz.png
H,11.3,176.5,-19.659222867914213,rad_pattern_11p3GHz.png
H,11.3,177.0,-19.96189304723418,rad_pattern_11p3GHz.png
H,11.3,177.5,-20.05267234135801,rad_pattern_11p3GHz.png
H,11.3,178.0,-20.17161075457598,rad_pattern_11p3GHz.png
H,11.3,178.5,-20.347771303240517,rad_pattern_11p3GHz.png
H,11.3,179.0,-20.350361711974816,rad_pattern_11p3GHz.png
H,11.3,179.5,-20.582660620315345,rad_pattern_11p3GHz.png
H,11.3,180.0,-20.698702571467503,rad_pattern_11p3GHz.png
H,11.3,180.5,-20.84281150659416,rad_pattern_11p3GHz.png
H,11.3,181.0,-21.044023628952807,rad_pattern_11p3GHz.png
H,11.3,181.5,-21.128713726347605,rad_pattern_11p3GHz.png
H,11.3,182.0,-21.300304839078915,rad_pattern_11p3GHz.png
H,11.3,182.5,-21.41252785560535,rad_pattern_11p3GHz.png
H,11.3,183.0,-21.494884563963932,rad_pattern_11p3GHz.png
H,11.3,183.5,-21.66296856461585,rad_pattern_11p3GHz.png
H,11.3,184.0,-21.834060149649975,rad_pattern_11p3GHz.png
H,11.3,184.5,-21.90940822755481,rad_pattern_11p3GHz.png
H,11.3,185.0,-21.971808856249513,rad_pattern_11p3GHz.png
H,11.3,185.5,-21.990607177157816,rad_pattern_11p3GHz.png
H,11.3,186.0,-22.100068423285975,rad_pattern_11p3GHz.png
H,11.3,186.5,-22.208970666749064,rad_pattern_11p3GHz.png
H,11.3,187.0,-22.310293461264035,rad_pattern_11p3GHz.png
H,11.3,187.5,-22.388863183425997,rad_pattern_11p3GHz.png
H,11.3,188.0,-22.458516037671444,rad_pattern_11p3GHz.png
H,11.3,188.5,-22.4668630860025,rad_pattern_11p3GHz.png
H,11.3,189.0,-22.50688395266948,rad_pattern_11p3GHz.png
H,11.3,189.5,-22.6117437729399,rad_pattern_11p3GHz.png
H,11.3,190.0,-22.71588500079888,rad_pattern_11p3GHz.png
H,11.3,190.5,-22.734022109531164,rad_pattern_11p3GHz.png
H,11.3,191.0,-22.836802055067857,rad_pattern_11p3GHz.png
H,11.3,191.5,-22.967098680322565,rad_pattern_11p3GHz.png
H,11.3,192.0,-23.017699979827597,rad_pattern_11p3GHz.png
H,11.3,192.5,-23.05567543640362,rad_pattern_11p3GHz.png
H,11.3,193.0,-23.105544212806375,rad_pattern_11p3GHz.png
H,11.3,193.5,-23.155293513002423,rad_pattern_11p3GHz.png
H,11.3,194.0,-23.225939340652033,rad_pattern_11p3GHz.png
H,11.3,194.5,-23.28108240950532,rad_pattern_11p3GHz.png
H,11.3,195.0,-23.293809212035292,rad_pattern_11p3GHz.png
H,11.3,195.5,-23.293809212035292,rad_pattern_11p3GHz.png
H,11.3,196.0,-23.33378490210391,rad_pattern_11p3GHz.png
H,11.3,196.5,-23.428458062563365,rad_pattern_11p3GHz.png
H,11.3,197.0,-23.44770173879,rad_pattern_11p3GHz.png
H,11.3,197.5,-23.494464480685544,rad_pattern_11p3GHz.png
H,11.3,198.0,-23.587038786598413,rad_pattern_11p3GHz.png
H,11.3,198.5,-23.641979823934058,rad_pattern_11p3GHz.png
H,11.3,199.0,-23.81509979955577,rad_pattern_11p3GHz.png
H,11.3,199.5,-23.896944077370758,rad_pattern_11p3GHz.png
H,11.3,200.0,-24.03305742830462,rad_pattern_11p3GHz.png
H,11.3,200.5,-24.223018296540694,rad_pattern_11p3GHz.png
H,11.3,201.0,-24.385219988725876,rad_pattern_11p3GHz.png
H,11.3,201.5,-24.4660839601469,rad_pattern_11p3GHz.png
H,11.3,202.0,-24.600522192692562,rad_pattern_11p3GHz.png
H,11.3,202.5,-24.852373405047125,rad_pattern_11p3GHz.png
H,11.3,203.0,-24.95903765232517,rad_pattern_11p3GHz.png
H,11.3,203.5,-25.129892559021975,rad_pattern_11p3GHz.png
H,11.3,204.0,-25.288682644523174,rad_pattern_11p3GHz.png
H,11.3,204.5,-25.420313451050927,rad_pattern_11p3GHz.png
H,11.3,205.0,-25.601994717015952,rad_pattern_11p3GHz.png
H,11.3,205.5,-25.745088125020402,rad_pattern_11p3GHz.png
H,11.3,206.0,-25.84931789467073,rad_pattern_11p3GHz.png
H,11.3,206.5,-25.95301657272245,rad_pattern_11p3GHz.png
H,11.3,207.0,-26.043509312923394,rad_pattern_11p3GHz.png
H,11.3,207.5,-26.14648636118964,rad_pattern_11p3GHz.png
H,11.3,208.0,-26.260552418909228,rad_pattern_11p3GHz.png
H,11.3,208.5,-26.287914873182594,rad_pattern_11p3GHz.png
H,11.3,209.0,-26.322378130583278,rad_pattern_11p3GHz.png
H,11.3,209.5,-26.322378130583278,rad_pattern_11p3GHz.png
H,11.3,210.0,-26.204085267186993,rad_pattern_11p3GHz.png
H,11.3,210.5,-26.046026271386392,rad_pattern_11p3GHz.png
H,11.3,211.0,-25.887599931951893,rad_pattern_11p3GHz.png
H,11.3,211.5,-25.520555581282,rad_pattern_11p3GHz.png
H,11.3,212.0,-25.490148320871075,rad_pattern_11p3GHz.png
H,11.3,212.5,-25.250866524622197,rad_pattern_11p3GHz.png
H,11.3,213.0,-25.051076074208833,rad_pattern_11p3GHz.png
H,11.3,213.5,-24.891006149162465,rad_pattern_11p3GHz.png
H,11.3,214.0,-24.53017876401279,rad_pattern_11p3GHz.png
H,11.3,214.5,-24.225136042607065,rad_pattern_11p3GHz.png
H,11.3,215.0,-23.967365641410918,rad_pattern_11p3GHz.png
H,11.3,215.5,-23.749206400879213,rad_pattern_11p3GHz.png
H,11.3,216.0,-23.5710159394331,rad_pattern_11p3GHz.png
H,11.3,216.5,-23.502618997965435,rad_pattern_11p3GHz.png
H,11.3,217.0,-23.415401988886224,rad_pattern_11p3GHz.png
H,11.3,217.5,-23.415401988886224,rad_pattern_11p3GHz.png
H,11.3,218.0,-23.443418163127856,rad_pattern_11p3GHz.png
H,11.3,218.5,-23.488878162316407,rad_pattern_11p3GHz.png
H,11.3,219.0,-23.601715166955184,rad_pattern_11p3GHz.png
H,11.3,219.5,-23.713427244964777,rad_pattern_11p3GHz.png
H,11.3,220.0,-23.794844706529343,rad_pattern_11p3GHz.png
H,11.3,220.5,-23.9648770795268,rad_pattern_11p3GHz.png
H,11.3,221.0,-24.115228903639856,rad_pattern_11p3GHz.png
H,11.3,221.5,-24.19951392200265,rad_pattern_11p3GHz.png
H,11.3,222.0,-24.408287957595693,rad_pattern_11p3GHz.png
H,11.3,222.5,-24.554177139404125,rad_pattern_11p3GHz.png
H,11.3,223.0,-24.741621793454613,rad_pattern_11p3GHz.png
H,11.3,223.5,-24.800927667221103,rad_pattern_11p3GHz.png
H,11.3,224.0,-25.294830771064504,rad_pattern_11p3GHz.png
H,11.3,224.5,-25.397806311186645,rad_pattern_11p3GHz.png
H,11.3,225.0,-25.520605028841313,rad_pattern_11p3GHz.png
H,11.3,225.5,-25.602201419851863,rad_pattern_11p3GHz.png
H,11.3,226.0,-25.867043633481696,rad_pattern_11p3GHz.png
H,11.3,226.5,-25.968686141942044,rad_pattern_11p3GHz.png
H,11.3,227.0,-26.028007789657583,rad_pattern_11p3GHz.png
H,11.3,227.5,-26.10970367161995,rad_pattern_11p3GHz.png
H,11.3,228.0,-26.189531968554142,rad_pattern_11p3GHz.png
H,11.3,228.5,-26.268910663494776,rad_pattern_11p3GHz.png
H,11.3,229.0,-26.268910663494776,rad_pattern_11p3GHz.png
H,11.3,229.5,-26.18170902002857,rad_pattern_11p3GHz.png
H,11.3,230.0,-25.993264731094488,rad_pattern_11p3GHz.png
H,11.3,230.5,-25.845177734698797,rad_pattern_11p3GHz.png
H,11.3,231.0,-25.615230809234202,rad_pattern_11p3GHz.png
H,11.3,231.5,-25.385103708650615,rad_pattern_11p3GHz.png
H,11.3,232.0,-25.253649079241647,rad_pattern_11p3GHz.png
H,11.3,232.5,-25.063307945837625,rad_pattern_11p3GHz.png
H,11.3,233.0,-24.826604413635923,rad_pattern_11p3GHz.png
H,11.3,233.5,-24.53753539524369,rad_pattern_11p3GHz.png
H,11.3,234.0,-24.17244331635797,rad_pattern_11p3GHz.png
H,11.3,234.5,-23.934048828634385,rad_pattern_11p3GHz.png
H,11.3,235.0,-23.75897057564457,rad_pattern_11p3GHz.png
H,11.3,235.5,-23.583501221374366,rad_pattern_11p3GHz.png
H,11.3,236.0,-23.583501221374366,rad_pattern_11p3GHz.png
H,11.3,236.5,-23.624331538633488,rad_pattern_11p3GHz.png
H,11.3,237.0,-23.7119863058038,rad_pattern_11p3GHz.png
H,11.3,237.5,-23.902867169060865,rad_pattern_11p3GHz.png
H,11.3,238.0,-24.111251647324792,rad_pattern_11p3GHz.png
H,11.3,238.5,-24.261221165130014,rad_pattern_11p3GHz.png
H,11.3,239.0,-24.499502394542116,rad_pattern_11p3GHz.png
H,11.3,239.5,-24.73721293056876,rad_pattern_11p3GHz.png
H,11.3,240.0,-25.038805648321496,rad_pattern_11p3GHz.png
H,11.3,240.5,-25.350759019637767,rad_pattern_11p3GHz.png
H,11.3,241.0,-25.63739143125506,rad_pattern_11p3GHz.png
H,11.3,241.5,-26.002166974571477,rad_pattern_11p3GHz.png
H,11.3,242.0,-26.209712785615107,rad_pattern_11p3GHz.png
H,11.3,242.5,-26.573232060991078,rad_pattern_11p3GHz.png
H,11.3,243.0,-26.598878660286836,rad_pattern_11p3GHz.png
H,11.3,243.5,-27.012730713094598,rad_pattern_11p3GHz.png
H,11.3,244.0,-27.529773912660307,rad_pattern_11p3GHz.png
H,11.3,244.5,-27.529773912660307,rad_pattern_11p3GHz.png
H,11.3,245.0,-27.671399602862436,rad_pattern_11p3GHz.png
H,11.3,245.5,-27.812735068209303,rad_pattern_11p3GHz.png
H,11.3,246.0,-28.01829646477398,rad_pattern_11p3GHz.png
H,11.3,246.5,-28.082853686390084,rad_pattern_11p3GHz.png
H,11.3,247.0,-28.094340089726163,rad_pattern_11p3GHz.png
H,11.3,247.5,-28.427819146533807,rad_pattern_11p3GHz.png
H,11.3,248.0,-28.545805402150986,rad_pattern_11p3GHz.png
H,11.3,248.5,-28.631459212352762,rad_pattern_11p3GHz.png
H,11.3,249.0,-28.68541885561688,rad_pattern_11p3GHz.png
H,11.3,249.5,-28.851379157748486,rad_pattern_11p3GHz.png
H,11.3,250.0,-28.888485926750914,rad_pattern_11p3GHz.png
H,11.3,250.5,-28.925420585173764,rad_pattern_11p3GHz.png
H,11.3,251.0,-28.925420585173764,rad_pattern_11p3GHz.png
H,11.3,251.5,-29.144997532087743,rad_pattern_11p3GHz.png
H,11.3,252.0,-29.126498296683863,rad_pattern_11p3GHz.png
H,11.3,252.5,-29.126498296683863,rad_pattern_11p3GHz.png
H,11.3,253.0,-29.126498296683863,rad_pattern_11p3GHz.png
H,11.3,253.5,-29.253979008217343,rad_pattern_11p3GHz.png
H,11.3,254.0,-29.28980143727799,rad_pattern_11p3GHz.png
H,11.3,254.5,-29.28980143727799,rad_pattern_11p3GHz.png
H,11.3,255.0,-28.995746628196162,rad_pattern_11p3GHz.png
H,11.3,255.5,-28.995746628196162,rad_pattern_11p3GHz.png
H,11.3,256.0,-28.946847250155656,rad_pattern_11p3GHz.png
H,11.3,256.5,-28.946847250155656,rad_pattern_11p3GHz.png
H,11.3,257.0,-28.946847250155656,rad_pattern_11p3GHz.png
H,11.3,257.5,-29.0160588717189,rad_pattern_11p3GHz.png
H,11.3,258.0,-29.072545428175218,rad_pattern_11p3GHz.png
H,11.3,258.5,-29.02187851239553,rad_pattern_11p3GHz.png
H,11.3,259.0,-29.07856937012855,rad_pattern_11p3GHz.png
H,11.3,259.5,-29.084069411487683,rad_pattern_11p3GHz.png
H,11.3,260.0,-29.146092657600548,rad_pattern_11p3GHz.png
H,11.3,260.5,-29.146092657600548,rad_pattern_11p3GHz.png
H,11.3,261.0,-29.264929122726453,rad_pattern_11p3GHz.png
H,11.3,261.5,-29.21215883898816,rad_pattern_11p3GHz.png
H,11.3,262.0,-29.21215883898816,rad_pattern_11p3GHz.png
H,11.3,262.5,-29.21215883898816,rad_pattern_11p3GHz.png
H,11.3,263.0,-29.334050251177363,rad_pattern_11p3GHz.png
H,11.3,263.5,-29.334050251177363,rad_pattern_11p3GHz.png
H,11.3,264.0,-29.334050251177363,rad_pattern_11p3GHz.png
H,11.3,264.5,-29.365647161339925,rad_pattern_11p3GHz.png
H,11.3,265.0,-29.48078466049253,rad_pattern_11p3GHz.png
H,11.3,265.5,-29.4544169261456,rad_pattern_11p3GHz.png
H,11.3,266.0,-29.4544169261456,rad_pattern_11p3GHz.png
H,11.3,266.5,-29.4544169261456,rad_pattern_11p3GHz.png
H,11.3,267.0,-29.97723339570805,rad_pattern_11p3GHz.png
H,11.3,267.5,-29.97723339570805,rad_pattern_11p3GHz.png
H,11.3,268.0,-29.832801744123678,rad_pattern_11p3GHz.png
H,11.3,268.5,-29.54386024207301,rad_pattern_11p3GHz.png
H,11.3,269.0,-29.34156816767175,rad_pattern_11p3GHz.png
H,11.3,269.5,-29.34156816767175,rad_pattern_11p3GHz.png
H,11.3,270.0,-29.34156816767175,rad_pattern_11p3GHz.png
H,11.3,270.5,-29.34156816767175,rad_pattern_11p3GHz.png
H,11.3,271.0,-29.34156816767175,rad_pattern_11p3GHz.png
H,11.3,271.5,-29.54386024207301,rad_pattern_11p3GHz.png
H,11.3,272.0,-29.832801744123678,rad_pattern_11p3GHz.png
H,11.3,272.5,-29.97723339570805,rad_pattern_11p3GHz.png
H,11.3,273.0,-29.97723339570805,rad_pattern_11p3GHz.png
H,11.3,273.5,-29.4544169261456,rad_pattern_11p3GHz.png
H,11.3,274.0,-29.4544169261456,rad_pattern_11p3GHz.png
H,11.3,274.5,-29.4544169261456,rad_pattern_11p3GHz.png
H,11.3,275.0,-29.48078466049253,rad_pattern_11p3GHz.png
H,11.3,275.5,-29.365647161339925,rad_pattern_11p3GHz.png
H,11.3,276.0,-29.334050251177363,rad_pattern_11p3GHz.png
H,11.3,276.5,-29.334050251177363,rad_pattern_11p3GHz.png
H,11.3,277.0,-29.334050251177363,rad_pattern_11p3GHz.png
H,11.3,277.5,-29.21215883898816,rad_pattern_11p3GHz.png
H,11.3,278.0,-29.21215883898816,rad_pattern_11p3GHz.png
H,11.3,278.5,-29.21215883898816,rad_pattern_11p3GHz.png
H,11.3,279.0,-29.264929122726453,rad_pattern_11p3GHz.png
H,11.3,279.5,-29.146092657600548,rad_pattern_11p3GHz.png
H,11.3,280.0,-29.146092657600548,rad_pattern_11p3GHz.png
H,11.3,280.5,-29.084069411487683,rad_pattern_11p3GHz.png
H,11.3,281.0,-29.07856937012855,rad_pattern_11p3GHz.png
H,11.3,281.5,-29.02187851239553,rad_pattern_11p3GHz.png
H,11.3,282.0,-29.072545428175218,rad_pattern_11p3GHz.png
H,11.3,282.5,-29.0160588717189,rad_pattern_11p3GHz.png
H,11.3,283.0,-28.946847250155656,rad_pattern_11p3GHz.png
H,11.3,283.5,-28.946847250155656,rad_pattern_11p3GHz.png
H,11.3,284.0,-28.946847250155656,rad_pattern_11p3GHz.png
H,11.3,284.5,-28.995746628196162,rad_pattern_11p3GHz.png
H,11.3,285.0,-28.995746628196162,rad_pattern_11p3GHz.png
H,11.3,285.5,-29.28980143727799,rad_pattern_11p3GHz.png
H,11.3,286.0,-29.28980143727799,rad_pattern_11p3GHz.png
H,11.3,286.5,-29.253979008217343,rad_pattern_11p3GHz.png
H,11.3,287.0,-29.126498296683863,rad_pattern_11p3GHz.png
H,11.3,287.5,-29.126498296683863,rad_pattern_11p3GHz.png
H,11.3,288.0,-29.126498296683863,rad_pattern_11p3GHz.png
H,11.3,288.5,-29.144997532087743,rad_pattern_11p3GHz.png
H,11.3,289.0,-28.925420585173764,rad_pattern_11p3GHz.png
H,11.3,289.5,-28.925420585173764,rad_pattern_11p3GHz.png
H,11.3,290.0,-28.888485926750914,rad_pattern_11p3GHz.png
H,11.3,290.5,-28.851379157748486,rad_pattern_11p3GHz.png
H,11.3,291.0,-28.68541885561688,rad_pattern_11p3GHz.png
H,11.3,291.5,-28.631459212352762,rad_pattern_11p3GHz.png
H,11.3,292.0,-28.545805402150986,rad_pattern_11p3GHz.png
H,11.3,292.5,-28.427819146533807,rad_pattern_11p3GHz.png
H,11.3,293.0,-28.094340089726163,rad_pattern_11p3GHz.png
H,11.3,293.5,-28.082853686390084,rad_pattern_11p3GHz.png
H,11.3,294.0,-28.01829646477398,rad_pattern_11p3GHz.png
H,11.3,294.5,-27.812735068209303,rad_pattern_11p3GHz.png
H,11.3,295.0,-27.671399602862436,rad_pattern_11p3GHz.png
H,11.3,295.5,-27.529773912660307,rad_pattern_11p3GHz.png
H,11.3,296.0,-27.529773912660307,rad_pattern_11p3GHz.png
H,11.3,296.5,-27.012730713094598,rad_pattern_11p3GHz.png
H,11.3,297.0,-26.598878660286836,rad_pattern_11p3GHz.png
H,11.3,297.5,-26.573232060991078,rad_pattern_11p3GHz.png
H,11.3,298.0,-26.209712785615107,rad_pattern_11p3GHz.png
H,11.3,298.5,-26.002166974571477,rad_pattern_11p3GHz.png
H,11.3,299.0,-25.63739143125506,rad_pattern_11p3GHz.png
H,11.3,299.5,-25.350759019637767,rad_pattern_11p3GHz.png
H,11.3,300.0,-25.038805648321496,rad_pattern_11p3GHz.png
H,11.3,300.5,-24.73721293056876,rad_pattern_11p3GHz.png
H,11.3,301.0,-24.499502394542116,rad_pattern_11p3GHz.png
H,11.3,301.5,-24.261221165130014,rad_pattern_11p3GHz.png
H,11.3,302.0,-24.111251647324792,rad_pattern_11p3GHz.png
H,11.3,302.5,-23.902867169060865,rad_pattern_11p3GHz.png
H,11.3,303.0,-23.7119863058038,rad_pattern_11p3GHz.png
H,11.3,303.5,-23.624331538633488,rad_pattern_11p3GHz.png
H,11.3,304.0,-23.583501221374366,rad_pattern_11p3GHz.png
H,11.3,304.5,-23.583501221374366,rad_pattern_11p3GHz.png
H,11.3,305.0,-23.75897057564457,rad_pattern_11p3GHz.png
H,11.3,305.5,-23.934048828634385,rad_pattern_11p3GHz.png
H,11.3,306.0,-24.17244331635797,rad_pattern_11p3GHz.png
H,11.3,306.5,-24.53753539524369,rad_pattern_11p3GHz.png
H,11.3,307.0,-24.826604413635923,rad_pattern_11p3GHz.png
H,11.3,307.5,-25.063307945837625,rad_pattern_11p3GHz.png
H,11.3,308.0,-25.253649079241647,rad_pattern_11p3GHz.png
H,11.3,308.5,-25.385103708650615,rad_pattern_11p3GHz.png
H,11.3,309.0,-25.615230809234202,rad_pattern_11p3GHz.png
H,11.3,309.5,-25.845177734698797,rad_pattern_11p3GHz.png
H,11.3,310.0,-26.01184048713277,rad_pattern_11p3GHz.png
H,11.3,310.5,-26.18170902002857,rad_pattern_11p3GHz.png
H,11.3,311.0,-26.268910663494776,rad_pattern_11p3GHz.png
H,11.3,311.5,-26.268910663494776,rad_pattern_11p3GHz.png
H,11.3,312.0,-26.189531968554142,rad_pattern_11p3GHz.png
H,11.3,312.5,-26.10970367161995,rad_pattern_11p3GHz.png
H,11.3,313.0,-26.028007789657583,rad_pattern_11p3GHz.png
H,11.3,313.5,-25.968686141942044,rad_pattern_11p3GHz.png
H,11.3,314.0,-25.867043633481696,rad_pattern_11p3GHz.png
H,11.3,314.5,-25.602201419851863,rad_pattern_11p3GHz.png
H,11.3,315.0,-25.520605028841313,rad_pattern_11p3GHz.png
H,11.3,315.5,-25.397806311186645,rad_pattern_11p3GHz.png
H,11.3,316.0,-25.294830771064504,rad_pattern_11p3GHz.png
H,11.3,316.5,-24.800927667221103,rad_pattern_11p3GHz.png
H,11.3,317.0,-24.741621793454613,rad_pattern_11p3GHz.png
H,11.3,317.5,-24.554177139404125,rad_pattern_11p3GHz.png
H,11.3,318.0,-24.408287957595693,rad_pattern_11p3GHz.png
H,11.3,318.5,-24.19951392200265,rad_pattern_11p3GHz.png
H,11.3,319.0,-24.115228903639856,rad_pattern_11p3GHz.png
H,11.3,319.5,-23.9648770795268,rad_pattern_11p3GHz.png
H,11.3,320.0,-23.794844706529343,rad_pattern_11p3GHz.png
H,11.3,320.5,-23.713427244964777,rad_pattern_11p3GHz.png
H,11.3,321.0,-23.601715166955184,rad_pattern_11p3GHz.png
H,11.3,321.5,-23.488878162316407,rad_pattern_11p3GHz.png
H,11.3,322.0,-23.443418163127856,rad_pattern_11p3GHz.png
H,11.3,322.5,-23.415401988886224,rad_pattern_11p3GHz.png
H,11.3,323.0,-23.415401988886224,rad_pattern_11p3GHz.png
H,11.3,323.5,-23.502618997965435,rad_pattern_11p3GHz.png
H,11.3,324.0,-23.5710159394331,rad_pattern_11p3GHz.png
H,11.3,324.5,-23.749206400879213,rad_pattern_11p3GHz.png
H,11.3,325.0,-23.967365641410918,rad_pattern_11p3GHz.png
H,11.3,325.5,-24.225136042607065,rad_pattern_11p3GHz.png
H,11.3,326.0,-24.53017876401279,rad_pattern_11p3GHz.png
H,11.3,326.5,-24.891006149162465,rad_pattern_11p3GHz.png
H,11.3,327.0,-25.051076074208833,rad_pattern_11p3GHz.png
H,11.3,327.5,-25.250866524622197,rad_pattern_11p3GHz.png
H,11.3,328.0,-25.490148320871075,rad_pattern_11p3GHz.png
H,11.3,328.5,-25.560299923198357,rad_pattern_11p3GHz.png
H,11.3,329.0,-25.887599931951893,rad_pattern_11p3GHz.png
H,11.3,329.5,-26.046026271386392,rad_pattern_11p3GHz.png
H,11.3,330.0,-26.204085267186993,rad_pattern_11p3GHz.png
H,11.3,330.5,-26.322378130583278,rad_pattern_11p3GHz.png
H,11.3,331.0,-26.322378130583278,rad_pattern_11p3GHz.png
H,11.3,331.5,-26.287914873182594,rad_pattern_11p3GHz.png
H,11.3,332.0,-26.260552418909228,rad_pattern_11p3GHz.png
H,11.3,332.5,-26.14648636118964,rad_pattern_11p3GHz.png
H,11.3,333.0,-26.043509312923394,rad_pattern_11p3GHz.png
H,11.3,333.5,-25.95301657272245,rad_pattern_11p3GHz.png
H,11.3,334.0,-25.84931789467073,rad_pattern_11p3GHz.png
H,11.3,334.5,-25.745088125020402,rad_pattern_11p3GHz.png
H,11.3,335.0,-25.601994717015952,rad_pattern_11p3GHz.png
H,11.3,335.5,-25.420313451050927,rad_pattern_11p3GHz.png
H,11.3,336.0,-25.288682644523174,rad_pattern_11p3GHz.png
H,11.3,336.5,-25.129892559021975,rad_pattern_11p3GHz.png
H,11.3,337.0,-24.95903765232517,rad_pattern_11p3GHz.png
H,11.3,337.5,-24.852373405047125,rad_pattern_11p3GHz.png
H,11.3,338.0,-24.600522192692562,rad_pattern_11p3GHz.png
H,11.3,338.5,-24.4660839601469,rad_pattern_11p3GHz.png
H,11.3,339.0,-24.385219988725876,rad_pattern_11p3GHz.png
H,11.3,339.5,-24.223018296540694,rad_pattern_11p3GHz.png
H,11.3,340.0,-24.03305742830462,rad_pattern_11p3GHz.png
H,11.3,340.5,-23.896944077370758,rad_pattern_11p3GHz.png
H,11.3,341.0,-23.81509979955577,rad_pattern_11p3GHz.png
H,11.3,341.5,-23.641979823934058,rad_pattern_11p3GHz.png
H,11.3,342.0,-23.587038786598413,rad_pattern_11p3GHz.png
H,11.3,342.5,-23.494464480685544,rad_pattern_11p3GHz.png
H,11.3,343.0,-23.44770173879,rad_pattern_11p3GHz.png
H,11.3,343.5,-23.428458062563365,rad_pattern_11p3GHz.png
H,11.3,344.0,-23.33378490210391,rad_pattern_11p3GHz.png
H,11.3,344.5,-23.293809212035292,rad_pattern_11p3GHz.png
H,11.3,345.0,-23.293809212035292,rad_pattern_11p3GHz.png
H,11.3,345.5,-23.28108240950532,rad_pattern_11p3GHz.png
H,11.3,346.0,-23.225939340652033,rad_pattern_11p3GHz.png
H,11.3,346.5,-23.155293513002423,rad_pattern_11p3GHz.png
H,11.3,347.0,-23.105544212806375,rad_pattern_11p3GHz.png
H,11.3,347.5,-23.05567543640362,rad_pattern_11p3GHz.png
H,11.3,348.0,-23.017699979827597,rad_pattern_11p3GHz.png
H,11.3,348.5,-22.967098680322565,rad_pattern_11p3GHz.png
H,11.3,349.0,-22.836802055067857,rad_pattern_11p3GHz.png
H,11.3,349.5,-22.734022109531164,rad_pattern_11p3GHz.png
H,11.3,350.0,-22.71588500079888,rad_pattern_11p3GHz.png
H,11.3,350.5,-22.6117437729399,rad_pattern_11p3GHz.png
H,11.3,351.0,-22.50688395266948,rad_pattern_11p3GHz.png
H,11.3,351.5,-22.4668630860025,rad_pattern_11p3GHz.png
H,11.3,352.0,-22.458516037671444,rad_pattern_11p3GHz.png
H,11.3,352.5,-22.388863183425997,rad_pattern_11p3GHz.png
H,11.3,353.0,-22.310293461264035,rad_pattern_11p3GHz.png
H,11.3,353.5,-22.208970666749064,rad_pattern_11p3GHz.png
H,11.3,354.0,-22.100068423285975,rad_pattern_11p3GHz.png
H,11.3,354.5,-21.990607177157816,rad_pattern_11p3GHz.png
H,11.3,355.0,-21.971808856249513,rad_pattern_11p3GHz.png
H,11.3,355.5,-21.90940822755481,rad_pattern_11p3GHz.png
H,11.3,356.0,-21.836045753066536,rad_pattern_11p3GHz.png
H,11.3,356.5,-21.664731288839196,rad_pattern_11p3GHz.png
H,11.3,357.0,-21.494884563963932,rad_pattern_11p3GHz.png
H,11.3,357.5,-21.41252785560535,rad_pattern_11p3GHz.png
H,11.3,358.0,-21.300304839078915,rad_pattern_11p3GHz.png
H,11.3,358.5,-21.128713726347605,rad_pattern_11p3GHz.png
H,11.3,359.0,-21.044023628952807,rad_pattern_11p3GHz.png
H,11.3,359.5,-20.84281150659416,rad_pattern_11p3GHz.png
H,12.3,0.0,-22.95344511889298,rad_pattern_12p3GHz.png
H,12.3,0.5,-22.721979243377692,rad_pattern_12p3GHz.png
H,12.3,1.0,-22.60521486005717,rad_pattern_12p3GHz.png
H,12.3,1.5,-22.54617638426104,rad_pattern_12p3GHz.png
H,12.3,2.0,-22.22582279681976,rad_pattern_12p3GHz.png
H,12.3,2.5,-22.136998017451287,rad_pattern_12p3GHz.png
H,12.3,3.0,-22.134452770539177,rad_pattern_12p3GHz.png
H,12.3,3.5,-21.837843020708316,rad_pattern_12p3GHz.png
H,12.3,4.0,-21.836045753066536,rad_pattern_12p3GHz.png
H,12.3,4.5,-21.597166042341396,rad_pattern_12p3GHz.png
H,12.3,5.0,-21.592563000421084,rad_pattern_12p3GHz.png
H,12.3,5.5,-21.40679939391944,rad_pattern_12p3GHz.png
H,12.3,6.0,-21.340564151627174,rad_pattern_12p3GHz.png
H,12.3,6.5,-21.212841765523695,rad_pattern_12p3GHz.png
H,12.3,7.0,-21.03378742730099,rad_pattern_12p3GHz.png
H,12.3,7.5,-20.933260472134553,rad_pattern_12p3GHz.png
H,12.3,8.0,-20.80698886105344,rad_pattern_12p3GHz.png
H,12.3,8.5,-20.64747284435712,rad_pattern_12p3GHz.png
H,12.3,9.0,-20.511105479386355,rad_pattern_12p3GHz.png
H,12.3,9.5,-20.32109552839771,rad_pattern_12p3GHz.png
H,12.3,10.0,-20.19734728523964,rad_pattern_12p3GHz.png
H,12.3,10.5,-20.029509081887515,rad_pattern_12p3GHz.png
H,12.3,11.0,-19.894370665040043,rad_pattern_12p3GHz.png
H,12.3,11.5,-19.735867506891356,rad_pattern_12p3GHz.png
H,12.3,12.0,-19.59948352841295,rad_pattern_12p3GHz.png
H,12.3,12.5,-19.484408047850852,rad_pattern_12p3GHz.png
H,12.3,13.0,-19.333350807652753,rad_pattern_12p3GHz.png
H,12.3,13.5,-19.172845505626253,rad_pattern_12p3GHz.png
H,12.3,14.0,-19.033294307360375,rad_pattern_12p3GHz.png
H,12.3,14.5,-18.913949688961132,rad_pattern_12p3GHz.png
H,12.3,15.0,-18.730162575778568,rad_pattern_12p3GHz.png
H,12.3,15.5,-18.56497029006542,rad_pattern_12p3GHz.png
H,12.3,16.0,-18.382337786314014,rad_pattern_12p3GHz.png
H,12.3,16.5,-18.250594319432725,rad_pattern_12p3GHz.png
H,12.3,17.0,-18.0430483583556,rad_pattern_12p3GHz.png
H,12.3,17.5,-17.826157418254805,rad_pattern_12p3GHz.png
H,12.3,18.0,-17.60826194066324,rad_pattern_12p3GHz.png
H,12.3,18.5,-17.407718818346197,rad_pattern_12p3GHz.png
H,12.3,19.0,-17.24230673776157,rad_pattern_12p3GHz.png
H,12.3,19.5,-17.0212431724879,rad_pattern_12p3GHz.png
H,12.3,20.0,-16.826379484374144,rad_pattern_12p3GHz.png
H,12.3,20.5,-16.65781113669173,rad_pattern_12p3GHz.png
H,12.3,21.0,-16.471639605581373,rad_pattern_12p3GHz.png
H,12.3,21.5,-16.280151223619132,rad_pattern_12p3GHz.png
H,12.3,22.0,-16.11922521667693,rad_pattern_12p3GHz.png
H,12.3,22.5,-15.935663758772947,rad_pattern_12p3GHz.png
H,12.3,23.0,-15.762033207209196,rad_pattern_12p3GHz.png
H,12.3,23.5,-15.617464798082793,rad_pattern_12p3GHz.png
H,12.3,24.0,-15.453332359029396,rad_pattern_12p3GHz.png
H,12.3,24.5,-15.288678670932102,rad_pattern_12p3GHz.png
H,12.3,25.0,-15.102878418410427,rad_pattern_12p3GHz.png
H,12.3,25.5,-14.922616397438492,rad_pattern_12p3GHz.png
H,12.3,26.0,-14.756838286344209,rad_pattern_12p3GHz.png
H,12.3,26.5,-14.589537607721923,rad_pattern_12p3GHz.png
H,12.3,27.0,-14.44692323925382,rad_pattern_12p3GHz.png
H,12.3,27.5,-14.238136009402911,rad_pattern_12p3GHz.png
H,12.3,28.0,-14.041458127647324,rad_pattern_12p3GHz.png
H,12.3,28.5,-13.883229803431373,rad_pattern_12p3GHz.png
H,12.3,29.0,-13.721548411988497,rad_pattern_12p3GHz.png
H,12.3,29.5,-13.547094988192061,rad_pattern_12p3GHz.png
H,12.3,30.0,-13.371688884729647,rad_pattern_12p3GHz.png
H,12.3,30.5,-13.215752844125614,rad_pattern_12p3GHz.png
H,12.3,31.0,-13.057396040829573,rad_pattern_12p3GHz.png
H,12.3,31.5,-12.898525462222569,rad_pattern_12p3GHz.png
H,12.3,32.0,-12.72801845527055,rad_pattern_12p3GHz.png
H,12.3,32.5,-12.564794082228975,rad_pattern_12p3GHz.png
H,12.3,33.0,-12.399364894537616,rad_pattern_12p3GHz.png
H,12.3,33.5,-12.223686831424114,rad_pattern_12p3GHz.png
H,12.3,34.0,-12.04661495197492,rad_pattern_12p3GHz.png
H,12.3,34.5,-11.868188632883676,rad_pattern_12p3GHz.png
H,12.3,35.0,-11.688446066024316,rad_pattern_12p3GHz.png
H,12.3,35.5,-11.493912178133378,rad_pattern_12p3GHz.png
H,12.3,36.0,-11.312292258692334,rad_pattern_12p3GHz.png
H,12.3,36.5,-11.118341441155405,rad_pattern_12p3GHz.png
H,12.3,37.0,-10.933827106116706,rad_pattern_12p3GHz.png
H,12.3,37.5,-10.736090506623675,rad_pattern_12p3GHz.png
H,12.3,38.0,-10.54374550693727,rad_pattern_12p3GHz.png
H,12.3,38.5,-10.360541718477922,rad_pattern_12p3GHz.png
H,12.3,39.0,-10.175551886891995,rad_pattern_12p3GHz.png
H,12.3,39.5,-9.988983531544488,rad_pattern_12p3GHz.png
H,12.3,40.0,-9.804363908044316,rad_pattern_12p3GHz.png
H,12.3,40.5,-9.632884132264223,rad_pattern_12p3GHz.png
H,12.3,41.0,-9.46616807257081,rad_pattern_12p3GHz.png
H,12.3,41.5,-9.272663457130832,rad_pattern_12p3GHz.png
H,12.3,42.0,-9.120715541557477,rad_pattern_12p3GHz.png
H,12.3,42.5,-9.002122355514224,rad_pattern_12p3GHz.png
H,12.3,43.0,-8.810507988041742,rad_pattern_12p3GHz.png
H,12.3,43.5,-8.68914060197961,rad_pattern_12p3GHz.png
H,12.3,44.0,-8.531346153375733,rad_pattern_12p3GHz.png
H,12.3,44.5,-8.370771161093138,rad_pattern_12p3GHz.png
H,12.3,45.0,-8.207698438391986,rad_pattern_12p3GHz.png
H,12.3,45.5,-8.043954496260216,rad_pattern_12p3GHz.png
H,12.3,46.0,-7.897350234353148,rad_pattern_12p3GHz.png
H,12.3,46.5,-7.7480583616499565,rad_pattern_12p3GHz.png
H,12.3,47.0,-7.579250407495294,rad_pattern_12p3GHz.png
H,12.3,47.5,-7.411128605791667,rad_pattern_12p3GHz.png
H,12.3,48.0,-7.2728367775302445,rad_pattern_12p3GHz.png
H,12.3,48.5,-7.1049507967824965,rad_pattern_12p3GHz.png
H,12.3,49.0,-6.945230038506111,rad_pattern_12p3GHz.png
H,12.3,49.5,-6.789225689433316,rad_pattern_12p3GHz.png
H,12.3,50.0,-6.609882272721201,rad_pattern_12p3GHz.png
H,12.3,50.5,-6.4907135270496,rad_pattern_12p3GHz.png
H,12.3,51.0,-6.315421036137593,rad_pattern_12p3GHz.png
H,12.3,51.5,-6.166669365843873,rad_pattern_12p3GHz.png
H,12.3,52.0,-6.015697952558881,rad_pattern_12p3GHz.png
H,12.3,52.5,-5.850392320711588,rad_pattern_12p3GHz.png
H,12.3,53.0,-5.707521856233367,rad_pattern_12p3GHz.png
H,12.3,53.5,-5.568529023649251,rad_pattern_12p3GHz.png
H,12.3,54.0,-5.427288805890981,rad_pattern_12p3GHz.png
H,12.3,54.5,-5.284004521892612,rad_pattern_12p3GHz.png
H,12.3,55.0,-5.137988423410821,rad_pattern_12p3GHz.png
H,12.3,55.5,-5.013670531198603,rad_pattern_12p3GHz.png
H,12.3,56.0,-4.879162634511836,rad_pattern_12p3GHz.png
H,12.3,56.5,-4.743352087538113,rad_pattern_12p3GHz.png
H,12.3,57.0,-4.613348527666915,rad_pattern_12p3GHz.png
H,12.3,57.5,-4.4814377686156845,rad_pattern_12p3GHz.png
H,12.3,58.0,-4.36587550992995,rad_pattern_12p3GHz.png
H,12.3,58.5,-4.242217541675508,rad_pattern_12p3GHz.png
H,12.3,59.0,-4.124045265853795,rad_pattern_12p3GHz.png
H,12.3,59.5,-3.9895116765876573,rad_pattern_12p3GHz.png
H,12.3,60.0,-3.8809669647104172,rad_pattern_12p3GHz.png
H,12.3,60.5,-3.7653128731621948,rad_pattern_12p3GHz.png
H,12.3,61.0,-3.647061560312199,rad_pattern_12p3GHz.png
H,12.3,61.5,-3.5477112017935326,rad_pattern_12p3GHz.png
H,12.3,62.0,-3.425742282133399,rad_pattern_12p3GHz.png
H,12.3,62.5,-3.3021491663700147,rad_pattern_12p3GHz.png
H,12.3,63.0,-3.199270442927496,rad_pattern_12p3GHz.png
H,12.3,63.5,-3.0840843305894907,rad_pattern_12p3GHz.png
H,12.3,64.0,-2.9792392024298735,rad_pattern_12p3GHz.png
H,12.3,64.5,-2.8587391539291183,rad_pattern_12p3GHz.png
H,12.3,65.0,-2.7633045339478564,rad_pattern_12p3GHz.png
H,12.3,65.5,-2.6522938237066427,rad_pattern_12p3GHz.png
H,12.3,66.0,-2.547808315355933,rad_pattern_12p3GHz.png
H,12.3,66.5,-2.435306285312951,rad_pattern_12p3GHz.png
H,12.3,67.0,-2.3402051235580004,rad_pattern_12p3GHz.png
H,12.3,67.5,-2.235811423187961,rad_pattern_12p3GHz.png
H,12.3,68.0,-2.140935455611526,rad_pattern_12p3GHz.png
H,12.3,68.5,-2.049263628830726,rad_pattern_12p3GHz.png
H,12.3,69.0,-1.9415637414491442,rad_pattern_12p3GHz.png
H,12.3,69.5,-1.8660132911243963,rad_pattern_12p3GHz.png
H,12.3,70.0,-1.7663665792790404,rad_pattern_12p3GHz.png
H,12.3,70.5,-1.6790497749551463,rad_pattern_12p3GHz.png
H,12.3,71.0,-1.5917939094935427,rad_pattern_12p3GHz.png
H,12.3,71.5,-1.5110754091903296,rad_pattern_12p3GHz.png
H,12.3,72.0,-1.428205168844002,rad_pattern_12p3GHz.png
H,12.3,72.5,-1.3536638777940588,rad_pattern_12p3GHz.png
H,12.3,73.0,-1.2747063889832901,rad_pattern_12p3GHz.png
H,12.3,73.5,-1.2084367124581448,rad_pattern_12p3GHz.png
H,12.3,74.0,-1.1296976616920311,rad_pattern_12p3GHz.png
H,12.3,74.5,-1.0612976457638972,rad_pattern_12p3GHz.png
H,12.3,75.0,-1.01065739829615,rad_pattern_12p3GHz.png
H,12.3,75.5,-0.9444426519941658,rad_pattern_12p3GHz.png
H,12.3,76.0,-0.88199211294911,rad_pattern_12p3GHz.png
H,12.3,76.5,-0.817826448587688,rad_pattern_12p3GHz.png
H,12.3,77.0,-0.7585461037355046,rad_pattern_12p3GHz.png
H,12.3,77.5,-0.7097002072229195,rad_pattern_12p3GHz.png
H,12.3,78.0,-0.6577041048829848,rad_pattern_12p3GHz.png
H,12.3,78.5,-0.59118249151431,rad_pattern_12p3GHz.png
H,12.3,79.0,-0.5515392733245221,rad_pattern_12p3GHz.png
H,12.3,79.5,-0.5035271706451852,rad_pattern_12p3GHz.png
H,12.3,80.0,-0.45116694313152905,rad_pattern_12p3GHz.png
H,12.3,80.5,-0.4281155377140209,rad_pattern_12p3GHz.png
H,12.3,81.0,-0.36893576222223956,rad_pattern_12p3GHz.png
H,12.3,81.5,-0.32490173790193566,rad_pattern_12p3GHz.png
H,12.3,82.0,-0.30546815865514887,rad_pattern_12p3GHz.png
H,12.3,82.5,-0.24515374641183385,rad_pattern_12p3GHz.png
H,12.3,83.0,-0.2377138986314371,rad_pattern_12p3GHz.png
H,12.3,83.5,-0.18243695225184453,rad_pattern_12p3GHz.png
H,12.3,84.0,-0.18159041858600844,rad_pattern_12p3GHz.png
H,12.3,84.5,-0.13248776623581549,rad_pattern_12p3GHz.png
H,12.3,85.0,-0.12712527966755616,rad_pattern_12p3GHz.png
H,12.3,85.5,-0.10705175987716586,rad_pattern_12p3GHz.png
H,12.3,86.0,-0.08262019925354736,rad_pattern_12p3GHz.png
H,12.3,86.5,-0.07300592170654951,rad_pattern_12p3GHz.png
H,12.3,87.0,-0.04369027369842726,rad_pattern_12p3GHz.png
H,12.3,87.5,-0.0402356482659485,rad_pattern_12p3GHz.png
H,12.3,88.0,-0.029923948180098137,rad_pattern_12p3GHz.png
H,12.3,88.5,-0.023016965286878133,rad_pattern_12p3GHz.png
H,12.3,89.0,-0.020290656985810784,rad_pattern_12p3GHz.png
H,12.3,89.5,-0.0011450184857615398,rad_pattern_12p3GHz.png
H,12.3,90.0,0.0,rad_pattern_12p3GHz.png
H,12.3,90.5,-0.0011450184857615398,rad_pattern_12p3GHz.png
H,12.3,91.0,-0.020290656985810784,rad_pattern_12p3GHz.png
H,12.3,91.5,-0.023016965286878133,rad_pattern_12p3GHz.png
H,12.3,92.0,-0.029923948180098137,rad_pattern_12p3GHz.png
H,12.3,92.5,-0.0402356482659485,rad_pattern_12p3GHz.png
H,12.3,93.0,-0.04369027369842726,rad_pattern_12p3GHz.png
H,12.3,93.5,-0.07300592170654951,rad_pattern_12p3GHz.png
H,12.3,94.0,-0.08262019925354736,rad_pattern_12p3GHz.png
H,12.3,94.5,-0.10705175987716586,rad_pattern_12p3GHz.png
H,12.3,95.0,-0.12712527966755616,rad_pattern_12p3GHz.png
H,12.3,95.5,-0.13248776623581549,rad_pattern_12p3GHz.png
H,12.3,96.0,-0.18159041858600844,rad_pattern_12p3GHz.png
H,12.3,96.5,-0.18243695225184453,rad_pattern_12p3GHz.png
H,12.3,97.0,-0.2377138986314371,rad_pattern_12p3GHz.png
H,12.3,97.5,-0.24515374641183385,rad_pattern_12p3GHz.png
H,12.3,98.0,-0.30546815865514887,rad_pattern_12p3GHz.png
H,12.3,98.5,-0.32490173790193566,rad_pattern_12p3GHz.png
H,12.3,99.0,-0.36893576222223956,rad_pattern_12p3GHz.png
H,12.3,99.5,-0.4281155377140209,rad_pattern_12p3GHz.png
H,12.3,100.0,-0.45116694313152905,rad_pattern_12p3GHz.png
H,12.3,100.5,-0.5035271706451852,rad_pattern_12p3GHz.png
H,12.3,101.0,-0.5515392733245221,rad_pattern_12p3GHz.png
H,12.3,101.5,-0.59118249151431,rad_pattern_12p3GHz.png
H,12.3,102.0,-0.6577041048829848,rad_pattern_12p3GHz.png
H,12.3,102.5,-0.7097002072229195,rad_pattern_12p3GHz.png
H,12.3,103.0,-0.7585461037355046,rad_pattern_12p3GHz.png
H,12.3,103.5,-0.817826448587688,rad_pattern_12p3GHz.png
H,12.3,104.0,-0.88199211294911,rad_pattern_12p3GHz.png
H,12.3,104.5,-0.9444426519941658,rad_pattern_12p3GHz.png
H,12.3,105.0,-1.01065739829615,rad_pattern_12p3GHz.png
H,12.3,105.5,-1.0612976457638972,rad_pattern_12p3GHz.png
H,12.3,106.0,-1.1296976616920311,rad_pattern_12p3GHz.png
H,12.3,106.5,-1.2084367124581448,rad_pattern_12p3GHz.png
H,12.3,107.0,-1.2747063889832901,rad_pattern_12p3GHz.png
H,12.3,107.5,-1.3536638777940588,rad_pattern_12p3GHz.png
H,12.3,108.0,-1.428205168844002,rad_pattern_12p3GHz.png
H,12.3,108.5,-1.5110754091903296,rad_pattern_12p3GHz.png
H,12.3,109.0,-1.5917939094935427,rad_pattern_12p3GHz.png
H,12.3,109.5,-1.6790497749551463,rad_pattern_12p3GHz.png
H,12.3,110.0,-1.7663665792790404,rad_pattern_12p3GHz.png
H,12.3,110.5,-1.8660132911243963,rad_pattern_12p3GHz.png
H,12.3,111.0,-1.9415637414491442,rad_pattern_12p3GHz.png
H,12.3,111.5,-2.049263628830726,rad_pattern_12p3GHz.png
H,12.3,112.0,-2.140935455611526,rad_pattern_12p3GHz.png
H,12.3,112.5,-2.235811423187961,rad_pattern_12p3GHz.png
H,12.3,113.0,-2.3402051235580004,rad_pattern_12p3GHz.png
H,12.3,113.5,-2.435306285312951,rad_pattern_12p3GHz.png
H,12.3,114.0,-2.547808315355933,rad_pattern_12p3GHz.png
H,12.3,114.5,-2.6522938237066427,rad_pattern_12p3GHz.png
H,12.3,115.0,-2.7633045339478564,rad_pattern_12p3GHz.png
H,12.3,115.5,-2.8587391539291183,rad_pattern_12p3GHz.png
H,12.3,116.0,-2.9792392024298735,rad_pattern_12p3GHz.png
H,12.3,116.5,-3.0840843305894907,rad_pattern_12p3GHz.png
H,12.3,117.0,-3.199270442927496,rad_pattern_12p3GHz.png
H,12.3,117.5,-3.3021491663700147,rad_pattern_12p3GHz.png
H,12.3,118.0,-3.425742282133399,rad_pattern_12p3GHz.png
H,12.3,118.5,-3.5477112017935326,rad_pattern_12p3GHz.png
H,12.3,119.0,-3.647061560312199,rad_pattern_12p3GHz.png
H,12.3,119.5,-3.7653128731621948,rad_pattern_12p3GHz.png
H,12.3,120.0,-3.8809669647104172,rad_pattern_12p3GHz.png
H,12.3,120.5,-3.9895116765876573,rad_pattern_12p3GHz.png
H,12.3,121.0,-4.124045265853795,rad_pattern_12p3GHz.png
H,12.3,121.5,-4.242217541675508,rad_pattern_12p3GHz.png
H,12.3,122.0,-4.36587550992995,rad_pattern_12p3GHz.png
H,12.3,122.5,-4.4814377686156845,rad_pattern_12p3GHz.png
H,12.3,123.0,-4.613348527666915,rad_pattern_12p3GHz.png
H,12.3,123.5,-4.743352087538113,rad_pattern_12p3GHz.png
H,12.3,124.0,-4.879162634511836,rad_pattern_12p3GHz.png
H,12.3,124.5,-5.013670531198603,rad_pattern_12p3GHz.png
H,12.3,125.0,-5.137988423410821,rad_pattern_12p3GHz.png
H,12.3,125.5,-5.284004521892612,rad_pattern_12p3GHz.png
H,12.3,126.0,-5.427288805890981,rad_pattern_12p3GHz.png
H,12.3,126.5,-5.568529023649251,rad_pattern_12p3GHz.png
H,12.3,127.0,-5.707521856233367,rad_pattern_12p3GHz.png
H,12.3,127.5,-5.850392320711588,rad_pattern_12p3GHz.png
H,12.3,128.0,-6.015697952558881,rad_pattern_12p3GHz.png
H,12.3,128.5,-6.166669365843873,rad_pattern_12p3GHz.png
H,12.3,129.0,-6.315421036137593,rad_pattern_12p3GHz.png
H,12.3,129.5,-6.4907135270496,rad_pattern_12p3GHz.png
H,12.3,130.0,-6.609882272721201,rad_pattern_12p3GHz.png
H,12.3,130.5,-6.789225689433316,rad_pattern_12p3GHz.png
H,12.3,131.0,-6.945230038506111,rad_pattern_12p3GHz.png
H,12.3,131.5,-7.1049507967824965,rad_pattern_12p3GHz.png
H,12.3,132.0,-7.2728367775302445,rad_pattern_12p3GHz.png
H,12.3,132.5,-7.411128605791667,rad_pattern_12p3GHz.png
H,12.3,133.0,-7.579250407495294,rad_pattern_12p3GHz.png
H,12.3,133.5,-7.7480583616499565,rad_pattern_12p3GHz.png
H,12.3,134.0,-7.897350234353148,rad_pattern_12p3GHz.png
H,12.3,134.5,-8.043954496260216,rad_pattern_12p3GHz.png
H,12.3,135.0,-8.207698438391986,rad_pattern_12p3GHz.png
H,12.3,135.5,-8.370771161093138,rad_pattern_12p3GHz.png
H,12.3,136.0,-8.531346153375733,rad_pattern_12p3GHz.png
H,12.3,136.5,-8.68914060197961,rad_pattern_12p3GHz.png
H,12.3,137.0,-8.810507988041742,rad_pattern_12p3GHz.png
H,12.3,137.5,-9.002122355514224,rad_pattern_12p3GHz.png
H,12.3,138.0,-9.120715541557477,rad_pattern_12p3GHz.png
H,12.3,138.5,-9.272663457130832,rad_pattern_12p3GHz.png
H,12.3,139.0,-9.46616807257081,rad_pattern_12p3GHz.png
H,12.3,139.5,-9.632884132264223,rad_pattern_12p3GHz.png
H,12.3,140.0,-9.804363908044316,rad_pattern_12p3GHz.png
H,12.3,140.5,-9.988983531544488,rad_pattern_12p3GHz.png
H,12.3,141.0,-10.175551886891995,rad_pattern_12p3GHz.png
H,12.3,141.5,-10.360541718477922,rad_pattern_12p3GHz.png
H,12.3,142.0,-10.54374550693727,rad_pattern_12p3GHz.png
H,12.3,142.5,-10.736090506623675,rad_pattern_12p3GHz.png
H,12.3,143.0,-10.933827106116706,rad_pattern_12p3GHz.png
H,12.3,143.5,-11.118341441155405,rad_pattern_12p3GHz.png
H,12.3,144.0,-11.312292258692334,rad_pattern_12p3GHz.png
H,12.3,144.5,-11.493912178133378,rad_pattern_12p3GHz.png
H,12.3,145.0,-11.688446066024316,rad_pattern_12p3GHz.png
H,12.3,145.5,-11.868188632883676,rad_pattern_12p3GHz.png
H,12.3,146.0,-12.04661495197492,rad_pattern_12p3GHz.png
H,12.3,146.5,-12.223686831424114,rad_pattern_12p3GHz.png
H,12.3,147.0,-12.399364894537616,rad_pattern_12p3GHz.png
H,12.3,147.5,-12.564794082228975,rad_pattern_12p3GHz.png
H,12.3,148.0,-12.72801845527055,rad_pattern_12p3GHz.png
H,12.3,148.5,-12.898525462222569,rad_pattern_12p3GHz.png
H,12.3,149.0,-13.057396040829573,rad_pattern_12p3GHz.png
H,12.3,149.5,-13.215752844125614,rad_pattern_12p3GHz.png
H,12.3,150.0,-13.371688884729647,rad_pattern_12p3GHz.png
H,12.3,150.5,-13.547094988192061,rad_pattern_12p3GHz.png
H,12.3,151.0,-13.710168101190046,rad_pattern_12p3GHz.png
H,12.3,151.5,-13.883229803431373,rad_pattern_12p3GHz.png
H,12.3,152.0,-14.041458127647324,rad_pattern_12p3GHz.png
H,12.3,152.5,-14.238136009402911,rad_pattern_12p3GHz.png
H,12.3,153.0,-14.459953711603397,rad_pattern_12p3GHz.png
H,12.3,153.5,-14.64126830651529,rad_pattern_12p3GHz.png
H,12.3,154.0,-14.88610667970624,rad_pattern_12p3GHz.png
H,12.3,154.5,-15.105240186864338,rad_pattern_12p3GHz.png
H,12.3,155.0,-15.321306004053222,rad_pattern_12p3GHz.png
H,12.3,155.5,-15.535146279351189,rad_pattern_12p3GHz.png
H,12.3,156.0,-15.734983582418646,rad_pattern_12p3GHz.png
H,12.3,156.5,-15.910220704145125,rad_pattern_12p3GHz.png
H,12.3,157.0,-16.19354970868741,rad_pattern_12p3GHz.png
H,12.3,157.5,-16.29083897985869,rad_pattern_12p3GHz.png
H,12.3,158.0,-16.29083897985869,rad_pattern_12p3GHz.png
H,12.3,158.5,-16.40893068681165,rad_pattern_12p3GHz.png
H,12.3,159.0,-16.610544694876562,rad_pattern_12p3GHz.png
H,12.3,159.5,-16.79322262766648,rad_pattern_12p3GHz.png
H,12.3,160.0,-16.982121382699496,rad_pattern_12p3GHz.png
H,12.3,160.5,-17.21365591050134,rad_pattern_12p3GHz.png
H,12.3,161.0,-17.599389041338096,rad_pattern_12p3GHz.png
H,12.3,161.5,-18.88858674505035,rad_pattern_12p3GHz.png
H,12.3,162.0,-19.069537141377698,rad_pattern_12p3GHz.png
H,12.3,162.5,-19.144394151682395,rad_pattern_12p3GHz.png
H,12.3,163.0,-19.27790030777121,rad_pattern_12p3GHz.png
H,12.3,163.5,-21.19351786385212,rad_pattern_12p3GHz.png
H,12.3,164.0,-21.19351786385212,rad_pattern_12p3GHz.png
H,12.3,164.5,-19.406750433273054,rad_pattern_12p3GHz.png
H,12.3,165.0,-19.3202383638942,rad_pattern_12p3GHz.png
H,12.3,165.5,-19.3202383638942,rad_pattern_12p3GHz.png
H,12.3,166.0,-19.34883701348732,rad_pattern_12p3GHz.png
H,12.3,166.5,-19.40445314941984,rad_pattern_12p3GHz.png
H,12.3,167.0,-19.48072696584595,rad_pattern_12p3GHz.png
H,12.3,167.5,-19.61927433902172,rad_pattern_12p3GHz.png
H,12.3,168.0,-19.734896806873095,rad_pattern_12p3GHz.png
H,12.3,168.5,-19.815110587665007,rad_pattern_12p3GHz.png
H,12.3,169.0,-19.91724347457685,rad_pattern_12p3GHz.png
H,12.3,169.5,-20.00109902115936,rad_pattern_12p3GHz.png
H,12.3,170.0,-20.140381353359107,rad_pattern_12p3GHz.png
H,12.3,170.5,-20.2688338001548,rad_pattern_12p3GHz.png
H,12.3,171.0,-20.429956949280456,rad_pattern_12p3GHz.png
H,12.3,171.5,-20.594511488654362,rad_pattern_12p3GHz.png
H,12.3,172.0,-20.77836906014868,rad_pattern_12p3GHz.png
H,12.3,172.5,-20.904601133310905,rad_pattern_12p3GHz.png
H,12.3,173.0,-21.058909617508913,rad_pattern_12p3GHz.png
H,12.3,173.5,-21.32767757811367,rad_pattern_12p3GHz.png
H,12.3,174.0,-21.435561091943537,rad_pattern_12p3GHz.png
H,12.3,174.5,-21.435561091943537,rad_pattern_12p3GHz.png
H,12.3,175.0,-20.425605340923404,rad_pattern_12p3GHz.png
H,12.3,175.5,-20.08956371802542,rad_pattern_12p3GHz.png
H,12.3,176.0,-19.951597603923037,rad_pattern_12p3GHz.png
H,12.3,176.5,-19.951597603923037,rad_pattern_12p3GHz.png
H,12.3,177.0,-22.134452770539177,rad_pattern_12p3GHz.png
H,12.3,177.5,-22.136998017451287,rad_pattern_12p3GHz.png
H,12.3,178.0,-22.22582279681976,rad_pattern_12p3GHz.png
H,12.3,178.5,-22.54617638426104,rad_pattern_12p3GHz.png
H,12.3,179.0,-22.60521486005717,rad_pattern_12p3GHz.png
H,12.3,179.5,-22.721979243377692,rad_pattern_12p3GHz.png
H,12.3,180.0,-22.924538163156754,rad_pattern_12p3GHz.png
H,12.3,180.5,-23.097759233789994,rad_pattern_12p3GHz.png
H,12.3,181.0,-23.154904403725315,rad_pattern_12p3GHz.png
H,12.3,181.5,-23.296701940334817,rad_pattern_12p3GHz.png
H,12.3,182.0,-23.440120024205115,rad_pattern_12p3GHz.png
H,12.3,182.5,-23.583501221374366,rad_pattern_12p3GHz.png
H,12.3,183.0,-23.754136989371002,rad_pattern_12p3GHz.png
H,12.3,183.5,-23.924134277556956,rad_pattern_12p3GHz.png
H,12.3,184.0,-24.093443585646753,rad_pattern_12p3GHz.png
H,12.3,184.5,-24.29082107660782,rad_pattern_12p3GHz.png
H,12.3,185.0,-24.374728240874354,rad_pattern_12p3GHz.png
H,12.3,185.5,-24.487337611410688,rad_pattern_12p3GHz.png
H,12.3,186.0,-24.596669547583975,rad_pattern_12p3GHz.png
H,12.3,186.5,-24.79461308045541,rad_pattern_12p3GHz.png
H,12.3,187.0,-24.84873290269077,rad_pattern_12p3GHz.png
H,12.3,187.5,-25.013512063110003,rad_pattern_12p3GHz.png
H,12.3,188.0,-25.18536833150683,rad_pattern_12p3GHz.png
H,12.3,188.5,-25.234325936408922,rad_pattern_12p3GHz.png
H,12.3,189.0,-25.519994725716742,rad_pattern_12p3GHz.png
H,12.3,189.5,-25.53909110854004,rad_pattern_12p3GHz.png
H,12.3,190.0,-25.62454141112111,rad_pattern_12p3GHz.png
H,12.3,190.5,-25.823758446806714,rad_pattern_12p3GHz.png
H,12.3,191.0,-25.869827170619118,rad_pattern_12p3GHz.png
H,12.3,191.5,-25.9832362710504,rad_pattern_12p3GHz.png
H,12.3,192.0,-26.140949920367838,rad_pattern_12p3GHz.png
H,12.3,192.5,-26.153139044732082,rad_pattern_12p3GHz.png
H,12.3,193.0,-26.281926152391474,rad_pattern_12p3GHz.png
H,12.3,193.5,-26.408928855822495,rad_pattern_12p3GHz.png
H,12.3,194.0,-26.45078542840158,rad_pattern_12p3GHz.png
H,12.3,194.5,-26.52096205368228,rad_pattern_12p3GHz.png
H,12.3,195.0,-26.617511255982507,rad_pattern_12p3GHz.png
H,12.3,195.5,-26.632792623389015,rad_pattern_12p3GHz.png
H,12.3,196.0,-26.645321542143,rad_pattern_12p3GHz.png
H,12.3,196.5,-26.767450647093366,rad_pattern_12p3GHz.png
H,12.3,197.0,-26.784180964091178,rad_pattern_12p3GHz.png
H,12.3,197.5,-26.850184580372172,rad_pattern_12p3GHz.png
H,12.3,198.0,-26.987694599035397,rad_pattern_12p3GHz.png
H,12.3,198.5,-27.015118059436837,rad_pattern_12p3GHz.png
H,12.3,199.0,-27.033218186423984,rad_pattern_12p3GHz.png
H,12.3,199.5,-27.078175854051672,rad_pattern_12p3GHz.png
H,12.3,200.0,-27.18678515991924,rad_pattern_12p3GHz.png
H,12.3,200.5,-27.19674254918038,rad_pattern_12p3GHz.png
H,12.3,201.0,-27.20357097835699,rad_pattern_12p3GHz.png
H,12.3,201.5,-27.220034313850917,rad_pattern_12p3GHz.png
H,12.3,202.0,-27.27371291929802,rad_pattern_12p3GHz.png
H,12.3,202.5,-27.27824659845703,rad_pattern_12p3GHz.png
H,12.3,203.0,-27.27824659845703,rad_pattern_12p3GHz.png
H,12.3,203.5,-27.266801178729384,rad_pattern_12p3GHz.png
H,12.3,204.0,-27.190593055647007,rad_pattern_12p3GHz.png
H,12.3,204.5,-27.152425296541622,rad_pattern_12p3GHz.png
H,12.3,205.0,-27.152425296541622,rad_pattern_12p3GHz.png
H,12.3,205.5,-27.168012411039683,rad_pattern_12p3GHz.png
H,12.3,206.0,-27.168012411039683,rad_pattern_12p3GHz.png
H,12.3,206.5,-27.168012411039683,rad_pattern_12p3GHz.png
H,12.3,207.0,-27.16810892896675,rad_pattern_12p3GHz.png
H,12.3,207.5,-27.284154489501013,rad_pattern_12p3GHz.png
H,12.3,208.0,-27.284154489501013,rad_pattern_12p3GHz.png
H,12.3,208.5,-27.282577636026584,rad_pattern_12p3GHz.png
H,12.3,209.0,-27.282577636026584,rad_pattern_12p3GHz.png
H,12.3,209.5,-27.44824813310067,rad_pattern_12p3GHz.png
H,12.3,210.0,-27.483832135331824,rad_pattern_12p3GHz.png
H,12.3,210.5,-27.49841127361233,rad_pattern_12p3GHz.png
H,12.3,211.0,-27.597930720481497,rad_pattern_12p3GHz.png
H,12.3,211.5,-27.662361828412653,rad_pattern_12p3GHz.png
H,12.3,212.0,-27.711637306925322,rad_pattern_12p3GHz.png
H,12.3,212.5,-27.824882846099364,rad_pattern_12p3GHz.png
H,12.3,213.0,-27.91344821893857,rad_pattern_12p3GHz.png
H,12.3,213.5,-28.065964522351702,rad_pattern_12p3GHz.png
H,12.3,214.0,-28.065964522351702,rad_pattern_12p3GHz.png
H,12.3,214.5,-28.089966685379466,rad_pattern_12p3GHz.png
H,12.3,215.0,-28.184929668727083,rad_pattern_12p3GHz.png
H,12.3,215.5,-28.184929668727083,rad_pattern_12p3GHz.png
H,12.3,216.0,-28.184929668727083,rad_pattern_12p3GHz.png
H,12.3,216.5,-28.214504259412887,rad_pattern_12p3GHz.png
H,12.3,217.0,-28.214504259412887,rad_pattern_12p3GHz.png
H,12.3,217.5,-28.09304351703152,rad_pattern_12p3GHz.png
H,12.3,218.0,-27.890363869553656,rad_pattern_12p3GHz.png
H,12.3,218.5,-27.646847957918222,rad_pattern_12p3GHz.png
H,12.3,219.0,-27.40306754289479,rad_pattern_12p3GHz.png
H,12.3,219.5,-27.325754848940324,rad_pattern_12p3GHz.png
H,12.3,220.0,-27.20360895055203,rad_pattern_12p3GHz.png
H,12.3,220.5,-27.08469157928071,rad_pattern_12p3GHz.png
H,12.3,221.0,-27.043923317367984,rad_pattern_12p3GHz.png
H,12.3,221.5,-26.924275096793526,rad_pattern_12p3GHz.png
H,12.3,222.0,-26.88567385704798,rad_pattern_12p3GHz.png
H,12.3,222.5,-26.84484051812959,rad_pattern_12p3GHz.png
H,12.3,223.0,-26.764883111339305,rad_pattern_12p3GHz.png
H,12.3,223.5,-26.27574851727172,rad_pattern_12p3GHz.png
H,12.3,224.0,-25.948785947976145,rad_pattern_12p3GHz.png
H,12.3,224.5,-25.86773936655807,rad_pattern_12p3GHz.png
H,12.3,225.0,-25.581597109066053,rad_pattern_12p3GHz.png
H,12.3,225.5,-25.581597109066053,rad_pattern_12p3GHz.png
H,12.3,226.0,-25.661684102988104,rad_pattern_12p3GHz.png
H,12.3,226.5,-25.703556980578906,rad_pattern_12p3GHz.png
H,12.3,227.0,-25.926586099756282,rad_pattern_12p3GHz.png
H,12.3,227.5,-25.985375530918912,rad_pattern_12p3GHz.png
H,12.3,228.0,-25.985375530918912,rad_pattern_12p3GHz.png
H,12.3,228.5,-26.105675665945395,rad_pattern_12p3GHz.png
H,12.3,229.0,-26.347812563157916,rad_pattern_12p3GHz.png
H,12.3,229.5,-26.385468520164682,rad_pattern_12p3GHz.png
H,12.3,230.0,-26.463380939602942,rad_pattern_12p3GHz.png
H,12.3,230.5,-26.626177380707063,rad_pattern_12p3GHz.png
H,12.3,231.0,-26.743977726716842,rad_pattern_12p3GHz.png
H,12.3,231.5,-26.784608271508368,rad_pattern_12p3GHz.png
H,12.3,232.0,-26.94215686756395,rad_pattern_12p3GHz.png
H,12.3,232.5,-27.017754047867754,rad_pattern_12p3GHz.png
H,12.3,233.0,-27.017754047867754,rad_pattern_12p3GHz.png
H,12.3,233.5,-26.9713940257835,rad_pattern_12p3GHz.png
H,12.3,234.0,-26.884349797164848,rad_pattern_12p3GHz.png
H,12.3,234.5,-26.756763690570835,rad_pattern_12p3GHz.png
H,12.3,235.0,-26.685970584968057,rad_pattern_12p3GHz.png
H,12.3,235.5,-26.61462666146107,rad_pattern_12p3GHz.png
H,12.3,236.0,-26.526595424551235,rad_pattern_12p3GHz.png
H,12.3,236.5,-26.47013762729446,rad_pattern_12p3GHz.png
H,12.3,237.0,-26.334180683021994,rad_pattern_12p3GHz.png
H,12.3,237.5,-26.31726194257795,rad_pattern_12p3GHz.png
H,12.3,238.0,-25.955868577122562,rad_pattern_12p3GHz.png
H,12.3,238.5,-25.857661078327208,rad_pattern_12p3GHz.png
H,12.3,239.0,-25.75869529770138,rad_pattern_12p3GHz.png
H,12.3,239.5,-25.708942214716007,rad_pattern_12p3GHz.png
H,12.3,240.0,-25.608922216299156,rad_pattern_12p3GHz.png
H,12.3,240.5,-25.558665352521057,rad_pattern_12p3GHz.png
H,12.3,241.0,-25.41839215554189,rad_pattern_12p3GHz.png
H,12.3,241.5,-25.38153257019266,rad_pattern_12p3GHz.png
H,12.3,242.0,-25.330599510680972,rad_pattern_12p3GHz.png
H,12.3,242.5,-25.228320949858922,rad_pattern_12p3GHz.png
H,12.3,243.0,-25.125517838818737,rad_pattern_12p3GHz.png
H,12.3,243.5,-25.04810343022142,rad_pattern_12p3GHz.png
H,12.3,244.0,-25.021715801813187,rad_pattern_12p3GHz.png
H,12.3,244.5,-24.904913558242608,rad_pattern_12p3GHz.png
H,12.3,245.0,-24.838827753288495,rad_pattern_12p3GHz.png
H,12.3,245.5,-24.760076844779597,rad_pattern_12p3GHz.png
H,12.3,246.0,-24.654718240049647,rad_pattern_12p3GHz.png
H,12.3,246.5,-24.625071413173266,rad_pattern_12p3GHz.png
H,12.3,247.0,-24.594469132687237,rad_pattern_12p3GHz.png
H,12.3,247.5,-24.5719606466952,rad_pattern_12p3GHz.png
H,12.3,248.0,-24.562925758015307,rad_pattern_12p3GHz.png
H,12.3,248.5,-24.55737917540628,rad_pattern_12p3GHz.png
H,12.3,249.0,-24.55737917540628,rad_pattern_12p3GHz.png
H,12.3,249.5,-24.571412696762255,rad_pattern_12p3GHz.png
H,12.3,250.0,-24.618364637224136,rad_pattern_12p3GHz.png
H,12.3,250.5,-24.665003994670794,rad_pattern_12p3GHz.png
H,12.3,251.0,-24.711291853463752,rad_pattern_12p3GHz.png
H,12.3,251.5,-24.757250459661652,rad_pattern_12p3GHz.png
H,12.3,252.0,-24.866742063216222,rad_pattern_12p3GHz.png
H,12.3,252.5,-24.975758254867532,rad_pattern_12p3GHz.png
H,12.3,253.0,-25.04810343022142,rad_pattern_12p3GHz.png
H,12.3,253.5,-25.2752008431472,rad_pattern_12p3GHz.png
H,12.3,254.0,-25.47396813418639,rad_pattern_12p3GHz.png
H,12.3,254.5,-25.75563471991267,rad_pattern_12p3GHz.png
H,12.3,255.0,-25.973577125292937,rad_pattern_12p3GHz.png
H,12.3,255.5,-26.24732685619698,rad_pattern_12p3GHz.png
H,12.3,256.0,-26.85761069978651,rad_pattern_12p3GHz.png
H,12.3,256.5,-26.955616325325124,rad_pattern_12p3GHz.png
H,12.3,257.0,-26.96225851022569,rad_pattern_12p3GHz.png
H,12.3,257.5,-27.08783368936511,rad_pattern_12p3GHz.png
H,12.3,258.0,-27.309809100938,rad_pattern_12p3GHz.png
H,12.3,258.5,-27.332238786885068,rad_pattern_12p3GHz.png
H,12.3,259.0,-27.54791179495967,rad_pattern_12p3GHz.png
H,12.3,259.5,-27.72919225700942,rad_pattern_12p3GHz.png
H,12.3,260.0,-27.910269230973512,rad_pattern_12p3GHz.png
H,12.3,260.5,-28.00556806530071,rad_pattern_12p3GHz.png
H,12.3,261.0,-28.095778550640887,rad_pattern_12p3GHz.png
H,12.3,261.5,-28.185936414918153,rad_pattern_12p3GHz.png
H,12.3,262.0,-28.39454871786008,rad_pattern_12p3GHz.png
H,12.3,262.5,-28.545414651209676,rad_pattern_12p3GHz.png
H,12.3,263.0,-28.631459212352762,rad_pattern_12p3GHz.png
H,12.3,263.5,-28.81052408803395,rad_pattern_12p3GHz.png
H,12.3,264.0,-28.8679843070635,rad_pattern_12p3GHz.png
H,12.3,264.5,-29.04637314238039,rad_pattern_12p3GHz.png
H,12.3,265.0,-29.04637314238039,rad_pattern_12p3GHz.png
H,12.3,265.5,-29.04637314238039,rad_pattern_12p3GHz.png
H,12.3,266.0,-29.2525081321379,rad_pattern_12p3GHz.png
H,12.3,266.5,-29.2525081321379,rad_pattern_12p3GHz.png
H,12.3,267.0,-29.2525081321379,rad_pattern_12p3GHz.png
H,12.3,267.5,-29.832801744123678,rad_pattern_12p3GHz.png
H,12.3,268.0,-29.832801744123678,rad_pattern_12p3GHz.png
H,12.3,268.5,-29.54386024207301,rad_pattern_12p3GHz.png
H,12.3,269.0,-29.283767343669673,rad_pattern_12p3GHz.png
H,12.3,269.5,-29.283767343669673,rad_pattern_12p3GHz.png
H,12.3,270.0,-29.283767343669673,rad_pattern_12p3GHz.png
H,12.3,270.5,-29.283767343669673,rad_pattern_12p3GHz.png
H,12.3,271.0,-29.283767343669673,rad_pattern_12p3GHz.png
H,12.3,271.5,-29.54386024207301,rad_pattern_12p3GHz.png
H,12.3,272.0,-29.832801744123678,rad_pattern_12p3GHz.png
H,12.3,272.5,-29.832801744123678,rad_pattern_12p3GHz.png
H,12.3,273.0,-29.2525081321379,rad_pattern_12p3GHz.png
H,12.3,273.5,-29.2525081321379,rad_pattern_12p3GHz.png
H,12.3,274.0,-29.2525081321379,rad_pattern_12p3GHz.png
H,12.3,274.5,-29.04637314238039,rad_pattern_12p3GHz.png
H,12.3,275.0,-29.04637314238039,rad_pattern_12p3GHz.png
H,12.3,275.5,-29.04637314238039,rad_pattern_12p3GHz.png
H,12.3,276.0,-28.8679843070635,rad_pattern_12p3GHz.png
H,12.3,276.5,-28.81052408803395,rad_pattern_12p3GHz.png
H,12.3,277.0,-28.631459212352762,rad_pattern_12p3GHz.png
H,12.3,277.5,-28.545414651209676,rad_pattern_12p3GHz.png
H,12.3,278.0,-28.39454871786008,rad_pattern_12p3GHz.png
H,12.3,278.5,-28.185936414918153,rad_pattern_12p3GHz.png
H,12.3,279.0,-28.095778550640887,rad_pattern_12p3GHz.png
H,12.3,279.5,-28.00556806530071,rad_pattern_12p3GHz.png
H,12.3,280.0,-27.910269230973512,rad_pattern_12p3GHz.png
H,12.3,280.5,-27.72919225700942,rad_pattern_12p3GHz.png
H,12.3,281.0,-27.54791179495967,rad_pattern_12p3GHz.png
H,12.3,281.5,-27.332238786885068,rad_pattern_12p3GHz.png
H,12.3,282.0,-27.309809100938,rad_pattern_12p3GHz.png
H,12.3,282.5,-27.08783368936511,rad_pattern_12p3GHz.png
H,12.3,283.0,-26.96225851022569,rad_pattern_12p3GHz.png
H,12.3,283.5,-26.955616325325124,rad_pattern_12p3GHz.png
H,12.3,284.0,-26.85761069978651,rad_pattern_12p3GHz.png
H,12.3,284.5,-26.24732685619698,rad_pattern_12p3GHz.png
H,12.3,285.0,-25.973577125292937,rad_pattern_12p3GHz.png
H,12.3,285.5,-25.75563471991267,rad_pattern_12p3GHz.png
H,12.3,286.0,-25.47396813418639,rad_pattern_12p3GHz.png
H,12.3,286.5,-25.2752008431472,rad_pattern_12p3GHz.png
H,12.3,287.0,-25.04810343022142,rad_pattern_12p3GHz.png
H,12.3,287.5,-24.94816457905846,rad_pattern_12p3GHz.png
H,12.3,288.0,-24.830322606052164,rad_pattern_12p3GHz.png
H,12.3,288.5,-24.757250459661652,rad_pattern_12p3GHz.png
H,12.3,289.0,-24.711291853463752,rad_pattern_12p3GHz.png
H,12.3,289.5,-24.665003994670794,rad_pattern_12p3GHz.png
H,12.3,290.0,-24.618364637224136,rad_pattern_12p3GHz.png
H,12.3,290.5,-24.571412696762255,rad_pattern_12p3GHz.png
H,12.3,291.0,-24.55737917540628,rad_pattern_12p3GHz.png
H,12.3,291.5,-24.55737917540628,rad_pattern_12p3GHz.png
H,12.3,292.0,-24.562925758015307,rad_pattern_12p3GHz.png
H,12.3,292.5,-24.5719606466952,rad_pattern_12p3GHz.png
H,12.3,293.0,-24.594469132687237,rad_pattern_12p3GHz.png
H,12.3,293.5,-24.625071413173266,rad_pattern_12p3GHz.png
H,12.3,294.0,-24.654718240049647,rad_pattern_12p3GHz.png
H,12.3,294.5,-24.760076844779597,rad_pattern_12p3GHz.png
H,12.3,295.0,-24.838827753288495,rad_pattern_12p3GHz.png
H,12.3,295.5,-24.904913558242608,rad_pattern_12p3GHz.png
H,12.3,296.0,-25.021715801813187,rad_pattern_12p3GHz.png
H,12.3,296.5,-25.04810343022142,rad_pattern_12p3GHz.png
H,12.3,297.0,-25.125517838818737,rad_pattern_12p3GHz.png
H,12.3,297.5,-25.228320949858922,rad_pattern_12p3GHz.png
H,12.3,298.0,-25.330599510680972,rad_pattern_12p3GHz.png
H,12.3,298.5,-25.38153257019266,rad_pattern_12p3GHz.png
H,12.3,299.0,-25.41839215554189,rad_pattern_12p3GHz.png
H,12.3,299.5,-25.558665352521057,rad_pattern_12p3GHz.png
H,12.3,300.0,-25.608922216299156,rad_pattern_12p3GHz.png
H,12.3,300.5,-25.708942214716007,rad_pattern_12p3GHz.png
H,12.3,301.0,-25.75869529770138,rad_pattern_12p3GHz.png
H,12.3,301.5,-25.857661078327208,rad_pattern_12p3GHz.png
H,12.3,302.0,-25.955868577122562,rad_pattern_12p3GHz.png
H,12.3,302.5,-26.31726194257795,rad_pattern_12p3GHz.png
H,12.3,303.0,-26.334180683021994,rad_pattern_12p3GHz.png
H,12.3,303.5,-26.47013762729446,rad_pattern_12p3GHz.png
H,12.3,304.0,-26.526595424551235,rad_pattern_12p3GHz.png
H,12.3,304.5,-26.61462666146107,rad_pattern_12p3GHz.png
H,12.3,305.0,-26.685970584968057,rad_pattern_12p3GHz.png
H,12.3,305.5,-26.756763690570835,rad_pattern_12p3GHz.png
H,12.3,306.0,-26.884349797164848,rad_pattern_12p3GHz.png
H,12.3,306.5,-26.9713940257835,rad_pattern_12p3GHz.png
H,12.3,307.0,-27.017754047867754,rad_pattern_12p3GHz.png
H,12.3,307.5,-27.017754047867754,rad_pattern_12p3GHz.png
H,12.3,308.0,-26.94215686756395,rad_pattern_12p3GHz.png
H,12.3,308.5,-26.784608271508368,rad_pattern_12p3GHz.png
H,12.3,309.0,-26.743977726716842,rad_pattern_12p3GHz.png
H,12.3,309.5,-26.626177380707063,rad_pattern_12p3GHz.png
H,12.3,310.0,-26.463380939602942,rad_pattern_12p3GHz.png
H,12.3,310.5,-26.385468520164682,rad_pattern_12p3GHz.png
H,12.3,311.0,-26.347812563157916,rad_pattern_12p3GHz.png
H,12.3,311.5,-26.105675665945395,rad_pattern_12p3GHz.png
H,12.3,312.0,-25.985375530918912,rad_pattern_12p3GHz.png
H,12.3,312.5,-25.985375530918912,rad_pattern_12p3GHz.png
H,12.3,313.0,-25.926586099756282,rad_pattern_12p3GHz.png
H,12.3,313.5,-25.703556980578906,rad_pattern_12p3GHz.png
H,12.3,314.0,-25.661684102988104,rad_pattern_12p3GHz.png
H,12.3,314.5,-25.581597109066053,rad_pattern_12p3GHz.png
H,12.3,315.0,-25.581597109066053,rad_pattern_12p3GHz.png
H,12.3,315.5,-25.86773936655807,rad_pattern_12p3GHz.png
H,12.3,316.0,-25.948785947976145,rad_pattern_12p3GHz.png
H,12.3,316.5,-26.27574851727172,rad_pattern_12p3GHz.png
H,12.3,317.0,-26.764883111339305,rad_pattern_12p3GHz.png
H,12.3,317.5,-26.84484051812959,rad_pattern_12p3GHz.png
H,12.3,318.0,-26.88567385704798,rad_pattern_12p3GHz.png
H,12.3,318.5,-26.924275096793526,rad_pattern_12p3GHz.png
H,12.3,319.0,-27.043923317367984,rad_pattern_12p3GHz.png
H,12.3,319.5,-27.08469157928071,rad_pattern_12p3GHz.png
H,12.3,320.0,-27.20360895055203,rad_pattern_12p3GHz.png
H,12.3,320.5,-27.325754848940324,rad_pattern_12p3GHz.png
H,12.3,321.0,-27.40306754289479,rad_pattern_12p3GHz.png
H,12.3,321.5,-27.646847957918222,rad_pattern_12p3GHz.png
H,12.3,322.0,-27.890363869553656,rad_pattern_12p3GHz.png
H,12.3,322.5,-28.09304351703152,rad_pattern_12p3GHz.png
H,12.3,323.0,-28.214504259412887,rad_pattern_12p3GHz.png
H,12.3,323.5,-28.214504259412887,rad_pattern_12p3GHz.png
H,12.3,324.0,-28.184929668727083,rad_pattern_12p3GHz.png
H,12.3,324.5,-28.184929668727083,rad_pattern_12p3GHz.png
H,12.3,325.0,-28.184929668727083,rad_pattern_12p3GHz.png
H,12.3,325.5,-28.089966685379466,rad_pattern_12p3GHz.png
H,12.3,326.0,-28.065964522351702,rad_pattern_12p3GHz.png
H,12.3,326.5,-28.065964522351702,rad_pattern_12p3GHz.png
H,12.3,327.0,-27.91344821893857,rad_pattern_12p3GHz.png
H,12.3,327.5,-27.824882846099364,rad_pattern_12p3GHz.png
H,12.3,328.0,-27.711637306925322,rad_pattern_12p3GHz.png
H,12.3,328.5,-27.662361828412653,rad_pattern_12p3GHz.png
H,12.3,329.0,-27.597930720481497,rad_pattern_12p3GHz.png
H,12.3,329.5,-27.49841127361233,rad_pattern_12p3GHz.png
H,12.3,330.0,-27.483832135331824,rad_pattern_12p3GHz.png
H,12.3,330.5,-27.44824813310067,rad_pattern_12p3GHz.png
H,12.3,331.0,-27.282577636026584,rad_pattern_12p3GHz.png
H,12.3,331.5,-27.282577636026584,rad_pattern_12p3GHz.png
H,12.3,332.0,-27.284154489501013,rad_pattern_12p3GHz.png
H,12.3,332.5,-27.284154489501013,rad_pattern_12p3GHz.png
H,12.3,333.0,-27.16810892896675,rad_pattern_12p3GHz.png
H,12.3,333.5,-27.168012411039683,rad_pattern_12p3GHz.png
H,12.3,334.0,-27.168012411039683,rad_pattern_12p3GHz.png
H,12.3,334.5,-27.168012411039683,rad_pattern_12p3GHz.png
H,12.3,335.0,-27.152425296541622,rad_pattern_12p3GHz.png
H,12.3,335.5,-27.152425296541622,rad_pattern_12p3GHz.png
H,12.3,336.0,-27.190593055647007,rad_pattern_12p3GHz.png
H,12.3,336.5,-27.266801178729384,rad_pattern_12p3GHz.png
H,12.3,337.0,-27.27824659845703,rad_pattern_12p3GHz.png
H,12.3,337.5,-27.27824659845703,rad_pattern_12p3GHz.png
H,12.3,338.0,-27.27371291929802,rad_pattern_12p3GHz.png
H,12.3,338.5,-27.220034313850917,rad_pattern_12p3GHz.png
H,12.3,339.0,-27.20357097835699,rad_pattern_12p3GHz.png
H,12.3,339.5,-27.19674254918038,rad_pattern_12p3GHz.png
H,12.3,340.0,-27.18678515991924,rad_pattern_12p3GHz.png
H,12.3,340.5,-27.078175854051672,rad_pattern_12p3GHz.png
H,12.3,341.0,-27.033218186423984,rad_pattern_12p3GHz.png
H,12.3,341.5,-27.015118059436837,rad_pattern_12p3GHz.png
H,12.3,342.0,-26.987694599035397,rad_pattern_12p3GHz.png
H,12.3,342.5,-26.850184580372172,rad_pattern_12p3GHz.png
H,12.3,343.0,-26.784180964091178,rad_pattern_12p3GHz.png
H,12.3,343.5,-26.767450647093366,rad_pattern_12p3GHz.png
H,12.3,344.0,-26.645321542143,rad_pattern_12p3GHz.png
H,12.3,344.5,-26.632792623389015,rad_pattern_12p3GHz.png
H,12.3,345.0,-26.617511255982507,rad_pattern_12p3GHz.png
H,12.3,345.5,-26.52096205368228,rad_pattern_12p3GHz.png
H,12.3,346.0,-26.45078542840158,rad_pattern_12p3GHz.png
H,12.3,346.5,-26.408928855822495,rad_pattern_12p3GHz.png
H,12.3,347.0,-26.281926152391474,rad_pattern_12p3GHz.png
H,12.3,347.5,-26.153139044732082,rad_pattern_12p3GHz.png
H,12.3,348.0,-26.140949920367838,rad_pattern_12p3GHz.png
H,12.3,348.5,-25.9832362710504,rad_pattern_12p3GHz.png
H,12.3,349.0,-25.869827170619118,rad_pattern_12p3GHz.png
H,12.3,349.5,-25.823758446806714,rad_pattern_12p3GHz.png
H,12.3,350.0,-25.62454141112111,rad_pattern_12p3GHz.png
H,12.3,350.5,-25.53909110854004,rad_pattern_12p3GHz.png
H,12.3,351.0,-25.519994725716742,rad_pattern_12p3GHz.png
H,12.3,351.5,-25.234325936408922,rad_pattern_12p3GHz.png
H,12.3,352.0,-25.18536833150683,rad_pattern_12p3GHz.png
H,12.3,352.5,-25.013512063110003,rad_pattern_12p3GHz.png
H,12.3,353.0,-24.84873290269077,rad_pattern_12p3GHz.png
H,12.3,353.5,-24.79461308045541,rad_pattern_12p3GHz.png
H,12.3,354.0,-24.596669547583975,rad_pattern_12p3GHz.png
H,12.3,354.5,-24.487337611410688,rad_pattern_12p3GHz.png
H,12.3,355.0,-24.374728240874354,rad_pattern_12p3GHz.png
H,12.3,355.5,-24.29082107660782,rad_pattern_12p3GHz.png
H,12.3,356.0,-24.093443585646753,rad_pattern_12p3GHz.png
H,12.3,356.5,-23.924134277556956,rad_pattern_12p3GHz.png
H,12.3,357.0,-23.754136989371002,rad_pattern_12p3GHz.png
H,12.3,357.5,-23.583501221374366,rad_pattern_12p3GHz.png
H,12.3,358.0,-23.440120024205115,rad_pattern_12p3GHz.png
H,12.3,358.5,-23.296701940334817,rad_pattern_12p3GHz.png
H,12.3,359.0,-23.154904403725315,rad_pattern_12p3GHz.png
H,12.3,359.5,-23.097759233789994,rad_pattern_12p3GHz.png
H,13.3,0.0,-24.601141595857747,rad_pattern_13p3GHz.png
H,13.3,0.5,-24.427432204443214,rad_pattern_13p3GHz.png
H,13.3,1.0,-24.253216498330147,rad_pattern_13p3GHz.png
H,13.3,1.5,-24.078534615633938,rad_pattern_13p3GHz.png
H,13.3,2.0,-23.84564221459079,rad_pattern_13p3GHz.png
H,13.3,2.5,-23.612383930373458,rad_pattern_13p3GHz.png
H,13.3,3.0,-23.55050383363766,rad_pattern_13p3GHz.png
H,13.3,3.5,-23.518372033174053,rad_pattern_13p3GHz.png
H,13.3,4.0,-23.39732325748066,rad_pattern_13p3GHz.png
H,13.3,4.5,-23.104768351281972,rad_pattern_13p3GHz.png
H,13.3,5.0,-23.040002159318863,rad_pattern_13p3GHz.png
H,13.3,5.5,-22.94570748392268,rad_pattern_13p3GHz.png
H,13.3,6.0,-22.73249754414726,rad_pattern_13p3GHz.png
H,13.3,6.5,-22.66855093979581,rad_pattern_13p3GHz.png
H,13.3,7.0,-22.42500967444994,rad_pattern_13p3GHz.png
H,13.3,7.5,-22.30290132039583,rad_pattern_13p3GHz.png
H,13.3,8.0,-22.147908330022613,rad_pattern_13p3GHz.png
H,13.3,8.5,-21.92673456935106,rad_pattern_13p3GHz.png
H,13.3,9.0,-21.74646561123082,rad_pattern_13p3GHz.png
H,13.3,9.5,-21.52822541015514,rad_pattern_13p3GHz.png
H,13.3,10.0,-21.423138150242853,rad_pattern_13p3GHz.png
H,13.3,10.5,-21.236991585136412,rad_pattern_13p3GHz.png
H,13.3,11.0,-21.050622202861316,rad_pattern_13p3GHz.png
H,13.3,11.5,-20.85263826071373,rad_pattern_13p3GHz.png
H,13.3,12.0,-20.68183168505502,rad_pattern_13p3GHz.png
H,13.3,12.5,-20.572478335421085,rad_pattern_13p3GHz.png
H,13.3,13.0,-20.43409057249961,rad_pattern_13p3GHz.png
H,13.3,13.5,-20.26686273457611,rad_pattern_13p3GHz.png
H,13.3,14.0,-20.092014255723107,rad_pattern_13p3GHz.png
H,13.3,14.5,-19.97936964416853,rad_pattern_13p3GHz.png
H,13.3,15.0,-19.838067406474554,rad_pattern_13p3GHz.png
H,13.3,15.5,-19.716323715900185,rad_pattern_13p3GHz.png
H,13.3,16.0,-19.51797414127802,rad_pattern_13p3GHz.png
H,13.3,16.5,-19.421970366340236,rad_pattern_13p3GHz.png
H,13.3,17.0,-19.269466228101205,rad_pattern_13p3GHz.png
H,13.3,17.5,-19.060828930506585,rad_pattern_13p3GHz.png
H,13.3,18.0,-18.924383114951855,rad_pattern_13p3GHz.png
H,13.3,18.5,-18.7422721861393,rad_pattern_13p3GHz.png
H,13.3,19.0,-18.586043747604567,rad_pattern_13p3GHz.png
H,13.3,19.5,-18.38417753766865,rad_pattern_13p3GHz.png
H,13.3,20.0,-18.22679694397846,rad_pattern_13p3GHz.png
H,13.3,20.5,-18.04846471652086,rad_pattern_13p3GHz.png
H,13.3,21.0,-17.922323915142602,rad_pattern_13p3GHz.png
H,13.3,21.5,-17.772458338164455,rad_pattern_13p3GHz.png
H,13.3,22.0,-17.6222647790574,rad_pattern_13p3GHz.png
H,13.3,22.5,-17.4498691585857,rad_pattern_13p3GHz.png
H,13.3,23.0,-17.30705035841551,rad_pattern_13p3GHz.png
H,13.3,23.5,-17.132002662712846,rad_pattern_13p3GHz.png
H,13.3,24.0,-16.914963516495227,rad_pattern_13p3GHz.png
H,13.3,24.5,-16.7647800483984,rad_pattern_13p3GHz.png
H,13.3,25.0,-16.561133727417555,rad_pattern_13p3GHz.png
H,13.3,25.5,-16.37060352946598,rad_pattern_13p3GHz.png
H,13.3,26.0,-16.127444793350865,rad_pattern_13p3GHz.png
H,13.3,26.5,-15.921155697134285,rad_pattern_13p3GHz.png
H,13.3,27.0,-15.675466007938304,rad_pattern_13p3GHz.png
H,13.3,27.5,-15.479441227096544,rad_pattern_13p3GHz.png
H,13.3,28.0,-15.243768048227547,rad_pattern_13p3GHz.png
H,13.3,28.5,-15.020547973567815,rad_pattern_13p3GHz.png
H,13.3,29.0,-14.808003556339774,rad_pattern_13p3GHz.png
H,13.3,29.5,-14.597437354284065,rad_pattern_13p3GHz.png
H,13.3,30.0,-14.382821302226358,rad_pattern_13p3GHz.png
H,13.3,30.5,-14.187513759769455,rad_pattern_13p3GHz.png
H,13.3,31.0,-14.009384187649484,rad_pattern_13p3GHz.png
H,13.3,31.5,-13.790561592810498,rad_pattern_13p3GHz.png
H,13.3,32.0,-13.619661338419036,rad_pattern_13p3GHz.png
H,13.3,32.5,-13.422826158145394,rad_pattern_13p3GHz.png
H,13.3,33.0,-13.256105187722717,rad_pattern_13p3GHz.png
H,13.3,33.5,-13.0574909204203,rad_pattern_13p3GHz.png
H,13.3,34.0,-12.872640397699278,rad_pattern_13p3GHz.png
H,13.3,34.5,-12.687084556366031,rad_pattern_13p3GHz.png
H,13.3,35.0,-12.500667446163764,rad_pattern_13p3GHz.png
H,13.3,35.5,-12.310549735724717,rad_pattern_13p3GHz.png
H,13.3,36.0,-12.111513237756267,rad_pattern_13p3GHz.png
H,13.3,36.5,-11.939872678655107,rad_pattern_13p3GHz.png
H,13.3,37.0,-11.754500862883823,rad_pattern_13p3GHz.png
H,13.3,37.5,-11.567953376264345,rad_pattern_13p3GHz.png
H,13.3,38.0,-11.375284339176446,rad_pattern_13p3GHz.png
H,13.3,38.5,-11.195971785487309,rad_pattern_13p3GHz.png
H,13.3,39.0,-11.001592439190617,rad_pattern_13p3GHz.png
H,13.3,39.5,-10.832904700477975,rad_pattern_13p3GHz.png
H,13.3,40.0,-10.648016198297928,rad_pattern_13p3GHz.png
H,13.3,40.5,-10.473209838477487,rad_pattern_13p3GHz.png
H,13.3,41.0,-10.284614600577537,rad_pattern_13p3GHz.png
H,13.3,41.5,-10.13205598485574,rad_pattern_13p3GHz.png
H,13.3,42.0,-9.978037689384,rad_pattern_13p3GHz.png
H,13.3,42.5,-9.78523154621249,rad_pattern_13p3GHz.png
H,13.3,43.0,-9.564286379043736,rad_pattern_13p3GHz.png
H,13.3,43.5,-9.386050315034574,rad_pattern_13p3GHz.png
H,13.3,44.0,-9.227491991769483,rad_pattern_13p3GHz.png
H,13.3,44.5,-9.065417347444885,rad_pattern_13p3GHz.png
H,13.3,45.0,-8.902591721013941,rad_pattern_13p3GHz.png
H,13.3,45.5,-8.697771174198298,rad_pattern_13p3GHz.png
H,13.3,46.0,-8.531308423267188,rad_pattern_13p3GHz.png
H,13.3,46.5,-8.361031088737935,rad_pattern_13p3GHz.png
H,13.3,47.0,-8.173769757980548,rad_pattern_13p3GHz.png
H,13.3,47.5,-7.986271362423707,rad_pattern_13p3GHz.png
H,13.3,48.0,-7.810037936585527,rad_pattern_13p3GHz.png
H,13.3,48.5,-7.640231350060805,rad_pattern_13p3GHz.png
H,13.3,49.0,-7.462052906694094,rad_pattern_13p3GHz.png
H,13.3,49.5,-7.315873484037066,rad_pattern_13p3GHz.png
H,13.3,50.0,-7.128541652790119,rad_pattern_13p3GHz.png
H,13.3,50.5,-6.972574385761657,rad_pattern_13p3GHz.png
H,13.3,51.0,-6.80322545021648,rad_pattern_13p3GHz.png
H,13.3,51.5,-6.645123754101903,rad_pattern_13p3GHz.png
H,13.3,52.0,-6.494760401202591,rad_pattern_13p3GHz.png
H,13.3,52.5,-6.348825258256188,rad_pattern_13p3GHz.png
H,13.3,53.0,-6.186796484119334,rad_pattern_13p3GHz.png
H,13.3,53.5,-6.0193586600457465,rad_pattern_13p3GHz.png
H,13.3,54.0,-5.882021094956812,rad_pattern_13p3GHz.png
H,13.3,54.5,-5.7410497483279315,rad_pattern_13p3GHz.png
H,13.3,55.0,-5.585743723511463,rad_pattern_13p3GHz.png
H,13.3,55.5,-5.429142163323256,rad_pattern_13p3GHz.png
H,13.3,56.0,-5.280450360445265,rad_pattern_13p3GHz.png
H,13.3,56.5,-5.144076076713784,rad_pattern_13p3GHz.png
H,13.3,57.0,-4.998693862385142,rad_pattern_13p3GHz.png
H,13.3,57.5,-4.8583073897304665,rad_pattern_13p3GHz.png
H,13.3,58.0,-4.715328990518678,rad_pattern_13p3GHz.png
H,13.3,58.5,-4.573648274740869,rad_pattern_13p3GHz.png
H,13.3,59.0,-4.436330734806777,rad_pattern_13p3GHz.png
H,13.3,59.5,-4.297193468740293,rad_pattern_13p3GHz.png
H,13.3,60.0,-4.181330521056481,rad_pattern_13p3GHz.png
H,13.3,60.5,-4.0421766251754825,rad_pattern_13p3GHz.png
H,13.3,61.0,-3.902840528010728,rad_pattern_13p3GHz.png
H,13.3,61.5,-3.7807834006209404,rad_pattern_13p3GHz.png
H,13.3,62.0,-3.6571126389870052,rad_pattern_13p3GHz.png
H,13.3,62.5,-3.5331740182000395,rad_pattern_13p3GHz.png
H,13.3,63.0,-3.407132317094682,rad_pattern_13p3GHz.png
H,13.3,63.5,-3.3037978807876875,rad_pattern_13p3GHz.png
H,13.3,64.0,-3.172577726480604,rad_pattern_13p3GHz.png
H,13.3,64.5,-3.0650055737526145,rad_pattern_13p3GHz.png
H,13.3,65.0,-2.934402923733572,rad_pattern_13p3GHz.png
H,13.3,65.5,-2.8460934379723923,rad_pattern_13p3GHz.png
H,13.3,66.0,-2.70916139379246,rad_pattern_13p3GHz.png
H,13.3,66.5,-2.617420374485473,rad_pattern_13p3GHz.png
H,13.3,67.0,-2.5111389167367832,rad_pattern_13p3GHz.png
H,13.3,67.5,-2.3960045989618486,rad_pattern_13p3GHz.png
H,13.3,68.0,-2.2914049752723677,rad_pattern_13p3GHz.png
H,13.3,68.5,-2.1942310244048784,rad_pattern_13p3GHz.png
H,13.3,69.0,-2.0952820959703473,rad_pattern_13p3GHz.png
H,13.3,69.5,-1.9979275169583417,rad_pattern_13p3GHz.png
H,13.3,70.0,-1.8947750512331645,rad_pattern_13p3GHz.png
H,13.3,70.5,-1.8073592943523238,rad_pattern_13p3GHz.png
H,13.3,71.0,-1.719052891061427,rad_pattern_13p3GHz.png
H,13.3,71.5,-1.6298928997344824,rad_pattern_13p3GHz.png
H,13.3,72.0,-1.5373056767882645,rad_pattern_13p3GHz.png
H,13.3,72.5,-1.4438109471059661,rad_pattern_13p3GHz.png
H,13.3,73.0,-1.3680893042300646,rad_pattern_13p3GHz.png
H,13.3,73.5,-1.294725690396696,rad_pattern_13p3GHz.png
H,13.3,74.0,-1.217116532295993,rad_pattern_13p3GHz.png
H,13.3,74.5,-1.1276611648056196,rad_pattern_13p3GHz.png
H,13.3,75.0,-1.0664907635433032,rad_pattern_13p3GHz.png
H,13.3,75.5,-0.9932234731062373,rad_pattern_13p3GHz.png
H,13.3,76.0,-0.9169643475041163,rad_pattern_13p3GHz.png
H,13.3,76.5,-0.8535625184380713,rad_pattern_13p3GHz.png
H,13.3,77.0,-0.7951063123121465,rad_pattern_13p3GHz.png
H,13.3,77.5,-0.7406166888807384,rad_pattern_13p3GHz.png
H,13.3,78.0,-0.675471227190819,rad_pattern_13p3GHz.png
H,13.3,78.5,-0.6188628355359391,rad_pattern_13p3GHz.png
H,13.3,79.0,-0.5848489405049371,rad_pattern_13p3GHz.png
H,13.3,79.5,-0.5244745507361728,rad_pattern_13p3GHz.png
H,13.3,80.0,-0.4778892027187318,rad_pattern_13p3GHz.png
H,13.3,80.5,-0.44226477261484476,rad_pattern_13p3GHz.png
H,13.3,81.0,-0.39448114927447975,rad_pattern_13p3GHz.png
H,13.3,81.5,-0.341978563228416,rad_pattern_13p3GHz.png
H,13.3,82.0,-0.3175781740709631,rad_pattern_13p3GHz.png
H,13.3,82.5,-0.276037999447027,rad_pattern_13p3GHz.png
H,13.3,83.0,-0.25965783731396996,rad_pattern_13p3GHz.png
H,13.3,83.5,-0.20151809313976443,rad_pattern_13p3GHz.png
H,13.3,84.0,-0.19526605880856351,rad_pattern_13p3GHz.png
H,13.3,84.5,-0.15020127229963265,rad_pattern_13p3GHz.png
H,13.3,85.0,-0.1377417274514272,rad_pattern_13p3GHz.png
H,13.3,85.5,-0.10934825743112953,rad_pattern_13p3GHz.png
H,13.3,86.0,-0.08262019925354736,rad_pattern_13p3GHz.png
H,13.3,86.5,-0.07693864700627273,rad_pattern_13p3GHz.png
H,13.3,87.0,-0.045218181036556615,rad_pattern_13p3GHz.png
H,13.3,87.5,-0.0402356482659485,rad_pattern_13p3GHz.png
H,13.3,88.0,-0.029923948180098137,rad_pattern_13p3GHz.png
H,13.3,88.5,-0.023016965286878133,rad_pattern_13p3GHz.png
H,13.3,89.0,-0.020999482011767157,rad_pattern_13p3GHz.png
H,13.3,89.5,-0.0011450184857615398,rad_pattern_13p3GHz.png
H,13.3,90.0,0.0,rad_pattern_13p3GHz.png
H,13.3,90.5,-0.0011450184857615398,rad_pattern_13p3GHz.png
H,13.3,91.0,-0.020999482011767157,rad_pattern_13p3GHz.png
H,13.3,91.5,-0.023016965286878133,rad_pattern_13p3GHz.png
H,13.3,92.0,-0.029923948180098137,rad_pattern_13p3GHz.png
H,13.3,92.5,-0.0402356482659485,rad_pattern_13p3GHz.png
H,13.3,93.0,-0.045218181036556615,rad_pattern_13p3GHz.png
H,13.3,93.5,-0.07693864700627273,rad_pattern_13p3GHz.png
H,13.3,94.0,-0.08262019925354736,rad_pattern_13p3GHz.png
H,13.3,94.5,-0.10934825743112953,rad_pattern_13p3GHz.png
H,13.3,95.0,-0.1377417274514272,rad_pattern_13p3GHz.png
H,13.3,95.5,-0.15020127229963265,rad_pattern_13p3GHz.png
H,13.3,96.0,-0.19526605880856351,rad_pattern_13p3GHz.png
H,13.3,96.5,-0.20151809313976443,rad_pattern_13p3GHz.png
H,13.3,97.0,-0.25965783731396996,rad_pattern_13p3GHz.png
H,13.3,97.5,-0.276037999447027,rad_pattern_13p3GHz.png
H,13.3,98.0,-0.3175781740709631,rad_pattern_13p3GHz.png
H,13.3,98.5,-0.341978563228416,rad_pattern_13p3GHz.png
H,13.3,99.0,-0.39448114927447975,rad_pattern_13p3GHz.png
H,13.3,99.5,-0.44226477261484476,rad_pattern_13p3GHz.png
H,13.3,100.0,-0.4778892027187318,rad_pattern_13p3GHz.png
H,13.3,100.5,-0.5244745507361728,rad_pattern_13p3GHz.png
H,13.3,101.0,-0.5848489405049371,rad_pattern_13p3GHz.png
H,13.3,101.5,-0.6188628355359391,rad_pattern_13p3GHz.png
H,13.3,102.0,-0.675471227190819,rad_pattern_13p3GHz.png
H,13.3,102.5,-0.7406166888807384,rad_pattern_13p3GHz.png
H,13.3,103.0,-0.7930087936745629,rad_pattern_13p3GHz.png
H,13.3,103.5,-0.8535625184380713,rad_pattern_13p3GHz.png
H,13.3,104.0,-0.9169643475041163,rad_pattern_13p3GHz.png
H,13.3,104.5,-0.9932234731062373,rad_pattern_13p3GHz.png
H,13.3,105.0,-1.0664907635433032,rad_pattern_13p3GHz.png
H,13.3,105.5,-1.1276611648056196,rad_pattern_13p3GHz.png
H,13.3,106.0,-1.217116532295993,rad_pattern_13p3GHz.png
H,13.3,106.5,-1.294725690396696,rad_pattern_13p3GHz.png
H,13.3,107.0,-1.3680893042300646,rad_pattern_13p3GHz.png
H,13.3,107.5,-1.4438109471059661,rad_pattern_13p3GHz.png
H,13.3,108.0,-1.5373056767882645,rad_pattern_13p3GHz.png
H,13.3,108.5,-1.6298928997344824,rad_pattern_13p3GHz.png
H,13.3,109.0,-1.719052891061427,rad_pattern_13p3GHz.png
H,13.3,109.5,-1.8073592943523238,rad_pattern_13p3GHz.png
H,13.3,110.0,-1.8947750512331645,rad_pattern_13p3GHz.png
H,13.3,110.5,-1.9979275169583417,rad_pattern_13p3GHz.png
H,13.3,111.0,-2.0952820959703473,rad_pattern_13p3GHz.png
H,13.3,111.5,-2.189448112058816,rad_pattern_13p3GHz.png
H,13.3,112.0,-2.2914049752723677,rad_pattern_13p3GHz.png
H,13.3,112.5,-2.3960045989618486,rad_pattern_13p3GHz.png
H,13.3,113.0,-2.5111389167367832,rad_pattern_13p3GHz.png
H,13.3,113.5,-2.617420374485473,rad_pattern_13p3GHz.png
H,13.3,114.0,-2.70916139379246,rad_pattern_13p3GHz.png
H,13.3,114.5,-2.8460934379723923,rad_pattern_13p3GHz.png
H,13.3,115.0,-2.934402923733572,rad_pattern_13p3GHz.png
H,13.3,115.5,-3.0650055737526145,rad_pattern_13p3GHz.png
H,13.3,116.0,-3.172577726480604,rad_pattern_13p3GHz.png
H,13.3,116.5,-3.3037978807876875,rad_pattern_13p3GHz.png
H,13.3,117.0,-3.407132317094682,rad_pattern_13p3GHz.png
H,13.3,117.5,-3.5331740182000395,rad_pattern_13p3GHz.png
H,13.3,118.0,-3.6571126389870052,rad_pattern_13p3GHz.png
H,13.3,118.5,-3.7807834006209404,rad_pattern_13p3GHz.png
H,13.3,119.0,-3.902840528010728,rad_pattern_13p3GHz.png
H,13.3,119.5,-4.0421766251754825,rad_pattern_13p3GHz.png
H,13.3,120.0,-4.181330521056481,rad_pattern_13p3GHz.png
H,13.3,120.5,-4.297193468740293,rad_pattern_13p3GHz.png
H,13.3,121.0,-4.436330734806777,rad_pattern_13p3GHz.png
H,13.3,121.5,-4.573648274740869,rad_pattern_13p3GHz.png
H,13.3,122.0,-4.715328990518678,rad_pattern_13p3GHz.png
H,13.3,122.5,-4.8583073897304665,rad_pattern_13p3GHz.png
H,13.3,123.0,-4.998693862385142,rad_pattern_13p3GHz.png
H,13.3,123.5,-5.144076076713784,rad_pattern_13p3GHz.png
H,13.3,124.0,-5.280450360445265,rad_pattern_13p3GHz.png
H,13.3,124.5,-5.429142163323256,rad_pattern_13p3GHz.png
H,13.3,125.0,-5.585743723511463,rad_pattern_13p3GHz.png
H,13.3,125.5,-5.734247533103442,rad_pattern_13p3GHz.png
H,13.3,126.0,-5.882021094956812,rad_pattern_13p3GHz.png
H,13.3,126.5,-6.0193586600457465,rad_pattern_13p3GHz.png
H,13.3,127.0,-6.186796484119334,rad_pattern_13p3GHz.png
H,13.3,127.5,-6.348825258256188,rad_pattern_13p3GHz.png
H,13.3,128.0,-6.494760401202591,rad_pattern_13p3GHz.png
H,13.3,128.5,-6.645123754101903,rad_pattern_13p3GHz.png
H,13.3,129.0,-6.80322545021648,rad_pattern_13p3GHz.png
H,13.3,129.5,-6.972574385761657,rad_pattern_13p3GHz.png
H,13.3,130.0,-7.128541652790119,rad_pattern_13p3GHz.png
H,13.3,130.5,-7.315873484037066,rad_pattern_13p3GHz.png
H,13.3,131.0,-7.462052906694094,rad_pattern_13p3GHz.png
H,13.3,131.5,-7.640231350060805,rad_pattern_13p3GHz.png
H,13.3,132.0,-7.810037936585527,rad_pattern_13p3GHz.png
H,13.3,132.5,-7.986271362423707,rad_pattern_13p3GHz.png
H,13.3,133.0,-8.173769757980548,rad_pattern_13p3GHz.png
H,13.3,133.5,-8.361031088737935,rad_pattern_13p3GHz.png
H,13.3,134.0,-8.531308423267188,rad_pattern_13p3GHz.png
H,13.3,134.5,-8.697771174198298,rad_pattern_13p3GHz.png
H,13.3,135.0,-8.902591721013941,rad_pattern_13p3GHz.png
H,13.3,135.5,-9.0649919344424,rad_pattern_13p3GHz.png
H,13.3,136.0,-9.227491991769483,rad_pattern_13p3GHz.png
H,13.3,136.5,-9.386050315034574,rad_pattern_13p3GHz.png
H,13.3,137.0,-9.564286379043736,rad_pattern_13p3GHz.png
H,13.3,137.5,-9.783511364125154,rad_pattern_13p3GHz.png
H,13.3,138.0,-9.978037689384,rad_pattern_13p3GHz.png
H,13.3,138.5,-10.13205598485574,rad_pattern_13p3GHz.png
H,13.3,139.0,-10.284614600577537,rad_pattern_13p3GHz.png
H,13.3,139.5,-10.473209838477487,rad_pattern_13p3GHz.png
H,13.3,140.0,-10.648016198297928,rad_pattern_13p3GHz.png
H,13.3,140.5,-10.832904700477975,rad_pattern_13p3GHz.png
H,13.3,141.0,-11.001592439190617,rad_pattern_13p3GHz.png
H,13.3,141.5,-11.195971785487309,rad_pattern_13p3GHz.png
H,13.3,142.0,-11.375284339176446,rad_pattern_13p3GHz.png
H,13.3,142.5,-11.567953376264345,rad_pattern_13p3GHz.png
H,13.3,143.0,-11.754500862883823,rad_pattern_13p3GHz.png
H,13.3,143.5,-11.939872678655107,rad_pattern_13p3GHz.png
H,13.3,144.0,-12.111513237756267,rad_pattern_13p3GHz.png
H,13.3,144.5,-12.310549735724717,rad_pattern_13p3GHz.png
H,13.3,145.0,-12.500667446163764,rad_pattern_13p3GHz.png
H,13.3,145.5,-12.687084556366031,rad_pattern_13p3GHz.png
H,13.3,146.0,-12.872640397699278,rad_pattern_13p3GHz.png
H,13.3,146.5,-13.0574909204203,rad_pattern_13p3GHz.png
H,13.3,147.0,-13.256105187722717,rad_pattern_13p3GHz.png
H,13.3,147.5,-13.422826158145394,rad_pattern_13p3GHz.png
H,13.3,148.0,-13.619661338419036,rad_pattern_13p3GHz.png
H,13.3,148.5,-13.790561592810498,rad_pattern_13p3GHz.png
H,13.3,149.0,-14.009384187649484,rad_pattern_13p3GHz.png
H,13.3,149.5,-14.187513759769455,rad_pattern_13p3GHz.png
H,13.3,150.0,-14.382821302226358,rad_pattern_13p3GHz.png
H,13.3,150.5,-14.597437354284065,rad_pattern_13p3GHz.png
H,13.3,151.0,-14.808003556339774,rad_pattern_13p3GHz.png
H,13.3,151.5,-15.020547973567815,rad_pattern_13p3GHz.png
H,13.3,152.0,-15.243768048227547,rad_pattern_13p3GHz.png
H,13.3,152.5,-15.479441227096544,rad_pattern_13p3GHz.png
H,13.3,153.0,-15.700785090760835,rad_pattern_13p3GHz.png
H,13.3,153.5,-16.011443190017424,rad_pattern_13p3GHz.png
H,13.3,154.0,-16.282707923686313,rad_pattern_13p3GHz.png
H,13.3,154.5,-16.578016155267132,rad_pattern_13p3GHz.png
H,13.3,155.0,-16.79521507213121,rad_pattern_13p3GHz.png
H,13.3,155.5,-17.037536190499793,rad_pattern_13p3GHz.png
H,13.3,156.0,-17.22608145322444,rad_pattern_13p3GHz.png
H,13.3,156.5,-17.45125099850687,rad_pattern_13p3GHz.png
H,13.3,157.0,-17.707710848112182,rad_pattern_13p3GHz.png
H,13.3,157.5,-17.79392307127804,rad_pattern_13p3GHz.png
H,13.3,158.0,-17.79392307127804,rad_pattern_13p3GHz.png
H,13.3,158.5,-17.922323915142602,rad_pattern_13p3GHz.png
H,13.3,159.0,-18.08213776393475,rad_pattern_13p3GHz.png
H,13.3,159.5,-18.221023774135187,rad_pattern_13p3GHz.png
H,13.3,160.0,-18.39969280553959,rad_pattern_13p3GHz.png
H,13.3,160.5,-18.611857334617735,rad_pattern_13p3GHz.png
H,13.3,161.0,-18.970500257072313,rad_pattern_13p3GHz.png
H,13.3,161.5,-19.117101235275587,rad_pattern_13p3GHz.png
H,13.3,162.0,-21.135417102197795,rad_pattern_13p3GHz.png
H,13.3,162.5,-21.14392435582189,rad_pattern_13p3GHz.png
H,13.3,163.0,-21.14392435582189,rad_pattern_13p3GHz.png
H,13.3,163.5,-21.292797306251938,rad_pattern_13p3GHz.png
H,13.3,164.0,-21.292797306251938,rad_pattern_13p3GHz.png
H,13.3,164.5,-20.025794104468975,rad_pattern_13p3GHz.png
H,13.3,165.0,-20.01465405157695,rad_pattern_13p3GHz.png
H,13.3,165.5,-20.01465405157695,rad_pattern_13p3GHz.png
H,13.3,166.0,-20.042919161208093,rad_pattern_13p3GHz.png
H,13.3,166.5,-20.203832973366037,rad_pattern_13p3GHz.png
H,13.3,167.0,-20.343019528385945,rad_pattern_13p3GHz.png
H,13.3,167.5,-20.446995072810278,rad_pattern_13p3GHz.png
H,13.3,168.0,-20.590948291292936,rad_pattern_13p3GHz.png
H,13.3,168.5,-20.727821299573222,rad_pattern_13p3GHz.png
H,13.3,169.0,-20.954562936294753,rad_pattern_13p3GHz.png
H,13.3,169.5,-21.174930396334158,rad_pattern_13p3GHz.png
H,13.3,170.0,-21.33774234699185,rad_pattern_13p3GHz.png
H,13.3,170.5,-21.490059636337218,rad_pattern_13p3GHz.png
H,13.3,171.0,-21.68023788291283,rad_pattern_13p3GHz.png
H,13.3,171.5,-21.873862659713257,rad_pattern_13p3GHz.png
H,13.3,172.0,-22.119295839832713,rad_pattern_13p3GHz.png
H,13.3,172.5,-22.21692225170189,rad_pattern_13p3GHz.png
H,13.3,173.0,-22.21692225170189,rad_pattern_13p3GHz.png
H,13.3,173.5,-22.205713454249725,rad_pattern_13p3GHz.png
H,13.3,174.0,-21.97906393515031,rad_pattern_13p3GHz.png
H,13.3,174.5,-21.815170030110718,rad_pattern_13p3GHz.png
H,13.3,175.0,-21.443625095800478,rad_pattern_13p3GHz.png
H,13.3,175.5,-20.377762710074034,rad_pattern_13p3GHz.png
H,13.3,176.0,-20.0381246901003,rad_pattern_13p3GHz.png
H,13.3,176.5,-20.0381246901003,rad_pattern_13p3GHz.png
H,13.3,177.0,-23.55050383363766,rad_pattern_13p3GHz.png
H,13.3,177.5,-23.612383930373458,rad_pattern_13p3GHz.png
H,13.3,178.0,-23.84564221459079,rad_pattern_13p3GHz.png
H,13.3,178.5,-24.078534615633938,rad_pattern_13p3GHz.png
H,13.3,179.0,-24.253216498330147,rad_pattern_13p3GHz.png
H,13.3,179.5,-24.427432204443214,rad_pattern_13p3GHz.png
H,13.3,180.0,-24.601141595857747,rad_pattern_13p3GHz.png
H,13.3,180.5,-24.774299928748757,rad_pattern_13p3GHz.png
H,13.3,181.0,-24.94685719625348,rad_pattern_13p3GHz.png
H,13.3,181.5,-25.032078228785103,rad_pattern_13p3GHz.png
H,13.3,182.0,-25.176542763533636,rad_pattern_13p3GHz.png
H,13.3,182.5,-25.289937448377486,rad_pattern_13p3GHz.png
H,13.3,183.0,-25.316008497061315,rad_pattern_13p3GHz.png
H,13.3,183.5,-25.546911834241588,rad_pattern_13p3GHz.png
H,13.3,184.0,-25.65868275386864,rad_pattern_13p3GHz.png
H,13.3,184.5,-25.6831623100328,rad_pattern_13p3GHz.png
H,13.3,185.0,-25.884816414493347,rad_pattern_13p3GHz.png
H,13.3,185.5,-25.965889978622947,rad_pattern_13p3GHz.png
H,13.3,186.0,-26.080943808424117,rad_pattern_13p3GHz.png
H,13.3,186.5,-26.24704225457401,rad_pattern_13p3GHz.png
H,13.3,187.0,-26.325837828632032,rad_pattern_13p3GHz.png
H,13.3,187.5,-26.36184619185549,rad_pattern_13p3GHz.png
H,13.3,188.0,-26.46904201563509,rad_pattern_13p3GHz.png
H,13.3,188.5,-26.689148436748575,rad_pattern_13p3GHz.png
H,13.3,189.0,-26.69797124801379,rad_pattern_13p3GHz.png
H,13.3,189.5,-26.80324814243947,rad_pattern_13p3GHz.png
H,13.3,190.0,-26.93544117407033,rad_pattern_13p3GHz.png
H,13.3,190.5,-26.974219643251462,rad_pattern_13p3GHz.png
H,13.3,191.0,-27.04899441767578,rad_pattern_13p3GHz.png
H,13.3,191.5,-27.162412170336896,rad_pattern_13p3GHz.png
H,13.3,192.0,-27.326092468798997,rad_pattern_13p3GHz.png
H,13.3,192.5,-27.326092468798997,rad_pattern_13p3GHz.png
H,13.3,193.0,-27.326092468798997,rad_pattern_13p3GHz.png
H,13.3,193.5,-27.43234605661397,rad_pattern_13p3GHz.png
H,13.3,194.0,-27.57274714166454,rad_pattern_13p3GHz.png
H,13.3,194.5,-27.684790021894393,rad_pattern_13p3GHz.png
H,13.3,195.0,-27.697555567144565,rad_pattern_13p3GHz.png
H,13.3,195.5,-27.74070700408402,rad_pattern_13p3GHz.png
H,13.3,196.0,-27.844475769913995,rad_pattern_13p3GHz.png
H,13.3,196.5,-27.844475769913995,rad_pattern_13p3GHz.png
H,13.3,197.0,-27.864053753357116,rad_pattern_13p3GHz.png
H,13.3,197.5,-28.084631634164623,rad_pattern_13p3GHz.png
H,13.3,198.0,-28.084631634164623,rad_pattern_13p3GHz.png
H,13.3,198.5,-28.084631634164623,rad_pattern_13p3GHz.png
H,13.3,199.0,-28.084631634164623,rad_pattern_13p3GHz.png
H,13.3,199.5,-28.19419018283478,rad_pattern_13p3GHz.png
H,13.3,200.0,-28.293128327683675,rad_pattern_13p3GHz.png
H,13.3,200.5,-28.303171604890093,rad_pattern_13p3GHz.png
H,13.3,201.0,-28.34714426683034,rad_pattern_13p3GHz.png
H,13.3,201.5,-28.374085388061758,rad_pattern_13p3GHz.png
H,13.3,202.0,-28.48133036625658,rad_pattern_13p3GHz.png
H,13.3,202.5,-28.48133036625658,rad_pattern_13p3GHz.png
H,13.3,203.0,-28.48133036625658,rad_pattern_13p3GHz.png
H,13.3,203.5,-28.625733057700366,rad_pattern_13p3GHz.png
H,13.3,204.0,-28.666783480669583,rad_pattern_13p3GHz.png
H,13.3,204.5,-28.678698824762602,rad_pattern_13p3GHz.png
H,13.3,205.0,-28.783776682570732,rad_pattern_13p3GHz.png
H,13.3,205.5,-28.82222216676218,rad_pattern_13p3GHz.png
H,13.3,206.0,-28.783776682570732,rad_pattern_13p3GHz.png
H,13.3,206.5,-29.02974820781227,rad_pattern_13p3GHz.png
H,13.3,207.0,-28.80962631749817,rad_pattern_13p3GHz.png
H,13.3,207.5,-29.06811285530679,rad_pattern_13p3GHz.png
H,13.3,208.0,-29.06811285530679,rad_pattern_13p3GHz.png
H,13.3,208.5,-29.158174104220056,rad_pattern_13p3GHz.png
H,13.3,209.0,-29.158174104220056,rad_pattern_13p3GHz.png
H,13.3,209.5,-29.169274688085533,rad_pattern_13p3GHz.png
H,13.3,210.0,-29.169274688085533,rad_pattern_13p3GHz.png
H,13.3,210.5,-29.219045751793303,rad_pattern_13p3GHz.png
H,13.3,211.0,-29.29829370914761,rad_pattern_13p3GHz.png
H,13.3,211.5,-29.308060429213647,rad_pattern_13p3GHz.png
H,13.3,212.0,-29.308060429213647,rad_pattern_13p3GHz.png
H,13.3,212.5,-29.308060429213647,rad_pattern_13p3GHz.png
H,13.3,213.0,-29.39674328279831,rad_pattern_13p3GHz.png
H,13.3,213.5,-29.4849825443246,rad_pattern_13p3GHz.png
H,13.3,214.0,-29.4849825443246,rad_pattern_13p3GHz.png
H,13.3,214.5,-29.444843410554164,rad_pattern_13p3GHz.png
H,13.3,215.0,-29.444843410554164,rad_pattern_13p3GHz.png
H,13.3,215.5,-29.49207098263408,rad_pattern_13p3GHz.png
H,13.3,216.0,-29.57275769363563,rad_pattern_13p3GHz.png
H,13.3,216.5,-29.49207098263408,rad_pattern_13p3GHz.png
H,13.3,217.0,-29.538316907356926,rad_pattern_13p3GHz.png
H,13.3,217.5,-29.538316907356926,rad_pattern_13p3GHz.png
H,13.3,218.0,-29.538316907356926,rad_pattern_13p3GHz.png
H,13.3,218.5,-29.538316907356926,rad_pattern_13p3GHz.png
H,13.3,219.0,-29.5834560182769,rad_pattern_13p3GHz.png
H,13.3,219.5,-29.5834560182769,rad_pattern_13p3GHz.png
H,13.3,220.0,-29.5834560182769,rad_pattern_13p3GHz.png
H,13.3,220.5,-29.420562155445396,rad_pattern_13p3GHz.png
H,13.3,221.0,-29.420562155445396,rad_pattern_13p3GHz.png
H,13.3,221.5,-29.464066339535123,rad_pattern_13p3GHz.png
H,13.3,222.0,-29.464066339535123,rad_pattern_13p3GHz.png
H,13.3,222.5,-29.464066339535123,rad_pattern_13p3GHz.png
H,13.3,223.0,-29.87416772548225,rad_pattern_13p3GHz.png
H,13.3,223.5,-29.87416772548225,rad_pattern_13p3GHz.png
H,13.3,224.0,-29.46545092974409,rad_pattern_13p3GHz.png
H,13.3,224.5,-27.544168925842552,rad_pattern_13p3GHz.png
H,13.3,225.0,-27.5441689144272,rad_pattern_13p3GHz.png
H,13.3,225.5,-27.175772308945277,rad_pattern_13p3GHz.png
H,13.3,226.0,-27.175772308945277,rad_pattern_13p3GHz.png
H,13.3,226.5,-27.153691028224436,rad_pattern_13p3GHz.png
H,13.3,227.0,-27.132536093673668,rad_pattern_13p3GHz.png
H,13.3,227.5,-27.132536093673668,rad_pattern_13p3GHz.png
H,13.3,228.0,-27.08982167949041,rad_pattern_13p3GHz.png
H,13.3,228.5,-27.08748856949956,rad_pattern_13p3GHz.png
H,13.3,229.0,-27.08748856949956,rad_pattern_13p3GHz.png
H,13.3,229.5,-27.12545851790378,rad_pattern_13p3GHz.png
H,13.3,230.0,-27.12545851790378,rad_pattern_13p3GHz.png
H,13.3,230.5,-27.162886626022114,rad_pattern_13p3GHz.png
H,13.3,231.0,-27.24043067329303,rad_pattern_13p3GHz.png
H,13.3,231.5,-27.317270892085485,rad_pattern_13p3GHz.png
H,13.3,232.0,-27.398468307338337,rad_pattern_13p3GHz.png
H,13.3,232.5,-27.47440936037074,rad_pattern_13p3GHz.png
H,13.3,233.0,-27.589925581189586,rad_pattern_13p3GHz.png
H,13.3,233.5,-27.595891484024346,rad_pattern_13p3GHz.png
H,13.3,234.0,-27.878974929086215,rad_pattern_13p3GHz.png
H,13.3,234.5,-28.04043408746132,rad_pattern_13p3GHz.png
H,13.3,235.0,-28.201621760334397,rad_pattern_13p3GHz.png
H,13.3,235.5,-28.362481094057102,rad_pattern_13p3GHz.png
H,13.3,236.0,-28.362481094057102,rad_pattern_13p3GHz.png
H,13.3,236.5,-28.498767828566095,rad_pattern_13p3GHz.png
H,13.3,237.0,-28.498767828566095,rad_pattern_13p3GHz.png
H,13.3,237.5,-27.864790282570002,rad_pattern_13p3GHz.png
H,13.3,238.0,-27.29491593427134,rad_pattern_13p3GHz.png
H,13.3,238.5,-27.012840797638024,rad_pattern_13p3GHz.png
H,13.3,239.0,-26.45769934593087,rad_pattern_13p3GHz.png
H,13.3,239.5,-26.279052046889433,rad_pattern_13p3GHz.png
H,13.3,240.0,-25.97102124843279,rad_pattern_13p3GHz.png
H,13.3,240.5,-25.79169704092188,rad_pattern_13p3GHz.png
H,13.3,241.0,-25.74127233296859,rad_pattern_13p3GHz.png
H,13.3,241.5,-25.731880354862792,rad_pattern_13p3GHz.png
H,13.3,242.0,-25.639946002304935,rad_pattern_13p3GHz.png
H,13.3,242.5,-24.930823417489844,rad_pattern_13p3GHz.png
H,13.3,243.0,-24.930823417489844,rad_pattern_13p3GHz.png
H,13.3,243.5,-24.207475151908103,rad_pattern_13p3GHz.png
H,13.3,244.0,-24.297229501696467,rad_pattern_13p3GHz.png
H,13.3,244.5,-24.297229501696467,rad_pattern_13p3GHz.png
H,13.3,245.0,-24.424956979675233,rad_pattern_13p3GHz.png
H,13.3,245.5,-24.733760974710737,rad_pattern_13p3GHz.png
H,13.3,246.0,-24.836620329246465,rad_pattern_13p3GHz.png
H,13.3,246.5,-25.091873971611797,rad_pattern_13p3GHz.png
H,13.3,247.0,-25.296917308516207,rad_pattern_13p3GHz.png
H,13.3,247.5,-25.759618408012326,rad_pattern_13p3GHz.png
H,13.3,248.0,-25.937122993029433,rad_pattern_13p3GHz.png
H,13.3,248.5,-26.19475564493645,rad_pattern_13p3GHz.png
H,13.3,249.0,-26.425316104260475,rad_pattern_13p3GHz.png
H,13.3,249.5,-26.719898296391694,rad_pattern_13p3GHz.png
H,13.3,250.0,-27.013973824209454,rad_pattern_13p3GHz.png
H,13.3,250.5,-27.297899249362274,rad_pattern_13p3GHz.png
H,13.3,251.0,-27.426160821460208,rad_pattern_13p3GHz.png
H,13.3,251.5,-27.563586960041974,rad_pattern_13p3GHz.png
H,13.3,252.0,-27.700366576027232,rad_pattern_13p3GHz.png
H,13.3,252.5,-27.78291700222233,rad_pattern_13p3GHz.png
H,13.3,253.0,-27.800327302251464,rad_pattern_13p3GHz.png
H,13.3,253.5,-28.1381587027507,rad_pattern_13p3GHz.png
H,13.3,254.0,-28.20975452119291,rad_pattern_13p3GHz.png
H,13.3,254.5,-28.265369524699604,rad_pattern_13p3GHz.png
H,13.3,255.0,-28.463103314964343,rad_pattern_13p3GHz.png
H,13.3,255.5,-28.519052872763957,rad_pattern_13p3GHz.png
H,13.3,256.0,-28.561185811842794,rad_pattern_13p3GHz.png
H,13.3,256.5,-28.743256880349165,rad_pattern_13p3GHz.png
H,13.3,257.0,-28.743256880349165,rad_pattern_13p3GHz.png
H,13.3,257.5,-28.777807274674036,rad_pattern_13p3GHz.png
H,13.3,258.0,-28.868669317317107,rad_pattern_13p3GHz.png
H,13.3,258.5,-28.96511229655999,rad_pattern_13p3GHz.png
H,13.3,259.0,-28.96511229655999,rad_pattern_13p3GHz.png
H,13.3,259.5,-28.93669514855756,rad_pattern_13p3GHz.png
H,13.3,260.0,-28.79442991007009,rad_pattern_13p3GHz.png
H,13.3,260.5,-28.442765412159684,rad_pattern_13p3GHz.png
H,13.3,261.0,-28.442765412159684,rad_pattern_13p3GHz.png
H,13.3,261.5,-28.508983317062523,rad_pattern_13p3GHz.png
H,13.3,262.0,-28.508983317062523,rad_pattern_13p3GHz.png
H,13.3,262.5,-28.455729272506453,rad_pattern_13p3GHz.png
H,13.3,263.0,-28.430611465062384,rad_pattern_13p3GHz.png
H,13.3,263.5,-28.312336915479577,rad_pattern_13p3GHz.png
H,13.3,264.0,-28.229520507020247,rad_pattern_13p3GHz.png
H,13.3,264.5,-28.229520507020247,rad_pattern_13p3GHz.png
H,13.3,265.0,-28.11975492711517,rad_pattern_13p3GHz.png
H,13.3,265.5,-28.208374491228987,rad_pattern_13p3GHz.png
H,13.3,266.0,-28.152546730964403,rad_pattern_13p3GHz.png
H,13.3,266.5,-28.152546730964403,rad_pattern_13p3GHz.png
H,13.3,267.0,-27.921640169362618,rad_pattern_13p3GHz.png
H,13.3,267.5,-27.40191994408994,rad_pattern_13p3GHz.png
H,13.3,268.0,-27.40191994408994,rad_pattern_13p3GHz.png
H,13.3,268.5,-27.34665576633433,rad_pattern_13p3GHz.png
H,13.3,269.0,-27.34665576633433,rad_pattern_13p3GHz.png
H,13.3,269.5,-27.23155310362446,rad_pattern_13p3GHz.png
H,13.3,270.0,-27.23155310362446,rad_pattern_13p3GHz.png
H,13.3,270.5,-27.23155310362446,rad_pattern_13p3GHz.png
H,13.3,271.0,-27.361103967819883,rad_pattern_13p3GHz.png
H,13.3,271.5,-27.403032729309277,rad_pattern_13p3GHz.png
H,13.3,272.0,-27.403032729309277,rad_pattern_13p3GHz.png
H,13.3,272.5,-27.403032729309277,rad_pattern_13p3GHz.png
H,13.3,273.0,-27.97937242975102,rad_pattern_13p3GHz.png
H,13.3,273.5,-28.152546730964403,rad_pattern_13p3GHz.png
H,13.3,274.0,-28.152546730964403,rad_pattern_13p3GHz.png
H,13.3,274.5,-28.208374491228987,rad_pattern_13p3GHz.png
H,13.3,275.0,-28.11975492711517,rad_pattern_13p3GHz.png
H,13.3,275.5,-28.229520507020247,rad_pattern_13p3GHz.png
H,13.3,276.0,-28.229520507020247,rad_pattern_13p3GHz.png
H,13.3,276.5,-28.312336915479577,rad_pattern_13p3GHz.png
H,13.3,277.0,-28.430611465062384,rad_pattern_13p3GHz.png
H,13.3,277.5,-28.455729272506453,rad_pattern_13p3GHz.png
H,13.3,278.0,-28.508983317062523,rad_pattern_13p3GHz.png
H,13.3,278.5,-28.508983317062523,rad_pattern_13p3GHz.png
H,13.3,279.0,-28.442765412159684,rad_pattern_13p3GHz.png
H,13.3,279.5,-28.442765412159684,rad_pattern_13p3GHz.png
H,13.3,280.0,-28.79442991007009,rad_pattern_13p3GHz.png
H,13.3,280.5,-28.93669514855756,rad_pattern_13p3GHz.png
H,13.3,281.0,-28.96511229655999,rad_pattern_13p3GHz.png
H,13.3,281.5,-28.96511229655999,rad_pattern_13p3GHz.png
H,13.3,282.0,-28.868669317317107,rad_pattern_13p3GHz.png
H,13.3,282.5,-28.777807274674036,rad_pattern_13p3GHz.png
H,13.3,283.0,-28.743256880349165,rad_pattern_13p3GHz.png
H,13.3,283.5,-28.743256880349165,rad_pattern_13p3GHz.png
H,13.3,284.0,-28.561185811842794,rad_pattern_13p3GHz.png
H,13.3,284.5,-28.463103314964343,rad_pattern_13p3GHz.png
H,13.3,285.0,-28.427812181273563,rad_pattern_13p3GHz.png
H,13.3,285.5,-28.265369524699604,rad_pattern_13p3GHz.png
H,13.3,286.0,-28.20975452119291,rad_pattern_13p3GHz.png
H,13.3,286.5,-28.1381587027507,rad_pattern_13p3GHz.png
H,13.3,287.0,-27.800327302251464,rad_pattern_13p3GHz.png
H,13.3,287.5,-27.78291700222233,rad_pattern_13p3GHz.png
H,13.3,288.0,-27.700366576027232,rad_pattern_13p3GHz.png
H,13.3,288.5,-27.563586960041974,rad_pattern_13p3GHz.png
H,13.3,289.0,-27.426160821460208,rad_pattern_13p3GHz.png
H,13.3,289.5,-27.297899249362274,rad_pattern_13p3GHz.png
H,13.3,290.0,-27.013973824209454,rad_pattern_13p3GHz.png
H,13.3,290.5,-26.719898296391694,rad_pattern_13p3GHz.png
H,13.3,291.0,-26.425316104260475,rad_pattern_13p3GHz.png
H,13.3,291.5,-26.19475564493645,rad_pattern_13p3GHz.png
H,13.3,292.0,-25.937122993029433,rad_pattern_13p3GHz.png
H,13.3,292.5,-25.759618408012326,rad_pattern_13p3GHz.png
H,13.3,293.0,-25.296917308516207,rad_pattern_13p3GHz.png
H,13.3,293.5,-25.091873971611797,rad_pattern_13p3GHz.png
H,13.3,294.0,-24.836620329246465,rad_pattern_13p3GHz.png
H,13.3,294.5,-24.733760974710737,rad_pattern_13p3GHz.png
H,13.3,295.0,-24.424956979675233,rad_pattern_13p3GHz.png
H,13.3,295.5,-24.297229501696467,rad_pattern_13p3GHz.png
H,13.3,296.0,-24.297229501696467,rad_pattern_13p3GHz.png
H,13.3,296.5,-24.207475151908103,rad_pattern_13p3GHz.png
H,13.3,297.0,-24.930823417489844,rad_pattern_13p3GHz.png
H,13.3,297.5,-24.930823417489844,rad_pattern_13p3GHz.png
H,13.3,298.0,-25.639946002304935,rad_pattern_13p3GHz.png
H,13.3,298.5,-25.731880354862792,rad_pattern_13p3GHz.png
H,13.3,299.0,-25.74127233296859,rad_pattern_13p3GHz.png
H,13.3,299.5,-25.79169704092188,rad_pattern_13p3GHz.png
H,13.3,300.0,-25.97102124843279,rad_pattern_13p3GHz.png
H,13.3,300.5,-26.279052046889433,rad_pattern_13p3GHz.png
H,13.3,301.0,-26.45769934593087,rad_pattern_13p3GHz.png
H,13.3,301.5,-27.012840797638024,rad_pattern_13p3GHz.png
H,13.3,302.0,-27.29491593427134,rad_pattern_13p3GHz.png
H,13.3,302.5,-27.864790282570002,rad_pattern_13p3GHz.png
H,13.3,303.0,-28.498767828566095,rad_pattern_13p3GHz.png
H,13.3,303.5,-28.498767828566095,rad_pattern_13p3GHz.png
H,13.3,304.0,-28.362481094057102,rad_pattern_13p3GHz.png
H,13.3,304.5,-28.362481094057102,rad_pattern_13p3GHz.png
H,13.3,305.0,-28.201621760334397,rad_pattern_13p3GHz.png
H,13.3,305.5,-28.04043408746132,rad_pattern_13p3GHz.png
H,13.3,306.0,-27.878974929086215,rad_pattern_13p3GHz.png
H,13.3,306.5,-27.595891484024346,rad_pattern_13p3GHz.png
H,13.3,307.0,-27.589925581189586,rad_pattern_13p3GHz.png
H,13.3,307.5,-27.47440936037074,rad_pattern_13p3GHz.png
H,13.3,308.0,-27.398468307338337,rad_pattern_13p3GHz.png
H,13.3,308.5,-27.317270892085485,rad_pattern_13p3GHz.png
H,13.3,309.0,-27.24043067329303,rad_pattern_13p3GHz.png
H,13.3,309.5,-27.162886626022114,rad_pattern_13p3GHz.png
H,13.3,310.0,-27.12545851790378,rad_pattern_13p3GHz.png
H,13.3,310.5,-27.12545851790378,rad_pattern_13p3GHz.png
H,13.3,311.0,-27.08748856949956,rad_pattern_13p3GHz.png
H,13.3,311.5,-27.08748856949956,rad_pattern_13p3GHz.png
H,13.3,312.0,-27.08982167949041,rad_pattern_13p3GHz.png
H,13.3,312.5,-27.132536093673668,rad_pattern_13p3GHz.png
H,13.3,313.0,-27.132536093673668,rad_pattern_13p3GHz.png
H,13.3,313.5,-27.153691028224436,rad_pattern_13p3GHz.png
H,13.3,314.0,-27.175772308945277,rad_pattern_13p3GHz.png
H,13.3,314.5,-27.175772308945277,rad_pattern_13p3GHz.png
H,13.3,315.0,-27.5441689144272,rad_pattern_13p3GHz.png
H,13.3,315.5,-27.544168925842552,rad_pattern_13p3GHz.png
H,13.3,316.0,-29.46545092974409,rad_pattern_13p3GHz.png
H,13.3,316.5,-29.87416772548225,rad_pattern_13p3GHz.png
H,13.3,317.0,-29.87416772548225,rad_pattern_13p3GHz.png
H,13.3,317.5,-29.464066339535123,rad_pattern_13p3GHz.png
H,13.3,318.0,-29.464066339535123,rad_pattern_13p3GHz.png
H,13.3,318.5,-29.464066339535123,rad_pattern_13p3GHz.png
H,13.3,319.0,-29.420562155445396,rad_pattern_13p3GHz.png
H,13.3,319.5,-29.420562155445396,rad_pattern_13p3GHz.png
H,13.3,320.0,-29.5834560182769,rad_pattern_13p3GHz.png
H,13.3,320.5,-29.5834560182769,rad_pattern_13p3GHz.png
H,13.3,321.0,-29.5834560182769,rad_pattern_13p3GHz.png
H,13.3,321.5,-29.538316907356926,rad_pattern_13p3GHz.png
H,13.3,322.0,-29.538316907356926,rad_pattern_13p3GHz.png
H,13.3,322.5,-29.538316907356926,rad_pattern_13p3GHz.png
H,13.3,323.0,-29.538316907356926,rad_pattern_13p3GHz.png
H,13.3,323.5,-29.49207098263408,rad_pattern_13p3GHz.png
H,13.3,324.0,-29.57275769363563,rad_pattern_13p3GHz.png
H,13.3,324.5,-29.49207098263408,rad_pattern_13p3GHz.png
H,13.3,325.0,-29.444843410554164,rad_pattern_13p3GHz.png
H,13.3,325.5,-29.444843410554164,rad_pattern_13p3GHz.png
H,13.3,326.0,-29.4849825443246,rad_pattern_13p3GHz.png
H,13.3,326.5,-29.4849825443246,rad_pattern_13p3GHz.png
H,13.3,327.0,-29.39674328279831,rad_pattern_13p3GHz.png
H,13.3,327.5,-29.39674328279831,rad_pattern_13p3GHz.png
H,13.3,328.0,-29.452009522425833,rad_pattern_13p3GHz.png
H,13.3,328.5,-29.452009522425833,rad_pattern_13p3GHz.png
H,13.3,329.0,-29.29829370914761,rad_pattern_13p3GHz.png
H,13.3,329.5,-29.219045751793303,rad_pattern_13p3GHz.png
H,13.3,330.0,-29.169274688085533,rad_pattern_13p3GHz.png
H,13.3,330.5,-29.169274688085533,rad_pattern_13p3GHz.png
H,13.3,331.0,-29.158174104220056,rad_pattern_13p3GHz.png
H,13.3,331.5,-29.158174104220056,rad_pattern_13p3GHz.png
H,13.3,332.0,-29.06811285530679,rad_pattern_13p3GHz.png
H,13.3,332.5,-29.06811285530679,rad_pattern_13p3GHz.png
H,13.3,333.0,-28.80962631749817,rad_pattern_13p3GHz.png
H,13.3,333.5,-29.02974820781227,rad_pattern_13p3GHz.png
H,13.3,334.0,-28.783776682570732,rad_pattern_13p3GHz.png
H,13.3,334.5,-28.82222216676218,rad_pattern_13p3GHz.png
H,13.3,335.0,-28.783776682570732,rad_pattern_13p3GHz.png
H,13.3,335.5,-28.678698824762602,rad_pattern_13p3GHz.png
H,13.3,336.0,-28.666783480669583,rad_pattern_13p3GHz.png
H,13.3,336.5,-28.625733057700366,rad_pattern_13p3GHz.png
H,13.3,337.0,-28.48133036625658,rad_pattern_13p3GHz.png
H,13.3,337.5,-28.48133036625658,rad_pattern_13p3GHz.png
H,13.3,338.0,-28.48133036625658,rad_pattern_13p3GHz.png
H,13.3,338.5,-28.465374654940135,rad_pattern_13p3GHz.png
H,13.3,339.0,-28.34714426683034,rad_pattern_13p3GHz.png
H,13.3,339.5,-28.303171604890093,rad_pattern_13p3GHz.png
H,13.3,340.0,-28.293128327683675,rad_pattern_13p3GHz.png
H,13.3,340.5,-28.19419018283478,rad_pattern_13p3GHz.png
H,13.3,341.0,-28.084631634164623,rad_pattern_13p3GHz.png
H,13.3,341.5,-28.084631634164623,rad_pattern_13p3GHz.png
H,13.3,342.0,-28.084631634164623,rad_pattern_13p3GHz.png
H,13.3,342.5,-28.084631634164623,rad_pattern_13p3GHz.png
H,13.3,343.0,-27.864053753357116,rad_pattern_13p3GHz.png
H,13.3,343.5,-27.864053753357116,rad_pattern_13p3GHz.png
H,13.3,344.0,-27.844475769913995,rad_pattern_13p3GHz.png
H,13.3,344.5,-27.74070700408402,rad_pattern_13p3GHz.png
H,13.3,345.0,-27.697555567144565,rad_pattern_13p3GHz.png
H,13.3,345.5,-27.684790021894393,rad_pattern_13p3GHz.png
H,13.3,346.0,-27.57274714166454,rad_pattern_13p3GHz.png
H,13.3,346.5,-27.43234605661397,rad_pattern_13p3GHz.png
H,13.3,347.0,-27.326092468798997,rad_pattern_13p3GHz.png
H,13.3,347.5,-27.326092468798997,rad_pattern_13p3GHz.png
H,13.3,348.0,-27.326092468798997,rad_pattern_13p3GHz.png
H,13.3,348.5,-27.162412170336896,rad_pattern_13p3GHz.png
H,13.3,349.0,-27.04899441767578,rad_pattern_13p3GHz.png
H,13.3,349.5,-26.974219643251462,rad_pattern_13p3GHz.png
H,13.3,350.0,-26.93544117407033,rad_pattern_13p3GHz.png
H,13.3,350.5,-26.80324814243947,rad_pattern_13p3GHz.png
H,13.3,351.0,-26.69797124801379,rad_pattern_13p3GHz.png
H,13.3,351.5,-26.689148436748575,rad_pattern_13p3GHz.png
H,13.3,352.0,-26.46904201563509,rad_pattern_13p3GHz.png
H,13.3,352.5,-26.36184619185549,rad_pattern_13p3GHz.png
H,13.3,353.0,-26.325837828632032,rad_pattern_13p3GHz.png
H,13.3,353.5,-26.21833588911554,rad_pattern_13p3GHz.png
H,13.3,354.0,-26.080943808424117,rad_pattern_13p3GHz.png
H,13.3,354.5,-25.965889978622947,rad_pattern_13p3GHz.png
H,13.3,355.0,-25.884816414493347,rad_pattern_13p3GHz.png
H,13.3,355.5,-25.6831623100328,rad_pattern_13p3GHz.png
H,13.3,356.0,-25.65868275386864,rad_pattern_13p3GHz.png
H,13.3,356.5,-25.575772240909384,rad_pattern_13p3GHz.png
H,13.3,357.0,-25.316008497061315,rad_pattern_13p3GHz.png
H,13.3,357.5,-25.289937448377486,rad_pattern_13p3GHz.png
H,13.3,358.0,-25.176542763533636,rad_pattern_13p3GHz.png
H,13.3,358.5,-25.032078228785103,rad_pattern_13p3GHz.png
H,13.3,359.0,-24.94685719625348,rad_pattern_13p3GHz.png
H,13.3,359.5,-24.774299928748757,rad_pattern_13p3GHz.png
H,14.3,0.0,-25.17928071058223,rad_pattern_14p3GHz.png
H,14.3,0.5,-25.034449458100422,rad_pattern_14p3GHz.png
H,14.3,1.0,-24.86015378577038,rad_pattern_14p3GHz.png
H,14.3,1.5,-24.800927667221103,rad_pattern_14p3GHz.png
H,14.3,2.0,-24.625624226219816,rad_pattern_14p3GHz.png
H,14.3,2.5,-24.50763879332909,rad_pattern_14p3GHz.png
H,14.3,3.0,-24.302618411911716,rad_pattern_14p3GHz.png
H,14.3,3.5,-24.010696760532447,rad_pattern_14p3GHz.png
H,14.3,4.0,-23.77621749053974,rad_pattern_14p3GHz.png
H,14.3,4.5,-23.685621759931276,rad_pattern_14p3GHz.png
H,14.3,5.0,-23.623460479062064,rad_pattern_14p3GHz.png
H,14.3,5.5,-23.469185602129894,rad_pattern_14p3GHz.png
H,14.3,6.0,-23.262111770010886,rad_pattern_14p3GHz.png
H,14.3,6.5,-23.224022409156316,rad_pattern_14p3GHz.png
H,14.3,7.0,-23.12777294230111,rad_pattern_14p3GHz.png
H,14.3,7.5,-22.944681496433873,rad_pattern_14p3GHz.png
H,14.3,8.0,-22.78980292185231,rad_pattern_14p3GHz.png
H,14.3,8.5,-22.63853665618497,rad_pattern_14p3GHz.png
H,14.3,9.0,-22.478327436615753,rad_pattern_14p3GHz.png
H,14.3,9.5,-22.37409743899601,rad_pattern_14p3GHz.png
H,14.3,10.0,-22.18836030313636,rad_pattern_14p3GHz.png
H,14.3,10.5,-21.99706045429948,rad_pattern_14p3GHz.png
H,14.3,11.0,-21.83892902036145,rad_pattern_14p3GHz.png
H,14.3,11.5,-21.70298740481339,rad_pattern_14p3GHz.png
H,14.3,12.0,-21.572089145689173,rad_pattern_14p3GHz.png
H,14.3,12.5,-21.434646068804003,rad_pattern_14p3GHz.png
H,14.3,13.0,-21.261733273211025,rad_pattern_14p3GHz.png
H,14.3,13.5,-21.12920010879415,rad_pattern_14p3GHz.png
H,14.3,14.0,-20.989414290269725,rad_pattern_14p3GHz.png
H,14.3,14.5,-20.841664597512096,rad_pattern_14p3GHz.png
H,14.3,15.0,-20.65923261005015,rad_pattern_14p3GHz.png
H,14.3,15.5,-20.502391642099443,rad_pattern_14p3GHz.png
H,14.3,16.0,-20.323940431251177,rad_pattern_14p3GHz.png
H,14.3,16.5,-20.144666918738327,rad_pattern_14p3GHz.png
H,14.3,17.0,-19.945251893583617,rad_pattern_14p3GHz.png
H,14.3,17.5,-19.728229059395115,rad_pattern_14p3GHz.png
H,14.3,18.0,-19.49142522893354,rad_pattern_14p3GHz.png
H,14.3,18.5,-19.27248594649129,rad_pattern_14p3GHz.png
H,14.3,19.0,-19.052494098316437,rad_pattern_14p3GHz.png
H,14.3,19.5,-18.895712071620157,rad_pattern_14p3GHz.png
H,14.3,20.0,-18.666303100350962,rad_pattern_14p3GHz.png
H,14.3,20.5,-18.488259083395665,rad_pattern_14p3GHz.png
H,14.3,21.0,-18.275101124742555,rad_pattern_14p3GHz.png
H,14.3,21.5,-18.12123269432009,rad_pattern_14p3GHz.png
H,14.3,22.0,-17.965523682886204,rad_pattern_14p3GHz.png
H,14.3,22.5,-17.776808814780306,rad_pattern_14p3GHz.png
H,14.3,23.0,-17.618295223453124,rad_pattern_14p3GHz.png
H,14.3,23.5,-17.428217780258223,rad_pattern_14p3GHz.png
H,14.3,24.0,-17.267094398760552,rad_pattern_14p3GHz.png
H,14.3,24.5,-17.07578011300701,rad_pattern_14p3GHz.png
H,14.3,25.0,-16.898210941132756,rad_pattern_14p3GHz.png
H,14.3,25.5,-16.7084654435719,rad_pattern_14p3GHz.png
H,14.3,26.0,-16.553964790765498,rad_pattern_14p3GHz.png
H,14.3,26.5,-16.360738028307804,rad_pattern_14p3GHz.png
H,14.3,27.0,-16.205214324641847,rad_pattern_14p3GHz.png
H,14.3,27.5,-16.03551646648148,rad_pattern_14p3GHz.png
H,14.3,28.0,-15.86438758405303,rad_pattern_14p3GHz.png
H,14.3,28.5,-15.70587156897938,rad_pattern_14p3GHz.png
H,14.3,29.0,-15.532386519195812,rad_pattern_14p3GHz.png
H,14.3,29.5,-15.343690724948065,rad_pattern_14p3GHz.png
H,14.3,30.0,-15.196607991527772,rad_pattern_14p3GHz.png
H,14.3,30.5,-15.044806368468269,rad_pattern_14p3GHz.png
H,14.3,31.0,-14.83225226662568,rad_pattern_14p3GHz.png
H,14.3,31.5,-14.663489780340893,rad_pattern_14p3GHz.png
H,14.3,32.0,-14.477650176879408,rad_pattern_14p3GHz.png
H,14.3,32.5,-14.311825576774492,rad_pattern_14p3GHz.png
H,14.3,33.0,-14.106859422451912,rad_pattern_14p3GHz.png
H,14.3,33.5,-13.859114671125717,rad_pattern_14p3GHz.png
H,14.3,34.0,-13.658516042832453,rad_pattern_14p3GHz.png
H,14.3,34.5,-13.43290022767442,rad_pattern_14p3GHz.png
H,14.3,35.0,-13.23716348126186,rad_pattern_14p3GHz.png
H,14.3,35.5,-12.992666248588879,rad_pattern_14p3GHz.png
H,14.3,36.0,-12.77665679479264,rad_pattern_14p3GHz.png
H,14.3,36.5,-12.563641634111345,rad_pattern_14p3GHz.png
H,14.3,37.0,-12.367563624594506,rad_pattern_14p3GHz.png
H,14.3,37.5,-12.146032179847975,rad_pattern_14p3GHz.png
H,14.3,38.0,-11.958260796006666,rad_pattern_14p3GHz.png
H,14.3,38.5,-11.733221776924076,rad_pattern_14p3GHz.png
H,14.3,39.0,-11.570665508779605,rad_pattern_14p3GHz.png
H,14.3,39.5,-11.351437803584652,rad_pattern_14p3GHz.png
H,14.3,40.0,-11.165917682852509,rad_pattern_14p3GHz.png
H,14.3,40.5,-11.009495591234288,rad_pattern_14p3GHz.png
H,14.3,41.0,-10.83652867541577,rad_pattern_14p3GHz.png
H,14.3,41.5,-10.628990024835392,rad_pattern_14p3GHz.png
H,14.3,42.0,-10.431344920082477,rad_pattern_14p3GHz.png
H,14.3,42.5,-10.273632782618257,rad_pattern_14p3GHz.png
H,14.3,43.0,-10.116602125966828,rad_pattern_14p3GHz.png
H,14.3,43.5,-9.95818003365115,rad_pattern_14p3GHz.png
H,14.3,44.0,-9.758243910571537,rad_pattern_14p3GHz.png
H,14.3,44.5,-9.596805866057185,rad_pattern_14p3GHz.png
H,14.3,45.0,-9.413557834242539,rad_pattern_14p3GHz.png
H,14.3,45.5,-9.228894843624037,rad_pattern_14p3GHz.png
H,14.3,46.0,-9.042387608357053,rad_pattern_14p3GHz.png
H,14.3,46.5,-8.833614528983297,rad_pattern_14p3GHz.png
H,14.3,47.0,-8.645772909979133,rad_pattern_14p3GHz.png
H,14.3,47.5,-8.46938541091918,rad_pattern_14p3GHz.png
H,14.3,48.0,-8.297823972754497,rad_pattern_14p3GHz.png
H,14.3,48.5,-8.1200820459687,rad_pattern_14p3GHz.png
H,14.3,49.0,-7.945862622338947,rad_pattern_14p3GHz.png
H,14.3,49.5,-7.764139361534422,rad_pattern_14p3GHz.png
H,14.3,50.0,-7.583738107579233,rad_pattern_14p3GHz.png
H,14.3,50.5,-7.401862028193005,rad_pattern_14p3GHz.png
H,14.3,51.0,-7.240684407041403,rad_pattern_14p3GHz.png
H,14.3,51.5,-7.056073971304997,rad_pattern_14p3GHz.png
H,14.3,52.0,-6.905356528283917,rad_pattern_14p3GHz.png
H,14.3,52.5,-6.729853572151772,rad_pattern_14p3GHz.png
H,14.3,53.0,-6.55129887733942,rad_pattern_14p3GHz.png
H,14.3,53.5,-6.389295657174493,rad_pattern_14p3GHz.png
H,14.3,54.0,-6.237187632374116,rad_pattern_14p3GHz.png
H,14.3,54.5,-6.063564032547514,rad_pattern_14p3GHz.png
H,14.3,55.0,-5.900669783799842,rad_pattern_14p3GHz.png
H,14.3,55.5,-5.7581842081189265,rad_pattern_14p3GHz.png
H,14.3,56.0,-5.584778950113069,rad_pattern_14p3GHz.png
H,14.3,56.5,-5.432982453684058,rad_pattern_14p3GHz.png
H,14.3,57.0,-5.294275934295179,rad_pattern_14p3GHz.png
H,14.3,57.5,-5.155404472288364,rad_pattern_14p3GHz.png
H,14.3,58.0,-4.991013588823641,rad_pattern_14p3GHz.png
H,14.3,58.5,-4.851800370939028,rad_pattern_14p3GHz.png
H,14.3,59.0,-4.713913007538416,rad_pattern_14p3GHz.png
H,14.3,59.5,-4.58002007870979,rad_pattern_14p3GHz.png
H,14.3,60.0,-4.42219260033438,rad_pattern_14p3GHz.png
H,14.3,60.5,-4.300361753596825,rad_pattern_14p3GHz.png
H,14.3,61.0,-4.147255666210992,rad_pattern_14p3GHz.png
H,14.3,61.5,-4.013699332693324,rad_pattern_14p3GHz.png
H,14.3,62.0,-3.8865818348949723,rad_pattern_14p3GHz.png
H,14.3,62.5,-3.752585112105187,rad_pattern_14p3GHz.png
H,14.3,63.0,-3.6140586270218797,rad_pattern_14p3GHz.png
H,14.3,63.5,-3.497698515302602,rad_pattern_14p3GHz.png
H,14.3,64.0,-3.3670456976997762,rad_pattern_14p3GHz.png
H,14.3,64.5,-3.245176874839025,rad_pattern_14p3GHz.png
H,14.3,65.0,-3.1159339754136397,rad_pattern_14p3GHz.png
H,14.3,65.5,-3.0134172296045136,rad_pattern_14p3GHz.png
H,14.3,66.0,-2.885310956055644,rad_pattern_14p3GHz.png
H,14.3,66.5,-2.795957979008577,rad_pattern_14p3GHz.png
H,14.3,67.0,-2.6514863636000143,rad_pattern_14p3GHz.png
H,14.3,67.5,-2.540678356875336,rad_pattern_14p3GHz.png
H,14.3,68.0,-2.452269059951611,rad_pattern_14p3GHz.png
H,14.3,68.5,-2.3450428298869745,rad_pattern_14p3GHz.png
H,14.3,69.0,-2.2343421514557775,rad_pattern_14p3GHz.png
H,14.3,69.5,-2.123133399460631,rad_pattern_14p3GHz.png
H,14.3,70.0,-2.0305570812598077,rad_pattern_14p3GHz.png
H,14.3,70.5,-1.9181889406018797,rad_pattern_14p3GHz.png
H,14.3,71.0,-1.8302675687268142,rad_pattern_14p3GHz.png
H,14.3,71.5,-1.730456795794435,rad_pattern_14p3GHz.png
H,14.3,72.0,-1.63826819128559,rad_pattern_14p3GHz.png
H,14.3,72.5,-1.552453418840507,rad_pattern_14p3GHz.png
H,14.3,73.0,-1.4574799922814066,rad_pattern_14p3GHz.png
H,14.3,73.5,-1.3748197977043972,rad_pattern_14p3GHz.png
H,14.3,74.0,-1.296317470292081,rad_pattern_14p3GHz.png
H,14.3,74.5,-1.2161529922569798,rad_pattern_14p3GHz.png
H,14.3,75.0,-1.1373079980220275,rad_pattern_14p3GHz.png
H,14.3,75.5,-1.0758907779347133,rad_pattern_14p3GHz.png
H,14.3,76.0,-1.0011652322501554,rad_pattern_14p3GHz.png
H,14.3,76.5,-0.9302226123307555,rad_pattern_14p3GHz.png
H,14.3,77.0,-0.862335316544236,rad_pattern_14p3GHz.png
H,14.3,77.5,-0.7971201394439902,rad_pattern_14p3GHz.png
H,14.3,78.0,-0.7320750116131443,rad_pattern_14p3GHz.png
H,14.3,78.5,-0.6813224076237248,rad_pattern_14p3GHz.png
H,14.3,79.0,-0.6416158208182061,rad_pattern_14p3GHz.png
H,14.3,79.5,-0.5709099117280907,rad_pattern_14p3GHz.png
H,14.3,80.0,-0.5179892828420556,rad_pattern_14p3GHz.png
H,14.3,80.5,-0.4899025581550909,rad_pattern_14p3GHz.png
H,14.3,81.0,-0.4216505548691991,rad_pattern_14p3GHz.png
H,14.3,81.5,-0.39067275494591414,rad_pattern_14p3GHz.png
H,14.3,82.0,-0.3503552302723918,rad_pattern_14p3GHz.png
H,14.3,82.5,-0.2950681326468185,rad_pattern_14p3GHz.png
H,14.3,83.0,-0.273729019400367,rad_pattern_14p3GHz.png
H,14.3,83.5,-0.23658634441958526,rad_pattern_14p3GHz.png
H,14.3,84.0,-0.21369679030840416,rad_pattern_14p3GHz.png
H,14.3,84.5,-0.17361322222246756,rad_pattern_14p3GHz.png
H,14.3,85.0,-0.1454054790515542,rad_pattern_14p3GHz.png
H,14.3,85.5,-0.11602034389511573,rad_pattern_14p3GHz.png
H,14.3,86.0,-0.0862809494092609,rad_pattern_14p3GHz.png
H,14.3,86.5,-0.0807626146524143,rad_pattern_14p3GHz.png
H,14.3,87.0,-0.05253114399335246,rad_pattern_14p3GHz.png
H,14.3,87.5,-0.048219571995243626,rad_pattern_14p3GHz.png
H,14.3,88.0,-0.0402356482659485,rad_pattern_14p3GHz.png
H,14.3,88.5,-0.023016965286878133,rad_pattern_14p3GHz.png
H,14.3,89.0,-0.02170830703772708,rad_pattern_14p3GHz.png
H,14.3,89.5,-0.0011450184857615398,rad_pattern_14p3GHz.png
H,14.3,90.0,0.0,rad_pattern_14p3GHz.png
H,14.3,90.5,-0.0011450184857615398,rad_pattern_14p3GHz.png
H,14.3,91.0,-0.02170830703772708,rad_pattern_14p3GHz.png
H,14.3,91.5,-0.023016965286878133,rad_pattern_14p3GHz.png
H,14.3,92.0,-0.0402356482659485,rad_pattern_14p3GHz.png
H,14.3,92.5,-0.048219571995243626,rad_pattern_14p3GHz.png
H,14.3,93.0,-0.05253114399335246,rad_pattern_14p3GHz.png
H,14.3,93.5,-0.0807626146524143,rad_pattern_14p3GHz.png
H,14.3,94.0,-0.0862809494092609,rad_pattern_14p3GHz.png
H,14.3,94.5,-0.11602034389511573,rad_pattern_14p3GHz.png
H,14.3,95.0,-0.1454054790515542,rad_pattern_14p3GHz.png
H,14.3,95.5,-0.17361322222246756,rad_pattern_14p3GHz.png
H,14.3,96.0,-0.21369679030840416,rad_pattern_14p3GHz.png
H,14.3,96.5,-0.23658634441958526,rad_pattern_14p3GHz.png
H,14.3,97.0,-0.273729019400367,rad_pattern_14p3GHz.png
H,14.3,97.5,-0.2950681326468185,rad_pattern_14p3GHz.png
H,14.3,98.0,-0.3503552302723918,rad_pattern_14p3GHz.png
H,14.3,98.5,-0.39067275494591414,rad_pattern_14p3GHz.png
H,14.3,99.0,-0.4216505548691991,rad_pattern_14p3GHz.png
H,14.3,99.5,-0.4899025581550909,rad_pattern_14p3GHz.png
H,14.3,100.0,-0.5179892828420556,rad_pattern_14p3GHz.png
H,14.3,100.5,-0.5709099117280907,rad_pattern_14p3GHz.png
H,14.3,101.0,-0.6416158208182061,rad_pattern_14p3GHz.png
H,14.3,101.5,-0.6813224076237248,rad_pattern_14p3GHz.png
H,14.3,102.0,-0.7320750116131443,rad_pattern_14p3GHz.png
H,14.3,102.5,-0.7971201394439902,rad_pattern_14p3GHz.png
H,14.3,103.0,-0.862335316544236,rad_pattern_14p3GHz.png
H,14.3,103.5,-0.9302226123307555,rad_pattern_14p3GHz.png
H,14.3,104.0,-1.0011652322501554,rad_pattern_14p3GHz.png
H,14.3,104.5,-1.0758907779347133,rad_pattern_14p3GHz.png
H,14.3,105.0,-1.1373079980220275,rad_pattern_14p3GHz.png
H,14.3,105.5,-1.2161529922569798,rad_pattern_14p3GHz.png
H,14.3,106.0,-1.296317470292081,rad_pattern_14p3GHz.png
H,14.3,106.5,-1.3748197977043972,rad_pattern_14p3GHz.png
H,14.3,107.0,-1.4574799922814066,rad_pattern_14p3GHz.png
H,14.3,107.5,-1.552453418840507,rad_pattern_14p3GHz.png
H,14.3,108.0,-1.63826819128559,rad_pattern_14p3GHz.png
H,14.3,108.5,-1.730456795794435,rad_pattern_14p3GHz.png
H,14.3,109.0,-1.8302675687268142,rad_pattern_14p3GHz.png
H,14.3,109.5,-1.9181889406018797,rad_pattern_14p3GHz.png
H,14.3,110.0,-2.0305570812598077,rad_pattern_14p3GHz.png
H,14.3,110.5,-2.123133399460631,rad_pattern_14p3GHz.png
H,14.3,111.0,-2.2343421514557775,rad_pattern_14p3GHz.png
H,14.3,111.5,-2.3450428298869745,rad_pattern_14p3GHz.png
H,14.3,112.0,-2.452269059951611,rad_pattern_14p3GHz.png
H,14.3,112.5,-2.540678356875336,rad_pattern_14p3GHz.png
H,14.3,113.0,-2.6514863636000143,rad_pattern_14p3GHz.png
H,14.3,113.5,-2.795957979008577,rad_pattern_14p3GHz.png
H,14.3,114.0,-2.885310956055644,rad_pattern_14p3GHz.png
H,14.3,114.5,-3.0134172296045136,rad_pattern_14p3GHz.png
H,14.3,115.0,-3.1159339754136397,rad_pattern_14p3GHz.png
H,14.3,115.5,-3.245176874839025,rad_pattern_14p3GHz.png
H,14.3,116.0,-3.3670456976997762,rad_pattern_14p3GHz.png
H,14.3,116.5,-3.497698515302602,rad_pattern_14p3GHz.png
H,14.3,117.0,-3.6140586270218797,rad_pattern_14p3GHz.png
H,14.3,117.5,-3.752585112105187,rad_pattern_14p3GHz.png
H,14.3,118.0,-3.8865818348949723,rad_pattern_14p3GHz.png
H,14.3,118.5,-4.013699332693324,rad_pattern_14p3GHz.png
H,14.3,119.0,-4.147255666210992,rad_pattern_14p3GHz.png
H,14.3,119.5,-4.300361753596825,rad_pattern_14p3GHz.png
H,14.3,120.0,-4.42219260033438,rad_pattern_14p3GHz.png
H,14.3,120.5,-4.58002007870979,rad_pattern_14p3GHz.png
H,14.3,121.0,-4.713913007538416,rad_pattern_14p3GHz.png
H,14.3,121.5,-4.851800370939028,rad_pattern_14p3GHz.png
H,14.3,122.0,-4.991013588823641,rad_pattern_14p3GHz.png
H,14.3,122.5,-5.155404472288364,rad_pattern_14p3GHz.png
H,14.3,123.0,-5.294275934295179,rad_pattern_14p3GHz.png
H,14.3,123.5,-5.432982453684058,rad_pattern_14p3GHz.png
H,14.3,124.0,-5.584778950113069,rad_pattern_14p3GHz.png
H,14.3,124.5,-5.7581842081189265,rad_pattern_14p3GHz.png
H,14.3,125.0,-5.900669783799842,rad_pattern_14p3GHz.png
H,14.3,125.5,-6.063564032547514,rad_pattern_14p3GHz.png
H,14.3,126.0,-6.237187632374116,rad_pattern_14p3GHz.png
H,14.3,126.5,-6.389295657174493,rad_pattern_14p3GHz.png
H,14.3,127.0,-6.55129887733942,rad_pattern_14p3GHz.png
H,14.3,127.5,-6.729853572151772,rad_pattern_14p3GHz.png
H,14.3,128.0,-6.905356528283917,rad_pattern_14p3GHz.png
H,14.3,128.5,-7.056073971304997,rad_pattern_14p3GHz.png
H,14.3,129.0,-7.240684407041403,rad_pattern_14p3GHz.png
H,14.3,129.5,-7.401862028193005,rad_pattern_14p3GHz.png
H,14.3,130.0,-7.583738107579233,rad_pattern_14p3GHz.png
H,14.3,130.5,-7.764139361534422,rad_pattern_14p3GHz.png
H,14.3,131.0,-7.945862622338947,rad_pattern_14p3GHz.png
H,14.3,131.5,-8.1200820459687,rad_pattern_14p3GHz.png
H,14.3,132.0,-8.297823972754497,rad_pattern_14p3GHz.png
H,14.3,132.5,-8.46938541091918,rad_pattern_14p3GHz.png
H,14.3,133.0,-8.645772909979133,rad_pattern_14p3GHz.png
H,14.3,133.5,-8.833614528983297,rad_pattern_14p3GHz.png
H,14.3,134.0,-9.042387608357053,rad_pattern_14p3GHz.png
H,14.3,134.5,-9.228894843624037,rad_pattern_14p3GHz.png
H,14.3,135.0,-9.413557834242539,rad_pattern_14p3GHz.png
H,14.3,135.5,-9.596805866057185,rad_pattern_14p3GHz.png
H,14.3,136.0,-9.758243910571537,rad_pattern_14p3GHz.png
H,14.3,136.5,-9.95818003365115,rad_pattern_14p3GHz.png
H,14.3,137.0,-10.116602125966828,rad_pattern_14p3GHz.png
H,14.3,137.5,-10.273632782618257,rad_pattern_14p3GHz.png
H,14.3,138.0,-10.431344920082477,rad_pattern_14p3GHz.png
H,14.3,138.5,-10.628990024835392,rad_pattern_14p3GHz.png
H,14.3,139.0,-10.83652867541577,rad_pattern_14p3GHz.png
H,14.3,139.5,-11.009495591234288,rad_pattern_14p3GHz.png
H,14.3,140.0,-11.165917682852509,rad_pattern_14p3GHz.png
H,14.3,140.5,-11.351437803584652,rad_pattern_14p3GHz.png
H,14.3,141.0,-11.570665508779605,rad_pattern_14p3GHz.png
H,14.3,141.5,-11.733221776924076,rad_pattern_14p3GHz.png
H,14.3,142.0,-11.958260796006666,rad_pattern_14p3GHz.png
H,14.3,142.5,-12.146032179847975,rad_pattern_14p3GHz.png
H,14.3,143.0,-12.361858929060372,rad_pattern_14p3GHz.png
H,14.3,143.5,-12.563641634111345,rad_pattern_14p3GHz.png
H,14.3,144.0,-12.77665679479264,rad_pattern_14p3GHz.png
H,14.3,144.5,-12.992666248588879,rad_pattern_14p3GHz.png
H,14.3,145.0,-13.23716348126186,rad_pattern_14p3GHz.png
H,14.3,145.5,-13.43290022767442,rad_pattern_14p3GHz.png
H,14.3,146.0,-13.658516042832453,rad_pattern_14p3GHz.png
H,14.3,146.5,-13.859114671125717,rad_pattern_14p3GHz.png
H,14.3,147.0,-14.106859422451912,rad_pattern_14p3GHz.png
H,14.3,147.5,-14.311825576774492,rad_pattern_14p3GHz.png
H,14.3,148.0,-14.477650176879408,rad_pattern_14p3GHz.png
H,14.3,148.5,-14.663489780340893,rad_pattern_14p3GHz.png
H,14.3,149.0,-14.852206396875822,rad_pattern_14p3GHz.png
H,14.3,149.5,-15.044806368468269,rad_pattern_14p3GHz.png
H,14.3,150.0,-15.196607991527772,rad_pattern_14p3GHz.png
H,14.3,150.5,-15.343690724948065,rad_pattern_14p3GHz.png
H,14.3,151.0,-15.532386519195812,rad_pattern_14p3GHz.png
H,14.3,151.5,-15.70587156897938,rad_pattern_14p3GHz.png
H,14.3,152.0,-15.86438758405303,rad_pattern_14p3GHz.png
H,14.3,152.5,-16.03551646648148,rad_pattern_14p3GHz.png
H,14.3,153.0,-16.230999731191705,rad_pattern_14p3GHz.png
H,14.3,153.5,-16.42539929700632,rad_pattern_14p3GHz.png
H,14.3,154.0,-16.7084654435719,rad_pattern_14p3GHz.png
H,14.3,154.5,-16.92736121562088,rad_pattern_14p3GHz.png
H,14.3,155.0,-17.18289621299944,rad_pattern_14p3GHz.png
H,14.3,155.5,-17.348505880913596,rad_pattern_14p3GHz.png
H,14.3,156.0,-17.548958698426983,rad_pattern_14p3GHz.png
H,14.3,156.5,-17.80047390725682,rad_pattern_14p3GHz.png
H,14.3,157.0,-18.110231201193336,rad_pattern_14p3GHz.png
H,14.3,157.5,-18.132022906756063,rad_pattern_14p3GHz.png
H,14.3,158.0,-18.132022906756063,rad_pattern_14p3GHz.png
H,14.3,158.5,-18.276925769155337,rad_pattern_14p3GHz.png
H,14.3,159.0,-18.44745011457618,rad_pattern_14p3GHz.png
H,14.3,159.5,-18.660875246273452,rad_pattern_14p3GHz.png
H,14.3,160.0,-18.83926514873308,rad_pattern_14p3GHz.png
H,14.3,160.5,-19.060829610353704,rad_pattern_14p3GHz.png
H,14.3,161.0,-19.235307085367015,rad_pattern_14p3GHz.png
H,14.3,161.5,-19.427914954322613,rad_pattern_14p3GHz.png
H,14.3,162.0,-19.80270226455848,rad_pattern_14p3GHz.png
H,14.3,162.5,-19.83843379023365,rad_pattern_14p3GHz.png
H,14.3,163.0,-20.072678650644118,rad_pattern_14p3GHz.png
H,14.3,163.5,-20.438172515137143,rad_pattern_14p3GHz.png
H,14.3,164.0,-20.661489370277717,rad_pattern_14p3GHz.png
H,14.3,164.5,-20.715138617741932,rad_pattern_14p3GHz.png
H,14.3,165.0,-20.74834795551269,rad_pattern_14p3GHz.png
H,14.3,165.5,-20.856126400980717,rad_pattern_14p3GHz.png
H,14.3,166.0,-20.940256939192352,rad_pattern_14p3GHz.png
H,14.3,166.5,-21.072971747592163,rad_pattern_14p3GHz.png
H,14.3,167.0,-21.17726018362278,rad_pattern_14p3GHz.png
H,14.3,167.5,-21.315565790288474,rad_pattern_14p3GHz.png
H,14.3,168.0,-21.509600098926484,rad_pattern_14p3GHz.png
H,14.3,168.5,-21.606379138029276,rad_pattern_14p3GHz.png
H,14.3,169.0,-21.7765991610982,rad_pattern_14p3GHz.png
H,14.3,169.5,-21.94548336388025,rad_pattern_14p3GHz.png
H,14.3,170.0,-22.136410585411657,rad_pattern_14p3GHz.png
H,14.3,170.5,-22.28858377154118,rad_pattern_14p3GHz.png
H,14.3,171.0,-22.35954255872161,rad_pattern_14p3GHz.png
H,14.3,171.5,-22.429924455496728,rad_pattern_14p3GHz.png
H,14.3,172.0,-22.528097755184728,rad_pattern_14p3GHz.png
H,14.3,172.5,-22.683024159596815,rad_pattern_14p3GHz.png
H,14.3,173.0,-22.683024159596815,rad_pattern_14p3GHz.png
H,14.3,173.5,-22.49624707799695,rad_pattern_14p3GHz.png
H,14.3,174.0,-22.1257846259976,rad_pattern_14p3GHz.png
H,14.3,174.5,-21.927499039338738,rad_pattern_14p3GHz.png
H,14.3,175.0,-21.472420642073107,rad_pattern_14p3GHz.png
H,14.3,175.5,-20.377762710074034,rad_pattern_14p3GHz.png
H,14.3,176.0,-20.04008926867129,rad_pattern_14p3GHz.png
H,14.3,176.5,-20.04008926867129,rad_pattern_14p3GHz.png
H,14.3,177.0,-24.302618411911716,rad_pattern_14p3GHz.png
H,14.3,177.5,-24.50763879332909,rad_pattern_14p3GHz.png
H,14.3,178.0,-24.625624226219816,rad_pattern_14p3GHz.png
H,14.3,178.5,-24.800927667221103,rad_pattern_14p3GHz.png
H,14.3,179.0,-24.86015378577038,rad_pattern_14p3GHz.png
H,14.3,179.5,-25.034449458100422,rad_pattern_14p3GHz.png
H,14.3,180.0,-25.17928071058223,rad_pattern_14p3GHz.png
H,14.3,180.5,-25.293665331407535,rad_pattern_14p3GHz.png
H,14.3,181.0,-25.381313487155357,rad_pattern_14p3GHz.png
H,14.3,181.5,-25.58266426559879,rad_pattern_14p3GHz.png
H,14.3,182.0,-25.66535486216823,rad_pattern_14p3GHz.png
H,14.3,182.5,-25.69658158497649,rad_pattern_14p3GHz.png
H,14.3,183.0,-25.950909678983958,rad_pattern_14p3GHz.png
H,14.3,183.5,-25.982968715407832,rad_pattern_14p3GHz.png
H,14.3,184.0,-26.122037209733904,rad_pattern_14p3GHz.png
H,14.3,184.5,-26.20643606512999,rad_pattern_14p3GHz.png
H,14.3,185.0,-26.287931323730962,rad_pattern_14p3GHz.png
H,14.3,185.5,-26.403052005451883,rad_pattern_14p3GHz.png
H,14.3,186.0,-26.45465306127204,rad_pattern_14p3GHz.png
H,14.3,186.5,-26.598283698672347,rad_pattern_14p3GHz.png
H,14.3,187.0,-26.65224714756072,rad_pattern_14p3GHz.png
H,14.3,187.5,-26.734627744257562,rad_pattern_14p3GHz.png
H,14.3,188.0,-26.820568851167057,rad_pattern_14p3GHz.png
H,14.3,188.5,-26.955174952250868,rad_pattern_14p3GHz.png
H,14.3,189.0,-26.959544205481457,rad_pattern_14p3GHz.png
H,14.3,189.5,-26.979057669713622,rad_pattern_14p3GHz.png
H,14.3,190.0,-27.025978990926266,rad_pattern_14p3GHz.png
H,14.3,190.5,-27.105721038762947,rad_pattern_14p3GHz.png
H,14.3,191.0,-27.105721038762947,rad_pattern_14p3GHz.png
H,14.3,191.5,-27.275680856554917,rad_pattern_14p3GHz.png
H,14.3,192.0,-27.36051980254317,rad_pattern_14p3GHz.png
H,14.3,192.5,-27.3760825640805,rad_pattern_14p3GHz.png
H,14.3,193.0,-27.445270047839077,rad_pattern_14p3GHz.png
H,14.3,193.5,-27.48855398313215,rad_pattern_14p3GHz.png
H,14.3,194.0,-27.600790936195096,rad_pattern_14p3GHz.png
H,14.3,194.5,-27.656813302502574,rad_pattern_14p3GHz.png
H,14.3,195.0,-27.697555567144565,rad_pattern_14p3GHz.png
H,14.3,195.5,-27.74070700408402,rad_pattern_14p3GHz.png
H,14.3,196.0,-27.844475769913995,rad_pattern_14p3GHz.png
H,14.3,196.5,-27.919362558859792,rad_pattern_14p3GHz.png
H,14.3,197.0,-27.927701434273164,rad_pattern_14p3GHz.png
H,14.3,197.5,-28.148551526308523,rad_pattern_14p3GHz.png
H,14.3,198.0,-28.148551526308523,rad_pattern_14p3GHz.png
H,14.3,198.5,-28.148551526308523,rad_pattern_14p3GHz.png
H,14.3,199.0,-28.340152137712295,rad_pattern_14p3GHz.png
H,14.3,199.5,-28.377001729845404,rad_pattern_14p3GHz.png
H,14.3,200.0,-28.448769478613958,rad_pattern_14p3GHz.png
H,14.3,200.5,-28.448769478613958,rad_pattern_14p3GHz.png
H,14.3,201.0,-28.448769478613958,rad_pattern_14p3GHz.png
H,14.3,201.5,-28.529746877914587,rad_pattern_14p3GHz.png
H,14.3,202.0,-28.647908931207382,rad_pattern_14p3GHz.png
H,14.3,202.5,-28.70147079273421,rad_pattern_14p3GHz.png
H,14.3,203.0,-28.8078320737834,rad_pattern_14p3GHz.png
H,14.3,203.5,-28.8078320737834,rad_pattern_14p3GHz.png
H,14.3,204.0,-28.8078320737834,rad_pattern_14p3GHz.png
H,14.3,204.5,-28.860586714391925,rad_pattern_14p3GHz.png
H,14.3,205.0,-28.860586714391925,rad_pattern_14p3GHz.png
H,14.3,205.5,-29.159019671980058,rad_pattern_14p3GHz.png
H,14.3,206.0,-29.159019671980058,rad_pattern_14p3GHz.png
H,14.3,206.5,-29.184873855882635,rad_pattern_14p3GHz.png
H,14.3,207.0,-29.210728039785216,rad_pattern_14p3GHz.png
H,14.3,207.5,-29.210728039785216,rad_pattern_14p3GHz.png
H,14.3,208.0,-29.326574354765718,rad_pattern_14p3GHz.png
H,14.3,208.5,-29.24809981782037,rad_pattern_14p3GHz.png
H,14.3,209.0,-29.326574354765718,rad_pattern_14p3GHz.png
H,14.3,209.5,-29.337800174614923,rad_pattern_14p3GHz.png
H,14.3,210.0,-29.337800174614923,rad_pattern_14p3GHz.png
H,14.3,210.5,-29.323152586200422,rad_pattern_14p3GHz.png
H,14.3,211.0,-29.323152586200422,rad_pattern_14p3GHz.png
H,14.3,211.5,-29.452009522425833,rad_pattern_14p3GHz.png
H,14.3,212.0,-29.452009522425833,rad_pattern_14p3GHz.png
H,14.3,212.5,-29.39674328279831,rad_pattern_14p3GHz.png
H,14.3,213.0,-29.39674328279831,rad_pattern_14p3GHz.png
H,14.3,213.5,-29.4849825443246,rad_pattern_14p3GHz.png
H,14.3,214.0,-29.4849825443246,rad_pattern_14p3GHz.png
H,14.3,214.5,-29.4849825443246,rad_pattern_14p3GHz.png
H,14.3,215.0,-29.67692841834743,rad_pattern_14p3GHz.png
H,14.3,215.5,-29.67692841834743,rad_pattern_14p3GHz.png
H,14.3,216.0,-29.67692841834743,rad_pattern_14p3GHz.png
H,14.3,216.5,-29.636585062846656,rad_pattern_14p3GHz.png
H,14.3,217.0,-29.7003113813588,rad_pattern_14p3GHz.png
H,14.3,217.5,-29.538316907356926,rad_pattern_14p3GHz.png
H,14.3,218.0,-29.60164711690759,rad_pattern_14p3GHz.png
H,14.3,218.5,-29.60164711690759,rad_pattern_14p3GHz.png
H,14.3,219.0,-29.66482652349537,rad_pattern_14p3GHz.png
H,14.3,219.5,-29.727799715532022,rad_pattern_14p3GHz.png
H,14.3,220.0,-29.727799715532022,rad_pattern_14p3GHz.png
H,14.3,220.5,-29.646318782652422,rad_pattern_14p3GHz.png
H,14.3,221.0,-29.216743655252202,rad_pattern_14p3GHz.png
H,14.3,221.5,-29.216743655252202,rad_pattern_14p3GHz.png
H,14.3,222.0,-29.341566830943957,rad_pattern_14p3GHz.png
H,14.3,222.5,-29.341566830943957,rad_pattern_14p3GHz.png
H,14.3,223.0,-29.341566830943957,rad_pattern_14p3GHz.png
H,14.3,223.5,-29.383700743702505,rad_pattern_14p3GHz.png
H,14.3,224.0,-29.383700743702505,rad_pattern_14p3GHz.png
H,14.3,224.5,-29.0158114721655,rad_pattern_14p3GHz.png
H,14.3,225.0,-29.015811433688803,rad_pattern_14p3GHz.png
H,14.3,225.5,-29.015811433688803,rad_pattern_14p3GHz.png
H,14.3,226.0,-29.383700907297214,rad_pattern_14p3GHz.png
H,14.3,226.5,-29.383700907297214,rad_pattern_14p3GHz.png
H,14.3,227.0,-29.259888861236636,rad_pattern_14p3GHz.png
H,14.3,227.5,-29.05565360414061,rad_pattern_14p3GHz.png
H,14.3,228.0,-28.460645031688102,rad_pattern_14p3GHz.png
H,14.3,228.5,-27.661251305089657,rad_pattern_14p3GHz.png
H,14.3,229.0,-27.209881199368926,rad_pattern_14p3GHz.png
H,14.3,229.5,-26.877736429199988,rad_pattern_14p3GHz.png
H,14.3,230.0,-26.629895594063132,rad_pattern_14p3GHz.png
H,14.3,230.5,-26.44106129630674,rad_pattern_14p3GHz.png
H,14.3,231.0,-26.414418841737472,rad_pattern_14p3GHz.png
H,14.3,231.5,-26.396264972698425,rad_pattern_14p3GHz.png
H,14.3,232.0,-26.30575431594369,rad_pattern_14p3GHz.png
H,14.3,232.5,-26.30575431594369,rad_pattern_14p3GHz.png
H,14.3,233.0,-26.358645970347276,rad_pattern_14p3GHz.png
H,14.3,233.5,-26.358645970347276,rad_pattern_14p3GHz.png
H,14.3,234.0,-25.745180865724855,rad_pattern_14p3GHz.png
H,14.3,234.5,-25.745180865724855,rad_pattern_14p3GHz.png
H,14.3,235.0,-25.916336726725135,rad_pattern_14p3GHz.png
H,14.3,235.5,-26.1977430726574,rad_pattern_14p3GHz.png
H,14.3,236.0,-26.270042014541712,rad_pattern_14p3GHz.png
H,14.3,236.5,-26.358262158251872,rad_pattern_14p3GHz.png
H,14.3,237.0,-26.742801105075788,rad_pattern_14p3GHz.png
H,14.3,237.5,-26.90259052281318,rad_pattern_14p3GHz.png
H,14.3,238.0,-26.957862586976535,rad_pattern_14p3GHz.png
H,14.3,238.5,-27.156701910737656,rad_pattern_14p3GHz.png
H,14.3,239.0,-27.181361540598463,rad_pattern_14p3GHz.png
H,14.3,239.5,-27.379758065432153,rad_pattern_14p3GHz.png
H,14.3,240.0,-27.47336409906285,rad_pattern_14p3GHz.png
H,14.3,240.5,-27.47336409906285,rad_pattern_14p3GHz.png
H,14.3,241.0,-27.43712088254335,rad_pattern_14p3GHz.png
H,14.3,241.5,-27.321761295916854,rad_pattern_14p3GHz.png
H,14.3,242.0,-27.270763148607656,rad_pattern_14p3GHz.png
H,14.3,242.5,-27.270763148607656,rad_pattern_14p3GHz.png
H,14.3,243.0,-27.297403917829563,rad_pattern_14p3GHz.png
H,14.3,243.5,-27.297403917829563,rad_pattern_14p3GHz.png
H,14.3,244.0,-27.348308002229334,rad_pattern_14p3GHz.png
H,14.3,244.5,-27.348308002229334,rad_pattern_14p3GHz.png
H,14.3,245.0,-27.477547196677634,rad_pattern_14p3GHz.png
H,14.3,245.5,-27.501707131617632,rad_pattern_14p3GHz.png
H,14.3,246.0,-27.5662889890579,rad_pattern_14p3GHz.png
H,14.3,246.5,-27.600790936195096,rad_pattern_14p3GHz.png
H,14.3,247.0,-27.642570819723126,rad_pattern_14p3GHz.png
H,14.3,247.5,-27.649457956708073,rad_pattern_14p3GHz.png
H,14.3,248.0,-27.687032608135354,rad_pattern_14p3GHz.png
H,14.3,248.5,-27.687032608135354,rad_pattern_14p3GHz.png
H,14.3,249.0,-27.687032608135354,rad_pattern_14p3GHz.png
H,14.3,249.5,-27.460847505476455,rad_pattern_14p3GHz.png
H,14.3,250.0,-27.19673656002296,rad_pattern_14p3GHz.png
H,14.3,250.5,-27.050947102863496,rad_pattern_14p3GHz.png
H,14.3,251.0,-26.85040169282598,rad_pattern_14p3GHz.png
H,14.3,251.5,-26.64947181482354,rad_pattern_14p3GHz.png
H,14.3,252.0,-26.631024607127056,rad_pattern_14p3GHz.png
H,14.3,252.5,-26.182825816318235,rad_pattern_14p3GHz.png
H,14.3,253.0,-25.961897115705188,rad_pattern_14p3GHz.png
H,14.3,253.5,-25.906511816556712,rad_pattern_14p3GHz.png
H,14.3,254.0,-25.37468365432895,rad_pattern_14p3GHz.png
H,14.3,254.5,-24.886016098884863,rad_pattern_14p3GHz.png
H,14.3,255.0,-24.480243474136394,rad_pattern_14p3GHz.png
H,14.3,255.5,-24.046105343963443,rad_pattern_14p3GHz.png
H,14.3,256.0,-23.849924644664018,rad_pattern_14p3GHz.png
H,14.3,256.5,-23.47795400999817,rad_pattern_14p3GHz.png
H,14.3,257.0,-23.24633992758744,rad_pattern_14p3GHz.png
H,14.3,257.5,-22.91456988159461,rad_pattern_14p3GHz.png
H,14.3,258.0,-22.722975624919428,rad_pattern_14p3GHz.png
H,14.3,258.5,-22.587315387832984,rad_pattern_14p3GHz.png
H,14.3,259.0,-22.43393137892308,rad_pattern_14p3GHz.png
H,14.3,259.5,-22.291873528125873,rad_pattern_14p3GHz.png
H,14.3,260.0,-22.102993528777994,rad_pattern_14p3GHz.png
H,14.3,260.5,-22.084240093626537,rad_pattern_14p3GHz.png
H,14.3,261.0,-22.007950877507927,rad_pattern_14p3GHz.png
H,14.3,261.5,-21.99247044645502,rad_pattern_14p3GHz.png
H,14.3,262.0,-21.968112035693448,rad_pattern_14p3GHz.png
H,14.3,262.5,-21.962496605481324,rad_pattern_14p3GHz.png
H,14.3,263.0,-21.9472072119683,rad_pattern_14p3GHz.png
H,14.3,263.5,-21.9472072119683,rad_pattern_14p3GHz.png
H,14.3,264.0,-21.9472072119683,rad_pattern_14p3GHz.png
H,14.3,264.5,-22.053344853338697,rad_pattern_14p3GHz.png
H,14.3,265.0,-22.053344853338697,rad_pattern_14p3GHz.png
H,14.3,265.5,-22.053344853338697,rad_pattern_14p3GHz.png
H,14.3,266.0,-22.18584137225471,rad_pattern_14p3GHz.png
H,14.3,266.5,-22.21094595579496,rad_pattern_14p3GHz.png
H,14.3,267.0,-22.219641465454966,rad_pattern_14p3GHz.png
H,14.3,267.5,-22.28454910265427,rad_pattern_14p3GHz.png
H,14.3,268.0,-22.286143353214158,rad_pattern_14p3GHz.png
H,14.3,268.5,-22.286143353214158,rad_pattern_14p3GHz.png
H,14.3,269.0,-22.374047070655674,rad_pattern_14p3GHz.png
H,14.3,269.5,-22.375255643159885,rad_pattern_14p3GHz.png
H,14.3,270.0,-22.404162423423276,rad_pattern_14p3GHz.png
H,14.3,270.5,-22.375255643159885,rad_pattern_14p3GHz.png
H,14.3,271.0,-22.374047070655674,rad_pattern_14p3GHz.png
H,14.3,271.5,-22.286143353214158,rad_pattern_14p3GHz.png
H,14.3,272.0,-22.286143353214158,rad_pattern_14p3GHz.png
H,14.3,272.5,-22.28454910265427,rad_pattern_14p3GHz.png
H,14.3,273.0,-22.219641465454966,rad_pattern_14p3GHz.png
H,14.3,273.5,-22.212921244840853,rad_pattern_14p3GHz.png
H,14.3,274.0,-22.21094595579496,rad_pattern_14p3GHz.png
H,14.3,274.5,-22.053344853338697,rad_pattern_14p3GHz.png
H,14.3,275.0,-22.053344853338697,rad_pattern_14p3GHz.png
H,14.3,275.5,-22.053344853338697,rad_pattern_14p3GHz.png
H,14.3,276.0,-21.9472072119683,rad_pattern_14p3GHz.png
H,14.3,276.5,-21.9472072119683,rad_pattern_14p3GHz.png
H,14.3,277.0,-21.9472072119683,rad_pattern_14p3GHz.png
H,14.3,277.5,-21.962496605481324,rad_pattern_14p3GHz.png
H,14.3,278.0,-21.968112035693448,rad_pattern_14p3GHz.png
H,14.3,278.5,-21.99247044645502,rad_pattern_14p3GHz.png
H,14.3,279.0,-22.007950877507927,rad_pattern_14p3GHz.png
H,14.3,279.5,-22.084240093626537,rad_pattern_14p3GHz.png
H,14.3,280.0,-22.102993528777994,rad_pattern_14p3GHz.png
H,14.3,280.5,-22.291873528125873,rad_pattern_14p3GHz.png
H,14.3,281.0,-22.43393137892308,rad_pattern_14p3GHz.png
H,14.3,281.5,-22.587315387832984,rad_pattern_14p3GHz.png
H,14.3,282.0,-22.722975624919428,rad_pattern_14p3GHz.png
H,14.3,282.5,-22.91456988159461,rad_pattern_14p3GHz.png
H,14.3,283.0,-23.24633992758744,rad_pattern_14p3GHz.png
H,14.3,283.5,-23.484691273102975,rad_pattern_14p3GHz.png
H,14.3,284.0,-23.849924644664018,rad_pattern_14p3GHz.png
H,14.3,284.5,-24.046105343963443,rad_pattern_14p3GHz.png
H,14.3,285.0,-24.480243474136394,rad_pattern_14p3GHz.png
H,14.3,285.5,-24.886016098884863,rad_pattern_14p3GHz.png
H,14.3,286.0,-25.346906790909575,rad_pattern_14p3GHz.png
H,14.3,286.5,-25.906511816556712,rad_pattern_14p3GHz.png
H,14.3,287.0,-25.961897115705188,rad_pattern_14p3GHz.png
H,14.3,287.5,-26.182825816318235,rad_pattern_14p3GHz.png
H,14.3,288.0,-26.631024607127056,rad_pattern_14p3GHz.png
H,14.3,288.5,-26.64947181482354,rad_pattern_14p3GHz.png
H,14.3,289.0,-26.85040169282598,rad_pattern_14p3GHz.png
H,14.3,289.5,-27.050947102863496,rad_pattern_14p3GHz.png
H,14.3,290.0,-27.19673656002296,rad_pattern_14p3GHz.png
H,14.3,290.5,-27.460847505476455,rad_pattern_14p3GHz.png
H,14.3,291.0,-27.687032608135354,rad_pattern_14p3GHz.png
H,14.3,291.5,-27.687032608135354,rad_pattern_14p3GHz.png
H,14.3,292.0,-27.687032608135354,rad_pattern_14p3GHz.png
H,14.3,292.5,-27.649457956708073,rad_pattern_14p3GHz.png
H,14.3,293.0,-27.642570819723126,rad_pattern_14p3GHz.png
H,14.3,293.5,-27.600790936195096,rad_pattern_14p3GHz.png
H,14.3,294.0,-27.5662889890579,rad_pattern_14p3GHz.png
H,14.3,294.5,-27.501707131617632,rad_pattern_14p3GHz.png
H,14.3,295.0,-27.477547196677634,rad_pattern_14p3GHz.png
H,14.3,295.5,-27.348308002229334,rad_pattern_14p3GHz.png
H,14.3,296.0,-27.348308002229334,rad_pattern_14p3GHz.png
H,14.3,296.5,-27.297403917829563,rad_pattern_14p3GHz.png
H,14.3,297.0,-27.297403917829563,rad_pattern_14p3GHz.png
H,14.3,297.5,-27.270763148607656,rad_pattern_14p3GHz.png
H,14.3,298.0,-27.270763148607656,rad_pattern_14p3GHz.png
H,14.3,298.5,-27.321761295916854,rad_pattern_14p3GHz.png
H,14.3,299.0,-27.43712088254335,rad_pattern_14p3GHz.png
H,14.3,299.5,-27.47336409906285,rad_pattern_14p3GHz.png
H,14.3,300.0,-27.47336409906285,rad_pattern_14p3GHz.png
H,14.3,300.5,-27.379758065432153,rad_pattern_14p3GHz.png
H,14.3,301.0,-27.181361540598463,rad_pattern_14p3GHz.png
H,14.3,301.5,-27.156701910737656,rad_pattern_14p3GHz.png
H,14.3,302.0,-26.957862586976535,rad_pattern_14p3GHz.png
H,14.3,302.5,-26.90259052281318,rad_pattern_14p3GHz.png
H,14.3,303.0,-26.742801105075788,rad_pattern_14p3GHz.png
H,14.3,303.5,-26.358262158251872,rad_pattern_14p3GHz.png
H,14.3,304.0,-26.270042014541712,rad_pattern_14p3GHz.png
H,14.3,304.5,-26.1977430726574,rad_pattern_14p3GHz.png
H,14.3,305.0,-25.916336726725135,rad_pattern_14p3GHz.png
H,14.3,305.5,-25.745180865724855,rad_pattern_14p3GHz.png
H,14.3,306.0,-25.745180865724855,rad_pattern_14p3GHz.png
H,14.3,306.5,-26.358645970347276,rad_pattern_14p3GHz.png
H,14.3,307.0,-26.358645970347276,rad_pattern_14p3GHz.png
H,14.3,307.5,-26.30575431594369,rad_pattern_14p3GHz.png
H,14.3,308.0,-26.30575431594369,rad_pattern_14p3GHz.png
H,14.3,308.5,-26.396264972698425,rad_pattern_14p3GHz.png
H,14.3,309.0,-26.414418841737472,rad_pattern_14p3GHz.png
H,14.3,309.5,-26.44106129630674,rad_pattern_14p3GHz.png
H,14.3,310.0,-26.629895594063132,rad_pattern_14p3GHz.png
H,14.3,310.5,-26.877736429199988,rad_pattern_14p3GHz.png
H,14.3,311.0,-27.209881199368926,rad_pattern_14p3GHz.png
H,14.3,311.5,-27.661251305089657,rad_pattern_14p3GHz.png
H,14.3,312.0,-28.460645031688102,rad_pattern_14p3GHz.png
H,14.3,312.5,-29.05565360414061,rad_pattern_14p3GHz.png
H,14.3,313.0,-29.259888861236636,rad_pattern_14p3GHz.png
H,14.3,313.5,-29.383700907297214,rad_pattern_14p3GHz.png
H,14.3,314.0,-29.383700907297214,rad_pattern_14p3GHz.png
H,14.3,314.5,-29.015811433688803,rad_pattern_14p3GHz.png
H,14.3,315.0,-29.015811433688803,rad_pattern_14p3GHz.png
H,14.3,315.5,-29.0158114721655,rad_pattern_14p3GHz.png
H,14.3,316.0,-29.383700743702505,rad_pattern_14p3GHz.png
H,14.3,316.5,-29.383700743702505,rad_pattern_14p3GHz.png
H,14.3,317.0,-29.341566830943957,rad_pattern_14p3GHz.png
H,14.3,317.5,-29.341566830943957,rad_pattern_14p3GHz.png
H,14.3,318.0,-29.341566830943957,rad_pattern_14p3GHz.png
H,14.3,318.5,-29.216743655252202,rad_pattern_14p3GHz.png
H,14.3,319.0,-29.216743655252202,rad_pattern_14p3GHz.png
H,14.3,319.5,-29.646318782652422,rad_pattern_14p3GHz.png
H,14.3,320.0,-29.727799715532022,rad_pattern_14p3GHz.png
H,14.3,320.5,-29.727799715532022,rad_pattern_14p3GHz.png
H,14.3,321.0,-29.66482652349537,rad_pattern_14p3GHz.png
H,14.3,321.5,-29.60164711690759,rad_pattern_14p3GHz.png
H,14.3,322.0,-29.60164711690759,rad_pattern_14p3GHz.png
H,14.3,322.5,-29.538316907356926,rad_pattern_14p3GHz.png
H,14.3,323.0,-29.7003113813588,rad_pattern_14p3GHz.png
H,14.3,323.5,-29.636585062846656,rad_pattern_14p3GHz.png
H,14.3,324.0,-29.67692841834743,rad_pattern_14p3GHz.png
H,14.3,324.5,-29.67692841834743,rad_pattern_14p3GHz.png
H,14.3,325.0,-29.67692841834743,rad_pattern_14p3GHz.png
H,14.3,325.5,-29.4849825443246,rad_pattern_14p3GHz.png
H,14.3,326.0,-29.4849825443246,rad_pattern_14p3GHz.png
H,14.3,326.5,-29.4849825443246,rad_pattern_14p3GHz.png
H,14.3,327.0,-29.39674328279831,rad_pattern_14p3GHz.png
H,14.3,327.5,-29.39674328279831,rad_pattern_14p3GHz.png
H,14.3,328.0,-29.452009522425833,rad_pattern_14p3GHz.png
H,14.3,328.5,-29.452009522425833,rad_pattern_14p3GHz.png
H,14.3,329.0,-29.323152586200422,rad_pattern_14p3GHz.png
H,14.3,329.5,-29.323152586200422,rad_pattern_14p3GHz.png
H,14.3,330.0,-29.337800174614923,rad_pattern_14p3GHz.png
H,14.3,330.5,-29.337800174614923,rad_pattern_14p3GHz.png
H,14.3,331.0,-29.326574354765718,rad_pattern_14p3GHz.png
H,14.3,331.5,-29.24809981782037,rad_pattern_14p3GHz.png
H,14.3,332.0,-29.326574354765718,rad_pattern_14p3GHz.png
H,14.3,332.5,-29.210728039785216,rad_pattern_14p3GHz.png
H,14.3,333.0,-29.210728039785216,rad_pattern_14p3GHz.png
H,14.3,333.5,-29.184873855882635,rad_pattern_14p3GHz.png
H,14.3,334.0,-29.159019671980058,rad_pattern_14p3GHz.png
H,14.3,334.5,-29.159019671980058,rad_pattern_14p3GHz.png
H,14.3,335.0,-28.92518028403316,rad_pattern_14p3GHz.png
H,14.3,335.5,-28.96338915087502,rad_pattern_14p3GHz.png
H,14.3,336.0,-28.92518028403316,rad_pattern_14p3GHz.png
H,14.3,336.5,-28.8192956990604,rad_pattern_14p3GHz.png
H,14.3,337.0,-28.8078320737834,rad_pattern_14p3GHz.png
H,14.3,337.5,-28.70147079273421,rad_pattern_14p3GHz.png
H,14.3,338.0,-28.647908931207382,rad_pattern_14p3GHz.png
H,14.3,338.5,-28.529746877914587,rad_pattern_14p3GHz.png
H,14.3,339.0,-28.448769478613958,rad_pattern_14p3GHz.png
H,14.3,339.5,-28.448769478613958,rad_pattern_14p3GHz.png
H,14.3,340.0,-28.448769478613958,rad_pattern_14p3GHz.png
H,14.3,340.5,-28.377001729845404,rad_pattern_14p3GHz.png
H,14.3,341.0,-28.340152137712295,rad_pattern_14p3GHz.png
H,14.3,341.5,-28.148551526308523,rad_pattern_14p3GHz.png
H,14.3,342.0,-28.148551526308523,rad_pattern_14p3GHz.png
H,14.3,342.5,-28.148551526308523,rad_pattern_14p3GHz.png
H,14.3,343.0,-27.927701434273164,rad_pattern_14p3GHz.png
H,14.3,343.5,-27.927701434273164,rad_pattern_14p3GHz.png
H,14.3,344.0,-27.927701434273164,rad_pattern_14p3GHz.png
H,14.3,344.5,-27.761003076634672,rad_pattern_14p3GHz.png
H,14.3,345.0,-27.74070700408402,rad_pattern_14p3GHz.png
H,14.3,345.5,-27.656813302502574,rad_pattern_14p3GHz.png
H,14.3,346.0,-27.600790936195096,rad_pattern_14p3GHz.png
H,14.3,346.5,-27.48855398313215,rad_pattern_14p3GHz.png
H,14.3,347.0,-27.445270047839077,rad_pattern_14p3GHz.png
H,14.3,347.5,-27.3760825640805,rad_pattern_14p3GHz.png
H,14.3,348.0,-27.36051980254317,rad_pattern_14p3GHz.png
H,14.3,348.5,-27.275680856554917,rad_pattern_14p3GHz.png
H,14.3,349.0,-27.105721038762947,rad_pattern_14p3GHz.png
H,14.3,349.5,-27.105721038762947,rad_pattern_14p3GHz.png
H,14.3,350.0,-27.025978990926266,rad_pattern_14p3GHz.png
H,14.3,350.5,-26.979057669713622,rad_pattern_14p3GHz.png
H,14.3,351.0,-26.959544205481457,rad_pattern_14p3GHz.png
H,14.3,351.5,-26.955174952250868,rad_pattern_14p3GHz.png
H,14.3,352.0,-26.820568851167057,rad_pattern_14p3GHz.png
H,14.3,352.5,-26.705970709025987,rad_pattern_14p3GHz.png
H,14.3,353.0,-26.65224714756072,rad_pattern_14p3GHz.png
H,14.3,353.5,-26.598283698672347,rad_pattern_14p3GHz.png
H,14.3,354.0,-26.45465306127204,rad_pattern_14p3GHz.png
H,14.3,354.5,-26.403052005451883,rad_pattern_14p3GHz.png
H,14.3,355.0,-26.287931323730962,rad_pattern_14p3GHz.png
H,14.3,355.5,-26.20643606512999,rad_pattern_14p3GHz.png
H,14.3,356.0,-26.122037209733904,rad_pattern_14p3GHz.png
H,14.3,356.5,-25.982968715407832,rad_pattern_14p3GHz.png
H,14.3,357.0,-25.950909678983958,rad_pattern_14p3GHz.png
H,14.3,357.5,-25.69658158497649,rad_pattern_14p3GHz.png
H,14.3,358.0,-25.66535486216823,rad_pattern_14p3GHz.png
H,14.3,358.5,-25.58266426559879,rad_pattern_14p3GHz.png
H,14.3,359.0,-25.381313487155357,rad_pattern_14p3GHz.png
H,14.3,359.5,-25.293665331407535,rad_pattern_14p3GHz.png
H,15.3,0.0,-24.630048551593973,rad_pattern_15p3GHz.png
H,15.3,0.5,-24.5719606466952,rad_pattern_15p3GHz.png
H,15.3,1.0,-24.51333511709689,rad_pattern_15p3GHz.png
H,15.3,1.5,-24.454187170965238,rad_pattern_15p3GHz.png
H,15.3,2.0,-24.33675655497287,rad_pattern_15p3GHz.png
H,15.3,2.5,-24.2477507189364,rad_pattern_15p3GHz.png
H,15.3,3.0,-24.071694018333183,rad_pattern_15p3GHz.png
H,15.3,3.5,-23.8375673385225,rad_pattern_15p3GHz.png
H,15.3,4.0,-23.68968977662168,rad_pattern_15p3GHz.png
H,15.3,4.5,-23.62796711572027,rad_pattern_15p3GHz.png
H,15.3,5.0,-23.44573062711964,rad_pattern_15p3GHz.png
H,15.3,5.5,-23.23897196052327,rad_pattern_15p3GHz.png
H,15.3,6.0,-23.14707119362534,rad_pattern_15p3GHz.png
H,15.3,6.5,-22.991050122778983,rad_pattern_15p3GHz.png
H,15.3,7.0,-22.86596186242755,rad_pattern_15p3GHz.png
H,15.3,7.5,-22.83003530453116,rad_pattern_15p3GHz.png
H,15.3,8.0,-22.63853665618497,rad_pattern_15p3GHz.png
H,15.3,8.5,-22.572855497696626,rad_pattern_15p3GHz.png
H,15.3,9.0,-22.416638581222166,rad_pattern_15p3GHz.png
H,15.3,9.5,-22.345594722499587,rad_pattern_15p3GHz.png
H,15.3,10.0,-22.136410585411657,rad_pattern_15p3GHz.png
H,15.3,10.5,-21.9686228547789,rad_pattern_15p3GHz.png
H,15.3,11.0,-21.799427004402247,rad_pattern_15p3GHz.png
H,15.3,11.5,-21.612190062654857,rad_pattern_15p3GHz.png
H,15.3,12.0,-21.45304572485881,rad_pattern_15p3GHz.png
H,15.3,12.5,-21.274707261154813,rad_pattern_15p3GHz.png
H,15.3,13.0,-21.08621317945133,rad_pattern_15p3GHz.png
H,15.3,13.5,-20.953833568912327,rad_pattern_15p3GHz.png
H,15.3,14.0,-20.842214685696675,rad_pattern_15p3GHz.png
H,15.3,14.5,-20.729752570254547,rad_pattern_15p3GHz.png
H,15.3,15.0,-20.651810352543126,rad_pattern_15p3GHz.png
H,15.3,15.5,-20.57347127679701,rad_pattern_15p3GHz.png
H,15.3,16.0,-20.45101972060335,rad_pattern_15p3GHz.png
H,15.3,16.5,-20.382796849221,rad_pattern_15p3GHz.png
H,15.3,17.0,-20.255426928986925,rad_pattern_15p3GHz.png
H,15.3,17.5,-20.0938286947138,rad_pattern_15p3GHz.png
H,15.3,18.0,-19.93061616338148,rad_pattern_15p3GHz.png
H,15.3,18.5,-19.793561111571865,rad_pattern_15p3GHz.png
H,15.3,19.0,-19.637737398835466,rad_pattern_15p3GHz.png
H,15.3,19.5,-19.453668735286396,rad_pattern_15p3GHz.png
H,15.3,20.0,-19.313453459788573,rad_pattern_15p3GHz.png
H,15.3,20.5,-19.137811976499062,rad_pattern_15p3GHz.png
H,15.3,21.0,-18.985002365513996,rad_pattern_15p3GHz.png
H,15.3,21.5,-18.82458579725282,rad_pattern_15p3GHz.png
H,15.3,22.0,-18.66351927895596,rad_pattern_15p3GHz.png
H,15.3,22.5,-18.512764915107187,rad_pattern_15p3GHz.png
H,15.3,23.0,-18.339304119314438,rad_pattern_15p3GHz.png
H,15.3,23.5,-18.164774806995776,rad_pattern_15p3GHz.png
H,15.3,24.0,-17.977438152247895,rad_pattern_15p3GHz.png
H,15.3,24.5,-17.736102969196697,rad_pattern_15p3GHz.png
H,15.3,25.0,-17.530250961466724,rad_pattern_15p3GHz.png
H,15.3,25.5,-17.27532556044825,rad_pattern_15p3GHz.png
H,15.3,26.0,-17.05833479230807,rad_pattern_15p3GHz.png
H,15.3,26.5,-16.80027498949647,rad_pattern_15p3GHz.png
H,15.3,27.0,-16.55420154966973,rad_pattern_15p3GHz.png
H,15.3,27.5,-16.30735269884838,rad_pattern_15p3GHz.png
H,15.3,28.0,-16.046317215627855,rad_pattern_15p3GHz.png
H,15.3,28.5,-15.82127449466726,rad_pattern_15p3GHz.png
H,15.3,29.0,-15.597051746674396,rad_pattern_15p3GHz.png
H,15.3,29.5,-15.383050952031821,rad_pattern_15p3GHz.png
H,15.3,30.0,-15.182086290078189,rad_pattern_15p3GHz.png
H,15.3,30.5,-15.005345892373315,rad_pattern_15p3GHz.png
H,15.3,31.0,-14.822337344628668,rad_pattern_15p3GHz.png
H,15.3,31.5,-14.64278283611263,rad_pattern_15p3GHz.png
H,15.3,32.0,-14.453102434545976,rad_pattern_15p3GHz.png
H,15.3,32.5,-14.302887061401783,rad_pattern_15p3GHz.png
H,15.3,33.0,-14.106859422451912,rad_pattern_15p3GHz.png
H,15.3,33.5,-13.891295009416492,rad_pattern_15p3GHz.png
H,15.3,34.0,-13.706422288252586,rad_pattern_15p3GHz.png
H,15.3,34.5,-13.513261942758007,rad_pattern_15p3GHz.png
H,15.3,35.0,-13.34847284583843,rad_pattern_15p3GHz.png
H,15.3,35.5,-13.153916900659624,rad_pattern_15p3GHz.png
H,15.3,36.0,-12.95513151163281,rad_pattern_15p3GHz.png
H,15.3,36.5,-12.748706951954478,rad_pattern_15p3GHz.png
H,15.3,37.0,-12.54067204873975,rad_pattern_15p3GHz.png
H,15.3,37.5,-12.343475330838906,rad_pattern_15p3GHz.png
H,15.3,38.0,-12.1511305470721,rad_pattern_15p3GHz.png
H,15.3,38.5,-11.936349405389983,rad_pattern_15p3GHz.png
H,15.3,39.0,-11.737590930152397,rad_pattern_15p3GHz.png
H,15.3,39.5,-11.536404017112567,rad_pattern_15p3GHz.png
H,15.3,40.0,-11.318206884881917,rad_pattern_15p3GHz.png
H,15.3,40.5,-11.12851190168281,rad_pattern_15p3GHz.png
H,15.3,41.0,-10.934162385708373,rad_pattern_15p3GHz.png
H,15.3,41.5,-10.708236129659749,rad_pattern_15p3GHz.png
H,15.3,42.0,-10.474161111696024,rad_pattern_15p3GHz.png
H,15.3,42.5,-10.310822275554496,rad_pattern_15p3GHz.png
H,15.3,43.0,-10.077125800487991,rad_pattern_15p3GHz.png
H,15.3,43.5,-9.915019145080574,rad_pattern_15p3GHz.png
H,15.3,44.0,-9.677170696747119,rad_pattern_15p3GHz.png
H,15.3,44.5,-9.515047904525986,rad_pattern_15p3GHz.png
H,15.3,45.0,-9.331797106875658,rad_pattern_15p3GHz.png
H,15.3,45.5,-9.147136771521271,rad_pattern_15p3GHz.png
H,15.3,46.0,-8.97934427726171,rad_pattern_15p3GHz.png
H,15.3,46.5,-8.772012383985384,rad_pattern_15p3GHz.png
H,15.3,47.0,-8.602073994728574,rad_pattern_15p3GHz.png
H,15.3,47.5,-8.42659639066295,rad_pattern_15p3GHz.png
H,15.3,48.0,-8.254766008046293,rad_pattern_15p3GHz.png
H,15.3,48.5,-8.081875229458038,rad_pattern_15p3GHz.png
H,15.3,49.0,-7.9079482161229855,rad_pattern_15p3GHz.png
H,15.3,49.5,-7.7330085391184085,rad_pattern_15p3GHz.png
H,15.3,50.0,-7.5570791911272615,rad_pattern_15p3GHz.png
H,15.3,50.5,-7.39374782451193,rad_pattern_15p3GHz.png
H,15.3,51.0,-7.226885360115979,rad_pattern_15p3GHz.png
H,15.3,51.5,-7.056073971304997,rad_pattern_15p3GHz.png
H,15.3,52.0,-6.892666514808926,rad_pattern_15p3GHz.png
H,15.3,52.5,-6.718896888295628,rad_pattern_15p3GHz.png
H,15.3,53.0,-6.545721271447835,rad_pattern_15p3GHz.png
H,15.3,53.5,-6.370960031727279,rad_pattern_15p3GHz.png
H,15.3,54.0,-6.217940827955179,rad_pattern_15p3GHz.png
H,15.3,54.5,-6.036719693284322,rad_pattern_15p3GHz.png
H,15.3,55.0,-5.867565512273831,rad_pattern_15p3GHz.png
H,15.3,55.5,-5.70320359573979,rad_pattern_15p3GHz.png
H,15.3,56.0,-5.552357101906942,rad_pattern_15p3GHz.png
H,15.3,56.5,-5.392722771847168,rad_pattern_15p3GHz.png
H,15.3,57.0,-5.223874788581483,rad_pattern_15p3GHz.png
H,15.3,57.5,-5.088815821332872,rad_pattern_15p3GHz.png
H,15.3,58.0,-4.932869382515499,rad_pattern_15p3GHz.png
H,15.3,58.5,-4.787606482018447,rad_pattern_15p3GHz.png
H,15.3,59.0,-4.629707873296095,rad_pattern_15p3GHz.png
H,15.3,59.5,-4.489287714907643,rad_pattern_15p3GHz.png
H,15.3,60.0,-4.35368124942757,rad_pattern_15p3GHz.png
H,15.3,60.5,-4.225023605254069,rad_pattern_15p3GHz.png
H,15.3,61.0,-4.07995246811884,rad_pattern_15p3GHz.png
H,15.3,61.5,-3.9467989465844866,rad_pattern_15p3GHz.png
H,15.3,62.0,-3.8134623394198144,rad_pattern_15p3GHz.png
H,15.3,62.5,-3.686947535398456,rad_pattern_15p3GHz.png
H,15.3,63.0,-3.5606840668186095,rad_pattern_15p3GHz.png
H,15.3,63.5,-3.4331345504323316,rad_pattern_15p3GHz.png
H,15.3,64.0,-3.3150693623988303,rad_pattern_15p3GHz.png
H,15.3,64.5,-3.192883721018049,rad_pattern_15p3GHz.png
H,15.3,65.0,-3.063643488290964,rad_pattern_15p3GHz.png
H,15.3,65.5,-2.970276113971643,rad_pattern_15p3GHz.png
H,15.3,66.0,-2.8383167825154807,rad_pattern_15p3GHz.png
H,15.3,66.5,-2.7465105337010165,rad_pattern_15p3GHz.png
H,15.3,67.0,-2.606312796486691,rad_pattern_15p3GHz.png
H,15.3,67.5,-2.5000720509721397,rad_pattern_15p3GHz.png
H,15.3,68.0,-2.398664222726083,rad_pattern_15p3GHz.png
H,15.3,68.5,-2.301829777985862,rad_pattern_15p3GHz.png
H,15.3,69.0,-2.1928815360633713,rad_pattern_15p3GHz.png
H,15.3,69.5,-2.096190096440136,rad_pattern_15p3GHz.png
H,15.3,70.0,-1.9883704895043728,rad_pattern_15p3GHz.png
H,15.3,70.5,-1.8908563560461964,rad_pattern_15p3GHz.png
H,15.3,71.0,-1.7941901166094674,rad_pattern_15p3GHz.png
H,15.3,71.5,-1.7031257604181533,rad_pattern_15p3GHz.png
H,15.3,72.0,-1.6294037709341431,rad_pattern_15p3GHz.png
H,15.3,72.5,-1.5350686363617037,rad_pattern_15p3GHz.png
H,15.3,73.0,-1.4526178836840415,rad_pattern_15p3GHz.png
H,15.3,73.5,-1.3748197977043972,rad_pattern_15p3GHz.png
H,15.3,74.0,-1.296317470292081,rad_pattern_15p3GHz.png
H,15.3,74.5,-1.2161529922569798,rad_pattern_15p3GHz.png
H,15.3,75.0,-1.1373079980220275,rad_pattern_15p3GHz.png
H,15.3,75.5,-1.0758907779347133,rad_pattern_15p3GHz.png
H,15.3,76.0,-1.0011652322501554,rad_pattern_15p3GHz.png
H,15.3,76.5,-0.9302226123307555,rad_pattern_15p3GHz.png
H,15.3,77.0,-0.862335316544236,rad_pattern_15p3GHz.png
H,15.3,77.5,-0.7971201394439902,rad_pattern_15p3GHz.png
H,15.3,78.0,-0.7320750116131443,rad_pattern_15p3GHz.png
H,15.3,78.5,-0.670207115837794,rad_pattern_15p3GHz.png
H,15.3,79.0,-0.6305987762316825,rad_pattern_15p3GHz.png
H,15.3,79.5,-0.5550355284539954,rad_pattern_15p3GHz.png
H,15.3,80.0,-0.49815412944304427,rad_pattern_15p3GHz.png
H,15.3,80.5,-0.47074988753761815,rad_pattern_15p3GHz.png
H,15.3,81.0,-0.40364533643866096,rad_pattern_15p3GHz.png
H,15.3,81.5,-0.3733478470208169,rad_pattern_15p3GHz.png
H,15.3,82.0,-0.3215428496969146,rad_pattern_15p3GHz.png
H,15.3,82.5,-0.2837365246828156,rad_pattern_15p3GHz.png
H,15.3,83.0,-0.25965783731396996,rad_pattern_15p3GHz.png
H,15.3,83.5,-0.21093001063514905,rad_pattern_15p3GHz.png
H,15.3,84.0,-0.2045898926591967,rad_pattern_15p3GHz.png
H,15.3,84.5,-0.15020127229963265,rad_pattern_15p3GHz.png
H,15.3,85.0,-0.1377417274514272,rad_pattern_15p3GHz.png
H,15.3,85.5,-0.10705175987716586,rad_pattern_15p3GHz.png
H,15.3,86.0,-0.08262019925354736,rad_pattern_15p3GHz.png
H,15.3,86.5,-0.07693864700627273,rad_pattern_15p3GHz.png
H,15.3,87.0,-0.04369027369842726,rad_pattern_15p3GHz.png
H,15.3,87.5,-0.0402356482659485,rad_pattern_15p3GHz.png
H,15.3,88.0,-0.029923948180098137,rad_pattern_15p3GHz.png
H,15.3,88.5,-0.023016965286878133,rad_pattern_15p3GHz.png
H,15.3,89.0,-0.020290656985810784,rad_pattern_15p3GHz.png
H,15.3,89.5,-0.0011450184857615398,rad_pattern_15p3GHz.png
H,15.3,90.0,0.0,rad_pattern_15p3GHz.png
H,15.3,90.5,-0.0011450184857615398,rad_pattern_15p3GHz.png
H,15.3,91.0,-0.020290656985810784,rad_pattern_15p3GHz.png
H,15.3,91.5,-0.023016965286878133,rad_pattern_15p3GHz.png
H,15.3,92.0,-0.029923948180098137,rad_pattern_15p3GHz.png
H,15.3,92.5,-0.0402356482659485,rad_pattern_15p3GHz.png
H,15.3,93.0,-0.04369027369842726,rad_pattern_15p3GHz.png
H,15.3,93.5,-0.07693864700627273,rad_pattern_15p3GHz.png
H,15.3,94.0,-0.08262019925354736,rad_pattern_15p3GHz.png
H,15.3,94.5,-0.10705175987716586,rad_pattern_15p3GHz.png
H,15.3,95.0,-0.1377417274514272,rad_pattern_15p3GHz.png
H,15.3,95.5,-0.15020127229963265,rad_pattern_15p3GHz.png
H,15.3,96.0,-0.2045898926591967,rad_pattern_15p3GHz.png
H,15.3,96.5,-0.21093001063514905,rad_pattern_15p3GHz.png
H,15.3,97.0,-0.25965783731396996,rad_pattern_15p3GHz.png
H,15.3,97.5,-0.2837365246828156,rad_pattern_15p3GHz.png
H,15.3,98.0,-0.3215428496969146,rad_pattern_15p3GHz.png
H,15.3,98.5,-0.3733478470208169,rad_pattern_15p3GHz.png
H,15.3,99.0,-0.40364533643866096,rad_pattern_15p3GHz.png
H,15.3,99.5,-0.47074988753761815,rad_pattern_15p3GHz.png
H,15.3,100.0,-0.49815412944304427,rad_pattern_15p3GHz.png
H,15.3,100.5,-0.5550355284539954,rad_pattern_15p3GHz.png
H,15.3,101.0,-0.6305987762316825,rad_pattern_15p3GHz.png
H,15.3,101.5,-0.670207115837794,rad_pattern_15p3GHz.png
H,15.3,102.0,-0.7320750116131443,rad_pattern_15p3GHz.png
H,15.3,102.5,-0.7971201394439902,rad_pattern_15p3GHz.png
H,15.3,103.0,-0.862335316544236,rad_pattern_15p3GHz.png
H,15.3,103.5,-0.9302226123307555,rad_pattern_15p3GHz.png
H,15.3,104.0,-1.0011652322501554,rad_pattern_15p3GHz.png
H,15.3,104.5,-1.0758907779347133,rad_pattern_15p3GHz.png
H,15.3,105.0,-1.1373079980220275,rad_pattern_15p3GHz.png
H,15.3,105.5,-1.2161529922569798,rad_pattern_15p3GHz.png
H,15.3,106.0,-1.296317470292081,rad_pattern_15p3GHz.png
H,15.3,106.5,-1.3748197977043972,rad_pattern_15p3GHz.png
H,15.3,107.0,-1.4526178836840415,rad_pattern_15p3GHz.png
H,15.3,107.5,-1.5350686363617037,rad_pattern_15p3GHz.png
H,15.3,108.0,-1.6294037709341431,rad_pattern_15p3GHz.png
H,15.3,108.5,-1.7031257604181533,rad_pattern_15p3GHz.png
H,15.3,109.0,-1.7941901166094674,rad_pattern_15p3GHz.png
H,15.3,109.5,-1.8908563560461964,rad_pattern_15p3GHz.png
H,15.3,110.0,-1.9883704895043728,rad_pattern_15p3GHz.png
H,15.3,110.5,-2.096190096440136,rad_pattern_15p3GHz.png
H,15.3,111.0,-2.1928815360633713,rad_pattern_15p3GHz.png
H,15.3,111.5,-2.301829777985862,rad_pattern_15p3GHz.png
H,15.3,112.0,-2.398664222726083,rad_pattern_15p3GHz.png
H,15.3,112.5,-2.5000720509721397,rad_pattern_15p3GHz.png
H,15.3,113.0,-2.606312796486691,rad_pattern_15p3GHz.png
H,15.3,113.5,-2.7465105337010165,rad_pattern_15p3GHz.png
H,15.3,114.0,-2.8383167825154807,rad_pattern_15p3GHz.png
H,15.3,114.5,-2.970276113971643,rad_pattern_15p3GHz.png
H,15.3,115.0,-3.063643488290964,rad_pattern_15p3GHz.png
H,15.3,115.5,-3.192883721018049,rad_pattern_15p3GHz.png
H,15.3,116.0,-3.3150693623988303,rad_pattern_15p3GHz.png
H,15.3,116.5,-3.4331345504323316,rad_pattern_15p3GHz.png
H,15.3,117.0,-3.5606840668186095,rad_pattern_15p3GHz.png
H,15.3,117.5,-3.686947535398456,rad_pattern_15p3GHz.png
H,15.3,118.0,-3.8134623394198144,rad_pattern_15p3GHz.png
H,15.3,118.5,-3.9467989465844866,rad_pattern_15p3GHz.png
H,15.3,119.0,-4.07995246811884,rad_pattern_15p3GHz.png
H,15.3,119.5,-4.225023605254069,rad_pattern_15p3GHz.png
H,15.3,120.0,-4.347077106403898,rad_pattern_15p3GHz.png
H,15.3,120.5,-4.489287714907643,rad_pattern_15p3GHz.png
H,15.3,121.0,-4.629707873296095,rad_pattern_15p3GHz.png
H,15.3,121.5,-4.787606482018447,rad_pattern_15p3GHz.png
H,15.3,122.0,-4.932869382515499,rad_pattern_15p3GHz.png
H,15.3,122.5,-5.088815821332872,rad_pattern_15p3GHz.png
H,15.3,123.0,-5.223874788581483,rad_pattern_15p3GHz.png
H,15.3,123.5,-5.392722771847168,rad_pattern_15p3GHz.png
H,15.3,124.0,-5.552357101906942,rad_pattern_15p3GHz.png
H,15.3,124.5,-5.70320359573979,rad_pattern_15p3GHz.png
H,15.3,125.0,-5.867565512273831,rad_pattern_15p3GHz.png
H,15.3,125.5,-6.036719693284322,rad_pattern_15p3GHz.png
H,15.3,126.0,-6.217940827955179,rad_pattern_15p3GHz.png
H,15.3,126.5,-6.370960031727279,rad_pattern_15p3GHz.png
H,15.3,127.0,-6.545721271447835,rad_pattern_15p3GHz.png
H,15.3,127.5,-6.718896888295628,rad_pattern_15p3GHz.png
H,15.3,128.0,-6.892666514808926,rad_pattern_15p3GHz.png
H,15.3,128.5,-7.056073971304997,rad_pattern_15p3GHz.png
H,15.3,129.0,-7.226885360115979,rad_pattern_15p3GHz.png
H,15.3,129.5,-7.39374782451193,rad_pattern_15p3GHz.png
H,15.3,130.0,-7.5570791911272615,rad_pattern_15p3GHz.png
H,15.3,130.5,-7.7330085391184085,rad_pattern_15p3GHz.png
H,15.3,131.0,-7.9079482161229855,rad_pattern_15p3GHz.png
H,15.3,131.5,-8.081875229458038,rad_pattern_15p3GHz.png
H,15.3,132.0,-8.254766008046293,rad_pattern_15p3GHz.png
H,15.3,132.5,-8.42659639066295,rad_pattern_15p3GHz.png
H,15.3,133.0,-8.602073994728574,rad_pattern_15p3GHz.png
H,15.3,133.5,-8.772012383985384,rad_pattern_15p3GHz.png
H,15.3,134.0,-8.97934427726171,rad_pattern_15p3GHz.png
H,15.3,134.5,-9.147136771521271,rad_pattern_15p3GHz.png
H,15.3,135.0,-9.331797106875658,rad_pattern_15p3GHz.png
H,15.3,135.5,-9.515047904525986,rad_pattern_15p3GHz.png
H,15.3,136.0,-9.677170696747119,rad_pattern_15p3GHz.png
H,15.3,136.5,-9.915019145080574,rad_pattern_15p3GHz.png
H,15.3,137.0,-10.077125800487991,rad_pattern_15p3GHz.png
H,15.3,137.5,-10.310822275554496,rad_pattern_15p3GHz.png
H,15.3,138.0,-10.474161111696024,rad_pattern_15p3GHz.png
H,15.3,138.5,-10.708236129659749,rad_pattern_15p3GHz.png
H,15.3,139.0,-10.934162385708373,rad_pattern_15p3GHz.png
H,15.3,139.5,-11.12851190168281,rad_pattern_15p3GHz.png
H,15.3,140.0,-11.318206884881917,rad_pattern_15p3GHz.png
H,15.3,140.5,-11.536404017112567,rad_pattern_15p3GHz.png
H,15.3,141.0,-11.737590930152397,rad_pattern_15p3GHz.png
H,15.3,141.5,-11.936349405389983,rad_pattern_15p3GHz.png
H,15.3,142.0,-12.1511305470721,rad_pattern_15p3GHz.png
H,15.3,142.5,-12.343475330838906,rad_pattern_15p3GHz.png
H,15.3,143.0,-12.54067204873975,rad_pattern_15p3GHz.png
H,15.3,143.5,-12.748706951954478,rad_pattern_15p3GHz.png
H,15.3,144.0,-12.95513151163281,rad_pattern_15p3GHz.png
H,15.3,144.5,-13.153916900659624,rad_pattern_15p3GHz.png
H,15.3,145.0,-13.34847284583843,rad_pattern_15p3GHz.png
H,15.3,145.5,-13.513261942758007,rad_pattern_15p3GHz.png
H,15.3,146.0,-13.706422288252586,rad_pattern_15p3GHz.png
H,15.3,146.5,-13.891295009416492,rad_pattern_15p3GHz.png
H,15.3,147.0,-14.106859422451912,rad_pattern_15p3GHz.png
H,15.3,147.5,-14.289619610194961,rad_pattern_15p3GHz.png
H,15.3,148.0,-14.443879968514278,rad_pattern_15p3GHz.png
H,15.3,148.5,-14.64278283611263,rad_pattern_15p3GHz.png
H,15.3,149.0,-14.822337344628668,rad_pattern_15p3GHz.png
H,15.3,149.5,-15.005345892373315,rad_pattern_15p3GHz.png
H,15.3,150.0,-15.182086290078189,rad_pattern_15p3GHz.png
H,15.3,150.5,-15.383050952031821,rad_pattern_15p3GHz.png
H,15.3,151.0,-15.597051746674396,rad_pattern_15p3GHz.png
H,15.3,151.5,-15.82127449466726,rad_pattern_15p3GHz.png
H,15.3,152.0,-16.046317215627855,rad_pattern_15p3GHz.png
H,15.3,152.5,-16.30735269884838,rad_pattern_15p3GHz.png
H,15.3,153.0,-16.567294732087976,rad_pattern_15p3GHz.png
H,15.3,153.5,-16.89074360022307,rad_pattern_15p3GHz.png
H,15.3,154.0,-17.18760562211688,rad_pattern_15p3GHz.png
H,15.3,154.5,-17.521421250827764,rad_pattern_15p3GHz.png
H,15.3,155.0,-17.792296404528148,rad_pattern_15p3GHz.png
H,15.3,155.5,-18.032723767726676,rad_pattern_15p3GHz.png
H,15.3,156.0,-18.312033336682397,rad_pattern_15p3GHz.png
H,15.3,156.5,-18.525445866257964,rad_pattern_15p3GHz.png
H,15.3,157.0,-18.82408728544236,rad_pattern_15p3GHz.png
H,15.3,157.5,-18.85679302816743,rad_pattern_15p3GHz.png
H,15.3,158.0,-18.85679302816743,rad_pattern_15p3GHz.png
H,15.3,158.5,-18.99089794915757,rad_pattern_15p3GHz.png
H,15.3,159.0,-19.151004641552543,rad_pattern_15p3GHz.png
H,15.3,159.5,-19.30352159204113,rad_pattern_15p3GHz.png
H,15.3,160.0,-19.506143307041196,rad_pattern_15p3GHz.png
H,15.3,160.5,-19.609227593595303,rad_pattern_15p3GHz.png
H,15.3,161.0,-19.6282790583566,rad_pattern_15p3GHz.png
H,15.3,161.5,-19.71113825419142,rad_pattern_15p3GHz.png
H,15.3,162.0,-20.094872000443804,rad_pattern_15p3GHz.png
H,15.3,162.5,-20.18516540479229,rad_pattern_15p3GHz.png
H,15.3,163.0,-20.421365359189497,rad_pattern_15p3GHz.png
H,15.3,163.5,-21.18549507183199,rad_pattern_15p3GHz.png
H,15.3,164.0,-21.18549507183199,rad_pattern_15p3GHz.png
H,15.3,164.5,-21.0145237594793,rad_pattern_15p3GHz.png
H,15.3,165.0,-20.792909195990564,rad_pattern_15p3GHz.png
H,15.3,165.5,-20.792909195990564,rad_pattern_15p3GHz.png
H,15.3,166.0,-20.800099117460277,rad_pattern_15p3GHz.png
H,15.3,166.5,-20.89758817207645,rad_pattern_15p3GHz.png
H,15.3,167.0,-21.02338886838515,rad_pattern_15p3GHz.png
H,15.3,167.5,-21.17440247105279,rad_pattern_15p3GHz.png
H,15.3,168.0,-21.39042516714657,rad_pattern_15p3GHz.png
H,15.3,168.5,-21.549774354293117,rad_pattern_15p3GHz.png
H,15.3,169.0,-21.742721413774387,rad_pattern_15p3GHz.png
H,15.3,169.5,-21.934956127292548,rad_pattern_15p3GHz.png
H,15.3,170.0,-22.09797121362678,rad_pattern_15p3GHz.png
H,15.3,170.5,-22.260075537079196,rad_pattern_15p3GHz.png
H,15.3,171.0,-22.35954255872161,rad_pattern_15p3GHz.png
H,15.3,171.5,-22.429924455496728,rad_pattern_15p3GHz.png
H,15.3,172.0,-22.52409593123703,rad_pattern_15p3GHz.png
H,15.3,172.5,-22.52409593123703,rad_pattern_15p3GHz.png
H,15.3,173.0,-22.518200092240132,rad_pattern_15p3GHz.png
H,15.3,173.5,-22.38135147282711,rad_pattern_15p3GHz.png
H,15.3,174.0,-22.094026366275916,rad_pattern_15p3GHz.png
H,15.3,174.5,-21.959034737520756,rad_pattern_15p3GHz.png
H,15.3,175.0,-21.592563000421084,rad_pattern_15p3GHz.png
H,15.3,175.5,-20.43980574816599,rad_pattern_15p3GHz.png
H,15.3,176.0,-20.09580398789082,rad_pattern_15p3GHz.png
H,15.3,176.5,-20.09580398789082,rad_pattern_15p3GHz.png
H,15.3,177.0,-24.071694018333183,rad_pattern_15p3GHz.png
H,15.3,177.5,-24.2477507189364,rad_pattern_15p3GHz.png
H,15.3,178.0,-24.33675655497287,rad_pattern_15p3GHz.png
H,15.3,178.5,-24.454187170965238,rad_pattern_15p3GHz.png
H,15.3,179.0,-24.51333511709689,rad_pattern_15p3GHz.png
H,15.3,179.5,-24.5719606466952,rad_pattern_15p3GHz.png
H,15.3,180.0,-24.630048551593973,rad_pattern_15p3GHz.png
H,15.3,180.5,-24.74539436216894,rad_pattern_15p3GHz.png
H,15.3,181.0,-24.829821879258642,rad_pattern_15p3GHz.png
H,15.3,181.5,-24.831252495981623,rad_pattern_15p3GHz.png
H,15.3,182.0,-25.003184808380524,rad_pattern_15p3GHz.png
H,15.3,182.5,-25.17167866789788,rad_pattern_15p3GHz.png
H,15.3,183.0,-25.174414192051298,rad_pattern_15p3GHz.png
H,15.3,183.5,-25.39911269639415,rad_pattern_15p3GHz.png
H,15.3,184.0,-25.456799950194036,rad_pattern_15p3GHz.png
H,15.3,184.5,-25.709474760737567,rad_pattern_15p3GHz.png
H,15.3,185.0,-25.711973978559364,rad_pattern_15p3GHz.png
H,15.3,185.5,-25.937122993029433,rad_pattern_15p3GHz.png
H,15.3,186.0,-25.962920558098908,rad_pattern_15p3GHz.png
H,15.3,186.5,-26.160912909933447,rad_pattern_15p3GHz.png
H,15.3,187.0,-26.21833588911554,rad_pattern_15p3GHz.png
H,15.3,187.5,-26.26853108838958,rad_pattern_15p3GHz.png
H,15.3,188.0,-26.411770433197564,rad_pattern_15p3GHz.png
H,15.3,188.5,-26.489274255149528,rad_pattern_15p3GHz.png
H,15.3,189.0,-26.632065989959944,rad_pattern_15p3GHz.png
H,15.3,189.5,-26.774734518462534,rad_pattern_15p3GHz.png
H,15.3,190.0,-26.85531331579443,rad_pattern_15p3GHz.png
H,15.3,190.5,-26.90702935971708,rad_pattern_15p3GHz.png
H,15.3,191.0,-26.963837561311443,rad_pattern_15p3GHz.png
H,15.3,191.5,-27.134066604549922,rad_pattern_15p3GHz.png
H,15.3,192.0,-27.184852156753486,rad_pattern_15p3GHz.png
H,15.3,192.5,-27.263399891246625,rad_pattern_15p3GHz.png
H,15.3,193.0,-27.291583097474692,rad_pattern_15p3GHz.png
H,15.3,193.5,-27.43234605661397,rad_pattern_15p3GHz.png
H,15.3,194.0,-27.544703347133986,rad_pattern_15p3GHz.png
H,15.3,194.5,-27.656813302502574,rad_pattern_15p3GHz.png
H,15.3,195.0,-27.697555567144565,rad_pattern_15p3GHz.png
H,15.3,195.5,-27.712766741286213,rad_pattern_15p3GHz.png
H,15.3,196.0,-27.844475769913995,rad_pattern_15p3GHz.png
H,15.3,196.5,-27.844475769913995,rad_pattern_15p3GHz.png
H,15.3,197.0,-27.864053753357116,rad_pattern_15p3GHz.png
H,15.3,197.5,-27.87432649516627,rad_pattern_15p3GHz.png
H,15.3,198.0,-27.883166763406184,rad_pattern_15p3GHz.png
H,15.3,198.5,-27.929232453235944,rad_pattern_15p3GHz.png
H,15.3,199.0,-27.929232453235944,rad_pattern_15p3GHz.png
H,15.3,199.5,-28.01137697360466,rad_pattern_15p3GHz.png
H,15.3,200.0,-28.110430326761392,rad_pattern_15p3GHz.png
H,15.3,200.5,-28.120409918751566,rad_pattern_15p3GHz.png
H,15.3,201.0,-28.164509507990484,rad_pattern_15p3GHz.png
H,15.3,201.5,-28.164509507990484,rad_pattern_15p3GHz.png
H,15.3,202.0,-28.143271412148195,rad_pattern_15p3GHz.png
H,15.3,202.5,-28.143271412148195,rad_pattern_15p3GHz.png
H,15.3,203.0,-28.1854360491339,rad_pattern_15p3GHz.png
H,15.3,203.5,-28.36755290703515,rad_pattern_15p3GHz.png
H,15.3,204.0,-28.48496571873136,rad_pattern_15p3GHz.png
H,15.3,204.5,-28.48496571873136,rad_pattern_15p3GHz.png
H,15.3,205.0,-28.511281213474632,rad_pattern_15p3GHz.png
H,15.3,205.5,-28.654526380748717,rad_pattern_15p3GHz.png
H,15.3,206.0,-28.654526380748717,rad_pattern_15p3GHz.png
H,15.3,206.5,-28.706567067296106,rad_pattern_15p3GHz.png
H,15.3,207.0,-28.615750302090067,rad_pattern_15p3GHz.png
H,15.3,207.5,-28.82291258815651,rad_pattern_15p3GHz.png
H,15.3,208.0,-28.860586714391925,rad_pattern_15p3GHz.png
H,15.3,208.5,-28.989773853674393,rad_pattern_15p3GHz.png
H,15.3,209.0,-28.975669304585043,rad_pattern_15p3GHz.png
H,15.3,209.5,-28.989773853674393,rad_pattern_15p3GHz.png
H,15.3,210.0,-29.02567541719386,rad_pattern_15p3GHz.png
H,15.3,210.5,-29.040215005416126,rad_pattern_15p3GHz.png
H,15.3,211.0,-29.02567541719386,rad_pattern_15p3GHz.png
H,15.3,211.5,-29.010772535293544,rad_pattern_15p3GHz.png
H,15.3,212.0,-28.955589243141908,rad_pattern_15p3GHz.png
H,15.3,212.5,-28.955589243141908,rad_pattern_15p3GHz.png
H,15.3,213.0,-29.08408626077167,rad_pattern_15p3GHz.png
H,15.3,213.5,-29.08408626077167,rad_pattern_15p3GHz.png
H,15.3,214.0,-29.212445144721464,rad_pattern_15p3GHz.png
H,15.3,214.5,-29.155984395043344,rad_pattern_15p3GHz.png
H,15.3,215.0,-29.2364076092496,rad_pattern_15p3GHz.png
H,15.3,215.5,-29.283767343669673,rad_pattern_15p3GHz.png
H,15.3,216.0,-29.347548754524727,rad_pattern_15p3GHz.png
H,15.3,216.5,-29.347548754524727,rad_pattern_15p3GHz.png
H,15.3,217.0,-29.538316907356926,rad_pattern_15p3GHz.png
H,15.3,217.5,-29.49774149261619,rad_pattern_15p3GHz.png
H,15.3,218.0,-29.49774149261619,rad_pattern_15p3GHz.png
H,15.3,218.5,-29.479737137107335,rad_pattern_15p3GHz.png
H,15.3,219.0,-29.479737137107335,rad_pattern_15p3GHz.png
H,15.3,219.5,-29.5834560182769,rad_pattern_15p3GHz.png
H,15.3,220.0,-29.5834560182769,rad_pattern_15p3GHz.png
H,15.3,220.5,-29.524027947542717,rad_pattern_15p3GHz.png
H,15.3,221.0,-29.524027947542717,rad_pattern_15p3GHz.png
H,15.3,221.5,-29.524027947542717,rad_pattern_15p3GHz.png
H,15.3,222.0,-29.464066339535123,rad_pattern_15p3GHz.png
H,15.3,222.5,-29.300729735174315,rad_pattern_15p3GHz.png
H,15.3,223.0,-29.300729735174315,rad_pattern_15p3GHz.png
H,15.3,223.5,-29.383700743702505,rad_pattern_15p3GHz.png
H,15.3,224.0,-29.383700743702505,rad_pattern_15p3GHz.png
H,15.3,224.5,-28.893178284293764,rad_pattern_15p3GHz.png
H,15.3,225.0,-28.87273930170992,rad_pattern_15p3GHz.png
H,15.3,225.5,-28.87273930170992,rad_pattern_15p3GHz.png
H,15.3,226.0,-29.383700907297214,rad_pattern_15p3GHz.png
H,15.3,226.5,-29.383700907297214,rad_pattern_15p3GHz.png
H,15.3,227.0,-29.219044725748883,rad_pattern_15p3GHz.png
H,15.3,227.5,-28.933094627401896,rad_pattern_15p3GHz.png
H,15.3,228.0,-29.053587257960697,rad_pattern_15p3GHz.png
H,15.3,228.5,-29.053587257960697,rad_pattern_15p3GHz.png
H,15.3,229.0,-29.113294235942487,rad_pattern_15p3GHz.png
H,15.3,229.5,-29.113294235942487,rad_pattern_15p3GHz.png
H,15.3,230.0,-28.59894822293783,rad_pattern_15p3GHz.png
H,15.3,230.5,-26.996324156729862,rad_pattern_15p3GHz.png
H,15.3,231.0,-26.45940941996631,rad_pattern_15p3GHz.png
H,15.3,231.5,-26.166102938483302,rad_pattern_15p3GHz.png
H,15.3,232.0,-25.95834998269642,rad_pattern_15p3GHz.png
H,15.3,232.5,-25.785984698869036,rad_pattern_15p3GHz.png
H,15.3,233.0,-25.78051138838148,rad_pattern_15p3GHz.png
H,15.3,233.5,-25.704789553643028,rad_pattern_15p3GHz.png
H,15.3,234.0,-25.704789553643028,rad_pattern_15p3GHz.png
H,15.3,234.5,-25.704789553643028,rad_pattern_15p3GHz.png
H,15.3,235.0,-25.515917229097752,rad_pattern_15p3GHz.png
H,15.3,235.5,-25.515917229097752,rad_pattern_15p3GHz.png
H,15.3,236.0,-25.788952789012104,rad_pattern_15p3GHz.png
H,15.3,236.5,-25.901247367723567,rad_pattern_15p3GHz.png
H,15.3,237.0,-26.261704323291074,rad_pattern_15p3GHz.png
H,15.3,237.5,-26.421493296198335,rad_pattern_15p3GHz.png
H,15.3,238.0,-26.685137089197454,rad_pattern_15p3GHz.png
H,15.3,238.5,-26.9086861368705,rad_pattern_15p3GHz.png
H,15.3,239.0,-27.067481139632026,rad_pattern_15p3GHz.png
H,15.3,239.5,-27.3152819068749,rad_pattern_15p3GHz.png
H,15.3,240.0,-27.53789407805659,rad_pattern_15p3GHz.png
H,15.3,240.5,-27.681303824659192,rad_pattern_15p3GHz.png
H,15.3,241.0,-27.928462870676956,rad_pattern_15p3GHz.png
H,15.3,241.5,-27.928462870676956,rad_pattern_15p3GHz.png
H,15.3,242.0,-27.852321299275197,rad_pattern_15p3GHz.png
H,15.3,242.5,-27.154919227635702,rad_pattern_15p3GHz.png
H,15.3,243.0,-26.79332721753833,rad_pattern_15p3GHz.png
H,15.3,243.5,-26.547499738906975,rad_pattern_15p3GHz.png
H,15.3,244.0,-26.133836928460582,rad_pattern_15p3GHz.png
H,15.3,244.5,-26.00359882261032,rad_pattern_15p3GHz.png
H,15.3,245.0,-25.79581395154747,rad_pattern_15p3GHz.png
H,15.3,245.5,-25.53518521113591,rad_pattern_15p3GHz.png
H,15.3,246.0,-25.391411583974904,rad_pattern_15p3GHz.png
H,15.3,246.5,-25.22096156281358,rad_pattern_15p3GHz.png
H,15.3,247.0,-24.480836503618168,rad_pattern_15p3GHz.png
H,15.3,247.5,-23.78950023280674,rad_pattern_15p3GHz.png
H,15.3,248.0,-23.43556945537241,rad_pattern_15p3GHz.png
H,15.3,248.5,-23.237053806184058,rad_pattern_15p3GHz.png
H,15.3,249.0,-23.089544205769922,rad_pattern_15p3GHz.png
H,15.3,249.5,-23.0692927697745,rad_pattern_15p3GHz.png
H,15.3,250.0,-23.089544205769922,rad_pattern_15p3GHz.png
H,15.3,250.5,-23.165730195610927,rad_pattern_15p3GHz.png
H,15.3,251.0,-23.165730195610927,rad_pattern_15p3GHz.png
H,15.3,251.5,-23.1849239878459,rad_pattern_15p3GHz.png
H,15.3,252.0,-23.165083129726913,rad_pattern_15p3GHz.png
H,15.3,252.5,-23.165083129726913,rad_pattern_15p3GHz.png
H,15.3,253.0,-23.165083129726913,rad_pattern_15p3GHz.png
H,15.3,253.5,-23.165083129726913,rad_pattern_15p3GHz.png
H,15.3,254.0,-23.143074393345767,rad_pattern_15p3GHz.png
H,15.3,254.5,-23.103443296805835,rad_pattern_15p3GHz.png
H,15.3,255.0,-23.035236521059222,rad_pattern_15p3GHz.png
H,15.3,255.5,-22.952521707735666,rad_pattern_15p3GHz.png
H,15.3,256.0,-22.938245352249456,rad_pattern_15p3GHz.png
H,15.3,256.5,-22.82587960557323,rad_pattern_15p3GHz.png
H,15.3,257.0,-22.78275690825659,rad_pattern_15p3GHz.png
H,15.3,257.5,-22.722975624919428,rad_pattern_15p3GHz.png
H,15.3,258.0,-22.710790125920273,rad_pattern_15p3GHz.png
H,15.3,258.5,-22.71777581776065,rad_pattern_15p3GHz.png
H,15.3,259.0,-22.71777581776065,rad_pattern_15p3GHz.png
H,15.3,259.5,-22.71777581776065,rad_pattern_15p3GHz.png
H,15.3,260.0,-22.73397296371383,rad_pattern_15p3GHz.png
H,15.3,260.5,-22.816087216800018,rad_pattern_15p3GHz.png
H,15.3,261.0,-22.85399280912342,rad_pattern_15p3GHz.png
H,15.3,261.5,-22.89584732014585,rad_pattern_15p3GHz.png
H,15.3,262.0,-22.9942054878939,rad_pattern_15p3GHz.png
H,15.3,262.5,-23.095497836717282,rad_pattern_15p3GHz.png
H,15.3,263.0,-23.15640616950255,rad_pattern_15p3GHz.png
H,15.3,263.5,-23.252812871907643,rad_pattern_15p3GHz.png
H,15.3,264.0,-23.408819557107332,rad_pattern_15p3GHz.png
H,15.3,264.5,-23.469128669666855,rad_pattern_15p3GHz.png
H,15.3,265.0,-23.534627719717733,rad_pattern_15p3GHz.png
H,15.3,265.5,-23.79867302828492,rad_pattern_15p3GHz.png
H,15.3,266.0,-23.947208125321016,rad_pattern_15p3GHz.png
H,15.3,266.5,-24.008878212086916,rad_pattern_15p3GHz.png
H,15.3,267.0,-24.070111762227764,rad_pattern_15p3GHz.png
H,15.3,267.5,-24.073150364888082,rad_pattern_15p3GHz.png
H,15.3,268.0,-24.105581510901168,rad_pattern_15p3GHz.png
H,15.3,268.5,-24.165157476208233,rad_pattern_15p3GHz.png
H,15.3,269.0,-24.252630689477957,rad_pattern_15p3GHz.png
H,15.3,269.5,-24.31148078734002,rad_pattern_15p3GHz.png
H,15.3,270.0,-24.31148078734002,rad_pattern_15p3GHz.png
H,15.3,270.5,-24.31148078734002,rad_pattern_15p3GHz.png
H,15.3,271.0,-24.252630689477957,rad_pattern_15p3GHz.png
H,15.3,271.5,-24.165157476208233,rad_pattern_15p3GHz.png
H,15.3,272.0,-24.105581510901168,rad_pattern_15p3GHz.png
H,15.3,272.5,-24.073150364888082,rad_pattern_15p3GHz.png
H,15.3,273.0,-24.070111762227764,rad_pattern_15p3GHz.png
H,15.3,273.5,-24.008878212086916,rad_pattern_15p3GHz.png
H,15.3,274.0,-23.947208125321016,rad_pattern_15p3GHz.png
H,15.3,274.5,-23.76985852176636,rad_pattern_15p3GHz.png
H,15.3,275.0,-23.534627719717733,rad_pattern_15p3GHz.png
H,15.3,275.5,-23.469128669666855,rad_pattern_15p3GHz.png
H,15.3,276.0,-23.408819557107332,rad_pattern_15p3GHz.png
H,15.3,276.5,-23.252812871907643,rad_pattern_15p3GHz.png
H,15.3,277.0,-23.15640616950255,rad_pattern_15p3GHz.png
H,15.3,277.5,-23.095497836717282,rad_pattern_15p3GHz.png
H,15.3,278.0,-22.9942054878939,rad_pattern_15p3GHz.png
H,15.3,278.5,-22.89584732014585,rad_pattern_15p3GHz.png
H,15.3,279.0,-22.85399280912342,rad_pattern_15p3GHz.png
H,15.3,279.5,-22.816087216800018,rad_pattern_15p3GHz.png
H,15.3,280.0,-22.73397296371383,rad_pattern_15p3GHz.png
H,15.3,280.5,-22.71777581776065,rad_pattern_15p3GHz.png
H,15.3,281.0,-22.71777581776065,rad_pattern_15p3GHz.png
H,15.3,281.5,-22.71777581776065,rad_pattern_15p3GHz.png
H,15.3,282.0,-22.710790125920273,rad_pattern_15p3GHz.png
H,15.3,282.5,-22.722975624919428,rad_pattern_15p3GHz.png
H,15.3,283.0,-22.78275690825659,rad_pattern_15p3GHz.png
H,15.3,283.5,-22.82587960557323,rad_pattern_15p3GHz.png
H,15.3,284.0,-22.938245352249456,rad_pattern_15p3GHz.png
H,15.3,284.5,-22.952521707735666,rad_pattern_15p3GHz.png
H,15.3,285.0,-23.035236521059222,rad_pattern_15p3GHz.png
H,15.3,285.5,-23.103443296805835,rad_pattern_15p3GHz.png
H,15.3,286.0,-23.143074393345767,rad_pattern_15p3GHz.png
H,15.3,286.5,-23.165083129726913,rad_pattern_15p3GHz.png
H,15.3,287.0,-23.165083129726913,rad_pattern_15p3GHz.png
H,15.3,287.5,-23.165083129726913,rad_pattern_15p3GHz.png
H,15.3,288.0,-23.165083129726913,rad_pattern_15p3GHz.png
H,15.3,288.5,-23.1849239878459,rad_pattern_15p3GHz.png
H,15.3,289.0,-23.165730195610927,rad_pattern_15p3GHz.png
H,15.3,289.5,-23.165730195610927,rad_pattern_15p3GHz.png
H,15.3,290.0,-23.089544205769922,rad_pattern_15p3GHz.png
H,15.3,290.5,-23.0692927697745,rad_pattern_15p3GHz.png
H,15.3,291.0,-23.089544205769922,rad_pattern_15p3GHz.png
H,15.3,291.5,-23.237053806184058,rad_pattern_15p3GHz.png
H,15.3,292.0,-23.43556945537241,rad_pattern_15p3GHz.png
H,15.3,292.5,-23.78950023280674,rad_pattern_15p3GHz.png
H,15.3,293.0,-24.480836503618168,rad_pattern_15p3GHz.png
H,15.3,293.5,-25.22096156281358,rad_pattern_15p3GHz.png
H,15.3,294.0,-25.391411583974904,rad_pattern_15p3GHz.png
H,15.3,294.5,-25.53518521113591,rad_pattern_15p3GHz.png
H,15.3,295.0,-25.79581395154747,rad_pattern_15p3GHz.png
H,15.3,295.5,-26.00359882261032,rad_pattern_15p3GHz.png
H,15.3,296.0,-26.133836928460582,rad_pattern_15p3GHz.png
H,15.3,296.5,-26.547499738906975,rad_pattern_15p3GHz.png
H,15.3,297.0,-26.79332721753833,rad_pattern_15p3GHz.png
H,15.3,297.5,-27.154919227635702,rad_pattern_15p3GHz.png
H,15.3,298.0,-27.852321299275197,rad_pattern_15p3GHz.png
H,15.3,298.5,-27.928462870676956,rad_pattern_15p3GHz.png
H,15.3,299.0,-27.928462870676956,rad_pattern_15p3GHz.png
H,15.3,299.5,-27.681303824659192,rad_pattern_15p3GHz.png
H,15.3,300.0,-27.53789407805659,rad_pattern_15p3GHz.png
H,15.3,300.5,-27.3152819068749,rad_pattern_15p3GHz.png
H,15.3,301.0,-27.067481139632026,rad_pattern_15p3GHz.png
H,15.3,301.5,-26.9086861368705,rad_pattern_15p3GHz.png
H,15.3,302.0,-26.685137089197454,rad_pattern_15p3GHz.png
H,15.3,302.5,-26.421493296198335,rad_pattern_15p3GHz.png
H,15.3,303.0,-26.261704323291074,rad_pattern_15p3GHz.png
H,15.3,303.5,-25.901247367723567,rad_pattern_15p3GHz.png
H,15.3,304.0,-25.788952789012104,rad_pattern_15p3GHz.png
H,15.3,304.5,-25.515917229097752,rad_pattern_15p3GHz.png
H,15.3,305.0,-25.515917229097752,rad_pattern_15p3GHz.png
H,15.3,305.5,-25.704789553643028,rad_pattern_15p3GHz.png
H,15.3,306.0,-25.704789553643028,rad_pattern_15p3GHz.png
H,15.3,306.5,-25.704789553643028,rad_pattern_15p3GHz.png
H,15.3,307.0,-25.78051138838148,rad_pattern_15p3GHz.png
H,15.3,307.5,-25.785984698869036,rad_pattern_15p3GHz.png
H,15.3,308.0,-25.95834998269642,rad_pattern_15p3GHz.png
H,15.3,308.5,-26.166102938483302,rad_pattern_15p3GHz.png
H,15.3,309.0,-26.45940941996631,rad_pattern_15p3GHz.png
H,15.3,309.5,-26.996324156729862,rad_pattern_15p3GHz.png
H,15.3,310.0,-28.63966742543217,rad_pattern_15p3GHz.png
H,15.3,310.5,-29.113294235942487,rad_pattern_15p3GHz.png
H,15.3,311.0,-29.113294235942487,rad_pattern_15p3GHz.png
H,15.3,311.5,-29.053587257960697,rad_pattern_15p3GHz.png
H,15.3,312.0,-29.053587257960697,rad_pattern_15p3GHz.png
H,15.3,312.5,-28.933094627401896,rad_pattern_15p3GHz.png
H,15.3,313.0,-29.219044725748883,rad_pattern_15p3GHz.png
H,15.3,313.5,-29.383700907297214,rad_pattern_15p3GHz.png
H,15.3,314.0,-29.383700907297214,rad_pattern_15p3GHz.png
H,15.3,314.5,-28.87273930170992,rad_pattern_15p3GHz.png
H,15.3,315.0,-28.87273930170992,rad_pattern_15p3GHz.png
H,15.3,315.5,-28.893178284293764,rad_pattern_15p3GHz.png
H,15.3,316.0,-29.383700743702505,rad_pattern_15p3GHz.png
H,15.3,316.5,-29.383700743702505,rad_pattern_15p3GHz.png
H,15.3,317.0,-29.300729735174315,rad_pattern_15p3GHz.png
H,15.3,317.5,-29.300729735174315,rad_pattern_15p3GHz.png
H,15.3,318.0,-29.464066339535123,rad_pattern_15p3GHz.png
H,15.3,318.5,-29.524027947542717,rad_pattern_15p3GHz.png
H,15.3,319.0,-29.524027947542717,rad_pattern_15p3GHz.png
H,15.3,319.5,-29.524027947542717,rad_pattern_15p3GHz.png
H,15.3,320.0,-29.5834560182769,rad_pattern_15p3GHz.png
H,15.3,320.5,-29.5834560182769,rad_pattern_15p3GHz.png
H,15.3,321.0,-29.479737137107335,rad_pattern_15p3GHz.png
H,15.3,321.5,-29.479737137107335,rad_pattern_15p3GHz.png
H,15.3,322.0,-29.49774149261619,rad_pattern_15p3GHz.png
H,15.3,322.5,-29.49774149261619,rad_pattern_15p3GHz.png
H,15.3,323.0,-29.538316907356926,rad_pattern_15p3GHz.png
H,15.3,323.5,-29.347548754524727,rad_pattern_15p3GHz.png
H,15.3,324.0,-29.347548754524727,rad_pattern_15p3GHz.png
H,15.3,324.5,-29.283767343669673,rad_pattern_15p3GHz.png
H,15.3,325.0,-29.2364076092496,rad_pattern_15p3GHz.png
H,15.3,325.5,-29.155984395043344,rad_pattern_15p3GHz.png
H,15.3,326.0,-29.212445144721464,rad_pattern_15p3GHz.png
H,15.3,326.5,-29.08408626077167,rad_pattern_15p3GHz.png
H,15.3,327.0,-29.08408626077167,rad_pattern_15p3GHz.png
H,15.3,327.5,-28.955589243141908,rad_pattern_15p3GHz.png
H,15.3,328.0,-28.955589243141908,rad_pattern_15p3GHz.png
H,15.3,328.5,-29.010772535293544,rad_pattern_15p3GHz.png
H,15.3,329.0,-29.02567541719386,rad_pattern_15p3GHz.png
H,15.3,329.5,-29.040215005416126,rad_pattern_15p3GHz.png
H,15.3,330.0,-29.02567541719386,rad_pattern_15p3GHz.png
H,15.3,330.5,-28.989773853674393,rad_pattern_15p3GHz.png
H,15.3,331.0,-28.975669304585043,rad_pattern_15p3GHz.png
H,15.3,331.5,-28.989773853674393,rad_pattern_15p3GHz.png
H,15.3,332.0,-28.860586714391925,rad_pattern_15p3GHz.png
H,15.3,332.5,-28.82291258815651,rad_pattern_15p3GHz.png
H,15.3,333.0,-28.615750302090067,rad_pattern_15p3GHz.png
H,15.3,333.5,-28.706567067296106,rad_pattern_15p3GHz.png
H,15.3,334.0,-28.654526380748717,rad_pattern_15p3GHz.png
H,15.3,334.5,-28.654526380748717,rad_pattern_15p3GHz.png
H,15.3,335.0,-28.511281213474632,rad_pattern_15p3GHz.png
H,15.3,335.5,-28.48496571873136,rad_pattern_15p3GHz.png
H,15.3,336.0,-28.48496571873136,rad_pattern_15p3GHz.png
H,15.3,336.5,-28.36755290703515,rad_pattern_15p3GHz.png
H,15.3,337.0,-28.1854360491339,rad_pattern_15p3GHz.png
H,15.3,337.5,-28.143271412148195,rad_pattern_15p3GHz.png
H,15.3,338.0,-28.143271412148195,rad_pattern_15p3GHz.png
H,15.3,338.5,-28.164509507990484,rad_pattern_15p3GHz.png
H,15.3,339.0,-28.164509507990484,rad_pattern_15p3GHz.png
H,15.3,339.5,-28.120409918751566,rad_pattern_15p3GHz.png
H,15.3,340.0,-28.110430326761392,rad_pattern_15p3GHz.png
H,15.3,340.5,-28.01137697360466,rad_pattern_15p3GHz.png
H,15.3,341.0,-27.929232453235944,rad_pattern_15p3GHz.png
H,15.3,341.5,-27.929232453235944,rad_pattern_15p3GHz.png
H,15.3,342.0,-27.883166763406184,rad_pattern_15p3GHz.png
H,15.3,342.5,-27.87432649516627,rad_pattern_15p3GHz.png
H,15.3,343.0,-27.864053753357116,rad_pattern_15p3GHz.png
H,15.3,343.5,-27.844475769913995,rad_pattern_15p3GHz.png
H,15.3,344.0,-27.844475769913995,rad_pattern_15p3GHz.png
H,15.3,344.5,-27.712766741286213,rad_pattern_15p3GHz.png
H,15.3,345.0,-27.697555567144565,rad_pattern_15p3GHz.png
H,15.3,345.5,-27.656813302502574,rad_pattern_15p3GHz.png
H,15.3,346.0,-27.544703347133986,rad_pattern_15p3GHz.png
H,15.3,346.5,-27.43234605661397,rad_pattern_15p3GHz.png
H,15.3,347.0,-27.291583097474692,rad_pattern_15p3GHz.png
H,15.3,347.5,-27.263399891246625,rad_pattern_15p3GHz.png
H,15.3,348.0,-27.184852156753486,rad_pattern_15p3GHz.png
H,15.3,348.5,-27.134066604549922,rad_pattern_15p3GHz.png
H,15.3,349.0,-26.963837561311443,rad_pattern_15p3GHz.png
H,15.3,349.5,-26.90702935971708,rad_pattern_15p3GHz.png
H,15.3,350.0,-26.85531331579443,rad_pattern_15p3GHz.png
H,15.3,350.5,-26.774734518462534,rad_pattern_15p3GHz.png
H,15.3,351.0,-26.632065989959944,rad_pattern_15p3GHz.png
H,15.3,351.5,-26.489274255149528,rad_pattern_15p3GHz.png
H,15.3,352.0,-26.411770433197564,rad_pattern_15p3GHz.png
H,15.3,352.5,-26.275748620032477,rad_pattern_15p3GHz.png
H,15.3,353.0,-26.26853108838958,rad_pattern_15p3GHz.png
H,15.3,353.5,-26.21833588911554,rad_pattern_15p3GHz.png
H,15.3,354.0,-26.05218394522828,rad_pattern_15p3GHz.png
H,15.3,354.5,-25.994656964216457,rad_pattern_15p3GHz.png
H,15.3,355.0,-25.65435064150623,rad_pattern_15p3GHz.png
H,15.3,355.5,-25.620571184299973,rad_pattern_15p3GHz.png
H,15.3,356.0,-25.39911269639415,rad_pattern_15p3GHz.png
H,15.3,356.5,-25.370268372025837,rad_pattern_15p3GHz.png
H,15.3,357.0,-25.174414192051298,rad_pattern_15p3GHz.png
H,15.3,357.5,-25.17167866789788,rad_pattern_15p3GHz.png
H,15.3,358.0,-25.003184808380524,rad_pattern_15p3GHz.png
H,15.3,358.5,-24.831252495981623,rad_pattern_15p3GHz.png
H,15.3,359.0,-24.829821879258642,rad_pattern_15p3GHz.png
H,15.3,359.5,-24.74539436216894,rad_pattern_15p3GHz.png
H,16.3,0.0,-28.28646083172277,rad_pattern_16p3GHz.png
H,16.3,0.5,-28.21420994877413,rad_pattern_16p3GHz.png
H,16.3,1.0,-28.21420994877413,rad_pattern_16p3GHz.png
H,16.3,1.5,-27.895932321564047,rad_pattern_16p3GHz.png
H,16.3,2.0,-27.98076994610015,rad_pattern_16p3GHz.png
H,16.3,2.5,-27.98076994610015,rad_pattern_16p3GHz.png
H,16.3,3.0,-27.98076994610015,rad_pattern_16p3GHz.png
H,16.3,3.5,-27.833415613890285,rad_pattern_16p3GHz.png
H,16.3,4.0,-27.685218561578065,rad_pattern_16p3GHz.png
H,16.3,4.5,-27.569925013667643,rad_pattern_16p3GHz.png
H,16.3,5.0,-27.478723607646092,rad_pattern_16p3GHz.png
H,16.3,5.5,-27.360870360996834,rad_pattern_16p3GHz.png
H,16.3,6.0,-27.32925312206428,rad_pattern_16p3GHz.png
H,16.3,6.5,-27.121807774342656,rad_pattern_16p3GHz.png
H,16.3,7.0,-26.97139905015521,rad_pattern_16p3GHz.png
H,16.3,7.5,-26.910339677115815,rad_pattern_16p3GHz.png
H,16.3,8.0,-26.791926982088597,rad_pattern_16p3GHz.png
H,16.3,8.5,-26.579323079225166,rad_pattern_16p3GHz.png
H,16.3,9.0,-26.337484028729364,rad_pattern_16p3GHz.png
H,16.3,9.5,-26.304218594991333,rad_pattern_16p3GHz.png
H,16.3,10.0,-26.06159988361698,rad_pattern_16p3GHz.png
H,16.3,10.5,-25.880628652191156,rad_pattern_16p3GHz.png
H,16.3,11.0,-25.727918283157525,rad_pattern_16p3GHz.png
H,16.3,11.5,-25.597660838349935,rad_pattern_16p3GHz.png
H,16.3,12.0,-25.297081518880585,rad_pattern_16p3GHz.png
H,16.3,12.5,-25.187731085282287,rad_pattern_16p3GHz.png
H,16.3,13.0,-24.94941218267399,rad_pattern_16p3GHz.png
H,16.3,13.5,-24.754142995258825,rad_pattern_16p3GHz.png
H,16.3,14.0,-24.558003264647347,rad_pattern_16p3GHz.png
H,16.3,14.5,-24.40365288719331,rad_pattern_16p3GHz.png
H,16.3,15.0,-24.178595541378385,rad_pattern_16p3GHz.png
H,16.3,15.5,-23.952984543772228,rad_pattern_16p3GHz.png
H,16.3,16.0,-23.810228549204545,rad_pattern_16p3GHz.png
H,16.3,16.5,-23.583501221374366,rad_pattern_16p3GHz.png
H,16.3,17.0,-23.32872343021769,rad_pattern_16p3GHz.png
H,16.3,17.5,-23.156455917722234,rad_pattern_16p3GHz.png
H,16.3,18.0,-22.80078445785235,rad_pattern_16p3GHz.png
H,16.3,18.5,-22.59993338751865,rad_pattern_16p3GHz.png
H,16.3,19.0,-22.325297616503402,rad_pattern_16p3GHz.png
H,16.3,19.5,-22.068929184207082,rad_pattern_16p3GHz.png
H,16.3,20.0,-21.81028152361473,rad_pattern_16p3GHz.png
H,16.3,20.5,-21.62464874707773,rad_pattern_16p3GHz.png
H,16.3,21.0,-21.367468505150942,rad_pattern_16p3GHz.png
H,16.3,21.5,-21.14330665226736,rad_pattern_16p3GHz.png
H,16.3,22.0,-20.97173557506462,rad_pattern_16p3GHz.png
H,16.3,22.5,-20.783111679702266,rad_pattern_16p3GHz.png
H,16.3,23.0,-20.647221865772813,rad_pattern_16p3GHz.png
H,16.3,23.5,-20.472197616248938,rad_pattern_16p3GHz.png
H,16.3,24.0,-20.319642463127504,rad_pattern_16p3GHz.png
H,16.3,24.5,-20.114071288695275,rad_pattern_16p3GHz.png
H,16.3,25.0,-19.91242716223482,rad_pattern_16p3GHz.png
H,16.3,25.5,-19.719917736123076,rad_pattern_16p3GHz.png
H,16.3,26.0,-19.475053555755526,rad_pattern_16p3GHz.png
H,16.3,26.5,-19.269466228101205,rad_pattern_16p3GHz.png
H,16.3,27.0,-19.036597503298434,rad_pattern_16p3GHz.png
H,16.3,27.5,-18.815562572546813,rad_pattern_16p3GHz.png
H,16.3,28.0,-18.56635078917312,rad_pattern_16p3GHz.png
H,16.3,28.5,-18.345072577962437,rad_pattern_16p3GHz.png
H,16.3,29.0,-18.107119957736867,rad_pattern_16p3GHz.png
H,16.3,29.5,-17.91053182425393,rad_pattern_16p3GHz.png
H,16.3,30.0,-17.695727405651834,rad_pattern_16p3GHz.png
H,16.3,30.5,-17.439701794765078,rad_pattern_16p3GHz.png
H,16.3,31.0,-17.19703075353397,rad_pattern_16p3GHz.png
H,16.3,31.5,-16.958771078701307,rad_pattern_16p3GHz.png
H,16.3,32.0,-16.705114573108514,rad_pattern_16p3GHz.png
H,16.3,32.5,-16.438024226594596,rad_pattern_16p3GHz.png
H,16.3,33.0,-16.191239550149515,rad_pattern_16p3GHz.png
H,16.3,33.5,-15.91123968307198,rad_pattern_16p3GHz.png
H,16.3,34.0,-15.63879887622779,rad_pattern_16p3GHz.png
H,16.3,34.5,-15.372723198858258,rad_pattern_16p3GHz.png
H,16.3,35.0,-15.136406150193313,rad_pattern_16p3GHz.png
H,16.3,35.5,-14.901355815140146,rad_pattern_16p3GHz.png
H,16.3,36.0,-14.655352297722203,rad_pattern_16p3GHz.png
H,16.3,36.5,-14.414247127790127,rad_pattern_16p3GHz.png
H,16.3,37.0,-14.223393044653047,rad_pattern_16p3GHz.png
H,16.3,37.5,-13.973667058769113,rad_pattern_16p3GHz.png
H,16.3,38.0,-13.768497003658705,rad_pattern_16p3GHz.png
H,16.3,38.5,-13.57507458940637,rad_pattern_16p3GHz.png
H,16.3,39.0,-13.385315279441194,rad_pattern_16p3GHz.png
H,16.3,39.5,-13.194365064114745,rad_pattern_16p3GHz.png
H,16.3,40.0,-12.98714216695151,rad_pattern_16p3GHz.png
H,16.3,40.5,-12.764938969205751,rad_pattern_16p3GHz.png
H,16.3,41.0,-12.579750626998266,rad_pattern_16p3GHz.png
H,16.3,41.5,-12.304672202705433,rad_pattern_16p3GHz.png
H,16.3,42.0,-12.128727686924258,rad_pattern_16p3GHz.png
H,16.3,42.5,-11.866411141602,rad_pattern_16p3GHz.png
H,16.3,43.0,-11.629684191918567,rad_pattern_16p3GHz.png
H,16.3,43.5,-11.429316444555468,rad_pattern_16p3GHz.png
H,16.3,44.0,-11.190179880221738,rad_pattern_16p3GHz.png
H,16.3,44.5,-10.986305029471467,rad_pattern_16p3GHz.png
H,16.3,45.0,-10.742295004330359,rad_pattern_16p3GHz.png
H,16.3,45.5,-10.49676296599764,rad_pattern_16p3GHz.png
H,16.3,46.0,-10.329750657443231,rad_pattern_16p3GHz.png
H,16.3,46.5,-10.119325974519139,rad_pattern_16p3GHz.png
H,16.3,47.0,-9.874157552296094,rad_pattern_16p3GHz.png
H,16.3,47.5,-9.719529970733731,rad_pattern_16p3GHz.png
H,16.3,48.0,-9.507273874395683,rad_pattern_16p3GHz.png
H,16.3,48.5,-9.291615261887063,rad_pattern_16p3GHz.png
H,16.3,49.0,-9.061008884720529,rad_pattern_16p3GHz.png
H,16.3,49.5,-8.870870365849115,rad_pattern_16p3GHz.png
H,16.3,50.0,-8.690433070797951,rad_pattern_16p3GHz.png
H,16.3,50.5,-8.493714378194099,rad_pattern_16p3GHz.png
H,16.3,51.0,-8.292558945926888,rad_pattern_16p3GHz.png
H,16.3,51.5,-8.121382878609477,rad_pattern_16p3GHz.png
H,16.3,52.0,-7.912097173178111,rad_pattern_16p3GHz.png
H,16.3,52.5,-7.729257347360335,rad_pattern_16p3GHz.png
H,16.3,53.0,-7.534352108816648,rad_pattern_16p3GHz.png
H,16.3,53.5,-7.3493142306059625,rad_pattern_16p3GHz.png
H,16.3,54.0,-7.1573084970270315,rad_pattern_16p3GHz.png
H,16.3,54.5,-6.9638625422851455,rad_pattern_16p3GHz.png
H,16.3,55.0,-6.774569739507733,rad_pattern_16p3GHz.png
H,16.3,55.5,-6.591866371061972,rad_pattern_16p3GHz.png
H,16.3,56.0,-6.394422905019514,rad_pattern_16p3GHz.png
H,16.3,56.5,-6.2105964531357145,rad_pattern_16p3GHz.png
H,16.3,57.0,-6.032378896391549,rad_pattern_16p3GHz.png
H,16.3,57.5,-5.853622293788494,rad_pattern_16p3GHz.png
H,16.3,58.0,-5.686644720804381,rad_pattern_16p3GHz.png
H,16.3,58.5,-5.52193612932253,rad_pattern_16p3GHz.png
H,16.3,59.0,-5.348598089391523,rad_pattern_16p3GHz.png
H,16.3,59.5,-5.179551801809971,rad_pattern_16p3GHz.png
H,16.3,60.0,-5.027809502496627,rad_pattern_16p3GHz.png
H,16.3,60.5,-4.873784245686117,rad_pattern_16p3GHz.png
H,16.3,61.0,-4.703227217832978,rad_pattern_16p3GHz.png
H,16.3,61.5,-4.56004342852377,rad_pattern_16p3GHz.png
H,16.3,62.0,-4.430820639032451,rad_pattern_16p3GHz.png
H,16.3,62.5,-4.258410294423026,rad_pattern_16p3GHz.png
H,16.3,63.0,-4.1308134804747105,rad_pattern_16p3GHz.png
H,16.3,63.5,-3.9890133324481916,rad_pattern_16p3GHz.png
H,16.3,64.0,-3.8465548039933317,rad_pattern_16p3GHz.png
H,16.3,64.5,-3.7137155995397784,rad_pattern_16p3GHz.png
H,16.3,65.0,-3.5772096829684976,rad_pattern_16p3GHz.png
H,16.3,65.5,-3.4393935094602632,rad_pattern_16p3GHz.png
H,16.3,66.0,-3.290276709613593,rad_pattern_16p3GHz.png
H,16.3,66.5,-3.16021323045916,rad_pattern_16p3GHz.png
H,16.3,67.0,-3.034300022037499,rad_pattern_16p3GHz.png
H,16.3,67.5,-2.905316415919568,rad_pattern_16p3GHz.png
H,16.3,68.0,-2.7745033702611295,rad_pattern_16p3GHz.png
H,16.3,68.5,-2.6508001625086415,rad_pattern_16p3GHz.png
H,16.3,69.0,-2.518705685496027,rad_pattern_16p3GHz.png
H,16.3,69.5,-2.3903902689203385,rad_pattern_16p3GHz.png
H,16.3,70.0,-2.287401386124401,rad_pattern_16p3GHz.png
H,16.3,70.5,-2.1826729275428356,rad_pattern_16p3GHz.png
H,16.3,71.0,-2.065617166353597,rad_pattern_16p3GHz.png
H,16.3,71.5,-1.9591364328684797,rad_pattern_16p3GHz.png
H,16.3,72.0,-1.8577481881971671,rad_pattern_16p3GHz.png
H,16.3,72.5,-1.7716284372140514,rad_pattern_16p3GHz.png
H,16.3,73.0,-1.64871766348017,rad_pattern_16p3GHz.png
H,16.3,73.5,-1.5633313089226988,rad_pattern_16p3GHz.png
H,16.3,74.0,-1.4711554360841141,rad_pattern_16p3GHz.png
H,16.3,74.5,-1.383264648176592,rad_pattern_16p3GHz.png
H,16.3,75.0,-1.2845431474252997,rad_pattern_16p3GHz.png
H,16.3,75.5,-1.2033605015577926,rad_pattern_16p3GHz.png
H,16.3,76.0,-1.1133539066796594,rad_pattern_16p3GHz.png
H,16.3,76.5,-1.0334569183504243,rad_pattern_16p3GHz.png
H,16.3,77.0,-0.9600184592682126,rad_pattern_16p3GHz.png
H,16.3,77.5,-0.8790195756454793,rad_pattern_16p3GHz.png
H,16.3,78.0,-0.8153632593984455,rad_pattern_16p3GHz.png
H,16.3,78.5,-0.7496081865331554,rad_pattern_16p3GHz.png
H,16.3,79.0,-0.6761955264876143,rad_pattern_16p3GHz.png
H,16.3,79.5,-0.6118573023186009,rad_pattern_16p3GHz.png
H,16.3,80.0,-0.5650807584612316,rad_pattern_16p3GHz.png
H,16.3,80.5,-0.5133067090947634,rad_pattern_16p3GHz.png
H,16.3,81.0,-0.45155405351058064,rad_pattern_16p3GHz.png
H,16.3,81.5,-0.4075658059289644,rad_pattern_16p3GHz.png
H,16.3,82.0,-0.3627042866817938,rad_pattern_16p3GHz.png
H,16.3,82.5,-0.30618335923880835,rad_pattern_16p3GHz.png
H,16.3,83.0,-0.2771926539236915,rad_pattern_16p3GHz.png
H,16.3,83.5,-0.23658634441958526,rad_pattern_16p3GHz.png
H,16.3,84.0,-0.2166600566640149,rad_pattern_16p3GHz.png
H,16.3,84.5,-0.1764081686263239,rad_pattern_16p3GHz.png
H,16.3,85.0,-0.1454054790515542,rad_pattern_16p3GHz.png
H,16.3,85.5,-0.11602034389511573,rad_pattern_16p3GHz.png
H,16.3,86.0,-0.08983284221876886,rad_pattern_16p3GHz.png
H,16.3,86.5,-0.0807626146524143,rad_pattern_16p3GHz.png
H,16.3,87.0,-0.05389573361098243,rad_pattern_16p3GHz.png
H,16.3,87.5,-0.04969305561580484,rad_pattern_16p3GHz.png
H,16.3,88.0,-0.0402356482659485,rad_pattern_16p3GHz.png
H,16.3,88.5,-0.023016965286878133,rad_pattern_16p3GHz.png
H,16.3,89.0,-0.02170830703772708,rad_pattern_16p3GHz.png
H,16.3,89.5,-0.0011450184857615398,rad_pattern_16p3GHz.png
H,16.3,90.0,0.0,rad_pattern_16p3GHz.png
H,16.3,90.5,-0.0011450184857615398,rad_pattern_16p3GHz.png
H,16.3,91.0,-0.02170830703772708,rad_pattern_16p3GHz.png
H,16.3,91.5,-0.023016965286878133,rad_pattern_16p3GHz.png
H,16.3,92.0,-0.0402356482659485,rad_pattern_16p3GHz.png
H,16.3,92.5,-0.04969305561580484,rad_pattern_16p3GHz.png
H,16.3,93.0,-0.05389573361098243,rad_pattern_16p3GHz.png
H,16.3,93.5,-0.0807626146524143,rad_pattern_16p3GHz.png
H,16.3,94.0,-0.08983284221876886,rad_pattern_16p3GHz.png
H,16.3,94.5,-0.11602034389511573,rad_pattern_16p3GHz.png
H,16.3,95.0,-0.1454054790515542,rad_pattern_16p3GHz.png
H,16.3,95.5,-0.1764081686263239,rad_pattern_16p3GHz.png
H,16.3,96.0,-0.2166600566640149,rad_pattern_16p3GHz.png
H,16.3,96.5,-0.23658634441958526,rad_pattern_16p3GHz.png
H,16.3,97.0,-0.2771926539236915,rad_pattern_16p3GHz.png
H,16.3,97.5,-0.30618335923880835,rad_pattern_16p3GHz.png
H,16.3,98.0,-0.3627042866817938,rad_pattern_16p3GHz.png
H,16.3,98.5,-0.4075658059289644,rad_pattern_16p3GHz.png
H,16.3,99.0,-0.45155405351058064,rad_pattern_16p3GHz.png
H,16.3,99.5,-0.5086241353474747,rad_pattern_16p3GHz.png
H,16.3,100.0,-0.5650807584612316,rad_pattern_16p3GHz.png
H,16.3,100.5,-0.6118573023186009,rad_pattern_16p3GHz.png
H,16.3,101.0,-0.6761955264876143,rad_pattern_16p3GHz.png
H,16.3,101.5,-0.7496081865331554,rad_pattern_16p3GHz.png
H,16.3,102.0,-0.8153632593984455,rad_pattern_16p3GHz.png
H,16.3,102.5,-0.8790195756454793,rad_pattern_16p3GHz.png
H,16.3,103.0,-0.9600184592682126,rad_pattern_16p3GHz.png
H,16.3,103.5,-1.0334569183504243,rad_pattern_16p3GHz.png
H,16.3,104.0,-1.1133539066796594,rad_pattern_16p3GHz.png
H,16.3,104.5,-1.2033605015577926,rad_pattern_16p3GHz.png
H,16.3,105.0,-1.2845431474252997,rad_pattern_16p3GHz.png
H,16.3,105.5,-1.383264648176592,rad_pattern_16p3GHz.png
H,16.3,106.0,-1.4711554360841141,rad_pattern_16p3GHz.png
H,16.3,106.5,-1.5633313089226988,rad_pattern_16p3GHz.png
H,16.3,107.0,-1.64871766348017,rad_pattern_16p3GHz.png
H,16.3,107.5,-1.7716284372140514,rad_pattern_16p3GHz.png
H,16.3,108.0,-1.8577481881971671,rad_pattern_16p3GHz.png
H,16.3,108.5,-1.9591364328684797,rad_pattern_16p3GHz.png
H,16.3,109.0,-2.065617166353597,rad_pattern_16p3GHz.png
H,16.3,109.5,-2.1826729275428356,rad_pattern_16p3GHz.png
H,16.3,110.0,-2.287401386124401,rad_pattern_16p3GHz.png
H,16.3,110.5,-2.3903902689203385,rad_pattern_16p3GHz.png
H,16.3,111.0,-2.518705685496027,rad_pattern_16p3GHz.png
H,16.3,111.5,-2.6508001625086415,rad_pattern_16p3GHz.png
H,16.3,112.0,-2.7745033702611295,rad_pattern_16p3GHz.png
H,16.3,112.5,-2.905316415919568,rad_pattern_16p3GHz.png
H,16.3,113.0,-3.034300022037499,rad_pattern_16p3GHz.png
H,16.3,113.5,-3.16021323045916,rad_pattern_16p3GHz.png
H,16.3,114.0,-3.290276709613593,rad_pattern_16p3GHz.png
H,16.3,114.5,-3.4393935094602632,rad_pattern_16p3GHz.png
H,16.3,115.0,-3.5772096829684976,rad_pattern_16p3GHz.png
H,16.3,115.5,-3.7137155995397784,rad_pattern_16p3GHz.png
H,16.3,116.0,-3.8465548039933317,rad_pattern_16p3GHz.png
H,16.3,116.5,-3.9890133324481916,rad_pattern_16p3GHz.png
H,16.3,117.0,-4.1308134804747105,rad_pattern_16p3GHz.png
H,16.3,117.5,-4.258410294423026,rad_pattern_16p3GHz.png
H,16.3,118.0,-4.430820639032451,rad_pattern_16p3GHz.png
H,16.3,118.5,-4.56004342852377,rad_pattern_16p3GHz.png
H,16.3,119.0,-4.703227217832978,rad_pattern_16p3GHz.png
H,16.3,119.5,-4.873784245686117,rad_pattern_16p3GHz.png
H,16.3,120.0,-5.027809502496627,rad_pattern_16p3GHz.png
H,16.3,120.5,-5.179551801809971,rad_pattern_16p3GHz.png
H,16.3,121.0,-5.348598089391523,rad_pattern_16p3GHz.png
H,16.3,121.5,-5.52193612932253,rad_pattern_16p3GHz.png
H,16.3,122.0,-5.686644720804381,rad_pattern_16p3GHz.png
H,16.3,122.5,-5.853622293788494,rad_pattern_16p3GHz.png
H,16.3,123.0,-6.032378896391549,rad_pattern_16p3GHz.png
H,16.3,123.5,-6.2105964531357145,rad_pattern_16p3GHz.png
H,16.3,124.0,-6.394422905019514,rad_pattern_16p3GHz.png
H,16.3,124.5,-6.591866371061972,rad_pattern_16p3GHz.png
H,16.3,125.0,-6.774569739507733,rad_pattern_16p3GHz.png
H,16.3,125.5,-6.960620318393609,rad_pattern_16p3GHz.png
H,16.3,126.0,-7.1573084970270315,rad_pattern_16p3GHz.png
H,16.3,126.5,-7.3493142306059625,rad_pattern_16p3GHz.png
H,16.3,127.0,-7.528681983930014,rad_pattern_16p3GHz.png
H,16.3,127.5,-7.729257347360335,rad_pattern_16p3GHz.png
H,16.3,128.0,-7.912097173178111,rad_pattern_16p3GHz.png
H,16.3,128.5,-8.121382878609477,rad_pattern_16p3GHz.png
H,16.3,129.0,-8.292558945926888,rad_pattern_16p3GHz.png
H,16.3,129.5,-8.493714378194099,rad_pattern_16p3GHz.png
H,16.3,130.0,-8.690433070797951,rad_pattern_16p3GHz.png
H,16.3,130.5,-8.870870365849115,rad_pattern_16p3GHz.png
H,16.3,131.0,-9.061008884720529,rad_pattern_16p3GHz.png
H,16.3,131.5,-9.291615261887063,rad_pattern_16p3GHz.png
H,16.3,132.0,-9.507273874395683,rad_pattern_16p3GHz.png
H,16.3,132.5,-9.719529970733731,rad_pattern_16p3GHz.png
H,16.3,133.0,-9.874157552296094,rad_pattern_16p3GHz.png
H,16.3,133.5,-10.119325974519139,rad_pattern_16p3GHz.png
H,16.3,134.0,-10.329750657443231,rad_pattern_16p3GHz.png
H,16.3,134.5,-10.49676296599764,rad_pattern_16p3GHz.png
H,16.3,135.0,-10.742295004330359,rad_pattern_16p3GHz.png
H,16.3,135.5,-10.986305029471467,rad_pattern_16p3GHz.png
H,16.3,136.0,-11.189536509981448,rad_pattern_16p3GHz.png
H,16.3,136.5,-11.429316444555468,rad_pattern_16p3GHz.png
H,16.3,137.0,-11.629684191918567,rad_pattern_16p3GHz.png
H,16.3,137.5,-11.866411141602,rad_pattern_16p3GHz.png
H,16.3,138.0,-12.128727686924258,rad_pattern_16p3GHz.png
H,16.3,138.5,-12.304672202705433,rad_pattern_16p3GHz.png
H,16.3,139.0,-12.579750626998266,rad_pattern_16p3GHz.png
H,16.3,139.5,-12.764938969205751,rad_pattern_16p3GHz.png
H,16.3,140.0,-12.98714216695151,rad_pattern_16p3GHz.png
H,16.3,140.5,-13.194365064114745,rad_pattern_16p3GHz.png
H,16.3,141.0,-13.385315279441194,rad_pattern_16p3GHz.png
H,16.3,141.5,-13.57507458940637,rad_pattern_16p3GHz.png
H,16.3,142.0,-13.768497003658705,rad_pattern_16p3GHz.png
H,16.3,142.5,-13.973667058769113,rad_pattern_16p3GHz.png
H,16.3,143.0,-14.223393044653047,rad_pattern_16p3GHz.png
H,16.3,143.5,-14.408235665543891,rad_pattern_16p3GHz.png
H,16.3,144.0,-14.64470905312264,rad_pattern_16p3GHz.png
H,16.3,144.5,-14.901355815140146,rad_pattern_16p3GHz.png
H,16.3,145.0,-15.136406150193313,rad_pattern_16p3GHz.png
H,16.3,145.5,-15.372723198858258,rad_pattern_16p3GHz.png
H,16.3,146.0,-15.63879887622779,rad_pattern_16p3GHz.png
H,16.3,146.5,-15.91123968307198,rad_pattern_16p3GHz.png
H,16.3,147.0,-16.191239550149515,rad_pattern_16p3GHz.png
H,16.3,147.5,-16.438024226594596,rad_pattern_16p3GHz.png
H,16.3,148.0,-16.705114573108514,rad_pattern_16p3GHz.png
H,16.3,148.5,-16.94371976049602,rad_pattern_16p3GHz.png
H,16.3,149.0,-17.19703075353397,rad_pattern_16p3GHz.png
H,16.3,149.5,-17.439701794765078,rad_pattern_16p3GHz.png
H,16.3,150.0,-17.695727405651834,rad_pattern_16p3GHz.png
H,16.3,150.5,-17.91053182425393,rad_pattern_16p3GHz.png
H,16.3,151.0,-18.107119957736867,rad_pattern_16p3GHz.png
H,16.3,151.5,-18.345072577962437,rad_pattern_16p3GHz.png
H,16.3,152.0,-18.56635078917312,rad_pattern_16p3GHz.png
H,16.3,152.5,-18.815562572546813,rad_pattern_16p3GHz.png
H,16.3,153.0,-19.061761295217178,rad_pattern_16p3GHz.png
H,16.3,153.5,-19.359900157322112,rad_pattern_16p3GHz.png
H,16.3,154.0,-19.65638312338261,rad_pattern_16p3GHz.png
H,16.3,154.5,-20.017006613434834,rad_pattern_16p3GHz.png
H,16.3,155.0,-20.24772840969607,rad_pattern_16p3GHz.png
H,16.3,155.5,-20.451443116860755,rad_pattern_16p3GHz.png
H,16.3,156.0,-21.038160038898088,rad_pattern_16p3GHz.png
H,16.3,156.5,-21.038160038898088,rad_pattern_16p3GHz.png
H,16.3,157.0,-20.9963306290897,rad_pattern_16p3GHz.png
H,16.3,157.5,-20.982515901190087,rad_pattern_16p3GHz.png
H,16.3,158.0,-20.982515901190087,rad_pattern_16p3GHz.png
H,16.3,158.5,-21.14330665226736,rad_pattern_16p3GHz.png
H,16.3,159.0,-21.357151698025735,rad_pattern_16p3GHz.png
H,16.3,159.5,-21.516308032698642,rad_pattern_16p3GHz.png
H,16.3,160.0,-21.64480653862712,rad_pattern_16p3GHz.png
H,16.3,160.5,-21.866930789293356,rad_pattern_16p3GHz.png
H,16.3,161.0,-22.068929184207082,rad_pattern_16p3GHz.png
H,16.3,161.5,-22.36222257756592,rad_pattern_16p3GHz.png
H,16.3,162.0,-22.38046443903369,rad_pattern_16p3GHz.png
H,16.3,162.5,-22.43170004718709,rad_pattern_16p3GHz.png
H,16.3,163.0,-22.461471630581055,rad_pattern_16p3GHz.png
H,16.3,163.5,-22.531325513293073,rad_pattern_16p3GHz.png
H,16.3,164.0,-22.758009685207508,rad_pattern_16p3GHz.png
H,16.3,164.5,-22.971872294232735,rad_pattern_16p3GHz.png
H,16.3,165.0,-23.666480169528928,rad_pattern_16p3GHz.png
H,16.3,165.5,-23.98290109627892,rad_pattern_16p3GHz.png
H,16.3,166.0,-24.235531163746852,rad_pattern_16p3GHz.png
H,16.3,166.5,-24.403323742448936,rad_pattern_16p3GHz.png
H,16.3,167.0,-24.71108896453394,rad_pattern_16p3GHz.png
H,16.3,167.5,-24.927507426518652,rad_pattern_16p3GHz.png
H,16.3,168.0,-25.002297388272883,rad_pattern_16p3GHz.png
H,16.3,168.5,-25.268784782008815,rad_pattern_16p3GHz.png
H,16.3,169.0,-25.336956956400122,rad_pattern_16p3GHz.png
H,16.3,169.5,-25.50056627096855,rad_pattern_16p3GHz.png
H,16.3,170.0,-25.681485516508598,rad_pattern_16p3GHz.png
H,16.3,170.5,-25.862260732444756,rad_pattern_16p3GHz.png
H,16.3,171.0,-25.957286363234008,rad_pattern_16p3GHz.png
H,16.3,171.5,-26.080489693630152,rad_pattern_16p3GHz.png
H,16.3,172.0,-26.231958719728805,rad_pattern_16p3GHz.png
H,16.3,172.5,-26.325837828632032,rad_pattern_16p3GHz.png
H,16.3,173.0,-26.325837828632032,rad_pattern_16p3GHz.png
H,16.3,173.5,-22.81538377102409,rad_pattern_16p3GHz.png
H,16.3,174.0,-22.445097115890487,rad_pattern_16p3GHz.png
H,16.3,174.5,-22.39890831495744,rad_pattern_16p3GHz.png
H,16.3,175.0,-22.34133183614394,rad_pattern_16p3GHz.png
H,16.3,175.5,-22.34133183614394,rad_pattern_16p3GHz.png
H,16.3,176.0,-27.368104458818834,rad_pattern_16p3GHz.png
H,16.3,176.5,-27.833415613890285,rad_pattern_16p3GHz.png
H,16.3,177.0,-27.98076994610015,rad_pattern_16p3GHz.png
H,16.3,177.5,-27.98076994610015,rad_pattern_16p3GHz.png
H,16.3,178.0,-27.98076994610015,rad_pattern_16p3GHz.png
H,16.3,178.5,-27.895932321564047,rad_pattern_16p3GHz.png
H,16.3,179.0,-28.21420994877413,rad_pattern_16p3GHz.png
H,16.3,179.5,-28.21420994877413,rad_pattern_16p3GHz.png
H,16.3,180.0,-28.28646083172277,rad_pattern_16p3GHz.png
H,16.3,180.5,-28.28646083172277,rad_pattern_16p3GHz.png
H,16.3,181.0,-28.28646083172277,rad_pattern_16p3GHz.png
H,16.3,181.5,-28.387221092861648,rad_pattern_16p3GHz.png
H,16.3,182.0,-28.96511229655999,rad_pattern_16p3GHz.png
H,16.3,182.5,-28.96511229655999,rad_pattern_16p3GHz.png
H,16.3,183.0,-28.76024175992121,rad_pattern_16p3GHz.png
H,16.3,183.5,-28.76024175992121,rad_pattern_16p3GHz.png
H,16.3,184.0,-28.844727657319815,rad_pattern_16p3GHz.png
H,16.3,184.5,-28.844727657319815,rad_pattern_16p3GHz.png
H,16.3,185.0,-28.844727657319815,rad_pattern_16p3GHz.png
H,16.3,185.5,-28.89976861134789,rad_pattern_16p3GHz.png
H,16.3,186.0,-29.072287257299706,rad_pattern_16p3GHz.png
H,16.3,186.5,-29.12974744482242,rad_pattern_16p3GHz.png
H,16.3,187.0,-29.12974744482242,rad_pattern_16p3GHz.png
H,16.3,187.5,-29.126217172394764,rad_pattern_16p3GHz.png
H,16.3,188.0,-29.126217172394764,rad_pattern_16p3GHz.png
H,16.3,188.5,-29.473793484993752,rad_pattern_16p3GHz.png
H,16.3,189.0,-29.473793484993752,rad_pattern_16p3GHz.png
H,16.3,189.5,-29.350393136147375,rad_pattern_16p3GHz.png
H,16.3,190.0,-29.293434574669213,rad_pattern_16p3GHz.png
H,16.3,190.5,-29.350393136147375,rad_pattern_16p3GHz.png
H,16.3,191.0,-29.464066339535123,rad_pattern_16p3GHz.png
H,16.3,191.5,-29.464066339535123,rad_pattern_16p3GHz.png
H,16.3,192.0,-29.520756888366112,rad_pattern_16p3GHz.png
H,16.3,192.5,-29.429946776440495,rad_pattern_16p3GHz.png
H,16.3,193.0,-29.451673969710875,rad_pattern_16p3GHz.png
H,16.3,193.5,-29.39543304707977,rad_pattern_16p3GHz.png
H,16.3,194.0,-29.451673969710875,rad_pattern_16p3GHz.png
H,16.3,194.5,-29.444501163955255,rad_pattern_16p3GHz.png
H,16.3,195.0,-29.59154815074003,rad_pattern_16p3GHz.png
H,16.3,195.5,-29.59154815074003,rad_pattern_16p3GHz.png
H,16.3,196.0,-29.64713582303397,rad_pattern_16p3GHz.png
H,16.3,196.5,-29.64713582303397,rad_pattern_16p3GHz.png
H,16.3,197.0,-29.64713582303397,rad_pattern_16p3GHz.png
H,16.3,197.5,-29.73001617725454,rad_pattern_16p3GHz.png
H,16.3,198.0,-29.757438351049647,rad_pattern_16p3GHz.png
H,16.3,198.5,-29.757438351049647,rad_pattern_16p3GHz.png
H,16.3,199.0,-29.78486052484475,rad_pattern_16p3GHz.png
H,16.3,199.5,-29.78486052484475,rad_pattern_16p3GHz.png
H,16.3,200.0,-29.683671807420808,rad_pattern_16p3GHz.png
H,16.3,200.5,-29.683671807420808,rad_pattern_16p3GHz.png
H,16.3,201.0,-29.710690567068173,rad_pattern_16p3GHz.png
H,16.3,201.5,-29.801974631986212,rad_pattern_16p3GHz.png
H,16.3,202.0,-29.801974631986212,rad_pattern_16p3GHz.png
H,16.3,202.5,-29.85552389344101,rad_pattern_16p3GHz.png
H,16.3,203.0,-29.85552389344101,rad_pattern_16p3GHz.png
H,16.3,203.5,-29.85552389344101,rad_pattern_16p3GHz.png
H,16.3,204.0,-29.94661953889749,rad_pattern_16p3GHz.png
H,16.3,204.5,-29.973029237893286,rad_pattern_16p3GHz.png
H,16.3,205.0,-29.973029237893286,rad_pattern_16p3GHz.png
H,16.3,205.5,-29.934615764646185,rad_pattern_16p3GHz.png
H,16.3,206.0,-29.80104801156806,rad_pattern_16p3GHz.png
H,16.3,206.5,-29.80104801156806,rad_pattern_16p3GHz.png
H,16.3,207.0,-29.861369513130853,rad_pattern_16p3GHz.png
H,16.3,207.5,-29.921691014693646,rad_pattern_16p3GHz.png
H,16.3,208.0,-30.115563846212453,rad_pattern_16p3GHz.png
H,16.3,208.5,-30.115563846212453,rad_pattern_16p3GHz.png
H,16.3,209.0,-29.907882397177577,rad_pattern_16p3GHz.png
H,16.3,209.5,-29.907882397177577,rad_pattern_16p3GHz.png
H,16.3,210.0,-29.932916951575667,rad_pattern_16p3GHz.png
H,16.3,210.5,-29.972436316872507,rad_pattern_16p3GHz.png
H,16.3,211.0,-29.99736234285386,rad_pattern_16p3GHz.png
H,16.3,211.5,-30.021999263666405,rad_pattern_16p3GHz.png
H,16.3,212.0,-30.021999263666405,rad_pattern_16p3GHz.png
H,16.3,212.5,-29.98202351441873,rad_pattern_16p3GHz.png
H,16.3,213.0,-29.98202351441873,rad_pattern_16p3GHz.png
H,16.3,213.5,-30.019462660067013,rad_pattern_16p3GHz.png
H,16.3,214.0,-30.019462660067013,rad_pattern_16p3GHz.png
H,16.3,214.5,-29.992676086416374,rad_pattern_16p3GHz.png
H,16.3,215.0,-29.992676086416374,rad_pattern_16p3GHz.png
H,16.3,215.5,-30.070087516820788,rad_pattern_16p3GHz.png
H,16.3,216.0,-30.070087516820788,rad_pattern_16p3GHz.png
H,16.3,216.5,-30.021169260417324,rad_pattern_16p3GHz.png
H,16.3,217.0,-30.021169260417324,rad_pattern_16p3GHz.png
H,16.3,217.5,-30.05296487272503,rad_pattern_16p3GHz.png
H,16.3,218.0,-30.08464134323739,rad_pattern_16p3GHz.png
H,16.3,218.5,-30.08464134323739,rad_pattern_16p3GHz.png
H,16.3,219.0,-30.075655225374007,rad_pattern_16p3GHz.png
H,16.3,219.5,-30.034992636998265,rad_pattern_16p3GHz.png
H,16.3,220.0,-30.034992636998265,rad_pattern_16p3GHz.png
H,16.3,220.5,-30.076884430210878,rad_pattern_16p3GHz.png
H,16.3,221.0,-30.200200444596483,rad_pattern_16p3GHz.png
H,16.3,221.5,-30.241869509214396,rad_pattern_16p3GHz.png
H,16.3,222.0,-30.241869509214396,rad_pattern_16p3GHz.png
H,16.3,222.5,-30.201027778184432,rad_pattern_16p3GHz.png
H,16.3,223.0,-30.0784811578109,rad_pattern_16p3GHz.png
H,16.3,223.5,-29.996762623937748,rad_pattern_16p3GHz.png
H,16.3,224.0,-29.744573846090283,rad_pattern_16p3GHz.png
H,16.3,224.5,-29.492385068242815,rad_pattern_16p3GHz.png
H,16.3,225.0,-29.24019629039535,rad_pattern_16p3GHz.png
H,16.3,225.5,-28.98800751254788,rad_pattern_16p3GHz.png
H,16.3,226.0,-28.735818734700416,rad_pattern_16p3GHz.png
H,16.3,226.5,-28.735818734700416,rad_pattern_16p3GHz.png
H,16.3,227.0,-28.522937464034328,rad_pattern_16p3GHz.png
H,16.3,227.5,-28.727085726362,rad_pattern_16p3GHz.png
H,16.3,228.0,-28.522937464034328,rad_pattern_16p3GHz.png
H,16.3,228.5,-28.683736718161146,rad_pattern_16p3GHz.png
H,16.3,229.0,-28.683736718161146,rad_pattern_16p3GHz.png
H,16.3,229.5,-28.683736718161146,rad_pattern_16p3GHz.png
H,16.3,230.0,-28.76176924864679,rad_pattern_16p3GHz.png
H,16.3,230.5,-28.739364763237518,rad_pattern_16p3GHz.png
H,16.3,231.0,-28.739364763237518,rad_pattern_16p3GHz.png
H,16.3,231.5,-28.739364763237518,rad_pattern_16p3GHz.png
H,16.3,232.0,-28.79798802079688,rad_pattern_16p3GHz.png
H,16.3,232.5,-28.896695213686492,rad_pattern_16p3GHz.png
H,16.3,233.0,-28.896695213686492,rad_pattern_16p3GHz.png
H,16.3,233.5,-28.376273516380348,rad_pattern_16p3GHz.png
H,16.3,234.0,-28.16801961027658,rad_pattern_16p3GHz.png
H,16.3,234.5,-27.58341730760501,rad_pattern_16p3GHz.png
H,16.3,235.0,-27.287512512564202,rad_pattern_16p3GHz.png
H,16.3,235.5,-26.951129982359188,rad_pattern_16p3GHz.png
H,16.3,236.0,-26.79911518098542,rad_pattern_16p3GHz.png
H,16.3,236.5,-26.598592747136973,rad_pattern_16p3GHz.png
H,16.3,237.0,-26.421493296198335,rad_pattern_16p3GHz.png
H,16.3,237.5,-26.421493296198335,rad_pattern_16p3GHz.png
H,16.3,238.0,-26.37262188726042,rad_pattern_16p3GHz.png
H,16.3,238.5,-26.32353105739594,rad_pattern_16p3GHz.png
H,16.3,239.0,-26.32353105739594,rad_pattern_16p3GHz.png
H,16.3,239.5,-27.211204617567258,rad_pattern_16p3GHz.png
H,16.3,240.0,-27.211204617567258,rad_pattern_16p3GHz.png
H,16.3,240.5,-25.28922698881644,rad_pattern_16p3GHz.png
H,16.3,241.0,-25.28922698881644,rad_pattern_16p3GHz.png
H,16.3,241.5,-25.32850515997933,rad_pattern_16p3GHz.png
H,16.3,242.0,-25.395218208416406,rad_pattern_16p3GHz.png
H,16.3,242.5,-25.395218208416406,rad_pattern_16p3GHz.png
H,16.3,243.0,-25.422208989379993,rad_pattern_16p3GHz.png
H,16.3,243.5,-25.229028187405625,rad_pattern_16p3GHz.png
H,16.3,244.0,-25.163418876942952,rad_pattern_16p3GHz.png
H,16.3,244.5,-25.138293916531413,rad_pattern_16p3GHz.png
H,16.3,245.0,-25.058825592812354,rad_pattern_16p3GHz.png
H,16.3,245.5,-24.992126979291854,rad_pattern_16p3GHz.png
H,16.3,246.0,-24.992126979291854,rad_pattern_16p3GHz.png
H,16.3,246.5,-25.027318951680034,rad_pattern_16p3GHz.png
H,16.3,247.0,-25.088068342170747,rad_pattern_16p3GHz.png
H,16.3,247.5,-25.421586606532113,rad_pattern_16p3GHz.png
H,16.3,248.0,-25.625785739365842,rad_pattern_16p3GHz.png
H,16.3,248.5,-25.856521292390713,rad_pattern_16p3GHz.png
H,16.3,249.0,-26.08704660790738,rad_pattern_16p3GHz.png
H,16.3,249.5,-26.381538960063157,rad_pattern_16p3GHz.png
H,16.3,250.0,-26.702800740312835,rad_pattern_16p3GHz.png
H,16.3,250.5,-26.95954935578948,rad_pattern_16p3GHz.png
H,16.3,251.0,-27.188703980157246,rad_pattern_16p3GHz.png
H,16.3,251.5,-27.261929147906066,rad_pattern_16p3GHz.png
H,16.3,252.0,-27.51756331359601,rad_pattern_16p3GHz.png
H,16.3,252.5,-27.60009760365922,rad_pattern_16p3GHz.png
H,16.3,253.0,-27.645194509404796,rad_pattern_16p3GHz.png
H,16.3,253.5,-28.019059654604998,rad_pattern_16p3GHz.png
H,16.3,254.0,-28.082694311876406,rad_pattern_16p3GHz.png
H,16.3,254.5,-28.18189748249336,rad_pattern_16p3GHz.png
H,16.3,255.0,-28.336571489783168,rad_pattern_16p3GHz.png
H,16.3,255.5,-28.37190076902248,rad_pattern_16p3GHz.png
H,16.3,256.0,-28.37190076902248,rad_pattern_16p3GHz.png
H,16.3,256.5,-28.203640134852478,rad_pattern_16p3GHz.png
H,16.3,257.0,-28.000092828248103,rad_pattern_16p3GHz.png
H,16.3,257.5,-27.83091471600358,rad_pattern_16p3GHz.png
H,16.3,258.0,-27.627009038727813,rad_pattern_16p3GHz.png
H,16.3,258.5,-27.253117975832726,rad_pattern_16p3GHz.png
H,16.3,259.0,-26.95832408626724,rad_pattern_16p3GHz.png
H,16.3,259.5,-26.78805204184123,rad_pattern_16p3GHz.png
H,16.3,260.0,-26.617511255982507,rad_pattern_16p3GHz.png
H,16.3,260.5,-26.38976100666535,rad_pattern_16p3GHz.png
H,16.3,261.0,-26.161653976910237,rad_pattern_16p3GHz.png
H,16.3,261.5,-26.05616526712344,rad_pattern_16p3GHz.png
H,16.3,262.0,-25.712647955572418,rad_pattern_16p3GHz.png
H,16.3,262.5,-25.368692376412085,rad_pattern_16p3GHz.png
H,16.3,263.0,-24.50086431167494,rad_pattern_16p3GHz.png
H,16.3,263.5,-24.098780938083042,rad_pattern_16p3GHz.png
H,16.3,264.0,-23.782642855698636,rad_pattern_16p3GHz.png
H,16.3,264.5,-23.408819557107332,rad_pattern_16p3GHz.png
H,16.3,265.0,-23.212823019424814,rad_pattern_16p3GHz.png
H,16.3,265.5,-22.814331946425195,rad_pattern_16p3GHz.png
H,16.3,266.0,-22.645560939603627,rad_pattern_16p3GHz.png
H,16.3,266.5,-22.476187023044933,rad_pattern_16p3GHz.png
H,16.3,267.0,-22.3928500255962,rad_pattern_16p3GHz.png
H,16.3,267.5,-22.366799329285396,rad_pattern_16p3GHz.png
H,16.3,268.0,-22.16976245409589,rad_pattern_16p3GHz.png
H,16.3,268.5,-22.16799351000527,rad_pattern_16p3GHz.png
H,16.3,269.0,-22.027214121523205,rad_pattern_16p3GHz.png
H,16.3,269.5,-21.999467401471854,rad_pattern_16p3GHz.png
H,16.3,270.0,-21.999081986101107,rad_pattern_16p3GHz.png
H,16.3,270.5,-21.999467401471854,rad_pattern_16p3GHz.png
H,16.3,271.0,-22.05611703630664,rad_pattern_16p3GHz.png
H,16.3,271.5,-22.16799351000527,rad_pattern_16p3GHz.png
H,16.3,272.0,-22.16976245409589,rad_pattern_16p3GHz.png
H,16.3,272.5,-22.366799329285396,rad_pattern_16p3GHz.png
H,16.3,273.0,-22.42171702649659,rad_pattern_16p3GHz.png
H,16.3,273.5,-22.476187023044933,rad_pattern_16p3GHz.png
H,16.3,274.0,-22.645560939603627,rad_pattern_16p3GHz.png
H,16.3,274.5,-22.814331946425195,rad_pattern_16p3GHz.png
H,16.3,275.0,-23.212823019424814,rad_pattern_16p3GHz.png
H,16.3,275.5,-23.408819557107332,rad_pattern_16p3GHz.png
H,16.3,276.0,-23.782642855698636,rad_pattern_16p3GHz.png
H,16.3,276.5,-24.098780938083042,rad_pattern_16p3GHz.png
H,16.3,277.0,-24.50086431167494,rad_pattern_16p3GHz.png
H,16.3,277.5,-25.42604508416231,rad_pattern_16p3GHz.png
H,16.3,278.0,-25.741290860777642,rad_pattern_16p3GHz.png
H,16.3,278.5,-26.05616526712344,rad_pattern_16p3GHz.png
H,16.3,279.0,-26.161653976910237,rad_pattern_16p3GHz.png
H,16.3,279.5,-26.38976100666535,rad_pattern_16p3GHz.png
H,16.3,280.0,-26.617511255982507,rad_pattern_16p3GHz.png
H,16.3,280.5,-26.78805204184123,rad_pattern_16p3GHz.png
H,16.3,281.0,-26.95832408626724,rad_pattern_16p3GHz.png
H,16.3,281.5,-27.253117975832726,rad_pattern_16p3GHz.png
H,16.3,282.0,-27.627009038727813,rad_pattern_16p3GHz.png
H,16.3,282.5,-27.83091471600358,rad_pattern_16p3GHz.png
H,16.3,283.0,-28.000092828248103,rad_pattern_16p3GHz.png
H,16.3,283.5,-28.203640134852478,rad_pattern_16p3GHz.png
H,16.3,284.0,-28.37190076902248,rad_pattern_16p3GHz.png
H,16.3,284.5,-28.37190076902248,rad_pattern_16p3GHz.png
H,16.3,285.0,-28.336571489783168,rad_pattern_16p3GHz.png
H,16.3,285.5,-28.18189748249336,rad_pattern_16p3GHz.png
H,16.3,286.0,-28.082694311876406,rad_pattern_16p3GHz.png
H,16.3,286.5,-28.019059654604998,rad_pattern_16p3GHz.png
H,16.3,287.0,-27.645194509404796,rad_pattern_16p3GHz.png
H,16.3,287.5,-27.60009760365922,rad_pattern_16p3GHz.png
H,16.3,288.0,-27.51756331359601,rad_pattern_16p3GHz.png
H,16.3,288.5,-27.261929147906066,rad_pattern_16p3GHz.png
H,16.3,289.0,-27.188703980157246,rad_pattern_16p3GHz.png
H,16.3,289.5,-26.95954935578948,rad_pattern_16p3GHz.png
H,16.3,290.0,-26.702800740312835,rad_pattern_16p3GHz.png
H,16.3,290.5,-26.381538960063157,rad_pattern_16p3GHz.png
H,16.3,291.0,-26.08704660790738,rad_pattern_16p3GHz.png
H,16.3,291.5,-25.856521292390713,rad_pattern_16p3GHz.png
H,16.3,292.0,-25.625785739365842,rad_pattern_16p3GHz.png
H,16.3,292.5,-25.421586606532113,rad_pattern_16p3GHz.png
H,16.3,293.0,-25.088068342170747,rad_pattern_16p3GHz.png
H,16.3,293.5,-25.027318951680034,rad_pattern_16p3GHz.png
H,16.3,294.0,-24.992126979291854,rad_pattern_16p3GHz.png
H,16.3,294.5,-24.992126979291854,rad_pattern_16p3GHz.png
H,16.3,295.0,-25.058825592812354,rad_pattern_16p3GHz.png
H,16.3,295.5,-25.138293916531413,rad_pattern_16p3GHz.png
H,16.3,296.0,-25.163418876942952,rad_pattern_16p3GHz.png
H,16.3,296.5,-25.229028187405625,rad_pattern_16p3GHz.png
H,16.3,297.0,-25.422208989379993,rad_pattern_16p3GHz.png
H,16.3,297.5,-25.395218208416406,rad_pattern_16p3GHz.png
H,16.3,298.0,-25.395218208416406,rad_pattern_16p3GHz.png
H,16.3,298.5,-25.32850515997933,rad_pattern_16p3GHz.png
H,16.3,299.0,-25.28922698881644,rad_pattern_16p3GHz.png
H,16.3,299.5,-25.28922698881644,rad_pattern_16p3GHz.png
H,16.3,300.0,-27.211204617567258,rad_pattern_16p3GHz.png
H,16.3,300.5,-27.211204617567258,rad_pattern_16p3GHz.png
H,16.3,301.0,-26.32353105739594,rad_pattern_16p3GHz.png
H,16.3,301.5,-26.32353105739594,rad_pattern_16p3GHz.png
H,16.3,302.0,-26.37262188726042,rad_pattern_16p3GHz.png
H,16.3,302.5,-26.421493296198335,rad_pattern_16p3GHz.png
H,16.3,303.0,-26.421493296198335,rad_pattern_16p3GHz.png
H,16.3,303.5,-26.598592747136973,rad_pattern_16p3GHz.png
H,16.3,304.0,-26.79911518098542,rad_pattern_16p3GHz.png
H,16.3,304.5,-26.951129982359188,rad_pattern_16p3GHz.png
H,16.3,305.0,-27.287512512564202,rad_pattern_16p3GHz.png
H,16.3,305.5,-27.58341730760501,rad_pattern_16p3GHz.png
H,16.3,306.0,-28.16801961027658,rad_pattern_16p3GHz.png
H,16.3,306.5,-28.376273516380348,rad_pattern_16p3GHz.png
H,16.3,307.0,-28.896695213686492,rad_pattern_16p3GHz.png
H,16.3,307.5,-28.896695213686492,rad_pattern_16p3GHz.png
H,16.3,308.0,-28.79798802079688,rad_pattern_16p3GHz.png
H,16.3,308.5,-28.739364763237518,rad_pattern_16p3GHz.png
H,16.3,309.0,-28.739364763237518,rad_pattern_16p3GHz.png
H,16.3,309.5,-28.739364763237518,rad_pattern_16p3GHz.png
H,16.3,310.0,-28.76176924864679,rad_pattern_16p3GHz.png
H,16.3,310.5,-28.683736718161146,rad_pattern_16p3GHz.png
H,16.3,311.0,-28.683736718161146,rad_pattern_16p3GHz.png
H,16.3,311.5,-28.683736718161146,rad_pattern_16p3GHz.png
H,16.3,312.0,-28.522937464034328,rad_pattern_16p3GHz.png
H,16.3,312.5,-28.727085726362,rad_pattern_16p3GHz.png
H,16.3,313.0,-28.522937464034328,rad_pattern_16p3GHz.png
H,16.3,313.5,-28.735818734700416,rad_pattern_16p3GHz.png
H,16.3,314.0,-28.735818734700416,rad_pattern_16p3GHz.png
H,16.3,314.5,-28.98800751254788,rad_pattern_16p3GHz.png
H,16.3,315.0,-29.24019629039535,rad_pattern_16p3GHz.png
H,16.3,315.5,-29.492385068242815,rad_pattern_16p3GHz.png
H,16.3,316.0,-29.744573846090283,rad_pattern_16p3GHz.png
H,16.3,316.5,-29.996762623937748,rad_pattern_16p3GHz.png
H,16.3,317.0,-30.0784811578109,rad_pattern_16p3GHz.png
H,16.3,317.5,-30.201027778184432,rad_pattern_16p3GHz.png
H,16.3,318.0,-30.241869509214396,rad_pattern_16p3GHz.png
H,16.3,318.5,-30.241869509214396,rad_pattern_16p3GHz.png
H,16.3,319.0,-30.200200444596483,rad_pattern_16p3GHz.png
H,16.3,319.5,-30.076884430210878,rad_pattern_16p3GHz.png
H,16.3,320.0,-30.034992636998265,rad_pattern_16p3GHz.png
H,16.3,320.5,-30.034992636998265,rad_pattern_16p3GHz.png
H,16.3,321.0,-30.075655225374007,rad_pattern_16p3GHz.png
H,16.3,321.5,-30.08464134323739,rad_pattern_16p3GHz.png
H,16.3,322.0,-30.08464134323739,rad_pattern_16p3GHz.png
H,16.3,322.5,-30.05296487272503,rad_pattern_16p3GHz.png
H,16.3,323.0,-30.021169260417324,rad_pattern_16p3GHz.png
H,16.3,323.5,-30.021169260417324,rad_pattern_16p3GHz.png
H,16.3,324.0,-30.070087516820788,rad_pattern_16p3GHz.png
H,16.3,324.5,-30.070087516820788,rad_pattern_16p3GHz.png
H,16.3,325.0,-29.992676086416374,rad_pattern_16p3GHz.png
H,16.3,325.5,-29.992676086416374,rad_pattern_16p3GHz.png
H,16.3,326.0,-30.019462660067013,rad_pattern_16p3GHz.png
H,16.3,326.5,-30.019462660067013,rad_pattern_16p3GHz.png
H,16.3,327.0,-29.98202351441873,rad_pattern_16p3GHz.png
H,16.3,327.5,-29.98202351441873,rad_pattern_16p3GHz.png
H,16.3,328.0,-30.021999263666405,rad_pattern_16p3GHz.png
H,16.3,328.5,-30.021999263666405,rad_pattern_16p3GHz.png
H,16.3,329.0,-29.99736234285386,rad_pattern_16p3GHz.png
H,16.3,329.5,-29.972436316872507,rad_pattern_16p3GHz.png
H,16.3,330.0,-29.932916951575667,rad_pattern_16p3GHz.png
H,16.3,330.5,-29.907882397177577,rad_pattern_16p3GHz.png
H,16.3,331.0,-29.907882397177577,rad_pattern_16p3GHz.png
H,16.3,331.5,-30.115563846212453,rad_pattern_16p3GHz.png
H,16.3,332.0,-30.115563846212453,rad_pattern_16p3GHz.png
H,16.3,332.5,-29.921691014693646,rad_pattern_16p3GHz.png
H,16.3,333.0,-29.861369513130853,rad_pattern_16p3GHz.png
H,16.3,333.5,-29.80104801156806,rad_pattern_16p3GHz.png
H,16.3,334.0,-29.80104801156806,rad_pattern_16p3GHz.png
H,16.3,334.5,-29.934615764646185,rad_pattern_16p3GHz.png
H,16.3,335.0,-29.973029237893286,rad_pattern_16p3GHz.png
H,16.3,335.5,-29.973029237893286,rad_pattern_16p3GHz.png
H,16.3,336.0,-29.94661953889749,rad_pattern_16p3GHz.png
H,16.3,336.5,-29.85552389344101,rad_pattern_16p3GHz.png
H,16.3,337.0,-29.85552389344101,rad_pattern_16p3GHz.png
H,16.3,337.5,-29.85552389344101,rad_pattern_16p3GHz.png
H,16.3,338.0,-29.801974631986212,rad_pattern_16p3GHz.png
H,16.3,338.5,-29.801974631986212,rad_pattern_16p3GHz.png
H,16.3,339.0,-29.710690567068173,rad_pattern_16p3GHz.png
H,16.3,339.5,-29.683671807420808,rad_pattern_16p3GHz.png
H,16.3,340.0,-29.683671807420808,rad_pattern_16p3GHz.png
H,16.3,340.5,-29.78486052484475,rad_pattern_16p3GHz.png
H,16.3,341.0,-29.78486052484475,rad_pattern_16p3GHz.png
H,16.3,341.5,-29.757438351049647,rad_pattern_16p3GHz.png
H,16.3,342.0,-29.757438351049647,rad_pattern_16p3GHz.png
H,16.3,342.5,-29.73001617725454,rad_pattern_16p3GHz.png
H,16.3,343.0,-29.64713582303397,rad_pattern_16p3GHz.png
H,16.3,343.5,-29.64713582303397,rad_pattern_16p3GHz.png
H,16.3,344.0,-29.64713582303397,rad_pattern_16p3GHz.png
H,16.3,344.5,-29.59154815074003,rad_pattern_16p3GHz.png
H,16.3,345.0,-29.59154815074003,rad_pattern_16p3GHz.png
H,16.3,345.5,-29.444501163955255,rad_pattern_16p3GHz.png
H,16.3,346.0,-29.451673969710875,rad_pattern_16p3GHz.png
H,16.3,346.5,-29.39543304707977,rad_pattern_16p3GHz.png
H,16.3,347.0,-29.451673969710875,rad_pattern_16p3GHz.png
H,16.3,347.5,-29.429946776440495,rad_pattern_16p3GHz.png
H,16.3,348.0,-29.520756888366112,rad_pattern_16p3GHz.png
H,16.3,348.5,-29.464066339535123,rad_pattern_16p3GHz.png
H,16.3,349.0,-29.464066339535123,rad_pattern_16p3GHz.png
H,16.3,349.5,-29.350393136147375,rad_pattern_16p3GHz.png
H,16.3,350.0,-29.293434574669213,rad_pattern_16p3GHz.png
H,16.3,350.5,-29.350393136147375,rad_pattern_16p3GHz.png
H,16.3,351.0,-29.473793484993752,rad_pattern_16p3GHz.png
H,16.3,351.5,-29.473793484993752,rad_pattern_16p3GHz.png
H,16.3,352.0,-29.126217172394764,rad_pattern_16p3GHz.png
H,16.3,352.5,-29.126217172394764,rad_pattern_16p3GHz.png
H,16.3,353.0,-29.12974744482242,rad_pattern_16p3GHz.png
H,16.3,353.5,-29.12974744482242,rad_pattern_16p3GHz.png
H,16.3,354.0,-29.072287257299706,rad_pattern_16p3GHz.png
H,16.3,354.5,-28.89976861134789,rad_pattern_16p3GHz.png
H,16.3,355.0,-28.844727657319815,rad_pattern_16p3GHz.png
H,16.3,355.5,-28.844727657319815,rad_pattern_16p3GHz.png
H,16.3,356.0,-28.844727657319815,rad_pattern_16p3GHz.png
H,16.3,356.5,-28.76024175992121,rad_pattern_16p3GHz.png
H,16.3,357.0,-28.76024175992121,rad_pattern_16p3GHz.png
H,16.3,357.5,-28.96511229655999,rad_pattern_16p3GHz.png
H,16.3,358.0,-28.96511229655999,rad_pattern_16p3GHz.png
H,16.3,358.5,-28.387221092861648,rad_pattern_16p3GHz.png
H,16.3,359.0,-28.28646083172277,rad_pattern_16p3GHz.png
H,16.3,359.5,-28.28646083172277,rad_pattern_16p3GHz.png
H,17.3,0.0,-17.525851103761884,rad_pattern_17p3GHz.png
H,17.3,0.5,-17.294597653323184,rad_pattern_17p3GHz.png
H,17.3,1.0,-17.09028078343184,rad_pattern_17p3GHz.png
H,17.3,1.5,-16.885662516571617,rad_pattern_17p3GHz.png
H,17.3,2.0,-16.476793683735995,rad_pattern_17p3GHz.png
H,17.3,2.5,-16.24249080933448,rad_pattern_17p3GHz.png
H,17.3,3.0,-16.06272484267187,rad_pattern_17p3GHz.png
H,17.3,3.5,-15.766323708932415,rad_pattern_17p3GHz.png
H,17.3,4.0,-15.639884386883299,rad_pattern_17p3GHz.png
H,17.3,4.5,-15.458506311368845,rad_pattern_17p3GHz.png
H,17.3,5.0,-15.381618466939493,rad_pattern_17p3GHz.png
H,17.3,5.5,-15.22960753718942,rad_pattern_17p3GHz.png
H,17.3,6.0,-15.131886969950054,rad_pattern_17p3GHz.png
H,17.3,6.5,-15.00155581303189,rad_pattern_17p3GHz.png
H,17.3,7.0,-14.870079714561074,rad_pattern_17p3GHz.png
H,17.3,7.5,-14.72250096092934,rad_pattern_17p3GHz.png
H,17.3,8.0,-14.588007863609953,rad_pattern_17p3GHz.png
H,17.3,8.5,-14.40392425849366,rad_pattern_17p3GHz.png
H,17.3,9.0,-14.267968559934335,rad_pattern_17p3GHz.png
H,17.3,9.5,-14.126413812901333,rad_pattern_17p3GHz.png
H,17.3,10.0,-14.025300918700342,rad_pattern_17p3GHz.png
H,17.3,10.5,-13.942265409650325,rad_pattern_17p3GHz.png
H,17.3,11.0,-13.863763212667465,rad_pattern_17p3GHz.png
H,17.3,11.5,-13.784636544394818,rad_pattern_17p3GHz.png
H,17.3,12.0,-13.73154730582749,rad_pattern_17p3GHz.png
H,17.3,12.5,-13.64395889125684,rad_pattern_17p3GHz.png
H,17.3,13.0,-13.527175739616919,rad_pattern_17p3GHz.png
H,17.3,13.5,-13.40299398955489,rad_pattern_17p3GHz.png
H,17.3,14.0,-13.256333222399594,rad_pattern_17p3GHz.png
H,17.3,14.5,-13.14331730728301,rad_pattern_17p3GHz.png
H,17.3,15.0,-13.02246001270807,rad_pattern_17p3GHz.png
H,17.3,15.5,-12.908669489769952,rad_pattern_17p3GHz.png
H,17.3,16.0,-12.830312463771012,rad_pattern_17p3GHz.png
H,17.3,16.5,-12.769930118631411,rad_pattern_17p3GHz.png
H,17.3,17.0,-12.756076026092114,rad_pattern_17p3GHz.png
H,17.3,17.5,-12.740837576156558,rad_pattern_17p3GHz.png
H,17.3,18.0,-12.733475910380214,rad_pattern_17p3GHz.png
H,17.3,18.5,-12.688645757577316,rad_pattern_17p3GHz.png
H,17.3,19.0,-12.624287815180807,rad_pattern_17p3GHz.png
H,17.3,19.5,-12.548173657371926,rad_pattern_17p3GHz.png
H,17.3,20.0,-12.40777911169441,rad_pattern_17p3GHz.png
H,17.3,20.5,-12.28670744297344,rad_pattern_17p3GHz.png
H,17.3,21.0,-12.120402871929137,rad_pattern_17p3GHz.png
H,17.3,21.5,-11.960301022887858,rad_pattern_17p3GHz.png
H,17.3,22.0,-11.799479473871074,rad_pattern_17p3GHz.png
H,17.3,22.5,-11.637693494558,rad_pattern_17p3GHz.png
H,17.3,23.0,-11.495162008726616,rad_pattern_17p3GHz.png
H,17.3,23.5,-11.324040042461458,rad_pattern_17p3GHz.png
H,17.3,24.0,-11.163450376593001,rad_pattern_17p3GHz.png
H,17.3,24.5,-10.991817667618747,rad_pattern_17p3GHz.png
H,17.3,25.0,-10.826259546134139,rad_pattern_17p3GHz.png
H,17.3,25.5,-10.611031276911064,rad_pattern_17p3GHz.png
H,17.3,26.0,-10.406703825049672,rad_pattern_17p3GHz.png
H,17.3,26.5,-10.149636183983553,rad_pattern_17p3GHz.png
H,17.3,27.0,-9.916746536270814,rad_pattern_17p3GHz.png
H,17.3,27.5,-9.681027565482882,rad_pattern_17p3GHz.png
H,17.3,28.0,-9.472578319130765,rad_pattern_17p3GHz.png
H,17.3,28.5,-9.280914602297589,rad_pattern_17p3GHz.png
H,17.3,29.0,-9.073231580913397,rad_pattern_17p3GHz.png
H,17.3,29.5,-8.907252921465233,rad_pattern_17p3GHz.png
H,17.3,30.0,-8.753084956877327,rad_pattern_17p3GHz.png
H,17.3,30.5,-8.601656978263584,rad_pattern_17p3GHz.png
H,17.3,31.0,-8.493785525840622,rad_pattern_17p3GHz.png
H,17.3,31.5,-8.373879930357713,rad_pattern_17p3GHz.png
H,17.3,32.0,-8.203175473304832,rad_pattern_17p3GHz.png
H,17.3,32.5,-8.057865023834015,rad_pattern_17p3GHz.png
H,17.3,33.0,-7.900677254862341,rad_pattern_17p3GHz.png
H,17.3,33.5,-7.748758728273984,rad_pattern_17p3GHz.png
H,17.3,34.0,-7.564083772767976,rad_pattern_17p3GHz.png
H,17.3,34.5,-7.393970763803665,rad_pattern_17p3GHz.png
H,17.3,35.0,-7.212551424108874,rad_pattern_17p3GHz.png
H,17.3,35.5,-7.031711732619133,rad_pattern_17p3GHz.png
H,17.3,36.0,-6.849859859968586,rad_pattern_17p3GHz.png
H,17.3,36.5,-6.662114232993286,rad_pattern_17p3GHz.png
H,17.3,37.0,-6.500864557670756,rad_pattern_17p3GHz.png
H,17.3,37.5,-6.33158960658459,rad_pattern_17p3GHz.png
H,17.3,38.0,-6.185033825442321,rad_pattern_17p3GHz.png
H,17.3,38.5,-6.011218365869457,rad_pattern_17p3GHz.png
H,17.3,39.0,-5.834581823488666,rad_pattern_17p3GHz.png
H,17.3,39.5,-5.655051942247248,rad_pattern_17p3GHz.png
H,17.3,40.0,-5.503207012900752,rad_pattern_17p3GHz.png
H,17.3,40.5,-5.350557340579211,rad_pattern_17p3GHz.png
H,17.3,41.0,-5.171223252683841,rad_pattern_17p3GHz.png
H,17.3,41.5,-4.98504214535464,rad_pattern_17p3GHz.png
H,17.3,42.0,-4.864861036992956,rad_pattern_17p3GHz.png
H,17.3,42.5,-4.713743407747238,rad_pattern_17p3GHz.png
H,17.3,43.0,-4.5601727202833295,rad_pattern_17p3GHz.png
H,17.3,43.5,-4.443976130360145,rad_pattern_17p3GHz.png
H,17.3,44.0,-4.305887859561327,rad_pattern_17p3GHz.png
H,17.3,44.5,-4.166583228628774,rad_pattern_17p3GHz.png
H,17.3,45.0,-4.044855769589962,rad_pattern_17p3GHz.png
H,17.3,45.5,-3.921620898403255,rad_pattern_17p3GHz.png
H,17.3,46.0,-3.7955005723255404,rad_pattern_17p3GHz.png
H,17.3,46.5,-3.6675251134475317,rad_pattern_17p3GHz.png
H,17.3,47.0,-3.5400915950306384,rad_pattern_17p3GHz.png
H,17.3,47.5,-3.4421081055332223,rad_pattern_17p3GHz.png
H,17.3,48.0,-3.309220514169038,rad_pattern_17p3GHz.png
H,17.3,48.5,-3.1774306777309036,rad_pattern_17p3GHz.png
H,17.3,49.0,-3.068262954874914,rad_pattern_17p3GHz.png
H,17.3,49.5,-2.955126948483727,rad_pattern_17p3GHz.png
H,17.3,50.0,-2.834701583279003,rad_pattern_17p3GHz.png
H,17.3,50.5,-2.7015928282181036,rad_pattern_17p3GHz.png
H,17.3,51.0,-2.5926385924033077,rad_pattern_17p3GHz.png
H,17.3,51.5,-2.49409465296268,rad_pattern_17p3GHz.png
H,17.3,52.0,-2.392171808609376,rad_pattern_17p3GHz.png
H,17.3,52.5,-2.2739881647370765,rad_pattern_17p3GHz.png
H,17.3,53.0,-2.1705657609714493,rad_pattern_17p3GHz.png
H,17.3,53.5,-2.0603632907390796,rad_pattern_17p3GHz.png
H,17.3,54.0,-1.9531423855408114,rad_pattern_17p3GHz.png
H,17.3,54.5,-1.8666437891932297,rad_pattern_17p3GHz.png
H,17.3,55.0,-1.7539592042845271,rad_pattern_17p3GHz.png
H,17.3,55.5,-1.6620641648403662,rad_pattern_17p3GHz.png
H,17.3,56.0,-1.5748506849481991,rad_pattern_17p3GHz.png
H,17.3,56.5,-1.487384553544846,rad_pattern_17p3GHz.png
H,17.3,57.0,-1.3968671055389166,rad_pattern_17p3GHz.png
H,17.3,57.5,-1.3136005756719449,rad_pattern_17p3GHz.png
H,17.3,58.0,-1.2415245761648102,rad_pattern_17p3GHz.png
H,17.3,58.5,-1.1358898304691465,rad_pattern_17p3GHz.png
H,17.3,59.0,-1.0722895540932456,rad_pattern_17p3GHz.png
H,17.3,59.5,-0.9964352868713533,rad_pattern_17p3GHz.png
H,17.3,60.0,-0.925689285148465,rad_pattern_17p3GHz.png
H,17.3,60.5,-0.8542715323700278,rad_pattern_17p3GHz.png
H,17.3,61.0,-0.8019792257186751,rad_pattern_17p3GHz.png
H,17.3,61.5,-0.7334226398957355,rad_pattern_17p3GHz.png
H,17.3,62.0,-0.6884462028188914,rad_pattern_17p3GHz.png
H,17.3,62.5,-0.6185361937284846,rad_pattern_17p3GHz.png
H,17.3,63.0,-0.5694015993499448,rad_pattern_17p3GHz.png
H,17.3,63.5,-0.518546135669613,rad_pattern_17p3GHz.png
H,17.3,64.0,-0.47820804238133974,rad_pattern_17p3GHz.png
H,17.3,64.5,-0.4335534226516664,rad_pattern_17p3GHz.png
H,17.3,65.0,-0.3796439783390433,rad_pattern_17p3GHz.png
H,17.3,65.5,-0.33142085037711766,rad_pattern_17p3GHz.png
H,17.3,66.0,-0.2918509506132665,rad_pattern_17p3GHz.png
H,17.3,66.5,-0.24425856536570478,rad_pattern_17p3GHz.png
H,17.3,67.0,-0.21733576871056925,rad_pattern_17p3GHz.png
H,17.3,67.5,-0.17698271355616413,rad_pattern_17p3GHz.png
H,17.3,68.0,-0.13526031442432185,rad_pattern_17p3GHz.png
H,17.3,68.5,-0.11898703265207544,rad_pattern_17p3GHz.png
H,17.3,69.0,-0.08291488337932051,rad_pattern_17p3GHz.png
H,17.3,69.5,-0.06980827781941201,rad_pattern_17p3GHz.png
H,17.3,70.0,-0.04920320689359059,rad_pattern_17p3GHz.png
H,17.3,70.5,-0.03927440923961001,rad_pattern_17p3GHz.png
H,17.3,71.0,-0.026976991120221783,rad_pattern_17p3GHz.png
H,17.3,71.5,-0.018855409030209103,rad_pattern_17p3GHz.png
H,17.3,72.0,-0.008308500566229782,rad_pattern_17p3GHz.png
H,17.3,72.5,-0.005856552022784456,rad_pattern_17p3GHz.png
H,17.3,73.0,0.0,rad_pattern_17p3GHz.png
H,17.3,73.5,0.0,rad_pattern_17p3GHz.png
H,17.3,74.0,-0.003704826547213713,rad_pattern_17p3GHz.png
H,17.3,74.5,-0.00912689217743079,rad_pattern_17p3GHz.png
H,17.3,75.0,-0.017682199826413836,rad_pattern_17p3GHz.png
H,17.3,75.5,-0.021553334425881587,rad_pattern_17p3GHz.png
H,17.3,76.0,-0.03316597880746386,rad_pattern_17p3GHz.png
H,17.3,76.5,-0.033656789834591194,rad_pattern_17p3GHz.png
H,17.3,77.0,-0.07010784526148228,rad_pattern_17p3GHz.png
H,17.3,77.5,-0.07081828563395831,rad_pattern_17p3GHz.png
H,17.3,78.0,-0.09116341563205665,rad_pattern_17p3GHz.png
H,17.3,78.5,-0.10463448038734313,rad_pattern_17p3GHz.png
H,17.3,79.0,-0.12678044838406777,rad_pattern_17p3GHz.png
H,17.3,79.5,-0.14346887860352808,rad_pattern_17p3GHz.png
H,17.3,80.0,-0.14834033657651702,rad_pattern_17p3GHz.png
H,17.3,80.5,-0.17336670521494213,rad_pattern_17p3GHz.png
H,17.3,81.0,-0.19295939988298372,rad_pattern_17p3GHz.png
H,17.3,81.5,-0.19572740501950747,rad_pattern_17p3GHz.png
H,17.3,82.0,-0.21799414186298094,rad_pattern_17p3GHz.png
H,17.3,82.5,-0.25120558567194706,rad_pattern_17p3GHz.png
H,17.3,83.0,-0.25950059340246057,rad_pattern_17p3GHz.png
H,17.3,83.5,-0.27521739480136276,rad_pattern_17p3GHz.png
H,17.3,84.0,-0.2754136561203069,rad_pattern_17p3GHz.png
H,17.3,84.5,-0.27752609634989156,rad_pattern_17p3GHz.png
H,17.3,85.0,-0.2900073106022134,rad_pattern_17p3GHz.png
H,17.3,85.5,-0.31856315218410103,rad_pattern_17p3GHz.png
H,17.3,86.0,-0.3399289073974323,rad_pattern_17p3GHz.png
H,17.3,86.5,-0.34543786820366407,rad_pattern_17p3GHz.png
H,17.3,87.0,-0.3483029713573629,rad_pattern_17p3GHz.png
H,17.3,87.5,-0.3483029713573629,rad_pattern_17p3GHz.png
H,17.3,88.0,-0.3483029713573629,rad_pattern_17p3GHz.png
H,17.3,88.5,-0.3504359340650325,rad_pattern_17p3GHz.png
H,17.3,89.0,-0.3504359340650325,rad_pattern_17p3GHz.png
H,17.3,89.5,-0.3539090593517855,rad_pattern_17p3GHz.png
H,17.3,90.0,-0.3539090593517855,rad_pattern_17p3GHz.png
H,17.3,90.5,-0.3539090593517855,rad_pattern_17p3GHz.png
H,17.3,91.0,-0.3504359340650325,rad_pattern_17p3GHz.png
H,17.3,91.5,-0.3504359340650325,rad_pattern_17p3GHz.png
H,17.3,92.0,-0.3483029713573629,rad_pattern_17p3GHz.png
H,17.3,92.5,-0.3483029713573629,rad_pattern_17p3GHz.png
H,17.3,93.0,-0.3483029713573629,rad_pattern_17p3GHz.png
H,17.3,93.5,-0.34543786820366407,rad_pattern_17p3GHz.png
H,17.3,94.0,-0.3399289073974323,rad_pattern_17p3GHz.png
H,17.3,94.5,-0.31856315218410103,rad_pattern_17p3GHz.png
H,17.3,95.0,-0.2900073106022134,rad_pattern_17p3GHz.png
H,17.3,95.5,-0.27752609634989156,rad_pattern_17p3GHz.png
H,17.3,96.0,-0.2754136561203069,rad_pattern_17p3GHz.png
H,17.3,96.5,-0.27521739480136276,rad_pattern_17p3GHz.png
H,17.3,97.0,-0.25950059340246057,rad_pattern_17p3GHz.png
H,17.3,97.5,-0.25120558567194706,rad_pattern_17p3GHz.png
H,17.3,98.0,-0.21799414186298094,rad_pattern_17p3GHz.png
H,17.3,98.5,-0.19572740501950747,rad_pattern_17p3GHz.png
H,17.3,99.0,-0.19295939988298372,rad_pattern_17p3GHz.png
H,17.3,99.5,-0.17336670521494213,rad_pattern_17p3GHz.png
H,17.3,100.0,-0.14834033657651702,rad_pattern_17p3GHz.png
H,17.3,100.5,-0.14346887860352808,rad_pattern_17p3GHz.png
H,17.3,101.0,-0.12678044838406777,rad_pattern_17p3GHz.png
H,17.3,101.5,-0.10463448038734313,rad_pattern_17p3GHz.png
H,17.3,102.0,-0.09116341563205665,rad_pattern_17p3GHz.png
H,17.3,102.5,-0.07081828563395831,rad_pattern_17p3GHz.png
H,17.3,103.0,-0.07010784526148228,rad_pattern_17p3GHz.png
H,17.3,103.5,-0.033656789834591194,rad_pattern_17p3GHz.png
H,17.3,104.0,-0.03316597880746386,rad_pattern_17p3GHz.png
H,17.3,104.5,-0.021553334425881587,rad_pattern_17p3GHz.png
H,17.3,105.0,-0.017682199826413836,rad_pattern_17p3GHz.png
H,17.3,105.5,-0.00912689217743079,rad_pattern_17p3GHz.png
H,17.3,106.0,-0.003704826547213713,rad_pattern_17p3GHz.png
H,17.3,106.5,0.0,rad_pattern_17p3GHz.png
H,17.3,107.0,0.0,rad_pattern_17p3GHz.png
H,17.3,107.5,-0.005856552022784456,rad_pattern_17p3GHz.png
H,17.3,108.0,-0.008308500566229782,rad_pattern_17p3GHz.png
H,17.3,108.5,-0.018855409030209103,rad_pattern_17p3GHz.png
H,17.3,109.0,-0.026976991120221783,rad_pattern_17p3GHz.png
H,17.3,109.5,-0.03927440923961001,rad_pattern_17p3GHz.png
H,17.3,110.0,-0.04920320689359059,rad_pattern_17p3GHz.png
H,17.3,110.5,-0.06980827781941201,rad_pattern_17p3GHz.png
H,17.3,111.0,-0.08291488337932051,rad_pattern_17p3GHz.png
H,17.3,111.5,-0.11898703265207544,rad_pattern_17p3GHz.png
H,17.3,112.0,-0.13526031442432185,rad_pattern_17p3GHz.png
H,17.3,112.5,-0.17698271355616413,rad_pattern_17p3GHz.png
H,17.3,113.0,-0.21733576871056925,rad_pattern_17p3GHz.png
H,17.3,113.5,-0.24425856536570478,rad_pattern_17p3GHz.png
H,17.3,114.0,-0.2918509506132665,rad_pattern_17p3GHz.png
H,17.3,114.5,-0.33142085037711766,rad_pattern_17p3GHz.png
H,17.3,115.0,-0.3796439783390433,rad_pattern_17p3GHz.png
H,17.3,115.5,-0.4335534226516664,rad_pattern_17p3GHz.png
H,17.3,116.0,-0.47820804238133974,rad_pattern_17p3GHz.png
H,17.3,116.5,-0.518546135669613,rad_pattern_17p3GHz.png
H,17.3,117.0,-0.5694015993499448,rad_pattern_17p3GHz.png
H,17.3,117.5,-0.6185361937284846,rad_pattern_17p3GHz.png
H,17.3,118.0,-0.6884462028188914,rad_pattern_17p3GHz.png
H,17.3,118.5,-0.7334226398957355,rad_pattern_17p3GHz.png
H,17.3,119.0,-0.8019792257186751,rad_pattern_17p3GHz.png
H,17.3,119.5,-0.8542715323700278,rad_pattern_17p3GHz.png
H,17.3,120.0,-0.925689285148465,rad_pattern_17p3GHz.png
H,17.3,120.5,-0.9964352868713533,rad_pattern_17p3GHz.png
H,17.3,121.0,-1.0722895540932456,rad_pattern_17p3GHz.png
H,17.3,121.5,-1.1358898304691465,rad_pattern_17p3GHz.png
H,17.3,122.0,-1.2415245761648102,rad_pattern_17p3GHz.png
H,17.3,122.5,-1.3136005756719449,rad_pattern_17p3GHz.png
H,17.3,123.0,-1.3968671055389166,rad_pattern_17p3GHz.png
H,17.3,123.5,-1.487384553544846,rad_pattern_17p3GHz.png
H,17.3,124.0,-1.5748506849481991,rad_pattern_17p3GHz.png
H,17.3,124.5,-1.6620641648403662,rad_pattern_17p3GHz.png
H,17.3,125.0,-1.7539592042845271,rad_pattern_17p3GHz.png
H,17.3,125.5,-1.8666437891932297,rad_pattern_17p3GHz.png
H,17.3,126.0,-1.9531423855408114,rad_pattern_17p3GHz.png
H,17.3,126.5,-2.0603632907390796,rad_pattern_17p3GHz.png
H,17.3,127.0,-2.1705657609714493,rad_pattern_17p3GHz.png
H,17.3,127.5,-2.2739881647370765,rad_pattern_17p3GHz.png
H,17.3,128.0,-2.387061206779812,rad_pattern_17p3GHz.png
H,17.3,128.5,-2.49409465296268,rad_pattern_17p3GHz.png
H,17.3,129.0,-2.5926385924033077,rad_pattern_17p3GHz.png
H,17.3,129.5,-2.7015928282181036,rad_pattern_17p3GHz.png
H,17.3,130.0,-2.834701583279003,rad_pattern_17p3GHz.png
H,17.3,130.5,-2.955126948483727,rad_pattern_17p3GHz.png
H,17.3,131.0,-3.068262954874914,rad_pattern_17p3GHz.png
H,17.3,131.5,-3.1774306777309036,rad_pattern_17p3GHz.png
H,17.3,132.0,-3.309220514169038,rad_pattern_17p3GHz.png
H,17.3,132.5,-3.4421081055332223,rad_pattern_17p3GHz.png
H,17.3,133.0,-3.5400915950306384,rad_pattern_17p3GHz.png
H,17.3,133.5,-3.6675251134475317,rad_pattern_17p3GHz.png
H,17.3,134.0,-3.7955005723255404,rad_pattern_17p3GHz.png
H,17.3,134.5,-3.921620898403255,rad_pattern_17p3GHz.png
H,17.3,135.0,-4.044855769589962,rad_pattern_17p3GHz.png
H,17.3,135.5,-4.166583228628774,rad_pattern_17p3GHz.png
H,17.3,136.0,-4.305887859561327,rad_pattern_17p3GHz.png
H,17.3,136.5,-4.443976130360145,rad_pattern_17p3GHz.png
H,17.3,137.0,-4.5601727202833295,rad_pattern_17p3GHz.png
H,17.3,137.5,-4.713743407747238,rad_pattern_17p3GHz.png
H,17.3,138.0,-4.864861036992956,rad_pattern_17p3GHz.png
H,17.3,138.5,-4.98504214535464,rad_pattern_17p3GHz.png
H,17.3,139.0,-5.171223252683841,rad_pattern_17p3GHz.png
H,17.3,139.5,-5.350557340579211,rad_pattern_17p3GHz.png
H,17.3,140.0,-5.49958965221413,rad_pattern_17p3GHz.png
H,17.3,140.5,-5.655051942247248,rad_pattern_17p3GHz.png
H,17.3,141.0,-5.834581823488666,rad_pattern_17p3GHz.png
H,17.3,141.5,-6.011218365869457,rad_pattern_17p3GHz.png
H,17.3,142.0,-6.185033825442321,rad_pattern_17p3GHz.png
H,17.3,142.5,-6.33158960658459,rad_pattern_17p3GHz.png
H,17.3,143.0,-6.500864557670756,rad_pattern_17p3GHz.png
H,17.3,143.5,-6.662114232993286,rad_pattern_17p3GHz.png
H,17.3,144.0,-6.849859859968586,rad_pattern_17p3GHz.png
H,17.3,144.5,-7.031711732619133,rad_pattern_17p3GHz.png
H,17.3,145.0,-7.212551424108874,rad_pattern_17p3GHz.png
H,17.3,145.5,-7.393970763803665,rad_pattern_17p3GHz.png
H,17.3,146.0,-7.564083772767976,rad_pattern_17p3GHz.png
H,17.3,146.5,-7.748758728273984,rad_pattern_17p3GHz.png
H,17.3,147.0,-7.900677254862341,rad_pattern_17p3GHz.png
H,17.3,147.5,-8.057865023834015,rad_pattern_17p3GHz.png
H,17.3,148.0,-8.203175473304832,rad_pattern_17p3GHz.png
H,17.3,148.5,-8.373879930357713,rad_pattern_17p3GHz.png
H,17.3,149.0,-8.493785525840622,rad_pattern_17p3GHz.png
H,17.3,149.5,-8.601656978263584,rad_pattern_17p3GHz.png
H,17.3,150.0,-8.753084956877327,rad_pattern_17p3GHz.png
H,17.3,150.5,-8.907252921465233,rad_pattern_17p3GHz.png
H,17.3,151.0,-9.073231580913397,rad_pattern_17p3GHz.png
H,17.3,151.5,-9.280914602297589,rad_pattern_17p3GHz.png
H,17.3,152.0,-9.472578319130765,rad_pattern_17p3GHz.png
H,17.3,152.5,-9.681027565482882,rad_pattern_17p3GHz.png
H,17.3,153.0,-9.916746536270814,rad_pattern_17p3GHz.png
H,17.3,153.5,-10.149636183983553,rad_pattern_17p3GHz.png
H,17.3,154.0,-10.406703825049672,rad_pattern_17p3GHz.png
H,17.3,154.5,-10.611031276911064,rad_pattern_17p3GHz.png
H,17.3,155.0,-10.826259546134139,rad_pattern_17p3GHz.png
H,17.3,155.5,-10.991817667618747,rad_pattern_17p3GHz.png
H,17.3,156.0,-11.163450376593001,rad_pattern_17p3GHz.png
H,17.3,156.5,-11.324040042461458,rad_pattern_17p3GHz.png
H,17.3,157.0,-11.495162008726616,rad_pattern_17p3GHz.png
H,17.3,157.5,-11.637693494558,rad_pattern_17p3GHz.png
H,17.3,158.0,-11.799479473871074,rad_pattern_17p3GHz.png
H,17.3,158.5,-11.960301022887858,rad_pattern_17p3GHz.png
H,17.3,159.0,-12.120402871929137,rad_pattern_17p3GHz.png
H,17.3,159.5,-12.28670744297344,rad_pattern_17p3GHz.png
H,17.3,160.0,-12.40777911169441,rad_pattern_17p3GHz.png
H,17.3,160.5,-12.548173657371926,rad_pattern_17p3GHz.png
H,17.3,161.0,-12.624287815180807,rad_pattern_17p3GHz.png
H,17.3,161.5,-12.688645757577316,rad_pattern_17p3GHz.png
H,17.3,162.0,-12.733475910380214,rad_pattern_17p3GHz.png
H,17.3,162.5,-12.740837576156558,rad_pattern_17p3GHz.png
H,17.3,163.0,-12.756076026092114,rad_pattern_17p3GHz.png
H,17.3,163.5,-12.769930118631411,rad_pattern_17p3GHz.png
H,17.3,164.0,-12.830312463771012,rad_pattern_17p3GHz.png
H,17.3,164.5,-12.908669489769952,rad_pattern_17p3GHz.png
H,17.3,165.0,-13.02246001270807,rad_pattern_17p3GHz.png
H,17.3,165.5,-13.14331730728301,rad_pattern_17p3GHz.png
H,17.3,166.0,-13.256333222399594,rad_pattern_17p3GHz.png
H,17.3,166.5,-13.396176600082072,rad_pattern_17p3GHz.png
H,17.3,167.0,-13.51207267329934,rad_pattern_17p3GHz.png
H,17.3,167.5,-13.64395889125684,rad_pattern_17p3GHz.png
H,17.3,168.0,-13.73154730582749,rad_pattern_17p3GHz.png
H,17.3,168.5,-13.784636544394818,rad_pattern_17p3GHz.png
H,17.3,169.0,-13.863763212667465,rad_pattern_17p3GHz.png
H,17.3,169.5,-13.942265409650325,rad_pattern_17p3GHz.png
H,17.3,170.0,-14.025300918700342,rad_pattern_17p3GHz.png
H,17.3,170.5,-14.178746149369665,rad_pattern_17p3GHz.png
H,17.3,171.0,-16.533582636043572,rad_pattern_17p3GHz.png
H,17.3,171.5,-16.533582636043572,rad_pattern_17p3GHz.png
H,17.3,172.0,-16.022894086220074,rad_pattern_17p3GHz.png
H,17.3,172.5,-15.54770853930056,rad_pattern_17p3GHz.png
H,17.3,173.0,-15.149957045454496,rad_pattern_17p3GHz.png
H,17.3,173.5,-15.131886969950054,rad_pattern_17p3GHz.png
H,17.3,174.0,-15.131886969950054,rad_pattern_17p3GHz.png
H,17.3,174.5,-15.22960753718942,rad_pattern_17p3GHz.png
H,17.3,175.0,-15.381618466939493,rad_pattern_17p3GHz.png
H,17.3,175.5,-15.458506311368845,rad_pattern_17p3GHz.png
H,17.3,176.0,-15.639884386883299,rad_pattern_17p3GHz.png
H,17.3,176.5,-15.766323708932415,rad_pattern_17p3GHz.png
H,17.3,177.0,-16.06272484267187,rad_pattern_17p3GHz.png
H,17.3,177.5,-16.24249080933448,rad_pattern_17p3GHz.png
H,17.3,178.0,-16.476793683735995,rad_pattern_17p3GHz.png
H,17.3,178.5,-16.885662516571617,rad_pattern_17p3GHz.png
H,17.3,179.0,-17.09028078343184,rad_pattern_17p3GHz.png
H,17.3,179.5,-17.294597653323184,rad_pattern_17p3GHz.png
H,17.3,180.0,-17.525851103761884,rad_pattern_17p3GHz.png
H,17.3,180.5,-17.756393149509275,rad_pattern_17p3GHz.png
H,17.3,181.0,-17.871230429516743,rad_pattern_17p3GHz.png
H,17.3,181.5,-18.100064336727236,rad_pattern_17p3GHz.png
H,17.3,182.0,-18.298833984574777,rad_pattern_17p3GHz.png
H,17.3,182.5,-18.496393139626203,rad_pattern_17p3GHz.png
H,17.3,183.0,-18.60449447405378,rad_pattern_17p3GHz.png
H,17.3,183.5,-18.747032372428738,rad_pattern_17p3GHz.png
H,17.3,184.0,-18.94131564055206,rad_pattern_17p3GHz.png
H,17.3,184.5,-19.050103717975436,rad_pattern_17p3GHz.png
H,17.3,185.0,-19.158033673846408,rad_pattern_17p3GHz.png
H,17.3,185.5,-19.239149046075703,rad_pattern_17p3GHz.png
H,17.3,186.0,-19.311003357498784,rad_pattern_17p3GHz.png
H,17.3,186.5,-19.33008632202432,rad_pattern_17p3GHz.png
H,17.3,187.0,-19.352021828927025,rad_pattern_17p3GHz.png
H,17.3,187.5,-19.352021828927025,rad_pattern_17p3GHz.png
H,17.3,188.0,-19.366222195091215,rad_pattern_17p3GHz.png
H,17.3,188.5,-19.370924041498338,rad_pattern_17p3GHz.png
H,17.3,189.0,-19.382038898609167,rad_pattern_17p3GHz.png
H,17.3,189.5,-19.396742958370154,rad_pattern_17p3GHz.png
H,17.3,190.0,-19.439115664172466,rad_pattern_17p3GHz.png
H,17.3,190.5,-19.447021815906144,rad_pattern_17p3GHz.png
H,17.3,191.0,-19.447021815906144,rad_pattern_17p3GHz.png
H,17.3,191.5,-19.391411422239496,rad_pattern_17p3GHz.png
H,17.3,192.0,-19.39061909541775,rad_pattern_17p3GHz.png
H,17.3,192.5,-19.366068346077483,rad_pattern_17p3GHz.png
H,17.3,193.0,-19.34039153385972,rad_pattern_17p3GHz.png
H,17.3,193.5,-19.327851318591954,rad_pattern_17p3GHz.png
H,17.3,194.0,-19.327851318591954,rad_pattern_17p3GHz.png
H,17.3,194.5,-19.397725067916106,rad_pattern_17p3GHz.png
H,17.3,195.0,-19.50046863885681,rad_pattern_17p3GHz.png
H,17.3,195.5,-19.576320244331335,rad_pattern_17p3GHz.png
H,17.3,196.0,-19.727425586262147,rad_pattern_17p3GHz.png
H,17.3,196.5,-19.858131984878742,rad_pattern_17p3GHz.png
H,17.3,197.0,-20.079719376851084,rad_pattern_17p3GHz.png
H,17.3,197.5,-20.311233143860434,rad_pattern_17p3GHz.png
H,17.3,198.0,-20.66894434770155,rad_pattern_17p3GHz.png
H,17.3,198.5,-20.860992195247437,rad_pattern_17p3GHz.png
H,17.3,199.0,-21.225984833302533,rad_pattern_17p3GHz.png
H,17.3,199.5,-21.582133410015825,rad_pattern_17p3GHz.png
H,17.3,200.0,-21.85444263226278,rad_pattern_17p3GHz.png
H,17.3,200.5,-22.18989130601824,rad_pattern_17p3GHz.png
H,17.3,201.0,-22.379040225130613,rad_pattern_17p3GHz.png
H,17.3,201.5,-22.605155743180884,rad_pattern_17p3GHz.png
H,17.3,202.0,-22.798109279872886,rad_pattern_17p3GHz.png
H,17.3,202.5,-22.798109279872886,rad_pattern_17p3GHz.png
H,17.3,203.0,-22.62023609073228,rad_pattern_17p3GHz.png
H,17.3,203.5,-22.39262665150132,rad_pattern_17p3GHz.png
H,17.3,204.0,-22.164035546879244,rad_pattern_17p3GHz.png
H,17.3,204.5,-21.934539765545704,rad_pattern_17p3GHz.png
H,17.3,205.0,-21.587195372805922,rad_pattern_17p3GHz.png
H,17.3,205.5,-21.304102739286318,rad_pattern_17p3GHz.png
H,17.3,206.0,-21.098667382133716,rad_pattern_17p3GHz.png
H,17.3,206.5,-21.008801845146078,rad_pattern_17p3GHz.png
H,17.3,207.0,-20.968710159930392,rad_pattern_17p3GHz.png
H,17.3,207.5,-20.968710159930392,rad_pattern_17p3GHz.png
H,17.3,208.0,-21.032161909323083,rad_pattern_17p3GHz.png
H,17.3,208.5,-21.157541326936137,rad_pattern_17p3GHz.png
H,17.3,209.0,-21.20822843970133,rad_pattern_17p3GHz.png
H,17.3,209.5,-21.345556268359505,rad_pattern_17p3GHz.png
H,17.3,210.0,-21.56066333465643,rad_pattern_17p3GHz.png
H,17.3,210.5,-21.81441760627638,rad_pattern_17p3GHz.png
H,17.3,211.0,-22.00295653371619,rad_pattern_17p3GHz.png
H,17.3,211.5,-22.31005547927451,rad_pattern_17p3GHz.png
H,17.3,212.0,-22.650571970392118,rad_pattern_17p3GHz.png
H,17.3,212.5,-22.907831764054055,rad_pattern_17p3GHz.png
H,17.3,213.0,-23.36636601420785,rad_pattern_17p3GHz.png
H,17.3,213.5,-23.711485251288806,rad_pattern_17p3GHz.png
H,17.3,214.0,-24.16046101687818,rad_pattern_17p3GHz.png
H,17.3,214.5,-24.440610413321025,rad_pattern_17p3GHz.png
H,17.3,215.0,-24.78426944012404,rad_pattern_17p3GHz.png
H,17.3,215.5,-25.063467531970954,rad_pattern_17p3GHz.png
H,17.3,216.0,-25.359056254592264,rad_pattern_17p3GHz.png
H,17.3,216.5,-25.613982690107633,rad_pattern_17p3GHz.png
H,17.3,217.0,-25.82803874094519,rad_pattern_17p3GHz.png
H,17.3,217.5,-25.82803874094519,rad_pattern_17p3GHz.png
H,17.3,218.0,-25.798159175287136,rad_pattern_17p3GHz.png
H,17.3,218.5,-25.599813476053345,rad_pattern_17p3GHz.png
H,17.3,219.0,-25.47787899053565,rad_pattern_17p3GHz.png
H,17.3,219.5,-25.241597744401485,rad_pattern_17p3GHz.png
H,17.3,220.0,-25.237911615732298,rad_pattern_17p3GHz.png
H,17.3,220.5,-25.204226356294615,rad_pattern_17p3GHz.png
H,17.3,221.0,-25.125722918230718,rad_pattern_17p3GHz.png
H,17.3,221.5,-24.698705493309667,rad_pattern_17p3GHz.png
H,17.3,222.0,-24.602059887918323,rad_pattern_17p3GHz.png
H,17.3,222.5,-24.602059887918323,rad_pattern_17p3GHz.png
H,17.3,223.0,-24.70780144950308,rad_pattern_17p3GHz.png
H,17.3,223.5,-24.788249831922762,rad_pattern_17p3GHz.png
H,17.3,224.0,-25.01575637978623,rad_pattern_17p3GHz.png
H,17.3,224.5,-25.01575637978623,rad_pattern_17p3GHz.png
H,17.3,225.0,-25.016346648102818,rad_pattern_17p3GHz.png
H,17.3,225.5,-24.99620163315448,rad_pattern_17p3GHz.png
H,17.3,226.0,-24.217403287689343,rad_pattern_17p3GHz.png
H,17.3,226.5,-24.19748694546267,rad_pattern_17p3GHz.png
H,17.3,227.0,-24.02847236270654,rad_pattern_17p3GHz.png
H,17.3,227.5,-23.96970436600973,rad_pattern_17p3GHz.png
H,17.3,228.0,-23.740672542390055,rad_pattern_17p3GHz.png
H,17.3,228.5,-23.48592091858163,rad_pattern_17p3GHz.png
H,17.3,229.0,-23.48592091858163,rad_pattern_17p3GHz.png
H,17.3,229.5,-23.73056291257741,rad_pattern_17p3GHz.png
H,17.3,230.0,-24.01265892029051,rad_pattern_17p3GHz.png
H,17.3,230.5,-24.3755345224488,rad_pattern_17p3GHz.png
H,17.3,231.0,-24.81879596281927,rad_pattern_17p3GHz.png
H,17.3,231.5,-25.0625787166202,rad_pattern_17p3GHz.png
H,17.3,232.0,-25.38740658579084,rad_pattern_17p3GHz.png
H,17.3,232.5,-25.75248444649316,rad_pattern_17p3GHz.png
H,17.3,233.0,-25.989920548839805,rad_pattern_17p3GHz.png
H,17.3,233.5,-25.989920548839805,rad_pattern_17p3GHz.png
H,17.3,234.0,-25.815998138453065,rad_pattern_17p3GHz.png
H,17.3,234.5,-24.542578316808225,rad_pattern_17p3GHz.png
H,17.3,235.0,-23.66179119908605,rad_pattern_17p3GHz.png
H,17.3,235.5,-22.965251009178147,rad_pattern_17p3GHz.png
H,17.3,236.0,-22.40473702841386,rad_pattern_17p3GHz.png
H,17.3,236.5,-22.196286101621943,rad_pattern_17p3GHz.png
H,17.3,237.0,-21.217762505405457,rad_pattern_17p3GHz.png
H,17.3,237.5,-19.62874567342769,rad_pattern_17p3GHz.png
H,17.3,238.0,-18.97670595054122,rad_pattern_17p3GHz.png
H,17.3,238.5,-18.736011425105513,rad_pattern_17p3GHz.png
H,17.3,239.0,-18.736011425105513,rad_pattern_17p3GHz.png
H,17.3,239.5,-18.95349573136144,rad_pattern_17p3GHz.png
H,17.3,240.0,-19.240653392962862,rad_pattern_17p3GHz.png
H,17.3,240.5,-19.585111498366334,rad_pattern_17p3GHz.png
H,17.3,241.0,-20.029067875213105,rad_pattern_17p3GHz.png
H,17.3,241.5,-20.421560586552932,rad_pattern_17p3GHz.png
H,17.3,242.0,-20.836641752668957,rad_pattern_17p3GHz.png
H,17.3,242.5,-21.29190032651862,rad_pattern_17p3GHz.png
H,17.3,243.0,-21.65481957714577,rad_pattern_17p3GHz.png
H,17.3,243.5,-21.900775677428552,rad_pattern_17p3GHz.png
H,17.3,244.0,-22.06821193903023,rad_pattern_17p3GHz.png
H,17.3,244.5,-22.33934952032934,rad_pattern_17p3GHz.png
H,17.3,245.0,-22.489602969764295,rad_pattern_17p3GHz.png
H,17.3,245.5,-22.489602969764295,rad_pattern_17p3GHz.png
H,17.3,246.0,-22.436915587669137,rad_pattern_17p3GHz.png
H,17.3,246.5,-22.301558872569185,rad_pattern_17p3GHz.png
H,17.3,247.0,-22.217788924825513,rad_pattern_17p3GHz.png
H,17.3,247.5,-22.008765703974845,rad_pattern_17p3GHz.png
H,17.3,248.0,-21.75707139612297,rad_pattern_17p3GHz.png
H,17.3,248.5,-21.606785492202416,rad_pattern_17p3GHz.png
H,17.3,249.0,-21.455517759577592,rad_pattern_17p3GHz.png
H,17.3,249.5,-21.202004562574306,rad_pattern_17p3GHz.png
H,17.3,250.0,-21.031988663851234,rad_pattern_17p3GHz.png
H,17.3,250.5,-20.868617094705986,rad_pattern_17p3GHz.png
H,17.3,251.0,-20.84242126685334,rad_pattern_17p3GHz.png
H,17.3,251.5,-20.742173950054568,rad_pattern_17p3GHz.png
H,17.3,252.0,-20.742173950054568,rad_pattern_17p3GHz.png
H,17.3,252.5,-20.768231872235564,rad_pattern_17p3GHz.png
H,17.3,253.0,-20.793877523612085,rad_pattern_17p3GHz.png
H,17.3,253.5,-20.807478445157134,rad_pattern_17p3GHz.png
H,17.3,254.0,-20.807478445157134,rad_pattern_17p3GHz.png
H,17.3,254.5,-20.767771946898367,rad_pattern_17p3GHz.png
H,17.3,255.0,-20.679304084524503,rad_pattern_17p3GHz.png
H,17.3,255.5,-20.477599923341504,rad_pattern_17p3GHz.png
H,17.3,256.0,-20.32329349662697,rad_pattern_17p3GHz.png
H,17.3,256.5,-20.063591053420623,rad_pattern_17p3GHz.png
H,17.3,257.0,-19.73263383459393,rad_pattern_17p3GHz.png
H,17.3,257.5,-19.30968029107478,rad_pattern_17p3GHz.png
H,17.3,258.0,-19.095896034895713,rad_pattern_17p3GHz.png
H,17.3,258.5,-18.677054716417295,rad_pattern_17p3GHz.png
H,17.3,259.0,-18.2800734577626,rad_pattern_17p3GHz.png
H,17.3,259.5,-17.926874291893093,rad_pattern_17p3GHz.png
H,17.3,260.0,-17.590431183575927,rad_pattern_17p3GHz.png
H,17.3,260.5,-17.262918952316756,rad_pattern_17p3GHz.png
H,17.3,261.0,-17.0106252173922,rad_pattern_17p3GHz.png
H,17.3,261.5,-16.762383655533405,rad_pattern_17p3GHz.png
H,17.3,262.0,-16.48897839516223,rad_pattern_17p3GHz.png
H,17.3,262.5,-16.282950047013525,rad_pattern_17p3GHz.png
H,17.3,263.0,-16.117999666206682,rad_pattern_17p3GHz.png
H,17.3,263.5,-15.959210947306072,rad_pattern_17p3GHz.png
H,17.3,264.0,-15.799196462205156,rad_pattern_17p3GHz.png
H,17.3,264.5,-15.69276331669143,rad_pattern_17p3GHz.png
H,17.3,265.0,-15.58829864939346,rad_pattern_17p3GHz.png
H,17.3,265.5,-15.482792434784932,rad_pattern_17p3GHz.png
H,17.3,266.0,-15.376266216357939,rad_pattern_17p3GHz.png
H,17.3,266.5,-15.270584819746686,rad_pattern_17p3GHz.png
H,17.3,267.0,-15.221096186461553,rad_pattern_17p3GHz.png
H,17.3,267.5,-15.170256592686,rad_pattern_17p3GHz.png
H,17.3,268.0,-15.11797213000588,rad_pattern_17p3GHz.png
H,17.3,268.5,-15.066719057966722,rad_pattern_17p3GHz.png
H,17.3,269.0,-15.063614994491383,rad_pattern_17p3GHz.png
H,17.3,269.5,-15.039953257080835,rad_pattern_17p3GHz.png
H,17.3,270.0,-15.039204240995522,rad_pattern_17p3GHz.png
H,17.3,270.5,-15.039953257080835,rad_pattern_17p3GHz.png
H,17.3,271.0,-15.063614994491383,rad_pattern_17p3GHz.png
H,17.3,271.5,-15.066719057966722,rad_pattern_17p3GHz.png
H,17.3,272.0,-15.11797213000588,rad_pattern_17p3GHz.png
H,17.3,272.5,-15.170256592686,rad_pattern_17p3GHz.png
H,17.3,273.0,-15.221096186461553,rad_pattern_17p3GHz.png
H,17.3,273.5,-15.270584819746686,rad_pattern_17p3GHz.png
H,17.3,274.0,-15.376266216357939,rad_pattern_17p3GHz.png
H,17.3,274.5,-15.482792434784932,rad_pattern_17p3GHz.png
H,17.3,275.0,-15.58829864939346,rad_pattern_17p3GHz.png
H,17.3,275.5,-15.69276331669143,rad_pattern_17p3GHz.png
H,17.3,276.0,-15.799196462205156,rad_pattern_17p3GHz.png
H,17.3,276.5,-15.959210947306072,rad_pattern_17p3GHz.png
H,17.3,277.0,-16.117999666206682,rad_pattern_17p3GHz.png
H,17.3,277.5,-16.282950047013525,rad_pattern_17p3GHz.png
H,17.3,278.0,-16.48897839516223,rad_pattern_17p3GHz.png
H,17.3,278.5,-16.762383655533405,rad_pattern_17p3GHz.png
H,17.3,279.0,-17.0106252173922,rad_pattern_17p3GHz.png
H,17.3,279.5,-17.262918952316756,rad_pattern_17p3GHz.png
H,17.3,280.0,-17.590431183575927,rad_pattern_17p3GHz.png
H,17.3,280.5,-17.926874291893093,rad_pattern_17p3GHz.png
H,17.3,281.0,-18.2800734577626,rad_pattern_17p3GHz.png
H,17.3,281.5,-18.677054716417295,rad_pattern_17p3GHz.png
H,17.3,282.0,-19.095896034895713,rad_pattern_17p3GHz.png
H,17.3,282.5,-19.30968029107478,rad_pattern_17p3GHz.png
H,17.3,283.0,-19.73263383459393,rad_pattern_17p3GHz.png
H,17.3,283.5,-20.063591053420623,rad_pattern_17p3GHz.png
H,17.3,284.0,-20.32329349662697,rad_pattern_17p3GHz.png
H,17.3,284.5,-20.477599923341504,rad_pattern_17p3GHz.png
H,17.3,285.0,-20.679304084524503,rad_pattern_17p3GHz.png
H,17.3,285.5,-20.767771946898367,rad_pattern_17p3GHz.png
H,17.3,286.0,-20.807478445157134,rad_pattern_17p3GHz.png
H,17.3,286.5,-20.807478445157134,rad_pattern_17p3GHz.png
H,17.3,287.0,-20.793877523612085,rad_pattern_17p3GHz.png
H,17.3,287.5,-20.768231872235564,rad_pattern_17p3GHz.png
H,17.3,288.0,-20.742173950054568,rad_pattern_17p3GHz.png
H,17.3,288.5,-20.742173950054568,rad_pattern_17p3GHz.png
H,17.3,289.0,-20.84242126685334,rad_pattern_17p3GHz.png
H,17.3,289.5,-20.868617094705986,rad_pattern_17p3GHz.png
H,17.3,290.0,-21.031988663851234,rad_pattern_17p3GHz.png
H,17.3,290.5,-21.202004562574306,rad_pattern_17p3GHz.png
H,17.3,291.0,-21.455517759577592,rad_pattern_17p3GHz.png
H,17.3,291.5,-21.606785492202416,rad_pattern_17p3GHz.png
H,17.3,292.0,-21.75707139612297,rad_pattern_17p3GHz.png
H,17.3,292.5,-22.008765703974845,rad_pattern_17p3GHz.png
H,17.3,293.0,-22.217788924825513,rad_pattern_17p3GHz.png
H,17.3,293.5,-22.301558872569185,rad_pattern_17p3GHz.png
H,17.3,294.0,-22.436915587669137,rad_pattern_17p3GHz.png
H,17.3,294.5,-22.489602969764295,rad_pattern_17p3GHz.png
H,17.3,295.0,-22.489602969764295,rad_pattern_17p3GHz.png
H,17.3,295.5,-22.33934952032934,rad_pattern_17p3GHz.png
H,17.3,296.0,-22.06821193903023,rad_pattern_17p3GHz.png
H,17.3,296.5,-21.900775677428552,rad_pattern_17p3GHz.png
H,17.3,297.0,-21.65481957714577,rad_pattern_17p3GHz.png
H,17.3,297.5,-21.29190032651862,rad_pattern_17p3GHz.png
H,17.3,298.0,-20.836641752668957,rad_pattern_17p3GHz.png
H,17.3,298.5,-20.421560586552932,rad_pattern_17p3GHz.png
H,17.3,299.0,-20.029067875213105,rad_pattern_17p3GHz.png
H,17.3,299.5,-19.585111498366334,rad_pattern_17p3GHz.png
H,17.3,300.0,-19.240653392962862,rad_pattern_17p3GHz.png
H,17.3,300.5,-18.95349573136144,rad_pattern_17p3GHz.png
H,17.3,301.0,-18.736011425105513,rad_pattern_17p3GHz.png
H,17.3,301.5,-18.736011425105513,rad_pattern_17p3GHz.png
H,17.3,302.0,-18.97670595054122,rad_pattern_17p3GHz.png
H,17.3,302.5,-19.613167601973817,rad_pattern_17p3GHz.png
H,17.3,303.0,-21.217762505405457,rad_pattern_17p3GHz.png
H,17.3,303.5,-22.196286101621943,rad_pattern_17p3GHz.png
H,17.3,304.0,-22.40473702841386,rad_pattern_17p3GHz.png
H,17.3,304.5,-22.965251009178147,rad_pattern_17p3GHz.png
H,17.3,305.0,-23.685489405914865,rad_pattern_17p3GHz.png
H,17.3,305.5,-24.542578316808225,rad_pattern_17p3GHz.png
H,17.3,306.0,-25.815998138453065,rad_pattern_17p3GHz.png
H,17.3,306.5,-25.989920548839805,rad_pattern_17p3GHz.png
H,17.3,307.0,-25.989920548839805,rad_pattern_17p3GHz.png
H,17.3,307.5,-25.75248444649316,rad_pattern_17p3GHz.png
H,17.3,308.0,-25.38740658579084,rad_pattern_17p3GHz.png
H,17.3,308.5,-25.0625787166202,rad_pattern_17p3GHz.png
H,17.3,309.0,-24.81879596281927,rad_pattern_17p3GHz.png
H,17.3,309.5,-24.3755345224488,rad_pattern_17p3GHz.png
H,17.3,310.0,-24.01265892029051,rad_pattern_17p3GHz.png
H,17.3,310.5,-23.73056291257741,rad_pattern_17p3GHz.png
H,17.3,311.0,-23.48592091858163,rad_pattern_17p3GHz.png
H,17.3,311.5,-23.48592091858163,rad_pattern_17p3GHz.png
H,17.3,312.0,-23.740672542390055,rad_pattern_17p3GHz.png
H,17.3,312.5,-23.96970436600973,rad_pattern_17p3GHz.png
H,17.3,313.0,-24.02847236270654,rad_pattern_17p3GHz.png
H,17.3,313.5,-24.19748694546267,rad_pattern_17p3GHz.png
H,17.3,314.0,-24.217403287689343,rad_pattern_17p3GHz.png
H,17.3,314.5,-24.99620163315448,rad_pattern_17p3GHz.png
H,17.3,315.0,-25.016346648102818,rad_pattern_17p3GHz.png
H,17.3,315.5,-25.01575637978623,rad_pattern_17p3GHz.png
H,17.3,316.0,-25.01575637978623,rad_pattern_17p3GHz.png
H,17.3,316.5,-24.788249831922762,rad_pattern_17p3GHz.png
H,17.3,317.0,-24.70780144950308,rad_pattern_17p3GHz.png
H,17.3,317.5,-24.602059887918323,rad_pattern_17p3GHz.png
H,17.3,318.0,-24.602059887918323,rad_pattern_17p3GHz.png
H,17.3,318.5,-24.698705493309667,rad_pattern_17p3GHz.png
H,17.3,319.0,-25.125722918230718,rad_pattern_17p3GHz.png
H,17.3,319.5,-25.204226356294615,rad_pattern_17p3GHz.png
H,17.3,320.0,-25.237911615732298,rad_pattern_17p3GHz.png
H,17.3,320.5,-25.241597744401485,rad_pattern_17p3GHz.png
H,17.3,321.0,-25.47787899053565,rad_pattern_17p3GHz.png
H,17.3,321.5,-25.599813476053345,rad_pattern_17p3GHz.png
H,17.3,322.0,-25.798159175287136,rad_pattern_17p3GHz.png
H,17.3,322.5,-25.82803874094519,rad_pattern_17p3GHz.png
H,17.3,323.0,-25.82803874094519,rad_pattern_17p3GHz.png
H,17.3,323.5,-25.613982690107633,rad_pattern_17p3GHz.png
H,17.3,324.0,-25.359056254592264,rad_pattern_17p3GHz.png
H,17.3,324.5,-25.063467531970954,rad_pattern_17p3GHz.png
H,17.3,325.0,-24.78426944012404,rad_pattern_17p3GHz.png
H,17.3,325.5,-24.440610413321025,rad_pattern_17p3GHz.png
H,17.3,326.0,-24.16046101687818,rad_pattern_17p3GHz.png
H,17.3,326.5,-23.695533781328677,rad_pattern_17p3GHz.png
H,17.3,327.0,-23.36636601420785,rad_pattern_17p3GHz.png
H,17.3,327.5,-22.907831764054055,rad_pattern_17p3GHz.png
H,17.3,328.0,-22.650571970392118,rad_pattern_17p3GHz.png
H,17.3,328.5,-22.31005547927451,rad_pattern_17p3GHz.png
H,17.3,329.0,-22.00295653371619,rad_pattern_17p3GHz.png
H,17.3,329.5,-21.81441760627638,rad_pattern_17p3GHz.png
H,17.3,330.0,-21.56066333465643,rad_pattern_17p3GHz.png
H,17.3,330.5,-21.345556268359505,rad_pattern_17p3GHz.png
H,17.3,331.0,-21.20822843970133,rad_pattern_17p3GHz.png
H,17.3,331.5,-21.157541326936137,rad_pattern_17p3GHz.png
H,17.3,332.0,-21.032161909323083,rad_pattern_17p3GHz.png
H,17.3,332.5,-20.968710159930392,rad_pattern_17p3GHz.png
H,17.3,333.0,-20.968710159930392,rad_pattern_17p3GHz.png
H,17.3,333.5,-21.008801845146078,rad_pattern_17p3GHz.png
H,17.3,334.0,-21.098667382133716,rad_pattern_17p3GHz.png
H,17.3,334.5,-21.304102739286318,rad_pattern_17p3GHz.png
H,17.3,335.0,-21.587195372805922,rad_pattern_17p3GHz.png
H,17.3,335.5,-21.934539765545704,rad_pattern_17p3GHz.png
H,17.3,336.0,-22.164035546879244,rad_pattern_17p3GHz.png
H,17.3,336.5,-22.39262665150132,rad_pattern_17p3GHz.png
H,17.3,337.0,-22.62023609073228,rad_pattern_17p3GHz.png
H,17.3,337.5,-22.81998309172466,rad_pattern_17p3GHz.png
H,17.3,338.0,-22.81998309172466,rad_pattern_17p3GHz.png
H,17.3,338.5,-22.605155743180884,rad_pattern_17p3GHz.png
H,17.3,339.0,-22.379040225130613,rad_pattern_17p3GHz.png
H,17.3,339.5,-22.18989130601824,rad_pattern_17p3GHz.png
H,17.3,340.0,-21.85444263226278,rad_pattern_17p3GHz.png
H,17.3,340.5,-21.582133410015825,rad_pattern_17p3GHz.png
H,17.3,341.0,-21.225984833302533,rad_pattern_17p3GHz.png
H,17.3,341.5,-20.860992195247437,rad_pattern_17p3GHz.png
H,17.3,342.0,-20.66894434770155,rad_pattern_17p3GHz.png
H,17.3,342.5,-20.311233143860434,rad_pattern_17p3GHz.png
H,17.3,343.0,-20.079719376851084,rad_pattern_17p3GHz.png
H,17.3,343.5,-19.858131984878742,rad_pattern_17p3GHz.png
H,17.3,344.0,-19.727425586262147,rad_pattern_17p3GHz.png
H,17.3,344.5,-19.576320244331335,rad_pattern_17p3GHz.png
H,17.3,345.0,-19.50046863885681,rad_pattern_17p3GHz.png
H,17.3,345.5,-19.397725067916106,rad_pattern_17p3GHz.png
H,17.3,346.0,-19.327851318591954,rad_pattern_17p3GHz.png
H,17.3,346.5,-19.327851318591954,rad_pattern_17p3GHz.png
H,17.3,347.0,-19.34039153385972,rad_pattern_17p3GHz.png
H,17.3,347.5,-19.366068346077483,rad_pattern_17p3GHz.png
H,17.3,348.0,-19.39061909541775,rad_pattern_17p3GHz.png
H,17.3,348.5,-19.391411422239496,rad_pattern_17p3GHz.png
H,17.3,349.0,-19.447021815906144,rad_pattern_17p3GHz.png
H,17.3,349.5,-19.447021815906144,rad_pattern_17p3GHz.png
H,17.3,350.0,-19.439115664172466,rad_pattern_17p3GHz.png
H,17.3,350.5,-19.396742958370154,rad_pattern_17p3GHz.png
H,17.3,351.0,-19.382038898609167,rad_pattern_17p3GHz.png
H,17.3,351.5,-19.370924041498338,rad_pattern_17p3GHz.png
H,17.3,352.0,-19.366222195091215,rad_pattern_17p3GHz.png
H,17.3,352.5,-19.352021828927025,rad_pattern_17p3GHz.png
H,17.3,353.0,-19.352021828927025,rad_pattern_17p3GHz.png
H,17.3,353.5,-19.33008632202432,rad_pattern_17p3GHz.png
H,17.3,354.0,-19.311003357498784,rad_pattern_17p3GHz.png
H,17.3,354.5,-19.239149046075703,rad_pattern_17p3GHz.png
H,17.3,355.0,-19.158033673846408,rad_pattern_17p3GHz.png
H,17.3,355.5,-19.050103717975436,rad_pattern_17p3GHz.png
H,17.3,356.0,-18.94131564055206,rad_pattern_17p3GHz.png
H,17.3,356.5,-18.747032372428738,rad_pattern_17p3GHz.png
H,17.3,357.0,-18.606086438268466,rad_pattern_17p3GHz.png
H,17.3,357.5,-18.497696398864523,rad_pattern_17p3GHz.png
H,17.3,358.0,-18.269947206565927,rad_pattern_17p3GHz.png
H,17.3,358.5,-18.099333591766626,rad_pattern_17p3GHz.png
H,17.3,359.0,-17.871230429516743,rad_pattern_17p3GHz.png
H,17.3,359.5,-17.756393149509275,rad_pattern_17p3GHz.png
H,18.3,0.0,-10.667947097574906,rad_pattern_18p3GHz.png
H,18.3,0.5,-10.580935324608,rad_pattern_18p3GHz.png
H,18.3,1.0,-10.521380589309377,rad_pattern_18p3GHz.png
H,18.3,1.5,-10.458941884973559,rad_pattern_18p3GHz.png
H,18.3,2.0,-10.394923363481379,rad_pattern_18p3GHz.png
H,18.3,2.5,-10.331517093265425,rad_pattern_18p3GHz.png
H,18.3,3.0,-10.259422643594593,rad_pattern_18p3GHz.png
H,18.3,3.5,-10.138891805131621,rad_pattern_18p3GHz.png
H,18.3,4.0,-10.008264212121656,rad_pattern_18p3GHz.png
H,18.3,4.5,-9.850918716297585,rad_pattern_18p3GHz.png
H,18.3,5.0,-9.747738136195185,rad_pattern_18p3GHz.png
H,18.3,5.5,-9.62207795722886,rad_pattern_18p3GHz.png
H,18.3,6.0,-9.490140205222751,rad_pattern_18p3GHz.png
H,18.3,6.5,-9.411268615663513,rad_pattern_18p3GHz.png
H,18.3,7.0,-9.33065189486907,rad_pattern_18p3GHz.png
H,18.3,7.5,-9.25193821084008,rad_pattern_18p3GHz.png
H,18.3,8.0,-9.168033238188901,rad_pattern_18p3GHz.png
H,18.3,8.5,-9.074004830927297,rad_pattern_18p3GHz.png
H,18.3,9.0,-8.972488584710508,rad_pattern_18p3GHz.png
H,18.3,9.5,-8.83008729448224,rad_pattern_18p3GHz.png
H,18.3,10.0,-8.71501216006277,rad_pattern_18p3GHz.png
H,18.3,10.5,-8.5651544566653,rad_pattern_18p3GHz.png
H,18.3,11.0,-8.453433297086267,rad_pattern_18p3GHz.png
H,18.3,11.5,-8.340815282299356,rad_pattern_18p3GHz.png
H,18.3,12.0,-8.237029604050218,rad_pattern_18p3GHz.png
H,18.3,12.5,-8.131200828108852,rad_pattern_18p3GHz.png
H,18.3,13.0,-8.02988993385694,rad_pattern_18p3GHz.png
H,18.3,13.5,-7.91352854198886,rad_pattern_18p3GHz.png
H,18.3,14.0,-7.780597766068695,rad_pattern_18p3GHz.png
H,18.3,14.5,-7.625760462067667,rad_pattern_18p3GHz.png
H,18.3,15.0,-7.447656281884143,rad_pattern_18p3GHz.png
H,18.3,15.5,-7.255417051917952,rad_pattern_18p3GHz.png
H,18.3,16.0,-7.041885437919557,rad_pattern_18p3GHz.png
H,18.3,16.5,-6.842993587995405,rad_pattern_18p3GHz.png
H,18.3,17.0,-6.6155088442034895,rad_pattern_18p3GHz.png
H,18.3,17.5,-6.418390806864842,rad_pattern_18p3GHz.png
H,18.3,18.0,-6.217872485558011,rad_pattern_18p3GHz.png
H,18.3,18.5,-6.036074317874739,rad_pattern_18p3GHz.png
H,18.3,19.0,-5.852914300574792,rad_pattern_18p3GHz.png
H,18.3,19.5,-5.700392543842618,rad_pattern_18p3GHz.png
H,18.3,20.0,-5.5176171755729335,rad_pattern_18p3GHz.png
H,18.3,20.5,-5.360942132468775,rad_pattern_18p3GHz.png
H,18.3,21.0,-5.199981097211758,rad_pattern_18p3GHz.png
H,18.3,21.5,-5.050171944885044,rad_pattern_18p3GHz.png
H,18.3,22.0,-4.889498364541506,rad_pattern_18p3GHz.png
H,18.3,22.5,-4.757600717987632,rad_pattern_18p3GHz.png
H,18.3,23.0,-4.667469826562293,rad_pattern_18p3GHz.png
H,18.3,23.5,-4.5721430718403475,rad_pattern_18p3GHz.png
H,18.3,24.0,-4.4994386954458285,rad_pattern_18p3GHz.png
H,18.3,24.5,-4.4583483149033185,rad_pattern_18p3GHz.png
H,18.3,25.0,-4.420568914029172,rad_pattern_18p3GHz.png
H,18.3,25.5,-4.371212673400837,rad_pattern_18p3GHz.png
H,18.3,26.0,-4.3367023250531425,rad_pattern_18p3GHz.png
H,18.3,26.5,-4.273283479990301,rad_pattern_18p3GHz.png
H,18.3,27.0,-4.220853232173425,rad_pattern_18p3GHz.png
H,18.3,27.5,-4.1404808703911264,rad_pattern_18p3GHz.png
H,18.3,28.0,-4.031290022172968,rad_pattern_18p3GHz.png
H,18.3,28.5,-3.896129905572952,rad_pattern_18p3GHz.png
H,18.3,29.0,-3.756991193886101,rad_pattern_18p3GHz.png
H,18.3,29.5,-3.6406926894801686,rad_pattern_18p3GHz.png
H,18.3,30.0,-3.5005864553570696,rad_pattern_18p3GHz.png
H,18.3,30.5,-3.3548965697433744,rad_pattern_18p3GHz.png
H,18.3,31.0,-3.2416428832094226,rad_pattern_18p3GHz.png
H,18.3,31.5,-3.1265802387407184,rad_pattern_18p3GHz.png
H,18.3,32.0,-2.990192211168843,rad_pattern_18p3GHz.png
H,18.3,32.5,-2.8783656678104954,rad_pattern_18p3GHz.png
H,18.3,33.0,-2.753095384813225,rad_pattern_18p3GHz.png
H,18.3,33.5,-2.642810343097622,rad_pattern_18p3GHz.png
H,18.3,34.0,-2.5461158555121486,rad_pattern_18p3GHz.png
H,18.3,34.5,-2.441048016774495,rad_pattern_18p3GHz.png
H,18.3,35.0,-2.3721650710164575,rad_pattern_18p3GHz.png
H,18.3,35.5,-2.3000326955336376,rad_pattern_18p3GHz.png
H,18.3,36.0,-2.258711553552157,rad_pattern_18p3GHz.png
H,18.3,36.5,-2.2090239957458415,rad_pattern_18p3GHz.png
H,18.3,37.0,-2.174812714441753,rad_pattern_18p3GHz.png
H,18.3,37.5,-2.1668667319555937,rad_pattern_18p3GHz.png
H,18.3,38.0,-2.1417842546271366,rad_pattern_18p3GHz.png
H,18.3,38.5,-2.1305105760915914,rad_pattern_18p3GHz.png
H,18.3,39.0,-2.1029153429745087,rad_pattern_18p3GHz.png
H,18.3,39.5,-2.0725997258368523,rad_pattern_18p3GHz.png
H,18.3,40.0,-2.0394559897503974,rad_pattern_18p3GHz.png
H,18.3,40.5,-1.985748691107439,rad_pattern_18p3GHz.png
H,18.3,41.0,-1.922548468796485,rad_pattern_18p3GHz.png
H,18.3,41.5,-1.8620971856826962,rad_pattern_18p3GHz.png
H,18.3,42.0,-1.7958396149343159,rad_pattern_18p3GHz.png
H,18.3,42.5,-1.7267310505853537,rad_pattern_18p3GHz.png
H,18.3,43.0,-1.6889084227413669,rad_pattern_18p3GHz.png
H,18.3,43.5,-1.6546769033183857,rad_pattern_18p3GHz.png
H,18.3,44.0,-1.619881681350634,rad_pattern_18p3GHz.png
H,18.3,44.5,-1.5834331729459485,rad_pattern_18p3GHz.png
H,18.3,45.0,-1.5644292530999309,rad_pattern_18p3GHz.png
H,18.3,45.5,-1.5633953072260525,rad_pattern_18p3GHz.png
H,18.3,46.0,-1.5633953072260525,rad_pattern_18p3GHz.png
H,18.3,46.5,-1.5691594513260867,rad_pattern_18p3GHz.png
H,18.3,47.0,-1.5740984591517986,rad_pattern_18p3GHz.png
H,18.3,47.5,-1.600904357522687,rad_pattern_18p3GHz.png
H,18.3,48.0,-1.6325401204990087,rad_pattern_18p3GHz.png
H,18.3,48.5,-1.6721079507222072,rad_pattern_18p3GHz.png
H,18.3,49.0,-1.6834310634432335,rad_pattern_18p3GHz.png
H,18.3,49.5,-1.7190555016491764,rad_pattern_18p3GHz.png
H,18.3,50.0,-1.7279149113701742,rad_pattern_18p3GHz.png
H,18.3,50.5,-1.7470042514369197,rad_pattern_18p3GHz.png
H,18.3,51.0,-1.7831677415816571,rad_pattern_18p3GHz.png
H,18.3,51.5,-1.8102547258188864,rad_pattern_18p3GHz.png
H,18.3,52.0,-1.8271101299590349,rad_pattern_18p3GHz.png
H,18.3,52.5,-1.8508455452987995,rad_pattern_18p3GHz.png
H,18.3,53.0,-1.8857747801748772,rad_pattern_18p3GHz.png
H,18.3,53.5,-1.9138597837685438,rad_pattern_18p3GHz.png
H,18.3,54.0,-1.941912763117415,rad_pattern_18p3GHz.png
H,18.3,54.5,-1.9773904422419264,rad_pattern_18p3GHz.png
H,18.3,55.0,-2.028601449417984,rad_pattern_18p3GHz.png
H,18.3,55.5,-2.079466576952786,rad_pattern_18p3GHz.png
H,18.3,56.0,-2.153708490427203,rad_pattern_18p3GHz.png
H,18.3,56.5,-2.2177745208175317,rad_pattern_18p3GHz.png
H,18.3,57.0,-2.288960736665885,rad_pattern_18p3GHz.png
H,18.3,57.5,-2.3639576959789608,rad_pattern_18p3GHz.png
H,18.3,58.0,-2.4599691065276907,rad_pattern_18p3GHz.png
H,18.3,58.5,-2.5414509718552125,rad_pattern_18p3GHz.png
H,18.3,59.0,-2.627012994325437,rad_pattern_18p3GHz.png
H,18.3,59.5,-2.709908976084961,rad_pattern_18p3GHz.png
H,18.3,60.0,-2.8120597400310707,rad_pattern_18p3GHz.png
H,18.3,60.5,-2.880259209078183,rad_pattern_18p3GHz.png
H,18.3,61.0,-2.962253370503678,rad_pattern_18p3GHz.png
H,18.3,61.5,-3.0329697168314844,rad_pattern_18p3GHz.png
H,18.3,62.0,-3.0906549308358677,rad_pattern_18p3GHz.png
H,18.3,62.5,-3.157572927150593,rad_pattern_18p3GHz.png
H,18.3,63.0,-3.224284190769559,rad_pattern_18p3GHz.png
H,18.3,63.5,-3.277735392187296,rad_pattern_18p3GHz.png
H,18.3,64.0,-3.3270125544657745,rad_pattern_18p3GHz.png
H,18.3,64.5,-3.3520820896430124,rad_pattern_18p3GHz.png
H,18.3,65.0,-3.3972960143982895,rad_pattern_18p3GHz.png
H,18.3,65.5,-3.429608606795391,rad_pattern_18p3GHz.png
H,18.3,66.0,-3.4632152539439396,rad_pattern_18p3GHz.png
H,18.3,66.5,-3.4980029823459518,rad_pattern_18p3GHz.png
H,18.3,67.0,-3.5362224529250206,rad_pattern_18p3GHz.png
H,18.3,67.5,-3.562964989044314,rad_pattern_18p3GHz.png
H,18.3,68.0,-3.562964989044314,rad_pattern_18p3GHz.png
H,18.3,68.5,-3.562964989044314,rad_pattern_18p3GHz.png
H,18.3,69.0,-3.5502702152584646,rad_pattern_18p3GHz.png
H,18.3,69.5,-3.5305879160271836,rad_pattern_18p3GHz.png
H,18.3,70.0,-3.4998480977844615,rad_pattern_18p3GHz.png
H,18.3,70.5,-3.4543103579249035,rad_pattern_18p3GHz.png
H,18.3,71.0,-3.3832982878290814,rad_pattern_18p3GHz.png
H,18.3,71.5,-3.3114931950469213,rad_pattern_18p3GHz.png
H,18.3,72.0,-3.2198092632033237,rad_pattern_18p3GHz.png
H,18.3,72.5,-3.1077172925066137,rad_pattern_18p3GHz.png
H,18.3,73.0,-3.019217571429845,rad_pattern_18p3GHz.png
H,18.3,73.5,-2.9030598980059032,rad_pattern_18p3GHz.png
H,18.3,74.0,-2.7933202185555928,rad_pattern_18p3GHz.png
H,18.3,74.5,-2.6536631376137834,rad_pattern_18p3GHz.png
H,18.3,75.0,-2.506004991653729,rad_pattern_18p3GHz.png
H,18.3,75.5,-2.3880264658601718,rad_pattern_18p3GHz.png
H,18.3,76.0,-2.2421293712414716,rad_pattern_18p3GHz.png
H,18.3,76.5,-2.108415040796036,rad_pattern_18p3GHz.png
H,18.3,77.0,-1.98467099334448,rad_pattern_18p3GHz.png
H,18.3,77.5,-1.8508455452987995,rad_pattern_18p3GHz.png
H,18.3,78.0,-1.7236716995488948,rad_pattern_18p3GHz.png
H,18.3,78.5,-1.5888923583832977,rad_pattern_18p3GHz.png
H,18.3,79.0,-1.4582236802363298,rad_pattern_18p3GHz.png
H,18.3,79.5,-1.3466537479373564,rad_pattern_18p3GHz.png
H,18.3,80.0,-1.2296881396118557,rad_pattern_18p3GHz.png
H,18.3,80.5,-1.1266995345153035,rad_pattern_18p3GHz.png
H,18.3,81.0,-1.0210842448975974,rad_pattern_18p3GHz.png
H,18.3,81.5,-0.913818328801792,rad_pattern_18p3GHz.png
H,18.3,82.0,-0.8078920286306825,rad_pattern_18p3GHz.png
H,18.3,82.5,-0.7149431755501148,rad_pattern_18p3GHz.png
H,18.3,83.0,-0.6612118824334523,rad_pattern_18p3GHz.png
H,18.3,83.5,-0.5587280236367747,rad_pattern_18p3GHz.png
H,18.3,84.0,-0.4889058767618053,rad_pattern_18p3GHz.png
H,18.3,84.5,-0.42562861256775264,rad_pattern_18p3GHz.png
H,18.3,85.0,-0.3231946850356522,rad_pattern_18p3GHz.png
H,18.3,85.5,-0.29116195016084845,rad_pattern_18p3GHz.png
H,18.3,86.0,-0.23779423713352443,rad_pattern_18p3GHz.png
H,18.3,86.5,-0.20349268630383222,rad_pattern_18p3GHz.png
H,18.3,87.0,-0.13312564628280654,rad_pattern_18p3GHz.png
H,18.3,87.5,-0.11301221271983053,rad_pattern_18p3GHz.png
H,18.3,88.0,-0.0683091797476969,rad_pattern_18p3GHz.png
H,18.3,88.5,-0.0480933702279529,rad_pattern_18p3GHz.png
H,18.3,89.0,-0.02530725168975323,rad_pattern_18p3GHz.png
H,18.3,89.5,-0.0011450184857615398,rad_pattern_18p3GHz.png
H,18.3,90.0,0.0,rad_pattern_18p3GHz.png
H,18.3,90.5,-0.0011450184857615398,rad_pattern_18p3GHz.png
H,18.3,91.0,-0.02530725168975323,rad_pattern_18p3GHz.png
H,18.3,91.5,-0.0480933702279529,rad_pattern_18p3GHz.png
H,18.3,92.0,-0.0683091797476969,rad_pattern_18p3GHz.png
H,18.3,92.5,-0.11301221271983053,rad_pattern_18p3GHz.png
H,18.3,93.0,-0.13312564628280654,rad_pattern_18p3GHz.png
H,18.3,93.5,-0.20349268630383222,rad_pattern_18p3GHz.png
H,18.3,94.0,-0.23779423713352443,rad_pattern_18p3GHz.png
H,18.3,94.5,-0.29116195016084845,rad_pattern_18p3GHz.png
H,18.3,95.0,-0.3231946850356522,rad_pattern_18p3GHz.png
H,18.3,95.5,-0.42562861256775264,rad_pattern_18p3GHz.png
H,18.3,96.0,-0.4889058767618053,rad_pattern_18p3GHz.png
H,18.3,96.5,-0.5587280236367747,rad_pattern_18p3GHz.png
H,18.3,97.0,-0.6612118824334523,rad_pattern_18p3GHz.png
H,18.3,97.5,-0.7149431755501148,rad_pattern_18p3GHz.png
H,18.3,98.0,-0.8078920286306825,rad_pattern_18p3GHz.png
H,18.3,98.5,-0.913818328801792,rad_pattern_18p3GHz.png
H,18.3,99.0,-1.0210842448975974,rad_pattern_18p3GHz.png
H,18.3,99.5,-1.1266995345153035,rad_pattern_18p3GHz.png
H,18.3,100.0,-1.2296881396118557,rad_pattern_18p3GHz.png
H,18.3,100.5,-1.3466537479373564,rad_pattern_18p3GHz.png
H,18.3,101.0,-1.4582236802363298,rad_pattern_18p3GHz.png
H,18.3,101.5,-1.5888923583832977,rad_pattern_18p3GHz.png
H,18.3,102.0,-1.7236716995488948,rad_pattern_18p3GHz.png
H,18.3,102.5,-1.8508455452987995,rad_pattern_18p3GHz.png
H,18.3,103.0,-1.98467099334448,rad_pattern_18p3GHz.png
H,18.3,103.5,-2.108415040796036,rad_pattern_18p3GHz.png
H,18.3,104.0,-2.2421293712414716,rad_pattern_18p3GHz.png
H,18.3,104.5,-2.3880264658601718,rad_pattern_18p3GHz.png
H,18.3,105.0,-2.506004991653729,rad_pattern_18p3GHz.png
H,18.3,105.5,-2.638158853275616,rad_pattern_18p3GHz.png
H,18.3,106.0,-2.7736342548308244,rad_pattern_18p3GHz.png
H,18.3,106.5,-2.9030598980059032,rad_pattern_18p3GHz.png
H,18.3,107.0,-3.013143663818518,rad_pattern_18p3GHz.png
H,18.3,107.5,-3.1077172925066137,rad_pattern_18p3GHz.png
H,18.3,108.0,-3.2198092632033237,rad_pattern_18p3GHz.png
H,18.3,108.5,-3.3114931950469213,rad_pattern_18p3GHz.png
H,18.3,109.0,-3.3832982878290814,rad_pattern_18p3GHz.png
H,18.3,109.5,-3.4543103579249035,rad_pattern_18p3GHz.png
H,18.3,110.0,-3.4998480977844615,rad_pattern_18p3GHz.png
H,18.3,110.5,-3.5305879160271836,rad_pattern_18p3GHz.png
H,18.3,111.0,-3.5502702152584646,rad_pattern_18p3GHz.png
H,18.3,111.5,-3.562964989044314,rad_pattern_18p3GHz.png
H,18.3,112.0,-3.562964989044314,rad_pattern_18p3GHz.png
H,18.3,112.5,-3.562964989044314,rad_pattern_18p3GHz.png
H,18.3,113.0,-3.5362224529250206,rad_pattern_18p3GHz.png
H,18.3,113.5,-3.4980029823459518,rad_pattern_18p3GHz.png
H,18.3,114.0,-3.4632152539439396,rad_pattern_18p3GHz.png
H,18.3,114.5,-3.429608606795391,rad_pattern_18p3GHz.png
H,18.3,115.0,-3.3972960143982895,rad_pattern_18p3GHz.png
H,18.3,115.5,-3.3520820896430124,rad_pattern_18p3GHz.png
H,18.3,116.0,-3.3270125544657745,rad_pattern_18p3GHz.png
H,18.3,116.5,-3.277735392187296,rad_pattern_18p3GHz.png
H,18.3,117.0,-3.224284190769559,rad_pattern_18p3GHz.png
H,18.3,117.5,-3.157572927150593,rad_pattern_18p3GHz.png
H,18.3,118.0,-3.0906549308358677,rad_pattern_18p3GHz.png
H,18.3,118.5,-3.0329697168314844,rad_pattern_18p3GHz.png
H,18.3,119.0,-2.962253370503678,rad_pattern_18p3GHz.png
H,18.3,119.5,-2.883536550425216,rad_pattern_18p3GHz.png
H,18.3,120.0,-2.815869466957164,rad_pattern_18p3GHz.png
H,18.3,120.5,-2.7158260424045118,rad_pattern_18p3GHz.png
H,18.3,121.0,-2.627012994325437,rad_pattern_18p3GHz.png
H,18.3,121.5,-2.5414509718552125,rad_pattern_18p3GHz.png
H,18.3,122.0,-2.4599691065276907,rad_pattern_18p3GHz.png
H,18.3,122.5,-2.3639576959789608,rad_pattern_18p3GHz.png
H,18.3,123.0,-2.288960736665885,rad_pattern_18p3GHz.png
H,18.3,123.5,-2.2177745208175317,rad_pattern_18p3GHz.png
H,18.3,124.0,-2.153708490427203,rad_pattern_18p3GHz.png
H,18.3,124.5,-2.079466576952786,rad_pattern_18p3GHz.png
H,18.3,125.0,-2.028601449417984,rad_pattern_18p3GHz.png
H,18.3,125.5,-1.9773904422419264,rad_pattern_18p3GHz.png
H,18.3,126.0,-1.941912763117415,rad_pattern_18p3GHz.png
H,18.3,126.5,-1.9138597837685438,rad_pattern_18p3GHz.png
H,18.3,127.0,-1.8857747801748772,rad_pattern_18p3GHz.png
H,18.3,127.5,-1.8508455452987995,rad_pattern_18p3GHz.png
H,18.3,128.0,-1.8271101299590349,rad_pattern_18p3GHz.png
H,18.3,128.5,-1.8102547258188864,rad_pattern_18p3GHz.png
H,18.3,129.0,-1.7831677415816571,rad_pattern_18p3GHz.png
H,18.3,129.5,-1.7470042514369197,rad_pattern_18p3GHz.png
H,18.3,130.0,-1.724479349157054,rad_pattern_18p3GHz.png
H,18.3,130.5,-1.7190555016491764,rad_pattern_18p3GHz.png
H,18.3,131.0,-1.6806925965046027,rad_pattern_18p3GHz.png
H,18.3,131.5,-1.658046371062543,rad_pattern_18p3GHz.png
H,18.3,132.0,-1.6325401204990087,rad_pattern_18p3GHz.png
H,18.3,132.5,-1.600904357522687,rad_pattern_18p3GHz.png
H,18.3,133.0,-1.5740984591517986,rad_pattern_18p3GHz.png
H,18.3,133.5,-1.5691594513260867,rad_pattern_18p3GHz.png
H,18.3,134.0,-1.5633953072260525,rad_pattern_18p3GHz.png
H,18.3,134.5,-1.5633953072260525,rad_pattern_18p3GHz.png
H,18.3,135.0,-1.5644292530999309,rad_pattern_18p3GHz.png
H,18.3,135.5,-1.5834331729459485,rad_pattern_18p3GHz.png
H,18.3,136.0,-1.619881681350634,rad_pattern_18p3GHz.png
H,18.3,136.5,-1.6546769033183857,rad_pattern_18p3GHz.png
H,18.3,137.0,-1.6889084227413669,rad_pattern_18p3GHz.png
H,18.3,137.5,-1.7267310505853537,rad_pattern_18p3GHz.png
H,18.3,138.0,-1.7958396149343159,rad_pattern_18p3GHz.png
H,18.3,138.5,-1.8620971856826962,rad_pattern_18p3GHz.png
H,18.3,139.0,-1.922548468796485,rad_pattern_18p3GHz.png
H,18.3,139.5,-1.985748691107439,rad_pattern_18p3GHz.png
H,18.3,140.0,-2.0394559897503974,rad_pattern_18p3GHz.png
H,18.3,140.5,-2.0725997258368523,rad_pattern_18p3GHz.png
H,18.3,141.0,-2.1029153429745087,rad_pattern_18p3GHz.png
H,18.3,141.5,-2.1305105760915914,rad_pattern_18p3GHz.png
H,18.3,142.0,-2.1417842546271366,rad_pattern_18p3GHz.png
H,18.3,142.5,-2.1668667319555937,rad_pattern_18p3GHz.png
H,18.3,143.0,-2.174812714441753,rad_pattern_18p3GHz.png
H,18.3,143.5,-2.2090239957458415,rad_pattern_18p3GHz.png
H,18.3,144.0,-2.258711553552157,rad_pattern_18p3GHz.png
H,18.3,144.5,-2.3000326955336376,rad_pattern_18p3GHz.png
H,18.3,145.0,-2.3721650710164575,rad_pattern_18p3GHz.png
H,18.3,145.5,-2.441048016774495,rad_pattern_18p3GHz.png
H,18.3,146.0,-2.5461158555121486,rad_pattern_18p3GHz.png
H,18.3,146.5,-2.642810343097622,rad_pattern_18p3GHz.png
H,18.3,147.0,-2.753095384813225,rad_pattern_18p3GHz.png
H,18.3,147.5,-2.8783656678104954,rad_pattern_18p3GHz.png
H,18.3,148.0,-2.990192211168843,rad_pattern_18p3GHz.png
H,18.3,148.5,-3.1265802387407184,rad_pattern_18p3GHz.png
H,18.3,149.0,-3.2416428832094226,rad_pattern_18p3GHz.png
H,18.3,149.5,-3.3548965697433744,rad_pattern_18p3GHz.png
H,18.3,150.0,-3.5005864553570696,rad_pattern_18p3GHz.png
H,18.3,150.5,-3.6406926894801686,rad_pattern_18p3GHz.png
H,18.3,151.0,-3.756991193886101,rad_pattern_18p3GHz.png
H,18.3,151.5,-3.896129905572952,rad_pattern_18p3GHz.png
H,18.3,152.0,-4.031290022172968,rad_pattern_18p3GHz.png
H,18.3,152.5,-4.1404808703911264,rad_pattern_18p3GHz.png
H,18.3,153.0,-4.220853232173425,rad_pattern_18p3GHz.png
H,18.3,153.5,-4.273283479990301,rad_pattern_18p3GHz.png
H,18.3,154.0,-4.3367023250531425,rad_pattern_18p3GHz.png
H,18.3,154.5,-4.371212673400837,rad_pattern_18p3GHz.png
H,18.3,155.0,-4.420568914029172,rad_pattern_18p3GHz.png
H,18.3,155.5,-4.4583483149033185,rad_pattern_18p3GHz.png
H,18.3,156.0,-4.4994386954458285,rad_pattern_18p3GHz.png
H,18.3,156.5,-4.5721430718403475,rad_pattern_18p3GHz.png
H,18.3,157.0,-4.667469826562293,rad_pattern_18p3GHz.png
H,18.3,157.5,-4.757600717987632,rad_pattern_18p3GHz.png
H,18.3,158.0,-4.889498364541506,rad_pattern_18p3GHz.png
H,18.3,158.5,-5.050171944885044,rad_pattern_18p3GHz.png
H,18.3,159.0,-5.199981097211758,rad_pattern_18p3GHz.png
H,18.3,159.5,-5.360942132468775,rad_pattern_18p3GHz.png
H,18.3,160.0,-5.5176171755729335,rad_pattern_18p3GHz.png
H,18.3,160.5,-5.700392543842618,rad_pattern_18p3GHz.png
H,18.3,161.0,-5.852914300574792,rad_pattern_18p3GHz.png
H,18.3,161.5,-6.036074317874739,rad_pattern_18p3GHz.png
H,18.3,162.0,-6.217872485558011,rad_pattern_18p3GHz.png
H,18.3,162.5,-6.418390806864842,rad_pattern_18p3GHz.png
H,18.3,163.0,-6.6155088442034895,rad_pattern_18p3GHz.png
H,18.3,163.5,-6.842993587995405,rad_pattern_18p3GHz.png
H,18.3,164.0,-7.037960822998436,rad_pattern_18p3GHz.png
H,18.3,164.5,-7.255417051917952,rad_pattern_18p3GHz.png
H,18.3,165.0,-7.447656281884143,rad_pattern_18p3GHz.png
H,18.3,165.5,-7.625760462067667,rad_pattern_18p3GHz.png
H,18.3,166.0,-7.780597766068695,rad_pattern_18p3GHz.png
H,18.3,166.5,-7.905563703365633,rad_pattern_18p3GHz.png
H,18.3,167.0,-8.02988993385694,rad_pattern_18p3GHz.png
H,18.3,167.5,-8.131200828108852,rad_pattern_18p3GHz.png
H,18.3,168.0,-8.237029604050218,rad_pattern_18p3GHz.png
H,18.3,168.5,-8.340815282299356,rad_pattern_18p3GHz.png
H,18.3,169.0,-8.453433297086267,rad_pattern_18p3GHz.png
H,18.3,169.5,-8.5651544566653,rad_pattern_18p3GHz.png
H,18.3,170.0,-8.71501216006277,rad_pattern_18p3GHz.png
H,18.3,170.5,-8.83008729448224,rad_pattern_18p3GHz.png
H,18.3,171.0,-8.972488584710508,rad_pattern_18p3GHz.png
H,18.3,171.5,-9.074004830927297,rad_pattern_18p3GHz.png
H,18.3,172.0,-9.168033238188901,rad_pattern_18p3GHz.png
H,18.3,172.5,-9.25193821084008,rad_pattern_18p3GHz.png
H,18.3,173.0,-9.33065189486907,rad_pattern_18p3GHz.png
H,18.3,173.5,-9.411268615663513,rad_pattern_18p3GHz.png
H,18.3,174.0,-9.490140205222751,rad_pattern_18p3GHz.png
H,18.3,174.5,-9.62207795722886,rad_pattern_18p3GHz.png
H,18.3,175.0,-9.747738136195185,rad_pattern_18p3GHz.png
H,18.3,175.5,-9.850918716297585,rad_pattern_18p3GHz.png
H,18.3,176.0,-10.008264212121656,rad_pattern_18p3GHz.png
H,18.3,176.5,-10.138891805131621,rad_pattern_18p3GHz.png
H,18.3,177.0,-10.259422643594593,rad_pattern_18p3GHz.png
H,18.3,177.5,-10.331517093265425,rad_pattern_18p3GHz.png
H,18.3,178.0,-10.394923363481379,rad_pattern_18p3GHz.png
H,18.3,178.5,-10.458941884973559,rad_pattern_18p3GHz.png
H,18.3,179.0,-10.521380589309377,rad_pattern_18p3GHz.png
H,18.3,179.5,-10.580935324608,rad_pattern_18p3GHz.png
H,18.3,180.0,-10.667947097574906,rad_pattern_18p3GHz.png
H,18.3,180.5,-10.753660954412727,rad_pattern_18p3GHz.png
H,18.3,181.0,-10.866750959072107,rad_pattern_18p3GHz.png
H,18.3,181.5,-10.979090100190405,rad_pattern_18p3GHz.png
H,18.3,182.0,-11.144937653119264,rad_pattern_18p3GHz.png
H,18.3,182.5,-11.260479284068289,rad_pattern_18p3GHz.png
H,18.3,183.0,-11.417117619491847,rad_pattern_18p3GHz.png
H,18.3,183.5,-11.532555986585901,rad_pattern_18p3GHz.png
H,18.3,184.0,-11.746507477195358,rad_pattern_18p3GHz.png
H,18.3,184.5,-11.859747045111796,rad_pattern_18p3GHz.png
H,18.3,185.0,-12.016534916861858,rad_pattern_18p3GHz.png
H,18.3,185.5,-12.225544271264077,rad_pattern_18p3GHz.png
H,18.3,186.0,-12.386244995134366,rad_pattern_18p3GHz.png
H,18.3,186.5,-12.555610603661666,rad_pattern_18p3GHz.png
H,18.3,187.0,-12.758593671328263,rad_pattern_18p3GHz.png
H,18.3,187.5,-12.94457894367175,rad_pattern_18p3GHz.png
H,18.3,188.0,-13.137561745312983,rad_pattern_18p3GHz.png
H,18.3,188.5,-13.33347628458893,rad_pattern_18p3GHz.png
H,18.3,189.0,-13.48703100398383,rad_pattern_18p3GHz.png
H,18.3,189.5,-13.629707640825234,rad_pattern_18p3GHz.png
H,18.3,190.0,-13.728600324440272,rad_pattern_18p3GHz.png
H,18.3,190.5,-13.816268981493746,rad_pattern_18p3GHz.png
H,18.3,191.0,-13.867658867798596,rad_pattern_18p3GHz.png
H,18.3,191.5,-13.936023715738788,rad_pattern_18p3GHz.png
H,18.3,192.0,-13.968810169005458,rad_pattern_18p3GHz.png
H,18.3,192.5,-14.035035174054943,rad_pattern_18p3GHz.png
H,18.3,193.0,-14.08140200645946,rad_pattern_18p3GHz.png
H,18.3,193.5,-14.124472025229636,rad_pattern_18p3GHz.png
H,18.3,194.0,-14.188782615820518,rad_pattern_18p3GHz.png
H,18.3,194.5,-14.223442880695846,rad_pattern_18p3GHz.png
H,18.3,195.0,-14.242608390885621,rad_pattern_18p3GHz.png
H,18.3,195.5,-14.242608390885621,rad_pattern_18p3GHz.png
H,18.3,196.0,-14.236913018882959,rad_pattern_18p3GHz.png
H,18.3,196.5,-14.172365866657806,rad_pattern_18p3GHz.png
H,18.3,197.0,-14.075258270975677,rad_pattern_18p3GHz.png
H,18.3,197.5,-14.006121820842761,rad_pattern_18p3GHz.png
H,18.3,198.0,-13.960759275115212,rad_pattern_18p3GHz.png
H,18.3,198.5,-13.915613658124666,rad_pattern_18p3GHz.png
H,18.3,199.0,-13.915613658124666,rad_pattern_18p3GHz.png
H,18.3,199.5,-13.958609203797952,rad_pattern_18p3GHz.png
H,18.3,200.0,-14.048044578154652,rad_pattern_18p3GHz.png
H,18.3,200.5,-14.188022087670891,rad_pattern_18p3GHz.png
H,18.3,201.0,-14.336102832722254,rad_pattern_18p3GHz.png
H,18.3,201.5,-14.530309204625798,rad_pattern_18p3GHz.png
H,18.3,202.0,-14.691388511378742,rad_pattern_18p3GHz.png
H,18.3,202.5,-14.87277138315027,rad_pattern_18p3GHz.png
H,18.3,203.0,-15.063697233447687,rad_pattern_18p3GHz.png
H,18.3,203.5,-15.2117850950788,rad_pattern_18p3GHz.png
H,18.3,204.0,-15.335901433367376,rad_pattern_18p3GHz.png
H,18.3,204.5,-15.405965146981629,rad_pattern_18p3GHz.png
H,18.3,205.0,-15.488844774625175,rad_pattern_18p3GHz.png
H,18.3,205.5,-15.488844774625175,rad_pattern_18p3GHz.png
H,18.3,206.0,-15.455149734451087,rad_pattern_18p3GHz.png
H,18.3,206.5,-15.365294173041303,rad_pattern_18p3GHz.png
H,18.3,207.0,-15.235152605724618,rad_pattern_18p3GHz.png
H,18.3,207.5,-15.052721766059959,rad_pattern_18p3GHz.png
H,18.3,208.0,-14.895050312023633,rad_pattern_18p3GHz.png
H,18.3,208.5,-14.78768385599238,rad_pattern_18p3GHz.png
H,18.3,209.0,-14.614345270191706,rad_pattern_18p3GHz.png
H,18.3,209.5,-14.554820659029978,rad_pattern_18p3GHz.png
H,18.3,210.0,-14.553932972061318,rad_pattern_18p3GHz.png
H,18.3,210.5,-14.553932972061318,rad_pattern_18p3GHz.png
H,18.3,211.0,-14.614081103858318,rad_pattern_18p3GHz.png
H,18.3,211.5,-14.737366610763404,rad_pattern_18p3GHz.png
H,18.3,212.0,-14.879062768422692,rad_pattern_18p3GHz.png
H,18.3,212.5,-15.056681277331192,rad_pattern_18p3GHz.png
H,18.3,213.0,-15.220543770163074,rad_pattern_18p3GHz.png
H,18.3,213.5,-15.42245240416674,rad_pattern_18p3GHz.png
H,18.3,214.0,-15.654974376652373,rad_pattern_18p3GHz.png
H,18.3,214.5,-15.869973380429077,rad_pattern_18p3GHz.png
H,18.3,215.0,-16.131058754651228,rad_pattern_18p3GHz.png
H,18.3,215.5,-16.369853785837815,rad_pattern_18p3GHz.png
H,18.3,216.0,-16.638334993706874,rad_pattern_18p3GHz.png
H,18.3,216.5,-16.98658881720767,rad_pattern_18p3GHz.png
H,18.3,217.0,-17.25296235004616,rad_pattern_18p3GHz.png
H,18.3,217.5,-17.546284532057868,rad_pattern_18p3GHz.png
H,18.3,218.0,-17.79982470930656,rad_pattern_18p3GHz.png
H,18.3,218.5,-18.021878335607582,rad_pattern_18p3GHz.png
H,18.3,219.0,-18.197689856692573,rad_pattern_18p3GHz.png
H,18.3,219.5,-18.309399815630698,rad_pattern_18p3GHz.png
H,18.3,220.0,-18.309399815630698,rad_pattern_18p3GHz.png
H,18.3,220.5,-18.26472477534256,rad_pattern_18p3GHz.png
H,18.3,221.0,-18.19239919791214,rad_pattern_18p3GHz.png
H,18.3,221.5,-18.10420390788607,rad_pattern_18p3GHz.png
H,18.3,222.0,-18.10420390788607,rad_pattern_18p3GHz.png
H,18.3,222.5,-18.150834055826234,rad_pattern_18p3GHz.png
H,18.3,223.0,-18.337136053295428,rad_pattern_18p3GHz.png
H,18.3,223.5,-18.50575701828581,rad_pattern_18p3GHz.png
H,18.3,224.0,-18.794360674772065,rad_pattern_18p3GHz.png
H,18.3,224.5,-19.060843276928903,rad_pattern_18p3GHz.png
H,18.3,225.0,-19.22501357240505,rad_pattern_18p3GHz.png
H,18.3,225.5,-19.6128497813129,rad_pattern_18p3GHz.png
H,18.3,226.0,-19.877862888534178,rad_pattern_18p3GHz.png
H,18.3,226.5,-20.223227235906155,rad_pattern_18p3GHz.png
H,18.3,227.0,-20.465973022949637,rad_pattern_18p3GHz.png
H,18.3,227.5,-20.64574050348434,rad_pattern_18p3GHz.png
H,18.3,228.0,-20.76631642405462,rad_pattern_18p3GHz.png
H,18.3,228.5,-20.76631642405462,rad_pattern_18p3GHz.png
H,18.3,229.0,-20.672535022414923,rad_pattern_18p3GHz.png
H,18.3,229.5,-20.519003710454587,rad_pattern_18p3GHz.png
H,18.3,230.0,-20.411930058063174,rad_pattern_18p3GHz.png
H,18.3,230.5,-20.296743258486057,rad_pattern_18p3GHz.png
H,18.3,231.0,-20.296743258486057,rad_pattern_18p3GHz.png
H,18.3,231.5,-20.446097191704272,rad_pattern_18p3GHz.png
H,18.3,232.0,-20.748276847281403,rad_pattern_18p3GHz.png
H,18.3,232.5,-21.062457542067314,rad_pattern_18p3GHz.png
H,18.3,233.0,-21.438691677102167,rad_pattern_18p3GHz.png
H,18.3,233.5,-21.80866178873647,rad_pattern_18p3GHz.png
H,18.3,234.0,-22.27034643788632,rad_pattern_18p3GHz.png
H,18.3,234.5,-22.697420636628628,rad_pattern_18p3GHz.png
H,18.3,235.0,-23.10057314100828,rad_pattern_18p3GHz.png
H,18.3,235.5,-23.422639183188895,rad_pattern_18p3GHz.png
H,18.3,236.0,-23.74423868124172,rad_pattern_18p3GHz.png
H,18.3,236.5,-24.01716081511238,rad_pattern_18p3GHz.png
H,18.3,237.0,-24.23304948226876,rad_pattern_18p3GHz.png
H,18.3,237.5,-24.448276440729956,rad_pattern_18p3GHz.png
H,18.3,238.0,-24.671983372599883,rad_pattern_18p3GHz.png
H,18.3,238.5,-24.84636656616085,rad_pattern_18p3GHz.png
H,18.3,239.0,-24.901042167558632,rad_pattern_18p3GHz.png
H,18.3,239.5,-25.009803603366617,rad_pattern_18p3GHz.png
H,18.3,240.0,-25.08887263382392,rad_pattern_18p3GHz.png
H,18.3,240.5,-25.092559843373557,rad_pattern_18p3GHz.png
H,18.3,241.0,-25.199323938846394,rad_pattern_18p3GHz.png
H,18.3,241.5,-25.639946002304935,rad_pattern_18p3GHz.png
H,18.3,242.0,-25.925733351069617,rad_pattern_18p3GHz.png
H,18.3,242.5,-26.22432661204622,rad_pattern_18p3GHz.png
H,18.3,243.0,-26.34035898767343,rad_pattern_18p3GHz.png
H,18.3,243.5,-26.379605248821985,rad_pattern_18p3GHz.png
H,18.3,244.0,-26.547622079068514,rad_pattern_18p3GHz.png
H,18.3,244.5,-26.547622079068514,rad_pattern_18p3GHz.png
H,18.3,245.0,-26.365127621118827,rad_pattern_18p3GHz.png
H,18.3,245.5,-25.67870556001884,rad_pattern_18p3GHz.png
H,18.3,246.0,-25.171299061902992,rad_pattern_18p3GHz.png
H,18.3,246.5,-24.780668409345306,rad_pattern_18p3GHz.png
H,18.3,247.0,-24.454197420642696,rad_pattern_18p3GHz.png
H,18.3,247.5,-24.203019738494707,rad_pattern_18p3GHz.png
H,18.3,248.0,-24.149502358785597,rad_pattern_18p3GHz.png
H,18.3,248.5,-23.263916404450562,rad_pattern_18p3GHz.png
H,18.3,249.0,-22.297311605254837,rad_pattern_18p3GHz.png
H,18.3,249.5,-21.770090270018358,rad_pattern_18p3GHz.png
H,18.3,250.0,-21.526302235821166,rad_pattern_18p3GHz.png
H,18.3,250.5,-21.526302235821166,rad_pattern_18p3GHz.png
H,18.3,251.0,-21.593961415093894,rad_pattern_18p3GHz.png
H,18.3,251.5,-21.777227483170865,rad_pattern_18p3GHz.png
H,18.3,252.0,-22.041972777284325,rad_pattern_18p3GHz.png
H,18.3,252.5,-22.27871823200049,rad_pattern_18p3GHz.png
H,18.3,253.0,-22.561513864748843,rad_pattern_18p3GHz.png
H,18.3,253.5,-22.833125320789133,rad_pattern_18p3GHz.png
H,18.3,254.0,-23.0597867933638,rad_pattern_18p3GHz.png
H,18.3,254.5,-23.25821794210614,rad_pattern_18p3GHz.png
H,18.3,255.0,-23.330999762557983,rad_pattern_18p3GHz.png
H,18.3,255.5,-23.330999762557983,rad_pattern_18p3GHz.png
H,18.3,256.0,-23.162857096087915,rad_pattern_18p3GHz.png
H,18.3,256.5,-22.82587960557323,rad_pattern_18p3GHz.png
H,18.3,257.0,-22.488074274733965,rad_pattern_18p3GHz.png
H,18.3,257.5,-22.149539547081144,rad_pattern_18p3GHz.png
H,18.3,258.0,-21.753771317794158,rad_pattern_18p3GHz.png
H,18.3,258.5,-21.232474210994475,rad_pattern_18p3GHz.png
H,18.3,259.0,-20.71094317195463,rad_pattern_18p3GHz.png
H,18.3,259.5,-20.20006007871667,rad_pattern_18p3GHz.png
H,18.3,260.0,-19.812239695218565,rad_pattern_18p3GHz.png
H,18.3,260.5,-19.365877939015743,rad_pattern_18p3GHz.png
H,18.3,261.0,-18.957149881775216,rad_pattern_18p3GHz.png
H,18.3,261.5,-18.599208485856362,rad_pattern_18p3GHz.png
H,18.3,262.0,-18.321521039276778,rad_pattern_18p3GHz.png
H,18.3,262.5,-18.0256433655305,rad_pattern_18p3GHz.png
H,18.3,263.0,-17.77099308069013,rad_pattern_18p3GHz.png
H,18.3,263.5,-17.58658213082121,rad_pattern_18p3GHz.png
H,18.3,264.0,-17.417172390321994,rad_pattern_18p3GHz.png
H,18.3,264.5,-17.227344562368142,rad_pattern_18p3GHz.png
H,18.3,265.0,-17.119994148886096,rad_pattern_18p3GHz.png
H,18.3,265.5,-17.038639428966228,rad_pattern_18p3GHz.png
H,18.3,266.0,-16.990058942550935,rad_pattern_18p3GHz.png
H,18.3,266.5,-16.91510332660108,rad_pattern_18p3GHz.png
H,18.3,267.0,-16.889773463082363,rad_pattern_18p3GHz.png
H,18.3,267.5,-16.86950200299096,rad_pattern_18p3GHz.png
H,18.3,268.0,-16.843166064888212,rad_pattern_18p3GHz.png
H,18.3,268.5,-16.823208306192587,rad_pattern_18p3GHz.png
H,18.3,269.0,-16.823208306192587,rad_pattern_18p3GHz.png
H,18.3,269.5,-16.824657045602667,rad_pattern_18p3GHz.png
H,18.3,270.0,-16.824657045602667,rad_pattern_18p3GHz.png
H,18.3,270.5,-16.824657045602667,rad_pattern_18p3GHz.png
H,18.3,271.0,-16.823208306192587,rad_pattern_18p3GHz.png
H,18.3,271.5,-16.823208306192587,rad_pattern_18p3GHz.png
H,18.3,272.0,-16.843166064888212,rad_pattern_18p3GHz.png
H,18.3,272.5,-16.86950200299096,rad_pattern_18p3GHz.png
H,18.3,273.0,-16.889773463082363,rad_pattern_18p3GHz.png
H,18.3,273.5,-16.91510332660108,rad_pattern_18p3GHz.png
H,18.3,274.0,-16.990058942550935,rad_pattern_18p3GHz.png
H,18.3,274.5,-17.038639428966228,rad_pattern_18p3GHz.png
H,18.3,275.0,-17.119994148886096,rad_pattern_18p3GHz.png
H,18.3,275.5,-17.227344562368142,rad_pattern_18p3GHz.png
H,18.3,276.0,-17.417172390321994,rad_pattern_18p3GHz.png
H,18.3,276.5,-17.608779277233754,rad_pattern_18p3GHz.png
H,18.3,277.0,-17.796189805701136,rad_pattern_18p3GHz.png
H,18.3,277.5,-18.0256433655305,rad_pattern_18p3GHz.png
H,18.3,278.0,-18.321521039276778,rad_pattern_18p3GHz.png
H,18.3,278.5,-18.599208485856362,rad_pattern_18p3GHz.png
H,18.3,279.0,-18.957149881775216,rad_pattern_18p3GHz.png
H,18.3,279.5,-19.365877939015743,rad_pattern_18p3GHz.png
H,18.3,280.0,-19.812239695218565,rad_pattern_18p3GHz.png
H,18.3,280.5,-20.20006007871667,rad_pattern_18p3GHz.png
H,18.3,281.0,-20.71094317195463,rad_pattern_18p3GHz.png
H,18.3,281.5,-21.232474210994475,rad_pattern_18p3GHz.png
H,18.3,282.0,-21.753771317794158,rad_pattern_18p3GHz.png
H,18.3,282.5,-22.149539547081144,rad_pattern_18p3GHz.png
H,18.3,283.0,-22.488074274733965,rad_pattern_18p3GHz.png
H,18.3,283.5,-22.82587960557323,rad_pattern_18p3GHz.png
H,18.3,284.0,-23.162857096087915,rad_pattern_18p3GHz.png
H,18.3,284.5,-23.330999762557983,rad_pattern_18p3GHz.png
H,18.3,285.0,-23.330999762557983,rad_pattern_18p3GHz.png
H,18.3,285.5,-23.25821794210614,rad_pattern_18p3GHz.png
H,18.3,286.0,-23.0597867933638,rad_pattern_18p3GHz.png
H,18.3,286.5,-22.833125320789133,rad_pattern_18p3GHz.png
H,18.3,287.0,-22.561513864748843,rad_pattern_18p3GHz.png
H,18.3,287.5,-22.27871823200049,rad_pattern_18p3GHz.png
H,18.3,288.0,-22.041972777284325,rad_pattern_18p3GHz.png
H,18.3,288.5,-21.768030052910643,rad_pattern_18p3GHz.png
H,18.3,289.0,-21.593961415093894,rad_pattern_18p3GHz.png
H,18.3,289.5,-21.526302235821166,rad_pattern_18p3GHz.png
H,18.3,290.0,-21.526302235821166,rad_pattern_18p3GHz.png
H,18.3,290.5,-21.770090270018358,rad_pattern_18p3GHz.png
H,18.3,291.0,-22.297311605254837,rad_pattern_18p3GHz.png
H,18.3,291.5,-23.32832311306589,rad_pattern_18p3GHz.png
H,18.3,292.0,-24.149502358785597,rad_pattern_18p3GHz.png
H,18.3,292.5,-24.203019738494707,rad_pattern_18p3GHz.png
H,18.3,293.0,-24.454197420642696,rad_pattern_18p3GHz.png
H,18.3,293.5,-24.780668409345306,rad_pattern_18p3GHz.png
H,18.3,294.0,-25.171299061902992,rad_pattern_18p3GHz.png
H,18.3,294.5,-25.67870556001884,rad_pattern_18p3GHz.png
H,18.3,295.0,-26.365127621118827,rad_pattern_18p3GHz.png
H,18.3,295.5,-26.547622079068514,rad_pattern_18p3GHz.png
H,18.3,296.0,-26.547622079068514,rad_pattern_18p3GHz.png
H,18.3,296.5,-26.379605248821985,rad_pattern_18p3GHz.png
H,18.3,297.0,-26.34035898767343,rad_pattern_18p3GHz.png
H,18.3,297.5,-26.22432661204622,rad_pattern_18p3GHz.png
H,18.3,298.0,-25.925733351069617,rad_pattern_18p3GHz.png
H,18.3,298.5,-25.639946002304935,rad_pattern_18p3GHz.png
H,18.3,299.0,-25.199323938846394,rad_pattern_18p3GHz.png
H,18.3,299.5,-25.092559843373557,rad_pattern_18p3GHz.png
H,18.3,300.0,-25.08887263382392,rad_pattern_18p3GHz.png
H,18.3,300.5,-25.009803603366617,rad_pattern_18p3GHz.png
H,18.3,301.0,-24.901042167558632,rad_pattern_18p3GHz.png
H,18.3,301.5,-24.84636656616085,rad_pattern_18p3GHz.png
H,18.3,302.0,-24.671983372599883,rad_pattern_18p3GHz.png
H,18.3,302.5,-24.448276440729956,rad_pattern_18p3GHz.png
H,18.3,303.0,-24.23304948226876,rad_pattern_18p3GHz.png
H,18.3,303.5,-24.01716081511238,rad_pattern_18p3GHz.png
H,18.3,304.0,-23.74423868124172,rad_pattern_18p3GHz.png
H,18.3,304.5,-23.422639183188895,rad_pattern_18p3GHz.png
H,18.3,305.0,-23.10057314100828,rad_pattern_18p3GHz.png
H,18.3,305.5,-22.697420636628628,rad_pattern_18p3GHz.png
H,18.3,306.0,-22.27034643788632,rad_pattern_18p3GHz.png
H,18.3,306.5,-21.80866178873647,rad_pattern_18p3GHz.png
H,18.3,307.0,-21.438691677102167,rad_pattern_18p3GHz.png
H,18.3,307.5,-21.062457542067314,rad_pattern_18p3GHz.png
H,18.3,308.0,-20.748276847281403,rad_pattern_18p3GHz.png
H,18.3,308.5,-20.446097191704272,rad_pattern_18p3GHz.png
H,18.3,309.0,-20.296743258486057,rad_pattern_18p3GHz.png
H,18.3,309.5,-20.296743258486057,rad_pattern_18p3GHz.png
H,18.3,310.0,-20.411930058063174,rad_pattern_18p3GHz.png
H,18.3,310.5,-20.519003710454587,rad_pattern_18p3GHz.png
H,18.3,311.0,-20.672535022414923,rad_pattern_18p3GHz.png
H,18.3,311.5,-20.76631642405462,rad_pattern_18p3GHz.png
H,18.3,312.0,-20.76631642405462,rad_pattern_18p3GHz.png
H,18.3,312.5,-20.64574050348434,rad_pattern_18p3GHz.png
H,18.3,313.0,-20.465973022949637,rad_pattern_18p3GHz.png
H,18.3,313.5,-20.223227235906155,rad_pattern_18p3GHz.png
H,18.3,314.0,-19.877862888534178,rad_pattern_18p3GHz.png
H,18.3,314.5,-19.6128497813129,rad_pattern_18p3GHz.png
H,18.3,315.0,-19.22501357240505,rad_pattern_18p3GHz.png
H,18.3,315.5,-19.060843276928903,rad_pattern_18p3GHz.png
H,18.3,316.0,-18.794360674772065,rad_pattern_18p3GHz.png
H,18.3,316.5,-18.50575701828581,rad_pattern_18p3GHz.png
H,18.3,317.0,-18.337136053295428,rad_pattern_18p3GHz.png
H,18.3,317.5,-18.150834055826234,rad_pattern_18p3GHz.png
H,18.3,318.0,-18.10420390788607,rad_pattern_18p3GHz.png
H,18.3,318.5,-18.10420390788607,rad_pattern_18p3GHz.png
H,18.3,319.0,-18.19239919791214,rad_pattern_18p3GHz.png
H,18.3,319.5,-18.26472477534256,rad_pattern_18p3GHz.png
H,18.3,320.0,-18.309399815630698,rad_pattern_18p3GHz.png
H,18.3,320.5,-18.309399815630698,rad_pattern_18p3GHz.png
H,18.3,321.0,-18.197689856692573,rad_pattern_18p3GHz.png
H,18.3,321.5,-18.021878335607582,rad_pattern_18p3GHz.png
H,18.3,322.0,-17.79982470930656,rad_pattern_18p3GHz.png
H,18.3,322.5,-17.546284532057868,rad_pattern_18p3GHz.png
H,18.3,323.0,-17.25296235004616,rad_pattern_18p3GHz.png
H,18.3,323.5,-16.98658881720767,rad_pattern_18p3GHz.png
H,18.3,324.0,-16.638334993706874,rad_pattern_18p3GHz.png
H,18.3,324.5,-16.369853785837815,rad_pattern_18p3GHz.png
H,18.3,325.0,-16.131058754651228,rad_pattern_18p3GHz.png
H,18.3,325.5,-15.869973380429077,rad_pattern_18p3GHz.png
H,18.3,326.0,-15.654974376652373,rad_pattern_18p3GHz.png
H,18.3,326.5,-15.42245240416674,rad_pattern_18p3GHz.png
H,18.3,327.0,-15.220543770163074,rad_pattern_18p3GHz.png
H,18.3,327.5,-15.056681277331192,rad_pattern_18p3GHz.png
H,18.3,328.0,-14.879062768422692,rad_pattern_18p3GHz.png
H,18.3,328.5,-14.737366610763404,rad_pattern_18p3GHz.png
H,18.3,329.0,-14.614081103858318,rad_pattern_18p3GHz.png
H,18.3,329.5,-14.553932972061318,rad_pattern_18p3GHz.png
H,18.3,330.0,-14.553932972061318,rad_pattern_18p3GHz.png
H,18.3,330.5,-14.554820659029978,rad_pattern_18p3GHz.png
H,18.3,331.0,-14.614345270191706,rad_pattern_18p3GHz.png
H,18.3,331.5,-14.78768385599238,rad_pattern_18p3GHz.png
H,18.3,332.0,-14.895050312023633,rad_pattern_18p3GHz.png
H,18.3,332.5,-15.052721766059959,rad_pattern_18p3GHz.png
H,18.3,333.0,-15.235152605724618,rad_pattern_18p3GHz.png
H,18.3,333.5,-15.365294173041303,rad_pattern_18p3GHz.png
H,18.3,334.0,-15.455149734451087,rad_pattern_18p3GHz.png
H,18.3,334.5,-15.488844774625175,rad_pattern_18p3GHz.png
H,18.3,335.0,-15.488844774625175,rad_pattern_18p3GHz.png
H,18.3,335.5,-15.405965146981629,rad_pattern_18p3GHz.png
H,18.3,336.0,-15.335901433367376,rad_pattern_18p3GHz.png
H,18.3,336.5,-15.2117850950788,rad_pattern_18p3GHz.png
H,18.3,337.0,-15.063697233447687,rad_pattern_18p3GHz.png
H,18.3,337.5,-14.87277138315027,rad_pattern_18p3GHz.png
H,18.3,338.0,-14.691388511378742,rad_pattern_18p3GHz.png
H,18.3,338.5,-14.530309204625798,rad_pattern_18p3GHz.png
H,18.3,339.0,-14.336102832722254,rad_pattern_18p3GHz.png
H,18.3,339.5,-14.188022087670891,rad_pattern_18p3GHz.png
H,18.3,340.0,-14.048044578154652,rad_pattern_18p3GHz.png
H,18.3,340.5,-13.958609203797952,rad_pattern_18p3GHz.png
H,18.3,341.0,-13.915613658124666,rad_pattern_18p3GHz.png
H,18.3,341.5,-13.915613658124666,rad_pattern_18p3GHz.png
H,18.3,342.0,-13.960759275115212,rad_pattern_18p3GHz.png
H,18.3,342.5,-14.006121820842761,rad_pattern_18p3GHz.png
H,18.3,343.0,-14.075258270975677,rad_pattern_18p3GHz.png
H,18.3,343.5,-14.172365866657806,rad_pattern_18p3GHz.png
H,18.3,344.0,-14.244793902526144,rad_pattern_18p3GHz.png
H,18.3,344.5,-14.244793902526144,rad_pattern_18p3GHz.png
H,18.3,345.0,-14.242608390885621,rad_pattern_18p3GHz.png
H,18.3,345.5,-14.223442880695846,rad_pattern_18p3GHz.png
H,18.3,346.0,-14.188782615820518,rad_pattern_18p3GHz.png
H,18.3,346.5,-14.124472025229636,rad_pattern_18p3GHz.png
H,18.3,347.0,-14.08140200645946,rad_pattern_18p3GHz.png
H,18.3,347.5,-14.035035174054943,rad_pattern_18p3GHz.png
H,18.3,348.0,-13.968810169005458,rad_pattern_18p3GHz.png
H,18.3,348.5,-13.936023715738788,rad_pattern_18p3GHz.png
H,18.3,349.0,-13.867658867798596,rad_pattern_18p3GHz.png
H,18.3,349.5,-13.816268981493746,rad_pattern_18p3GHz.png
H,18.3,350.0,-13.728600324440272,rad_pattern_18p3GHz.png
H,18.3,350.5,-13.629707640825234,rad_pattern_18p3GHz.png
H,18.3,351.0,-13.48703100398383,rad_pattern_18p3GHz.png
H,18.3,351.5,-13.33347628458893,rad_pattern_18p3GHz.png
H,18.3,352.0,-13.137561745312983,rad_pattern_18p3GHz.png
H,18.3,352.5,-12.94457894367175,rad_pattern_18p3GHz.png
H,18.3,353.0,-12.758593671328263,rad_pattern_18p3GHz.png
H,18.3,353.5,-12.555610603661666,rad_pattern_18p3GHz.png
H,18.3,354.0,-12.386244995134366,rad_pattern_18p3GHz.png
H,18.3,354.5,-12.225544271264077,rad_pattern_18p3GHz.png
H,18.3,355.0,-12.016534916861858,rad_pattern_18p3GHz.png
H,18.3,355.5,-11.859747045111796,rad_pattern_18p3GHz.png
H,18.3,356.0,-11.746507477195358,rad_pattern_18p3GHz.png
H,18.3,356.5,-11.532555986585901,rad_pattern_18p3GHz.png
H,18.3,357.0,-11.417117619491847,rad_pattern_18p3GHz.png
H,18.3,357.5,-11.260479284068289,rad_pattern_18p3GHz.png
H,18.3,358.0,-11.149046250381957,rad_pattern_18p3GHz.png
H,18.3,358.5,-10.92129631449837,rad_pattern_18p3GHz.png
H,18.3,359.0,-10.866202459263551,rad_pattern_18p3GHz.png
H,18.3,359.5,-10.753660954412727,rad_pattern_18p3GHz.png
