Horn,Plane,Frequency_GHz,Band_Low_GHz,Band_High_GHz,Angle_Deg,Raw_Band_Mean_S21_dB,Boresight_Band_Mean_S21_dB,Normalized_S21_dB,N_Frequency_Samples
HORN1,E,6,5.8,6.8,0,-51.16958816074,-51.16958816074,0.0,15
HORN1,E,6,5.8,6.8,10,-54.57356146312667,-51.16958816074,-3.4039733023866745,15
HORN1,E,6,5.8,6.8,20,-62.26001762756666,-51.16958816074,-11.090429466826663,15
HORN1,E,6,5.8,6.8,30,-70.45675828092666,-51.16958816074,-19.287170120186666,15
HORN1,E,6,5.8,6.8,40,-70.48559274157333,-51.16958816074,-19.31600458083333,15
HORN1,E,6,5.8,6.8,50,-72.83929887876,-51.16958816074,-21.669710718020006,15
HORN1,E,6,5.8,6.8,60,-75.38955011277334,-51.16958816074,-24.219961952033337,15
HORN1,E,6,5.8,6.8,70,-77.85861535955999,-51.16958816074,-26.689027198819993,15
HORN1,E,6,5.8,6.8,80,-79.75524823544667,-51.16958816074,-28.585660074706674,15
HORN1,E,6,5.8,6.8,90,-81.17855835045334,-51.16958816074,-30.008970189713345,15
HORN1,E,6,5.8,6.8,100,-79.98062387462667,-51.16958816074,-28.811035713886675,15
HORN1,E,6,5.8,6.8,110,-79.81283479228665,-51.16958816074,-28.643246631546653,15
HORN1,E,6,5.8,6.8,120,-84.15232324658668,-51.16958816074,-32.98273508584668,15
HORN1,E,6,5.8,6.8,130,-81.82094905190667,-51.16958816074,-30.651360891166668,15
HORN1,E,6,5.8,6.8,140,-79.81779916222,-51.16958816074,-28.64821100148,15
HORN1,E,6,5.8,6.8,150,-79.71006911958666,-51.16958816074,-28.540480958846665,15
HORN1,E,6,5.8,6.8,160,-81.89586934155334,-51.16958816074,-30.726281180813338,15
HORN1,E,6,5.8,6.8,170,-80.19188390615999,-51.16958816074,-29.02229574541999,15
HORN1,E,6,5.8,6.8,180,-76.17687003056668,-51.16958816074,-25.007281869826677,15
HORN2,E,6,5.8,6.8,0,-56.80987804118668,-56.80987804118668,0.0,15
HORN2,E,6,5.8,6.8,10,-59.022017779,-56.80987804118668,-2.212139737813324,15
HORN2,E,6,5.8,6.8,20,-65.02217415706,-56.80987804118668,-8.212296115873315,15
HORN2,E,6,5.8,6.8,30,-72.680872551,-56.80987804118668,-15.870994509813315,15
HORN2,E,6,5.8,6.8,40,-74.59703554046668,-56.80987804118668,-17.78715749928,15
HORN2,E,6,5.8,6.8,50,-77.36571385004666,-56.80987804118668,-20.55583580885998,15
HORN2,E,6,5.8,6.8,60,-80.20838216386,-56.80987804118668,-23.398504122673316,15
HORN2,E,6,5.8,6.8,70,-83.14095232594666,-56.80987804118668,-26.33107428475998,15
HORN2,E,6,5.8,6.8,80,-82.78861201975998,-56.80987804118668,-25.978733978573302,15
HORN2,E,6,5.8,6.8,90,-84.20670823463334,-56.80987804118668,-27.39683019344666,15
HORN2,E,6,5.8,6.8,100,-82.87888102638665,-56.80987804118668,-26.069002985199972,15
HORN2,E,6,5.8,6.8,110,-74.92397350533334,-56.80987804118668,-18.114095464146658,15
HORN2,E,6,5.8,6.8,120,-75.64622507752001,-56.80987804118668,-18.836347036333336,15
HORN2,E,6,5.8,6.8,130,-79.86743100416668,-56.80987804118668,-23.057552962979997,15
HORN2,E,6,5.8,6.8,140,-76.72573725450665,-56.80987804118668,-19.915859213319976,15
HORN2,E,6,5.8,6.8,150,-84.34207830116665,-56.80987804118668,-27.532200259979973,15
HORN2,E,6,5.8,6.8,160,-85.13915108927999,-56.80987804118668,-28.329273048093313,15
HORN2,E,6,5.8,6.8,170,-84.51861678955333,-56.80987804118668,-27.708738748366656,15
HORN2,E,6,5.8,6.8,180,-80.00043236366001,-56.80987804118668,-23.190554322473332,15
HORN3,E,6,5.8,6.8,0,-56.57505298307333,-56.57505298307333,0.0,15
HORN3,E,6,5.8,6.8,10,-58.80358559987334,-56.57505298307333,-2.2285326168000097,15
HORN3,E,6,5.8,6.8,20,-65.16758533005333,-56.57505298307333,-8.59253234698,15
HORN3,E,6,5.8,6.8,30,-72.92912566386666,-56.57505298307333,-16.35407268079333,15
HORN3,E,6,5.8,6.8,40,-75.61471194768,-56.57505298307333,-19.039658964606666,15
HORN3,E,6,5.8,6.8,50,-76.88620126778,-56.57505298307333,-20.311148284706668,15
HORN3,E,6,5.8,6.8,60,-80.25300280914001,-56.57505298307333,-23.677949826066687,15
HORN3,E,6,5.8,6.8,70,-81.47068155486667,-56.57505298307333,-24.895628571793345,15
HORN3,E,6,5.8,6.8,80,-83.11412693348666,-56.57505298307333,-26.539073950413332,15
HORN3,E,6,5.8,6.8,90,-86.71406735332667,-56.57505298307333,-30.139014370253342,15
HORN3,E,6,5.8,6.8,100,-84.95708470015333,-56.57505298307333,-28.382031717080004,15
HORN3,E,6,5.8,6.8,110,-85.53175639991333,-56.57505298307333,-28.956703416840007,15
HORN3,E,6,5.8,6.8,120,-79.54881906372002,-56.57505298307333,-22.97376608064669,15
HORN3,E,6,5.8,6.8,130,-82.66271408749334,-56.57505298307333,-26.087661104420015,15
HORN3,E,6,5.8,6.8,140,-84.25030055421333,-56.57505298307333,-27.675247571139998,15
HORN3,E,6,5.8,6.8,150,-82.33355763930668,-56.57505298307333,-25.75850465623335,15
HORN3,E,6,5.8,6.8,160,-82.56215461115333,-56.57505298307333,-25.987101628080005,15
HORN3,E,6,5.8,6.8,170,-83.87264900577999,-56.57505298307333,-27.297596022706664,15
HORN3,E,6,5.8,6.8,180,-81.00340383446665,-56.57505298307333,-24.428350851393326,15
HORN4,E,6,5.8,6.8,0,-58.90069644342667,-58.90069644342667,0.0,15
HORN4,E,6,5.8,6.8,10,-61.01054995706,-58.90069644342667,-2.1098535136333325,15
HORN4,E,6,5.8,6.8,20,-67.40929481275333,-58.90069644342667,-8.508598369326663,15
HORN4,E,6,5.8,6.8,30,-74.59838717356666,-58.90069644342667,-15.697690730139996,15
HORN4,E,6,5.8,6.8,40,-77.91404266206,-58.90069644342667,-19.01334621863333,15
HORN4,E,6,5.8,6.8,50,-78.20430243771334,-58.90069644342667,-19.30360599428667,15
HORN4,E,6,5.8,6.8,60,-82.83917571498667,-58.90069644342667,-23.93847927156,15
HORN4,E,6,5.8,6.8,70,-84.22246818986667,-58.90069644342667,-25.321771746440007,15
HORN4,E,6,5.8,6.8,80,-84.15469428579999,-58.90069644342667,-25.253997842373323,15
HORN4,E,6,5.8,6.8,90,-89.62915499644,-58.90069644342667,-30.728458553013326,15
HORN4,E,6,5.8,6.8,100,-86.97772897917335,-58.90069644342667,-28.07703253574668,15
HORN4,E,6,5.8,6.8,110,-89.86315367769333,-58.90069644342667,-30.962457234266665,15
HORN4,E,6,5.8,6.8,120,-80.42020198995998,-58.90069644342667,-21.51950554653331,15
HORN4,E,6,5.8,6.8,130,-85.58398739783333,-58.90069644342667,-26.683290954406658,15
HORN4,E,6,5.8,6.8,140,-78.71668337448666,-58.90069644342667,-19.815986931059996,15
HORN4,E,6,5.8,6.8,150,-79.43300086274667,-58.90069644342667,-20.53230441932,15
HORN4,E,6,5.8,6.8,160,-84.90753000165334,-58.90069644342667,-26.006833558226674,15
HORN4,E,6,5.8,6.8,170,-89.43598196764668,-58.90069644342667,-30.535285524220015,15
HORN4,E,6,5.8,6.8,180,-83.27547824256,-58.90069644342667,-24.37478179913333,15
HORN5,E,6,5.8,6.8,0,-58.75782533382668,-58.75782533382668,0.0,15
HORN5,E,6,5.8,6.8,10,-60.999163472226655,-58.75782533382668,-2.241338138399975,15
HORN5,E,6,5.8,6.8,20,-67.52378932802667,-58.75782533382668,-8.765963994199986,15
HORN5,E,6,5.8,6.8,30,-74.97595324688668,-58.75782533382668,-16.218127913059995,15
HORN5,E,6,5.8,6.8,40,-76.76070733707334,-58.75782533382668,-18.00288200324666,15
HORN5,E,6,5.8,6.8,50,-78.00639803298668,-58.75782533382668,-19.24857269916,15
HORN5,E,6,5.8,6.8,60,-84.57556873733331,-58.75782533382668,-25.817743403506633,15
HORN5,E,6,5.8,6.8,70,-85.10323641798,-58.75782533382668,-26.34541108415332,15
HORN5,E,6,5.8,6.8,80,-84.95000559256668,-58.75782533382668,-26.192180258740002,15
HORN5,E,6,5.8,6.8,90,-85.40845684821333,-58.75782533382668,-26.650631514386653,15
HORN5,E,6,5.8,6.8,100,-82.88595919645334,-58.75782533382668,-24.12813386262666,15
HORN5,E,6,5.8,6.8,110,-80.52770484714001,-58.75782533382668,-21.769879513313334,15
HORN5,E,6,5.8,6.8,120,-80.65320220232,-58.75782533382668,-21.895376868493322,15
HORN5,E,6,5.8,6.8,130,-87.44553165525332,-58.75782533382668,-28.68770632142664,15
HORN5,E,6,5.8,6.8,140,-83.52794125045332,-58.75782533382668,-24.770115916626644,15
HORN5,E,6,5.8,6.8,150,-81.55233785453332,-58.75782533382668,-22.79451252070664,15
HORN5,E,6,5.8,6.8,160,-85.04422385510001,-58.75782533382668,-26.286398521273334,15
HORN5,E,6,5.8,6.8,170,-88.71770019883333,-58.75782533382668,-29.959874865006647,15
HORN5,E,6,5.8,6.8,180,-83.97289404445334,-58.75782533382668,-25.21506871062666,15
HORN6,E,6,5.8,6.8,0,-62.39516620682666,-62.39516620682666,0.0,15
HORN6,E,6,5.8,6.8,10,-64.7049653161,-62.39516620682666,-2.3097991092733423,15
HORN6,E,6,5.8,6.8,20,-70.40647123394,-62.39516620682666,-8.011305027113337,15
HORN6,E,6,5.8,6.8,30,-77.58004021628668,-62.39516620682666,-15.184874009460017,15
HORN6,E,6,5.8,6.8,40,-80.67447244726667,-62.39516620682666,-18.279306240440008,15
HORN6,E,6,5.8,6.8,50,-81.84936928413335,-62.39516620682666,-19.454203077306687,15
HORN6,E,6,5.8,6.8,60,-86.01904410049335,-62.39516620682666,-23.623877893666688,15
HORN6,E,6,5.8,6.8,70,-87.87593892505333,-62.39516620682666,-25.480772718226675,15
HORN6,E,6,5.8,6.8,80,-85.74324330902002,-62.39516620682666,-23.348077102193358,15
HORN6,E,6,5.8,6.8,90,-86.77827439534,-62.39516620682666,-24.383108188513347,15
HORN6,E,6,5.8,6.8,100,-89.38008663162002,-62.39516620682666,-26.98492042479336,15
HORN6,E,6,5.8,6.8,110,-93.08154434862666,-62.39516620682666,-30.686378141800006,15
HORN6,E,6,5.8,6.8,120,-77.74782970489998,-62.39516620682666,-15.352663498073326,15
HORN6,E,6,5.8,6.8,130,-86.00218980814665,-62.39516620682666,-23.607023601319995,15
HORN6,E,6,5.8,6.8,140,-81.39544693767998,-62.39516620682666,-19.00028073085332,15
HORN6,E,6,5.8,6.8,150,-75.09771983156,-62.39516620682666,-12.70255362473334,15
HORN6,E,6,5.8,6.8,160,-80.60734870864,-62.39516620682666,-18.212182501813345,15
HORN6,E,6,5.8,6.8,170,-88.89357451008,-62.39516620682666,-26.498408303253342,15
HORN6,E,6,5.8,6.8,180,-84.22871509080666,-62.39516620682666,-21.83354888398,15
HORN7,E,6,5.8,6.8,0,-62.32439335892,-62.32439335892,0.0,15
HORN7,E,6,5.8,6.8,10,-64.72972952354002,-62.32439335892,-2.4053361646200173,15
HORN7,E,6,5.8,6.8,20,-70.47392397527332,-62.32439335892,-8.149530616353324,15
HORN7,E,6,5.8,6.8,30,-78.38600521669332,-62.32439335892,-16.061611857773322,15
HORN7,E,6,5.8,6.8,40,-80.02371327577335,-62.32439335892,-17.699319916853348,15
HORN7,E,6,5.8,6.8,50,-82.24509689284,-62.32439335892,-19.920703533919998,15
HORN7,E,6,5.8,6.8,60,-84.94371824713333,-62.32439335892,-22.619324888213335,15
HORN7,E,6,5.8,6.8,70,-85.45512735462667,-62.32439335892,-23.13073399570667,15
HORN7,E,6,5.8,6.8,80,-87.86132421947998,-62.32439335892,-25.536930860559984,15
HORN7,E,6,5.8,6.8,90,-85.55387703170665,-62.32439335892,-23.22948367278665,15
HORN7,E,6,5.8,6.8,100,-87.43387240397334,-62.32439335892,-25.10947904505334,15
HORN7,E,6,5.8,6.8,110,-89.4497773046,-62.32439335892,-27.125383945680007,15
HORN7,E,6,5.8,6.8,120,-83.18375641800667,-62.32439335892,-20.859363059086668,15
HORN7,E,6,5.8,6.8,130,-88.24007123216666,-62.32439335892,-25.915677873246658,15
HORN7,E,6,5.8,6.8,140,-81.24136051343999,-62.32439335892,-18.916967154519988,15
HORN7,E,6,5.8,6.8,150,-83.08553355846,-62.32439335892,-20.76114019954,15
HORN7,E,6,5.8,6.8,160,-84.70852377694668,-62.32439335892,-22.38413041802668,15
HORN7,E,6,5.8,6.8,170,-89.28963301134667,-62.32439335892,-26.965239652426668,15
HORN7,E,6,5.8,6.8,180,-89.71340925092667,-62.32439335892,-27.389015892006675,15
HORN8,E,6,5.8,6.8,0,-64.44103495927334,-64.44103495927334,0.0,15
HORN8,E,6,5.8,6.8,10,-66.58856134010666,-64.44103495927334,-2.1475263808333267,15
HORN8,E,6,5.8,6.8,20,-71.71975046956668,-64.44103495927334,-7.278715510293338,15
HORN8,E,6,5.8,6.8,30,-79.12170773434667,-64.44103495927334,-14.680672775073333,15
HORN8,E,6,5.8,6.8,40,-81.43164825050668,-64.44103495927334,-16.990613291233345,15
HORN8,E,6,5.8,6.8,50,-85.21399783571334,-64.44103495927334,-20.772962876440005,15
HORN8,E,6,5.8,6.8,60,-87.12005498324666,-64.44103495927334,-22.679020023973322,15
HORN8,E,6,5.8,6.8,70,-89.50764506489334,-64.44103495927334,-25.06661010562,15
HORN8,E,6,5.8,6.8,80,-88.78128184396665,-64.44103495927334,-24.340246884693315,15
HORN8,E,6,5.8,6.8,90,-88.84057023638667,-64.44103495927334,-24.39953527711333,15
HORN8,E,6,5.8,6.8,100,-91.69396232057333,-64.44103495927334,-27.252927361299996,15
HORN8,E,6,5.8,6.8,110,-94.15239307436667,-64.44103495927334,-29.711358115093333,15
HORN8,E,6,5.8,6.8,120,-86.49892179471334,-64.44103495927334,-22.05788683544,15
HORN8,E,6,5.8,6.8,130,-88.62274070949333,-64.44103495927334,-24.18170575021999,15
HORN8,E,6,5.8,6.8,140,-82.46255502526,-64.44103495927334,-18.021520065986664,15
HORN8,E,6,5.8,6.8,150,-85.92056002934666,-64.44103495927334,-21.479525070073322,15
HORN8,E,6,5.8,6.8,160,-89.56924923794666,-64.44103495927334,-25.128214278673326,15
HORN8,E,6,5.8,6.8,170,-89.75180833411332,-64.44103495927334,-25.310773374839982,15
HORN8,E,6,5.8,6.8,180,-88.51608448663333,-64.44103495927334,-24.075049527359994,15
HORN1,E,7,6.8,7.8,0,-51.8995122945625,-51.8995122945625,0.0,16
HORN1,E,7,6.8,7.8,10,-56.40106014986875,-51.8995122945625,-4.501547855306249,16
HORN1,E,7,6.8,7.8,20,-64.2908554955625,-51.8995122945625,-12.391343200999998,16
HORN1,E,7,6.8,7.8,30,-65.84378651716875,-51.8995122945625,-13.944274222606253,16
HORN1,E,7,6.8,7.8,40,-67.99007146753124,-51.8995122945625,-16.09055917296874,16
HORN1,E,7,6.8,7.8,50,-74.25819344621249,-51.8995122945625,-22.35868115164999,16
HORN1,E,7,6.8,7.8,60,-76.58494507581874,-51.8995122945625,-24.68543278125624,16
HORN1,E,7,6.8,7.8,70,-76.00906225164375,-51.8995122945625,-24.109549957081256,16
HORN1,E,7,6.8,7.8,80,-74.9794556553625,-51.8995122945625,-23.0799433608,16
HORN1,E,7,6.8,7.8,90,-77.4655078521875,-51.8995122945625,-25.565995557625,16
HORN1,E,7,6.8,7.8,100,-79.59138661727499,-51.8995122945625,-27.691874322712493,16
HORN1,E,7,6.8,7.8,110,-77.82377703398124,-51.8995122945625,-25.924264739418746,16
HORN1,E,7,6.8,7.8,120,-77.69976090105,-51.8995122945625,-25.8002486064875,16
HORN1,E,7,6.8,7.8,130,-80.2855460406875,-51.8995122945625,-28.38603374612501,16
HORN1,E,7,6.8,7.8,140,-79.7529959771125,-51.8995122945625,-27.853483682550007,16
HORN1,E,7,6.8,7.8,150,-81.9087776094625,-51.8995122945625,-30.009265314900006,16
HORN1,E,7,6.8,7.8,160,-78.8382851314125,-51.8995122945625,-26.938772836850006,16
HORN1,E,7,6.8,7.8,170,-78.71639014263125,-51.8995122945625,-26.816877848068756,16
HORN1,E,7,6.8,7.8,180,-75.9760947213625,-51.8995122945625,-24.0765824268,16
HORN2,E,7,6.8,7.8,0,-57.7331903416,-57.7331903416,0.0,16
HORN2,E,7,6.8,7.8,10,-60.464030753431246,-57.7331903416,-2.7308404118312453,16
HORN2,E,7,6.8,7.8,20,-66.8964666227375,-57.7331903416,-9.163276281137506,16
HORN2,E,7,6.8,7.8,30,-70.79677115361875,-57.7331903416,-13.063580812018749,16
HORN2,E,7,6.8,7.8,40,-72.23736675749375,-57.7331903416,-14.504176415893745,16
HORN2,E,7,6.8,7.8,50,-78.18481352535,-57.7331903416,-20.451623183749994,16
HORN2,E,7,6.8,7.8,60,-81.36088083885,-57.7331903416,-23.627690497249993,16
HORN2,E,7,6.8,7.8,70,-79.99940862548125,-57.7331903416,-22.26621828388125,16
HORN2,E,7,6.8,7.8,80,-82.59003767574376,-57.7331903416,-24.856847334143758,16
HORN2,E,7,6.8,7.8,90,-81.3199129772625,-57.7331903416,-23.586722635662504,16
HORN2,E,7,6.8,7.8,100,-74.37152575038125,-57.7331903416,-16.638335408781252,16
HORN2,E,7,6.8,7.8,110,-72.3287854204625,-57.7331903416,-14.595595078862495,16
HORN2,E,7,6.8,7.8,120,-73.08560403749999,-57.7331903416,-15.35241369589999,16
HORN2,E,7,6.8,7.8,130,-76.54841506766874,-57.7331903416,-18.81522472606874,16
HORN2,E,7,6.8,7.8,140,-74.99860649130625,-57.7331903416,-17.265416149706247,16
HORN2,E,7,6.8,7.8,150,-81.27133387553125,-57.7331903416,-23.538143533931255,16
HORN2,E,7,6.8,7.8,160,-81.032921460325,-57.7331903416,-23.299731118725,16
HORN2,E,7,6.8,7.8,170,-81.3410876959875,-57.7331903416,-23.607897354387497,16
HORN2,E,7,6.8,7.8,180,-75.97097008569375,-57.7331903416,-18.23777974409375,16
HORN3,E,7,6.8,7.8,0,-57.07280936196875,-57.07280936196875,0.0,16
HORN3,E,7,6.8,7.8,10,-59.730299667699995,-57.07280936196875,-2.657490305731244,16
HORN3,E,7,6.8,7.8,20,-67.26747030825001,-57.07280936196875,-10.19466094628126,16
HORN3,E,7,6.8,7.8,30,-70.46725872114999,-57.07280936196875,-13.394449359181237,16
HORN3,E,7,6.8,7.8,40,-71.73140426832501,-57.07280936196875,-14.658594906356257,16
HORN3,E,7,6.8,7.8,50,-78.01941457008749,-57.07280936196875,-20.94660520811874,16
HORN3,E,7,6.8,7.8,60,-83.60359933100625,-57.07280936196875,-26.5307899690375,16
HORN3,E,7,6.8,7.8,70,-81.64918585443125,-57.07280936196875,-24.5763764924625,16
HORN3,E,7,6.8,7.8,80,-79.6224022847625,-57.07280936196875,-22.54959292279375,16
HORN3,E,7,6.8,7.8,90,-85.86449926350625,-57.07280936196875,-28.791689901537495,16
HORN3,E,7,6.8,7.8,100,-84.907522956375,-57.07280936196875,-27.834713594406253,16
HORN3,E,7,6.8,7.8,110,-83.87859394707499,-57.07280936196875,-26.805784585106238,16
HORN3,E,7,6.8,7.8,120,-82.10722349792499,-57.07280936196875,-25.03441413595624,16
HORN3,E,7,6.8,7.8,130,-84.93800638699375,-57.07280936196875,-27.865197025024997,16
HORN3,E,7,6.8,7.8,140,-85.59996651323125,-57.07280936196875,-28.5271571512625,16
HORN3,E,7,6.8,7.8,150,-85.49790666058125,-57.07280936196875,-28.4250972986125,16
HORN3,E,7,6.8,7.8,160,-85.901853999575,-57.07280936196875,-28.829044637606245,16
HORN3,E,7,6.8,7.8,170,-85.33110317763749,-57.07280936196875,-28.258293815668736,16
HORN3,E,7,6.8,7.8,180,-81.2130761557125,-57.07280936196875,-24.14026679374375,16
HORN4,E,7,6.8,7.8,0,-59.39351736038125,-59.39351736038125,0.0,16
HORN4,E,7,6.8,7.8,10,-61.802154580212495,-59.39351736038125,-2.408637219831242,16
HORN4,E,7,6.8,7.8,20,-69.313529032,-59.39351736038125,-9.920011671618752,16
HORN4,E,7,6.8,7.8,30,-72.3435934638875,-59.39351736038125,-12.950076103506248,16
HORN4,E,7,6.8,7.8,40,-72.94201337728126,-59.39351736038125,-13.548496016900003,16
HORN4,E,7,6.8,7.8,50,-81.06522990656251,-59.39351736038125,-21.671712546181254,16
HORN4,E,7,6.8,7.8,60,-82.08523480339375,-59.39351736038125,-22.691717443012493,16
HORN4,E,7,6.8,7.8,70,-81.41296388736875,-59.39351736038125,-22.019446526987494,16
HORN4,E,7,6.8,7.8,80,-82.76419128465625,-59.39351736038125,-23.370673924274996,16
HORN4,E,7,6.8,7.8,90,-84.44927725086876,-59.39351736038125,-25.055759890487508,16
HORN4,E,7,6.8,7.8,100,-86.0146783988875,-59.39351736038125,-26.621161038506244,16
HORN4,E,7,6.8,7.8,110,-86.91851573154375,-59.39351736038125,-27.524998371162496,16
HORN4,E,7,6.8,7.8,120,-80.5857707394,-59.39351736038125,-21.19225337901875,16
HORN4,E,7,6.8,7.8,130,-83.5865152992875,-59.39351736038125,-24.192997938906245,16
HORN4,E,7,6.8,7.8,140,-82.59664875049376,-59.39351736038125,-23.203131390112503,16
HORN4,E,7,6.8,7.8,150,-85.72297611773126,-59.39351736038125,-26.32945875735001,16
HORN4,E,7,6.8,7.8,160,-89.14774192990001,-59.39351736038125,-29.754224569518755,16
HORN4,E,7,6.8,7.8,170,-84.9700294351125,-59.39351736038125,-25.57651207473124,16
HORN4,E,7,6.8,7.8,180,-84.3518825600375,-59.39351736038125,-24.958365199656242,16
HORN5,E,7,6.8,7.8,0,-58.72156279198125,-58.72156279198125,0.0,16
HORN5,E,7,6.8,7.8,10,-61.598588317099995,-58.72156279198125,-2.8770255251187464,16
HORN5,E,7,6.8,7.8,20,-68.2662347973375,-58.72156279198125,-9.544672005356254,16
HORN5,E,7,6.8,7.8,30,-70.790917373025,-58.72156279198125,-12.069354581043747,16
HORN5,E,7,6.8,7.8,40,-73.30208659319999,-58.72156279198125,-14.580523801218739,16
HORN5,E,7,6.8,7.8,50,-82.2228883624125,-58.72156279198125,-23.501325570431256,16
HORN5,E,7,6.8,7.8,60,-82.16589044849374,-58.72156279198125,-23.444327656512492,16
HORN5,E,7,6.8,7.8,70,-82.84301462639375,-58.72156279198125,-24.121451834412504,16
HORN5,E,7,6.8,7.8,80,-83.98915796886875,-58.72156279198125,-25.267595176887504,16
HORN5,E,7,6.8,7.8,90,-83.04114317612499,-58.72156279198125,-24.31958038414374,16
HORN5,E,7,6.8,7.8,100,-80.5913815862625,-58.72156279198125,-21.86981879428125,16
HORN5,E,7,6.8,7.8,110,-79.91980860127501,-58.72156279198125,-21.19824580929376,16
HORN5,E,7,6.8,7.8,120,-81.81998473634374,-58.72156279198125,-23.098421944362492,16
HORN5,E,7,6.8,7.8,130,-84.45498869104375,-58.72156279198125,-25.733425899062503,16
HORN5,E,7,6.8,7.8,140,-85.75044066691251,-58.72156279198125,-27.02887787493126,16
HORN5,E,7,6.8,7.8,150,-84.7331633544125,-58.72156279198125,-26.011600562431248,16
HORN5,E,7,6.8,7.8,160,-86.6112222971375,-58.72156279198125,-27.889659505156253,16
HORN5,E,7,6.8,7.8,170,-86.055761882225,-58.72156279198125,-27.33419909024375,16
HORN5,E,7,6.8,7.8,180,-84.55124703203751,-58.72156279198125,-25.82968424005626,16
HORN6,E,7,6.8,7.8,0,-61.75784020266875,-61.75784020266875,0.0,16
HORN6,E,7,6.8,7.8,10,-64.84805534575625,-61.75784020266875,-3.090215143087498,16
HORN6,E,7,6.8,7.8,20,-71.39585168880625,-61.75784020266875,-9.638011486137493,16
HORN6,E,7,6.8,7.8,30,-74.7839034268,-61.75784020266875,-13.026063224131242,16
HORN6,E,7,6.8,7.8,40,-76.69137649322501,-61.75784020266875,-14.933536290556255,16
HORN6,E,7,6.8,7.8,50,-84.96326150406875,-61.75784020266875,-23.2054213014,16
HORN6,E,7,6.8,7.8,60,-84.942693564375,-61.75784020266875,-23.184853361706253,16
HORN6,E,7,6.8,7.8,70,-84.3044161228,-61.75784020266875,-22.546575920131254,16
HORN6,E,7,6.8,7.8,80,-86.36003612488125,-61.75784020266875,-24.602195922212495,16
HORN6,E,7,6.8,7.8,90,-86.25840534055001,-61.75784020266875,-24.50056513788126,16
HORN6,E,7,6.8,7.8,100,-85.36080701438749,-61.75784020266875,-23.602966811718737,16
HORN6,E,7,6.8,7.8,110,-91.01723904523749,-61.75784020266875,-29.259398842568736,16
HORN6,E,7,6.8,7.8,120,-79.2549249702125,-61.75784020266875,-17.497084767543747,16
HORN6,E,7,6.8,7.8,130,-84.6696486342625,-61.75784020266875,-22.911808431593748,16
HORN6,E,7,6.8,7.8,140,-77.29684032143125,-61.75784020266875,-15.539000118762495,16
HORN6,E,7,6.8,7.8,150,-76.83134563033124,-61.75784020266875,-15.07350542766249,16
HORN6,E,7,6.8,7.8,160,-88.8171574334375,-61.75784020266875,-27.059317230768748,16
HORN6,E,7,6.8,7.8,170,-83.66760408849375,-61.75784020266875,-21.909763885824994,16
HORN6,E,7,6.8,7.8,180,-84.52791419310626,-61.75784020266875,-22.770073990437503,16
HORN7,E,7,6.8,7.8,0,-62.14591837629375,-62.14591837629375,0.0,16
HORN7,E,7,6.8,7.8,10,-65.54030931445625,-62.14591837629375,-3.394390938162502,16
HORN7,E,7,6.8,7.8,20,-72.05167889134376,-62.14591837629375,-9.905760515050005,16
HORN7,E,7,6.8,7.8,30,-75.424449437475,-62.14591837629375,-13.278531061181255,16
HORN7,E,7,6.8,7.8,40,-75.84119771079375,-62.14591837629375,-13.6952793345,16
HORN7,E,7,6.8,7.8,50,-85.7752810864375,-62.14591837629375,-23.629362710143752,16
HORN7,E,7,6.8,7.8,60,-86.56283746338124,-62.14591837629375,-24.416919087087493,16
HORN7,E,7,6.8,7.8,70,-85.286317295275,-62.14591837629375,-23.140398918981248,16
HORN7,E,7,6.8,7.8,80,-84.96819936298749,-62.14591837629375,-22.82228098669374,16
HORN7,E,7,6.8,7.8,90,-87.231167394725,-62.14591837629375,-25.085249018431256,16
HORN7,E,7,6.8,7.8,100,-86.26331883585625,-62.14591837629375,-24.117400459562504,16
HORN7,E,7,6.8,7.8,110,-89.16134770261249,-62.14591837629375,-27.01542932631874,16
HORN7,E,7,6.8,7.8,120,-80.6102296725875,-62.14591837629375,-18.464311296293744,16
HORN7,E,7,6.8,7.8,130,-80.73086953883124,-62.14591837629375,-18.584951162537493,16
HORN7,E,7,6.8,7.8,140,-83.28390023509375,-62.14591837629375,-21.137981858800003,16
HORN7,E,7,6.8,7.8,150,-86.13002167279376,-62.14591837629375,-23.98410329650001,16
HORN7,E,7,6.8,7.8,160,-85.65981433766875,-62.14591837629375,-23.513895961375,16
HORN7,E,7,6.8,7.8,170,-87.1720175095875,-62.14591837629375,-25.026099133293755,16
HORN7,E,7,6.8,7.8,180,-85.41630452141875,-62.14591837629375,-23.270386145125002,16
HORN8,E,7,6.8,7.8,0,-63.92385274309375,-63.92385274309375,0.0,16
HORN8,E,7,6.8,7.8,10,-66.89361328524376,-63.92385274309375,-2.969760542150013,16
HORN8,E,7,6.8,7.8,20,-74.125983013275,-63.92385274309375,-10.202130270181257,16
HORN8,E,7,6.8,7.8,30,-77.4740781352625,-63.92385274309375,-13.550225392168755,16
HORN8,E,7,6.8,7.8,40,-78.5590005655625,-63.92385274309375,-14.635147822468753,16
HORN8,E,7,6.8,7.8,50,-85.31478882633125,-63.92385274309375,-21.390936083237506,16
HORN8,E,7,6.8,7.8,60,-84.94047147893124,-63.92385274309375,-21.016618735837497,16
HORN8,E,7,6.8,7.8,70,-86.03293665081875,-63.92385274309375,-22.109083907725008,16
HORN8,E,7,6.8,7.8,80,-87.62267351909375,-63.92385274309375,-23.698820776000005,16
HORN8,E,7,6.8,7.8,90,-85.9613960545125,-63.92385274309375,-22.03754331141876,16
HORN8,E,7,6.8,7.8,100,-85.72792677756875,-63.92385274309375,-21.804074034475008,16
HORN8,E,7,6.8,7.8,110,-89.42305558555,-63.92385274309375,-25.499202842456256,16
HORN8,E,7,6.8,7.8,120,-87.47812799529376,-63.92385274309375,-23.554275252200014,16
HORN8,E,7,6.8,7.8,130,-90.32821722836876,-63.92385274309375,-26.40436448527501,16
HORN8,E,7,6.8,7.8,140,-86.773315269425,-63.92385274309375,-22.84946252633125,16
HORN8,E,7,6.8,7.8,150,-88.36481358669374,-63.92385274309375,-24.440960843599996,16
HORN8,E,7,6.8,7.8,160,-86.697567863675,-63.92385274309375,-22.773715120581258,16
HORN8,E,7,6.8,7.8,170,-91.60467879115001,-63.92385274309375,-27.68082604805626,16
HORN8,E,7,6.8,7.8,180,-88.2039595539875,-63.92385274309375,-24.280106810893756,16
HORN1,E,8,7.8,8.8,0,-59.89515922149333,-59.89515922149333,0.0,15
HORN1,E,8,7.8,8.8,10,-64.61026470992002,-59.89515922149333,-4.715105488426687,15
HORN1,E,8,7.8,8.8,20,-72.76493969498001,-59.89515922149333,-12.869780473486685,15
HORN1,E,8,7.8,8.8,30,-75.32491332456667,-59.89515922149333,-15.429754103073336,15
HORN1,E,8,7.8,8.8,40,-80.03480217381335,-59.89515922149333,-20.139642952320017,15
HORN1,E,8,7.8,8.8,50,-80.97127489485334,-59.89515922149333,-21.076115673360007,15
HORN1,E,8,7.8,8.8,60,-81.41834057826,-59.89515922149333,-21.52318135676667,15
HORN1,E,8,7.8,8.8,70,-80.77424601754001,-59.89515922149333,-20.87908679604668,15
HORN1,E,8,7.8,8.8,80,-80.22548723278668,-59.89515922149333,-20.330328011293346,15
HORN1,E,8,7.8,8.8,90,-77.54765443934667,-59.89515922149333,-17.652495217853343,15
HORN1,E,8,7.8,8.8,100,-77.81398240604668,-59.89515922149333,-17.918823184553347,15
HORN1,E,8,7.8,8.8,110,-79.55488557469333,-59.89515922149333,-19.6597263532,15
HORN1,E,8,7.8,8.8,120,-79.38842916757334,-59.89515922149333,-19.493269946080005,15
HORN1,E,8,7.8,8.8,130,-81.87150641736667,-59.89515922149333,-21.976347195873345,15
HORN1,E,8,7.8,8.8,140,-80.12191780079334,-59.89515922149333,-20.22675857930001,15
HORN1,E,8,7.8,8.8,150,-82.25337410739333,-59.89515922149333,-22.358214885899997,15
HORN1,E,8,7.8,8.8,160,-84.36870757351333,-59.89515922149333,-24.473548352020003,15
HORN1,E,8,7.8,8.8,170,-84.79335373887334,-59.89515922149333,-24.898194517380006,15
HORN1,E,8,7.8,8.8,180,-80.50767177673333,-59.89515922149333,-20.612512555240002,15
HORN2,E,8,7.8,8.8,0,-67.38320539376667,-67.38320539376667,0.0,15
HORN2,E,8,7.8,8.8,10,-68.81919192500668,-67.38320539376667,-1.4359865312400046,15
HORN2,E,8,7.8,8.8,20,-76.31216242312,-67.38320539376667,-8.928957029353327,15
HORN2,E,8,7.8,8.8,30,-81.09865603636666,-67.38320539376667,-13.71545064259999,15
HORN2,E,8,7.8,8.8,40,-81.5827091439,-67.38320539376667,-14.199503750133331,15
HORN2,E,8,7.8,8.8,50,-85.81347507534001,-67.38320539376667,-18.430269681573336,15
HORN2,E,8,7.8,8.8,60,-84.82491710246,-67.38320539376667,-17.441711708693333,15
HORN2,E,8,7.8,8.8,70,-81.73073873701999,-67.38320539376667,-14.347533343253318,15
HORN2,E,8,7.8,8.8,80,-86.13348775813333,-67.38320539376667,-18.750282364366655,15
HORN2,E,8,7.8,8.8,90,-86.15124986717335,-67.38320539376667,-18.768044473406675,15
HORN2,E,8,7.8,8.8,100,-79.72067867956001,-67.38320539376667,-12.337473285793337,15
HORN2,E,8,7.8,8.8,110,-78.12026054563333,-67.38320539376667,-10.737055151866656,15
HORN2,E,8,7.8,8.8,120,-80.45172426620002,-67.38320539376667,-13.068518872433344,15
HORN2,E,8,7.8,8.8,130,-77.93670477281333,-67.38320539376667,-10.553499379046656,15
HORN2,E,8,7.8,8.8,140,-79.99973182294666,-67.38320539376667,-12.616526429179984,15
HORN2,E,8,7.8,8.8,150,-82.16810773970666,-67.38320539376667,-14.784902345939983,15
HORN2,E,8,7.8,8.8,160,-81.34573279106665,-67.38320539376667,-13.96252739729998,15
HORN2,E,8,7.8,8.8,170,-82.6801252122,-67.38320539376667,-15.296919818433324,15
HORN2,E,8,7.8,8.8,180,-84.13264041394665,-67.38320539376667,-16.749435020179973,15
HORN3,E,8,7.8,8.8,0,-65.02704993922,-65.02704993922,0.0,15
HORN3,E,8,7.8,8.8,10,-67.88050846555333,-65.02704993922,-2.853458526333327,15
HORN3,E,8,7.8,8.8,20,-74.79767043272,-65.02704993922,-9.77062049349999,15
HORN3,E,8,7.8,8.8,30,-78.65724859126665,-65.02704993922,-13.630198652046644,15
HORN3,E,8,7.8,8.8,40,-82.26333979351999,-65.02704993922,-17.236289854299983,15
HORN3,E,8,7.8,8.8,50,-87.51525326129334,-65.02704993922,-22.488203322073332,15
HORN3,E,8,7.8,8.8,60,-84.19486436948668,-65.02704993922,-19.167814430266674,15
HORN3,E,8,7.8,8.8,70,-84.25666224182667,-65.02704993922,-19.229612302606668,15
HORN3,E,8,7.8,8.8,80,-84.79522577943334,-65.02704993922,-19.76817584021333,15
HORN3,E,8,7.8,8.8,90,-86.68095625540667,-65.02704993922,-21.653906316186664,15
HORN3,E,8,7.8,8.8,100,-86.43535789307998,-65.02704993922,-21.408307953859975,15
HORN3,E,8,7.8,8.8,110,-88.75106317432,-65.02704993922,-23.72401323509999,15
HORN3,E,8,7.8,8.8,120,-86.73073242566666,-65.02704993922,-21.703682486446652,15
HORN3,E,8,7.8,8.8,130,-89.7561883707,-65.02704993922,-24.729138431479996,15
HORN3,E,8,7.8,8.8,140,-85.99604564570667,-65.02704993922,-20.968995706486666,15
HORN3,E,8,7.8,8.8,150,-88.31776388413333,-65.02704993922,-23.29071394491332,15
HORN3,E,8,7.8,8.8,160,-88.36554543117998,-65.02704993922,-23.338495491959975,15
HORN3,E,8,7.8,8.8,170,-89.16561744198,-65.02704993922,-24.138567502759997,15
HORN3,E,8,7.8,8.8,180,-87.99066115757334,-65.02704993922,-22.963611218353336,15
HORN4,E,8,7.8,8.8,0,-67.72760966924666,-67.72760966924666,0.0,15
HORN4,E,8,7.8,8.8,10,-69.68286722786667,-67.72760966924666,-1.955257558620005,15
HORN4,E,8,7.8,8.8,20,-75.98363607886667,-67.72760966924666,-8.256026409620006,15
HORN4,E,8,7.8,8.8,30,-81.22322517667334,-67.72760966924666,-13.495615507426677,15
HORN4,E,8,7.8,8.8,40,-82.86156184192666,-67.72760966924666,-15.133952172679997,15
HORN4,E,8,7.8,8.8,50,-88.83214088668667,-67.72760966924666,-21.104531217440012,15
HORN4,E,8,7.8,8.8,60,-86.57883515175332,-67.72760966924666,-18.851225482506663,15
HORN4,E,8,7.8,8.8,70,-85.57183965905999,-67.72760966924666,-17.84422998981333,15
HORN4,E,8,7.8,8.8,80,-87.05620365997999,-67.72760966924666,-19.328593990733324,15
HORN4,E,8,7.8,8.8,90,-88.51861910330669,-67.72760966924666,-20.79100943406003,15
HORN4,E,8,7.8,8.8,100,-86.81743581095334,-67.72760966924666,-19.08982614170668,15
HORN4,E,8,7.8,8.8,110,-89.03409589816668,-67.72760966924666,-21.306486228920022,15
HORN4,E,8,7.8,8.8,120,-86.33085039699331,-67.72760966924666,-18.603240727746652,15
HORN4,E,8,7.8,8.8,130,-85.50684755302665,-67.72760966924666,-17.779237883779984,15
HORN4,E,8,7.8,8.8,140,-85.31394914703333,-67.72760966924666,-17.586339477786666,15
HORN4,E,8,7.8,8.8,150,-88.57925589379334,-67.72760966924666,-20.851646224546684,15
HORN4,E,8,7.8,8.8,160,-89.74867471526666,-67.72760966924666,-22.02106504602,15
HORN4,E,8,7.8,8.8,170,-89.49378951888667,-67.72760966924666,-21.76617984964001,15
HORN4,E,8,7.8,8.8,180,-89.51874922798,-67.72760966924666,-21.791139558733335,15
HORN5,E,8,7.8,8.8,0,-67.09557316377999,-67.09557316377999,0.0,15
HORN5,E,8,7.8,8.8,10,-69.99145868459333,-67.09557316377999,-2.895885520813337,15
HORN5,E,8,7.8,8.8,20,-75.78688276240001,-67.09557316377999,-8.691309598620023,15
HORN5,E,8,7.8,8.8,30,-80.83833989590669,-67.09557316377999,-13.742766732126697,15
HORN5,E,8,7.8,8.8,40,-85.47160804709333,-67.09557316377999,-18.376034883313338,15
HORN5,E,8,7.8,8.8,50,-88.35273546469334,-67.09557316377999,-21.25716230091335,15
HORN5,E,8,7.8,8.8,60,-88.26294121969335,-67.09557316377999,-21.167368055913357,15
HORN5,E,8,7.8,8.8,70,-89.12576380075333,-67.09557316377999,-22.030190636973344,15
HORN5,E,8,7.8,8.8,80,-86.99126978864665,-67.09557316377999,-19.89569662486666,15
HORN5,E,8,7.8,8.8,90,-87.68633322625332,-67.09557316377999,-20.590760062473336,15
HORN5,E,8,7.8,8.8,100,-84.45560752112667,-67.09557316377999,-17.360034357346677,15
HORN5,E,8,7.8,8.8,110,-83.74713930134,-67.09557316377999,-16.65156613756001,15
HORN5,E,8,7.8,8.8,120,-85.1763547589,-67.09557316377999,-18.080781595120015,15
HORN5,E,8,7.8,8.8,130,-87.96300880808667,-67.09557316377999,-20.86743564430668,15
HORN5,E,8,7.8,8.8,140,-87.02344831287999,-67.09557316377999,-19.927875149100004,15
HORN5,E,8,7.8,8.8,150,-88.15764902273332,-67.09557316377999,-21.062075858953335,15
HORN5,E,8,7.8,8.8,160,-89.08015313459332,-67.09557316377999,-21.98457997081333,15
HORN5,E,8,7.8,8.8,170,-89.97041951011998,-67.09557316377999,-22.874846346339993,15
HORN5,E,8,7.8,8.8,180,-90.65381094115334,-67.09557316377999,-23.55823777737335,15
HORN6,E,8,7.8,8.8,0,-70.29525214894001,-70.29525214894001,0.0,15
HORN6,E,8,7.8,8.8,10,-73.23056365023334,-70.29525214894001,-2.9353115012933273,15
HORN6,E,8,7.8,8.8,20,-79.63835919884669,-70.29525214894001,-9.343107049906678,15
HORN6,E,8,7.8,8.8,30,-83.26621566122667,-70.29525214894001,-12.970963512286659,15
HORN6,E,8,7.8,8.8,40,-85.36342850101332,-70.29525214894001,-15.068176352073309,15
HORN6,E,8,7.8,8.8,50,-89.21502355801331,-70.29525214894001,-18.919771409073306,15
HORN6,E,8,7.8,8.8,60,-88.18178142803335,-70.29525214894001,-17.886529279093338,15
HORN6,E,8,7.8,8.8,70,-90.26310801428666,-70.29525214894001,-19.96785586534665,15
HORN6,E,8,7.8,8.8,80,-86.36230933794666,-70.29525214894001,-16.067057189006647,15
HORN6,E,8,7.8,8.8,90,-89.22528953984002,-70.29525214894001,-18.93003739090001,15
HORN6,E,8,7.8,8.8,100,-89.09027512303332,-70.29525214894001,-18.795022974093314,15
HORN6,E,8,7.8,8.8,110,-84.48571431641334,-70.29525214894001,-14.190462167473328,15
HORN6,E,8,7.8,8.8,120,-86.37517304950002,-70.29525214894001,-16.079920900560012,15
HORN6,E,8,7.8,8.8,130,-84.13877521544,-70.29525214894001,-13.843523066499998,15
HORN6,E,8,7.8,8.8,140,-81.35083892850665,-70.29525214894001,-11.055586779566639,15
HORN6,E,8,7.8,8.8,150,-84.72869359373999,-70.29525214894001,-14.433441444799982,15
HORN6,E,8,7.8,8.8,160,-89.70682439846668,-70.29525214894001,-19.41157224952667,15
HORN6,E,8,7.8,8.8,170,-88.43057248409998,-70.29525214894001,-18.135320335159975,15
HORN6,E,8,7.8,8.8,180,-89.88072348594,-70.29525214894001,-19.585471336999987,15
HORN7,E,8,7.8,8.8,0,-69.72938284663334,-69.72938284663334,0.0,15
HORN7,E,8,7.8,8.8,10,-72.56734719234666,-69.72938284663334,-2.837964345713317,15
HORN7,E,8,7.8,8.8,20,-78.26502032034665,-69.72938284663334,-8.535637473713308,15
HORN7,E,8,7.8,8.8,30,-81.21454693387335,-69.72938284663334,-11.485164087240008,15
HORN7,E,8,7.8,8.8,40,-84.21194956690667,-69.72938284663334,-14.482566720273326,15
HORN7,E,8,7.8,8.8,50,-87.17017884854666,-69.72938284663334,-17.440796001913313,15
HORN7,E,8,7.8,8.8,60,-87.38309857088666,-69.72938284663334,-17.653715724253317,15
HORN7,E,8,7.8,8.8,70,-85.90024007888665,-69.72938284663334,-16.17085723225331,15
HORN7,E,8,7.8,8.8,80,-84.75790166483333,-69.72938284663334,-15.028518818199984,15
HORN7,E,8,7.8,8.8,90,-89.41649704704668,-69.72938284663334,-19.687114200413333,15
HORN7,E,8,7.8,8.8,100,-85.76737732354667,-69.72938284663334,-16.037994476913326,15
HORN7,E,8,7.8,8.8,110,-86.87299198837333,-69.72938284663334,-17.143609141739987,15
HORN7,E,8,7.8,8.8,120,-83.66585270672,-69.72938284663334,-13.93646986008666,15
HORN7,E,8,7.8,8.8,130,-84.52735232548,-69.72938284663334,-14.797969478846653,15
HORN7,E,8,7.8,8.8,140,-87.23392623936,-69.72938284663334,-17.50454339272666,15
HORN7,E,8,7.8,8.8,150,-89.5554550397,-69.72938284663334,-19.826072193066665,15
HORN7,E,8,7.8,8.8,160,-88.45823944610001,-69.72938284663334,-18.728856599466667,15
HORN7,E,8,7.8,8.8,170,-87.50107153143999,-69.72938284663334,-17.771688684806648,15
HORN7,E,8,7.8,8.8,180,-86.68415664196667,-69.72938284663334,-16.954773795333324,15
HORN8,E,8,7.8,8.8,0,-72.27054941822,-72.27054941822,0.0,15
HORN8,E,8,7.8,8.8,10,-76.25813048986669,-72.27054941822,-3.9875810716466873,15
HORN8,E,8,7.8,8.8,20,-82.0954739321,-72.27054941822,-9.824924513880006,15
HORN8,E,8,7.8,8.8,30,-83.96159855338001,-72.27054941822,-11.691049135160014,15
HORN8,E,8,7.8,8.8,40,-86.81816481485998,-72.27054941822,-14.547615396639983,15
HORN8,E,8,7.8,8.8,50,-89.36018098806667,-72.27054941822,-17.089631569846674,15
HORN8,E,8,7.8,8.8,60,-87.60469737618665,-72.27054941822,-15.33414795796665,15
HORN8,E,8,7.8,8.8,70,-85.89163582052666,-72.27054941822,-13.62108640230666,15
HORN8,E,8,7.8,8.8,80,-87.04018026293332,-72.27054941822,-14.769630844713319,15
HORN8,E,8,7.8,8.8,90,-88.02632893088666,-72.27054941822,-15.755779512666663,15
HORN8,E,8,7.8,8.8,100,-86.60825035891331,-72.27054941822,-14.33770094069331,15
HORN8,E,8,7.8,8.8,110,-88.52745036281334,-72.27054941822,-16.25690094459334,15
HORN8,E,8,7.8,8.8,120,-88.51655088450669,-72.27054941822,-16.246001466286685,15
HORN8,E,8,7.8,8.8,130,-87.45182344622665,-72.27054941822,-15.181274028006655,15
HORN8,E,8,7.8,8.8,140,-89.99448429877333,-72.27054941822,-17.72393488055333,15
HORN8,E,8,7.8,8.8,150,-91.75922476983997,-72.27054941822,-19.488675351619975,15
HORN8,E,8,7.8,8.8,160,-92.16470196035999,-72.27054941822,-19.89415254213999,15
HORN8,E,8,7.8,8.8,170,-91.08959464826002,-72.27054941822,-18.819045230040018,15
HORN8,E,8,7.8,8.8,180,-91.11478286778667,-72.27054941822,-18.844233449566673,15
HORN1,E,9,8.8,9.8,0,-61.169886957973326,-61.169886957973326,0.0,15
HORN1,E,9,8.8,9.8,10,-67.00447529132666,-61.169886957973326,-5.834588333353331,15
HORN1,E,9,8.8,9.8,20,-74.19621601688667,-61.169886957973326,-13.02632905891334,15
HORN1,E,9,8.8,9.8,30,-80.12857967960667,-61.169886957973326,-18.958692721633348,15
HORN1,E,9,8.8,9.8,40,-80.85995188211334,-61.169886957973326,-19.69006492414001,15
HORN1,E,9,8.8,9.8,50,-82.71417551123335,-61.169886957973326,-21.544288553260024,15
HORN1,E,9,8.8,9.8,60,-82.88703889386666,-61.169886957973326,-21.717151935893334,15
HORN1,E,9,8.8,9.8,70,-81.46931890724001,-61.169886957973326,-20.299431949266683,15
HORN1,E,9,8.8,9.8,80,-80.59270269823999,-61.169886957973326,-19.422815740266664,15
HORN1,E,9,8.8,9.8,90,-80.27429997337332,-61.169886957973326,-19.10441301539999,15
HORN1,E,9,8.8,9.8,100,-80.36675169986667,-61.169886957973326,-19.196864741893343,15
HORN1,E,9,8.8,9.8,110,-79.22564731256666,-61.169886957973326,-18.05576035459334,15
HORN1,E,9,8.8,9.8,120,-81.61508199106667,-61.169886957973326,-20.44519503309335,15
HORN1,E,9,8.8,9.8,130,-80.44942458548,-61.169886957973326,-19.279537627506677,15
HORN1,E,9,8.8,9.8,140,-80.3532441944,-61.169886957973326,-19.18335723642668,15
HORN1,E,9,8.8,9.8,150,-82.54323691505998,-61.169886957973326,-21.373349957086653,15
HORN1,E,9,8.8,9.8,160,-82.08736815855333,-61.169886957973326,-20.917481200580006,15
HORN1,E,9,8.8,9.8,170,-84.21969933582665,-61.169886957973326,-23.04981237785332,15
HORN1,E,9,8.8,9.8,180,-80.94217593874002,-61.169886957973326,-19.772288980766696,15
HORN2,E,9,8.8,9.8,0,-68.09639792820666,-68.09639792820666,0.0,15
HORN2,E,9,8.8,9.8,10,-72.89025253178667,-68.09639792820666,-4.793854603580016,15
HORN2,E,9,8.8,9.8,20,-76.49976906713333,-68.09639792820666,-8.403371138926673,15
HORN2,E,9,8.8,9.8,30,-83.58097882377334,-68.09639792820666,-15.48458089556668,15
HORN2,E,9,8.8,9.8,40,-84.08154263293333,-68.09639792820666,-15.985144704726679,15
HORN2,E,9,8.8,9.8,50,-85.74019585226002,-68.09639792820666,-17.64379792405336,15
HORN2,E,9,8.8,9.8,60,-87.21719243799332,-68.09639792820666,-19.120794509786663,15
HORN2,E,9,8.8,9.8,70,-81.49387021273999,-68.09639792820666,-13.397472284533336,15
HORN2,E,9,8.8,9.8,80,-84.66355226938,-68.09639792820666,-16.56715434117335,15
HORN2,E,9,8.8,9.8,90,-81.93481502584665,-68.09639792820666,-13.83841709763999,15
HORN2,E,9,8.8,9.8,100,-80.23239106538,-68.09639792820666,-12.135993137173344,15
HORN2,E,9,8.8,9.8,110,-78.29615643708667,-68.09639792820666,-10.19975850888001,15
HORN2,E,9,8.8,9.8,120,-79.8106100285867,-68.09639792820666,-11.714212100380038,15
HORN2,E,9,8.8,9.8,130,-86.14223946372667,-68.09639792820666,-18.04584153552001,15
HORN2,E,9,8.8,9.8,140,-84.90613580974,-68.09639792820666,-16.809737881533337,15
HORN2,E,9,8.8,9.8,150,-80.13249912029333,-68.09639792820666,-12.036101192086676,15
HORN2,E,9,8.8,9.8,160,-84.5964304038,-68.09639792820666,-16.500032475593343,15
HORN2,E,9,8.8,9.8,170,-81.82137797120666,-68.09639792820666,-13.724980043000002,15
HORN2,E,9,8.8,9.8,180,-81.27764863710667,-68.09639792820666,-13.18125070890001,15
HORN3,E,9,8.8,9.8,0,-65.49311521594667,-65.49311521594667,0.0,15
HORN3,E,9,8.8,9.8,10,-69.50439881583333,-65.49311521594667,-4.011283599886653,15
HORN3,E,9,8.8,9.8,20,-75.94480784548666,-65.49311521594667,-10.451692629539991,15
HORN3,E,9,8.8,9.8,30,-82.74124430471333,-65.49311521594667,-17.24812908876666,15
HORN3,E,9,8.8,9.8,40,-85.86796929170002,-65.49311521594667,-20.374854075753348,15
HORN3,E,9,8.8,9.8,50,-85.65603818266,-65.49311521594667,-20.162922966713325,15
HORN3,E,9,8.8,9.8,60,-89.20986010947335,-65.49311521594667,-23.71674489352668,15
HORN3,E,9,8.8,9.8,70,-85.61959872712,-65.49311521594667,-20.126483511173333,15
HORN3,E,9,8.8,9.8,80,-85.03527338426001,-65.49311521594667,-19.542158168313335,15
HORN3,E,9,8.8,9.8,90,-86.0102568295,-65.49311521594667,-20.51714161355332,15
HORN3,E,9,8.8,9.8,100,-86.81893923447335,-65.49311521594667,-21.325824018526674,15
HORN3,E,9,8.8,9.8,110,-84.60292323538667,-65.49311521594667,-19.109808019439996,15
HORN3,E,9,8.8,9.8,120,-86.80655069373333,-65.49311521594667,-21.313435477786655,15
HORN3,E,9,8.8,9.8,130,-83.77901368116666,-65.49311521594667,-18.285898465219987,15
HORN3,E,9,8.8,9.8,140,-86.89501739207334,-65.49311521594667,-21.40190217612667,15
HORN3,E,9,8.8,9.8,150,-85.79948493200001,-65.49311521594667,-20.30636971605334,15
HORN3,E,9,8.8,9.8,160,-88.51450669432666,-65.49311521594667,-23.021391478379982,15
HORN3,E,9,8.8,9.8,170,-86.82832587437333,-65.49311521594667,-21.33521065842666,15
HORN3,E,9,8.8,9.8,180,-86.35964688310666,-65.49311521594667,-20.86653166715999,15
HORN4,E,9,8.8,9.8,0,-68.25333050868666,-68.25333050868666,0.0,15
HORN4,E,9,8.8,9.8,10,-72.09568004285333,-68.25333050868666,-3.8423495341666722,15
HORN4,E,9,8.8,9.8,20,-77.31437996713335,-68.25333050868666,-9.06104945844669,15
HORN4,E,9,8.8,9.8,30,-85.92507221620667,-68.25333050868666,-17.671741707520013,15
HORN4,E,9,8.8,9.8,40,-88.54729388292665,-68.25333050868666,-20.293963374239993,15
HORN4,E,9,8.8,9.8,50,-86.92447765083999,-68.25333050868666,-18.67114714215333,15
HORN4,E,9,8.8,9.8,60,-91.22318192218,-68.25333050868666,-22.969851413493345,15
HORN4,E,9,8.8,9.8,70,-87.61235612778,-68.25333050868666,-19.359025619093345,15
HORN4,E,9,8.8,9.8,80,-85.32111268797331,-68.25333050868666,-17.067782179286652,15
HORN4,E,9,8.8,9.8,90,-86.82337468299998,-68.25333050868666,-18.570044174313324,15
HORN4,E,9,8.8,9.8,100,-85.93773690906,-68.25333050868666,-17.684406400373348,15
HORN4,E,9,8.8,9.8,110,-85.61184790893334,-68.25333050868666,-17.358517400246683,15
HORN4,E,9,8.8,9.8,120,-87.27032776109998,-68.25333050868666,-19.01699725241332,15
HORN4,E,9,8.8,9.8,130,-83.08705022754002,-68.25333050868666,-14.83371971885336,15
HORN4,E,9,8.8,9.8,140,-85.27438880690667,-68.25333050868666,-17.021058298220012,15
HORN4,E,9,8.8,9.8,150,-86.69529033396,-68.25333050868666,-18.441959825273344,15
HORN4,E,9,8.8,9.8,160,-91.31287648105332,-68.25333050868666,-23.059545972366664,15
HORN4,E,9,8.8,9.8,170,-91.13747670000664,-68.25333050868666,-22.884146191319985,15
HORN4,E,9,8.8,9.8,180,-87.94167532976667,-68.25333050868666,-19.68834482108001,15
HORN5,E,9,8.8,9.8,0,-67.96724439585999,-67.96724439585999,0.0,15
HORN5,E,9,8.8,9.8,10,-71.80969161987333,-67.96724439585999,-3.842447224013341,15
HORN5,E,9,8.8,9.8,20,-77.30743060185998,-67.96724439585999,-9.340186205999984,15
HORN5,E,9,8.8,9.8,30,-85.86151989013334,-67.96724439585999,-17.894275494273344,15
HORN5,E,9,8.8,9.8,40,-89.24060130844,-67.96724439585999,-21.273356912580013,15
HORN5,E,9,8.8,9.8,50,-89.42948916562,-67.96724439585999,-21.462244769760005,15
HORN5,E,9,8.8,9.8,60,-92.3962167007,-67.96724439585999,-24.428972304840002,15
HORN5,E,9,8.8,9.8,70,-89.13569699502666,-67.96724439585999,-21.16845259916667,15
HORN5,E,9,8.8,9.8,80,-85.36090311902666,-67.96724439585999,-17.393658723166666,15
HORN5,E,9,8.8,9.8,90,-87.86226664301999,-67.96724439585999,-19.89502224716,15
HORN5,E,9,8.8,9.8,100,-82.87528959750001,-67.96724439585999,-14.908045201640022,15
HORN5,E,9,8.8,9.8,110,-84.09787788515999,-67.96724439585999,-16.130633489299996,15
HORN5,E,9,8.8,9.8,120,-86.08753873053335,-67.96724439585999,-18.12029433467336,15
HORN5,E,9,8.8,9.8,130,-86.76374536451334,-67.96724439585999,-18.796500968653348,15
HORN5,E,9,8.8,9.8,140,-87.81737373862,-67.96724439585999,-19.850129342760013,15
HORN5,E,9,8.8,9.8,150,-91.75292950817999,-67.96724439585999,-23.785685112319996,15
HORN5,E,9,8.8,9.8,160,-90.51154229795334,-67.96724439585999,-22.544297902093348,15
HORN5,E,9,8.8,9.8,170,-90.45510355821332,-67.96724439585999,-22.48785916235333,15
HORN5,E,9,8.8,9.8,180,-89.95821148419331,-67.96724439585999,-21.99096708833332,15
HORN6,E,9,8.8,9.8,0,-72.27991569600665,-72.27991569600665,0.0,15
HORN6,E,9,8.8,9.8,10,-77.04171105207999,-72.27991569600665,-4.7617953560733355,15
HORN6,E,9,8.8,9.8,20,-81.37676350465334,-72.27991569600665,-9.096847808646686,15
HORN6,E,9,8.8,9.8,30,-89.13176610687333,-72.27991569600665,-16.851850410866675,15
HORN6,E,9,8.8,9.8,40,-88.74953754898664,-72.27991569600665,-16.469621852979984,15
HORN6,E,9,8.8,9.8,50,-87.35688819400666,-72.27991569600665,-15.076972498000003,15
HORN6,E,9,8.8,9.8,60,-89.30158268782667,-72.27991569600665,-17.021666991820013,15
HORN6,E,9,8.8,9.8,70,-88.76233595786668,-72.27991569600665,-16.482420261860028,15
HORN6,E,9,8.8,9.8,80,-88.97099383732001,-72.27991569600665,-16.691078141313355,15
HORN6,E,9,8.8,9.8,90,-87.62549536029331,-72.27991569600665,-15.34557966428666,15
HORN6,E,9,8.8,9.8,100,-83.66149482358,-72.27991569600665,-11.381579127573346,15
HORN6,E,9,8.8,9.8,110,-82.28272683964666,-72.27991569600665,-10.002811143640002,15
HORN6,E,9,8.8,9.8,120,-86.85974657239335,-72.27991569600665,-14.579830876386694,15
HORN6,E,9,8.8,9.8,130,-84.6013850617,-72.27991569600665,-12.321469365693346,15
HORN6,E,9,8.8,9.8,140,-86.65543046045333,-72.27991569600665,-14.375514764446677,15
HORN6,E,9,8.8,9.8,150,-89.99718758847332,-72.27991569600665,-17.71727189246667,15
HORN6,E,9,8.8,9.8,160,-86.80258702060665,-72.27991569600665,-14.522671324599997,15
HORN6,E,9,8.8,9.8,170,-90.42873191348002,-72.27991569600665,-18.148816217473367,15
HORN6,E,9,8.8,9.8,180,-89.61082846518666,-72.27991569600665,-17.330912769180003,15
HORN7,E,9,8.8,9.8,0,-71.55356638833332,-71.55356638833332,0.0,15
HORN7,E,9,8.8,9.8,10,-75.38379504271333,-71.55356638833332,-3.830228654380008,15
HORN7,E,9,8.8,9.8,20,-81.36993620329332,-71.55356638833332,-9.816369814959998,15
HORN7,E,9,8.8,9.8,30,-86.56320399746666,-71.55356638833332,-15.009637609133335,15
HORN7,E,9,8.8,9.8,40,-87.63358210950001,-71.55356638833332,-16.08001572116669,15
HORN7,E,9,8.8,9.8,50,-87.41280292372667,-71.55356638833332,-15.85923653539335,15
HORN7,E,9,8.8,9.8,60,-87.01662712556667,-71.55356638833332,-15.463060737233349,15
HORN7,E,9,8.8,9.8,70,-84.57204744939331,-71.55356638833332,-13.018481061059987,15
HORN7,E,9,8.8,9.8,80,-85.53847796391334,-71.55356638833332,-13.984911575580014,15
HORN7,E,9,8.8,9.8,90,-83.88510885362001,-71.55356638833332,-12.331542465286688,15
HORN7,E,9,8.8,9.8,100,-85.84992165396667,-71.55356638833332,-14.296355265633352,15
HORN7,E,9,8.8,9.8,110,-88.43179666277334,-71.55356638833332,-16.878230274440014,15
HORN7,E,9,8.8,9.8,120,-87.15365683908666,-71.55356638833332,-15.600090450753342,15
HORN7,E,9,8.8,9.8,130,-81.56371241812666,-71.55356638833332,-10.010146029793333,15
HORN7,E,9,8.8,9.8,140,-87.91257804393334,-71.55356638833332,-16.359011655600014,15
HORN7,E,9,8.8,9.8,150,-89.38835086407335,-71.55356638833332,-17.834784475740022,15
HORN7,E,9,8.8,9.8,160,-87.93609810627336,-71.55356638833332,-16.38253171794004,15
HORN7,E,9,8.8,9.8,170,-86.89778152621332,-71.55356638833332,-15.34421513788,15
HORN7,E,9,8.8,9.8,180,-89.13984937169334,-71.55356638833332,-17.58628298336002,15
HORN8,E,9,8.8,9.8,0,-74.34364628851334,-74.34364628851334,0.0,15
HORN8,E,9,8.8,9.8,10,-79.49877412662002,-74.34364628851334,-5.155127838106679,15
HORN8,E,9,8.8,9.8,20,-85.11304036319333,-74.34364628851334,-10.769394074679994,15
HORN8,E,9,8.8,9.8,30,-88.90666703614,-74.34364628851334,-14.563020747626666,15
HORN8,E,9,8.8,9.8,40,-92.71254629874001,-74.34364628851334,-18.368900010226668,15
HORN8,E,9,8.8,9.8,50,-91.96051312612668,-74.34364628851334,-17.616866837613344,15
HORN8,E,9,8.8,9.8,60,-88.96141135449332,-74.34364628851334,-14.617765065979981,15
HORN8,E,9,8.8,9.8,70,-90.38351892986,-74.34364628851334,-16.039872641346662,15
HORN8,E,9,8.8,9.8,80,-89.9376567042,-74.34364628851334,-15.594010415686654,15
HORN8,E,9,8.8,9.8,90,-88.13953156770667,-74.34364628851334,-13.795885279193328,15
HORN8,E,9,8.8,9.8,100,-88.56557066664,-74.34364628851334,-14.221924378126658,15
HORN8,E,9,8.8,9.8,110,-89.77100654138667,-74.34364628851334,-15.427360252873328,15
HORN8,E,9,8.8,9.8,120,-88.86036325827332,-74.34364628851334,-14.516716969759983,15
HORN8,E,9,8.8,9.8,130,-87.70140727527333,-74.34364628851334,-13.357760986759985,15
HORN8,E,9,8.8,9.8,140,-88.37501259518666,-74.34364628851334,-14.03136630667332,15
HORN8,E,9,8.8,9.8,150,-91.62629394452667,-74.34364628851334,-17.282647656013324,15
HORN8,E,9,8.8,9.8,160,-92.11239820619333,-74.34364628851334,-17.768751917679992,15
HORN8,E,9,8.8,9.8,170,-91.44677407917999,-74.34364628851334,-17.103127790666647,15
HORN8,E,9,8.8,9.8,180,-90.29233546917999,-74.34364628851334,-15.948689180666648,15
HORN1,E,10,9.8,10.8,0,-56.409751203875,-56.409751203875,0.0,16
HORN1,E,10,9.8,10.8,10,-61.971006860174995,-56.409751203875,-5.561255656299998,16
HORN1,E,10,9.8,10.8,20,-66.49016329150001,-56.409751203875,-10.080412087625014,16
HORN1,E,10,9.8,10.8,30,-74.2780061970625,-56.409751203875,-17.8682549931875,16
HORN1,E,10,9.8,10.8,40,-77.20228623636875,-56.409751203875,-20.792535032493753,16
HORN1,E,10,9.8,10.8,50,-78.44031455456876,-56.409751203875,-22.03056335069376,16
HORN1,E,10,9.8,10.8,60,-78.87075911104375,-56.409751203875,-22.461007907168757,16
HORN1,E,10,9.8,10.8,70,-76.7261129315125,-56.409751203875,-20.316361727637506,16
HORN1,E,10,9.8,10.8,80,-75.632473178825,-56.409751203875,-19.222721974949998,16
HORN1,E,10,9.8,10.8,90,-79.26899878179375,-56.409751203875,-22.859247577918758,16
HORN1,E,10,9.8,10.8,100,-80.94383313157499,-56.409751203875,-24.534081927699994,16
HORN1,E,10,9.8,10.8,110,-78.1577577873125,-56.409751203875,-21.74800658343751,16
HORN1,E,10,9.8,10.8,120,-77.8562756677625,-56.409751203875,-21.446524463887506,16
HORN1,E,10,9.8,10.8,130,-80.22902656674376,-56.409751203875,-23.81927536286876,16
HORN1,E,10,9.8,10.8,140,-77.90683331586875,-56.409751203875,-21.497082111993755,16
HORN1,E,10,9.8,10.8,150,-77.40432972073124,-56.409751203875,-20.994578516856244,16
HORN1,E,10,9.8,10.8,160,-81.94053039174375,-56.409751203875,-25.530779187868752,16
HORN1,E,10,9.8,10.8,170,-83.29307571320001,-56.409751203875,-26.883324509325014,16
HORN1,E,10,9.8,10.8,180,-79.66085048160001,-56.409751203875,-23.25109927772501,16
HORN2,E,10,9.8,10.8,0,-63.597321537599996,-63.597321537599996,0.0,16
HORN2,E,10,9.8,10.8,10,-67.513836146475,-63.597321537599996,-3.916514608875005,16
HORN2,E,10,9.8,10.8,20,-72.43566271105624,-63.597321537599996,-8.838341173456243,16
HORN2,E,10,9.8,10.8,30,-79.6954964705375,-63.597321537599996,-16.09817493293751,16
HORN2,E,10,9.8,10.8,40,-80.90187361133749,-63.597321537599996,-17.304552073737497,16
HORN2,E,10,9.8,10.8,50,-85.40045205404999,-63.597321537599996,-21.803130516449997,16
HORN2,E,10,9.8,10.8,60,-86.41835378073125,-63.597321537599996,-22.821032243131256,16
HORN2,E,10,9.8,10.8,70,-83.5095804272,-63.597321537599996,-19.91225888960001,16
HORN2,E,10,9.8,10.8,80,-84.279997071775,-63.597321537599996,-20.682675534175004,16
HORN2,E,10,9.8,10.8,90,-81.9457479546875,-63.597321537599996,-18.34842641708751,16
HORN2,E,10,9.8,10.8,100,-80.106403778725,-63.597321537599996,-16.509082241125,16
HORN2,E,10,9.8,10.8,110,-83.26589661010625,-63.597321537599996,-19.668575072506258,16
HORN2,E,10,9.8,10.8,120,-80.16973761739375,-63.597321537599996,-16.572416079793754,16
HORN2,E,10,9.8,10.8,130,-83.00186473015,-63.597321537599996,-19.40454319255001,16
HORN2,E,10,9.8,10.8,140,-83.45674078425,-63.597321537599996,-19.859419246650006,16
HORN2,E,10,9.8,10.8,150,-82.663500812175,-63.597321537599996,-19.066179274575006,16
HORN2,E,10,9.8,10.8,160,-81.94097331919374,-63.597321537599996,-18.34365178159375,16
HORN2,E,10,9.8,10.8,170,-84.84014968795626,-63.597321537599996,-21.24282815035626,16
HORN2,E,10,9.8,10.8,180,-83.671118413425,-63.597321537599996,-20.07379687582501,16
HORN3,E,10,9.8,10.8,0,-61.975390573843754,-61.975390573843754,0.0,16
HORN3,E,10,9.8,10.8,10,-66.38466663610626,-61.975390573843754,-4.4092760622625065,16
HORN3,E,10,9.8,10.8,20,-70.9333121790375,-61.975390573843754,-8.957921605193746,16
HORN3,E,10,9.8,10.8,30,-76.63134325691875,-61.975390573843754,-14.655952683075,16
HORN3,E,10,9.8,10.8,40,-82.385660536675,-61.975390573843754,-20.41026996283125,16
HORN3,E,10,9.8,10.8,50,-83.7426889698625,-61.975390573843754,-21.767298396018745,16
HORN3,E,10,9.8,10.8,60,-87.02480809920625,-61.975390573843754,-25.0494175253625,16
HORN3,E,10,9.8,10.8,70,-84.7727383779,-61.975390573843754,-22.797347804056244,16
HORN3,E,10,9.8,10.8,80,-87.06758946971874,-61.975390573843754,-25.092198895874986,16
HORN3,E,10,9.8,10.8,90,-86.17965657386875,-61.975390573843754,-24.204266000025,16
HORN3,E,10,9.8,10.8,100,-86.571044699575,-61.975390573843754,-24.595654125731244,16
HORN3,E,10,9.8,10.8,110,-86.485361244525,-61.975390573843754,-24.50997067068124,16
HORN3,E,10,9.8,10.8,120,-84.7177531029,-61.975390573843754,-22.74236252905625,16
HORN3,E,10,9.8,10.8,130,-84.34593896236875,-61.975390573843754,-22.370548388524995,16
HORN3,E,10,9.8,10.8,140,-84.8232335141125,-61.975390573843754,-22.847842940268748,16
HORN3,E,10,9.8,10.8,150,-84.82216574410626,-61.975390573843754,-22.846775170262504,16
HORN3,E,10,9.8,10.8,160,-87.52717067806876,-61.975390573843754,-25.551780104225003,16
HORN3,E,10,9.8,10.8,170,-89.2156268579875,-61.975390573843754,-27.240236284143748,16
HORN3,E,10,9.8,10.8,180,-84.37724441760625,-61.975390573843754,-22.401853843762495,16
HORN4,E,10,9.8,10.8,0,-64.33617766841874,-64.33617766841874,0.0,16
HORN4,E,10,9.8,10.8,10,-67.82247271946875,-64.33617766841874,-3.486295051050007,16
HORN4,E,10,9.8,10.8,20,-73.0957440229875,-64.33617766841874,-8.759566354568761,16
HORN4,E,10,9.8,10.8,30,-78.28095984436874,-64.33617766841874,-13.944782175949996,16
HORN4,E,10,9.8,10.8,40,-84.15885677703125,-64.33617766841874,-19.822679108612505,16
HORN4,E,10,9.8,10.8,50,-84.704825800225,-64.33617766841874,-20.368648131806253,16
HORN4,E,10,9.8,10.8,60,-90.03471888198125,-64.33617766841874,-25.698541213562507,16
HORN4,E,10,9.8,10.8,70,-90.14463264624375,-64.33617766841874,-25.808454977825008,16
HORN4,E,10,9.8,10.8,80,-86.72277840933126,-64.33617766841874,-22.386600740912513,16
HORN4,E,10,9.8,10.8,90,-85.32135261645,-64.33617766841874,-20.985174948031258,16
HORN4,E,10,9.8,10.8,100,-87.65378222155624,-64.33617766841874,-23.3176045531375,16
HORN4,E,10,9.8,10.8,110,-87.8091571945625,-64.33617766841874,-23.47297952614376,16
HORN4,E,10,9.8,10.8,120,-84.31667549040625,-64.33617766841874,-19.980497821987512,16
HORN4,E,10,9.8,10.8,130,-82.0146114871875,-64.33617766841874,-17.678433818768752,16
HORN4,E,10,9.8,10.8,140,-84.82040094424374,-64.33617766841874,-20.484223275825002,16
HORN4,E,10,9.8,10.8,150,-87.76790626895001,-64.33617766841874,-23.431728600531272,16
HORN4,E,10,9.8,10.8,160,-89.160171513275,-64.33617766841874,-24.82399384485626,16
HORN4,E,10,9.8,10.8,170,-89.18563322234375,-64.33617766841874,-24.84945555392501,16
HORN4,E,10,9.8,10.8,180,-86.5327583987125,-64.33617766841874,-22.19658073029376,16
HORN5,E,10,9.8,10.8,0,-64.015986679425,-64.015986679425,0.0,16
HORN5,E,10,9.8,10.8,10,-67.34021186553124,-64.015986679425,-3.324225186106247,16
HORN5,E,10,9.8,10.8,20,-71.9809341491875,-64.015986679425,-7.964947469762507,16
HORN5,E,10,9.8,10.8,30,-79.23675916853125,-64.015986679425,-15.220772489106253,16
HORN5,E,10,9.8,10.8,40,-84.49246970801875,-64.015986679425,-20.476483028593748,16
HORN5,E,10,9.8,10.8,50,-84.36139088480624,-64.015986679425,-20.345404205381243,16
HORN5,E,10,9.8,10.8,60,-87.75283457411875,-64.015986679425,-23.736847894693753,16
HORN5,E,10,9.8,10.8,70,-87.38201278714374,-64.015986679425,-23.36602610771874,16
HORN5,E,10,9.8,10.8,80,-87.68817373821875,-64.015986679425,-23.672187058793753,16
HORN5,E,10,9.8,10.8,90,-84.4482717212,-64.015986679425,-20.432285041775003,16
HORN5,E,10,9.8,10.8,100,-86.48980612610626,-64.015986679425,-22.47381944668126,16
HORN5,E,10,9.8,10.8,110,-88.2329013744125,-64.015986679425,-24.21691469498751,16
HORN5,E,10,9.8,10.8,120,-88.65222183185,-64.015986679425,-24.636235152425,16
HORN5,E,10,9.8,10.8,130,-87.24070560540625,-64.015986679425,-23.22471892598125,16
HORN5,E,10,9.8,10.8,140,-87.47275647988126,-64.015986679425,-23.456769800456257,16
HORN5,E,10,9.8,10.8,150,-87.45981790195624,-64.015986679425,-23.443831222531244,16
HORN5,E,10,9.8,10.8,160,-87.28537591534375,-64.015986679425,-23.26938923591875,16
HORN5,E,10,9.8,10.8,170,-90.23488919356875,-64.015986679425,-26.21890251414375,16
HORN5,E,10,9.8,10.8,180,-87.92555418808749,-64.015986679425,-23.90956750866249,16
HORN6,E,10,9.8,10.8,0,-67.59721051909375,-67.59721051909375,0.0,16
HORN6,E,10,9.8,10.8,10,-70.9775432788125,-67.59721051909375,-3.3803327597187547,16
HORN6,E,10,9.8,10.8,20,-76.60721777631875,-67.59721051909375,-9.010007257224999,16
HORN6,E,10,9.8,10.8,30,-82.2547827235375,-67.59721051909375,-14.657572204443753,16
HORN6,E,10,9.8,10.8,40,-86.93815756574375,-67.59721051909375,-19.34094704665,16
HORN6,E,10,9.8,10.8,50,-86.46894518115,-67.59721051909375,-18.871734662056255,16
HORN6,E,10,9.8,10.8,60,-90.6063436624125,-67.59721051909375,-23.00913314331875,16
HORN6,E,10,9.8,10.8,70,-88.01009635856875,-67.59721051909375,-20.412885839474995,16
HORN6,E,10,9.8,10.8,80,-90.01546720349376,-67.59721051909375,-22.418256684400006,16
HORN6,E,10,9.8,10.8,90,-89.58188802380624,-67.59721051909375,-21.984677504712494,16
HORN6,E,10,9.8,10.8,100,-89.65594400526875,-67.59721051909375,-22.058733486175,16
HORN6,E,10,9.8,10.8,110,-88.90278313626875,-67.59721051909375,-21.305572617175002,16
HORN6,E,10,9.8,10.8,120,-88.56049634891251,-67.59721051909375,-20.96328582981876,16
HORN6,E,10,9.8,10.8,130,-86.19469003651875,-67.59721051909375,-18.597479517425,16
HORN6,E,10,9.8,10.8,140,-85.2029528333625,-67.59721051909375,-17.605742314268753,16
HORN6,E,10,9.8,10.8,150,-88.633196806625,-67.59721051909375,-21.035986287531244,16
HORN6,E,10,9.8,10.8,160,-89.11113030351875,-67.59721051909375,-21.513919784425,16
HORN6,E,10,9.8,10.8,170,-89.79761026222499,-67.59721051909375,-22.200399743131243,16
HORN6,E,10,9.8,10.8,180,-89.02781849370625,-67.59721051909375,-21.4306079746125,16
HORN7,E,10,9.8,10.8,0,-68.06497214302499,-68.06497214302499,0.0,16
HORN7,E,10,9.8,10.8,10,-72.00602600521874,-68.06497214302499,-3.9410538621937548,16
HORN7,E,10,9.8,10.8,20,-76.79178604395,-68.06497214302499,-8.72681390092501,16
HORN7,E,10,9.8,10.8,30,-82.18961599206875,-68.06497214302499,-14.124643849043764,16
HORN7,E,10,9.8,10.8,40,-86.28635604226875,-68.06497214302499,-18.22138389924376,16
HORN7,E,10,9.8,10.8,50,-84.22413557569999,-68.06497214302499,-16.159163432675,16
HORN7,E,10,9.8,10.8,60,-89.8631888186625,-68.06497214302499,-21.798216675637505,16
HORN7,E,10,9.8,10.8,70,-86.69672416625,-68.06497214302499,-18.631752023225005,16
HORN7,E,10,9.8,10.8,80,-87.38611737978124,-68.06497214302499,-19.32114523675625,16
HORN7,E,10,9.8,10.8,90,-86.882277091125,-68.06497214302499,-18.817304948100016,16
HORN7,E,10,9.8,10.8,100,-88.18100458341875,-68.06497214302499,-20.116032440393766,16
HORN7,E,10,9.8,10.8,110,-87.933455714775,-68.06497214302499,-19.868483571750005,16
HORN7,E,10,9.8,10.8,120,-88.2707864934125,-68.06497214302499,-20.205814350387513,16
HORN7,E,10,9.8,10.8,130,-85.91272166115624,-68.06497214302499,-17.847749518131252,16
HORN7,E,10,9.8,10.8,140,-86.19608716815,-68.06497214302499,-18.131115025125013,16
HORN7,E,10,9.8,10.8,150,-87.7890638905375,-68.06497214302499,-19.724091747512517,16
HORN7,E,10,9.8,10.8,160,-88.8354714896,-68.06497214302499,-20.770499346575008,16
HORN7,E,10,9.8,10.8,170,-86.94727484681874,-68.06497214302499,-18.882302703793755,16
HORN7,E,10,9.8,10.8,180,-86.754157732175,-68.06497214302499,-18.689185589150014,16
HORN8,E,10,9.8,10.8,0,-69.20359185646251,-69.20359185646251,0.0,16
HORN8,E,10,9.8,10.8,10,-73.71420816881874,-69.20359185646251,-4.510616312356234,16
HORN8,E,10,9.8,10.8,20,-78.74349581885625,-69.20359185646251,-9.539903962393737,16
HORN8,E,10,9.8,10.8,30,-83.29701571831876,-69.20359185646251,-14.093423861856252,16
HORN8,E,10,9.8,10.8,40,-90.48739415024374,-69.20359185646251,-21.283802293781235,16
HORN8,E,10,9.8,10.8,50,-86.5744268398375,-69.20359185646251,-17.37083498337499,16
HORN8,E,10,9.8,10.8,60,-89.02256875554374,-69.20359185646251,-19.818976899081235,16
HORN8,E,10,9.8,10.8,70,-87.6389402088,-69.20359185646251,-18.435348352337485,16
HORN8,E,10,9.8,10.8,80,-86.731446672725,-69.20359185646251,-17.52785481626249,16
HORN8,E,10,9.8,10.8,90,-88.7768387145375,-69.20359185646251,-19.573246858074995,16
HORN8,E,10,9.8,10.8,100,-89.62743539033124,-69.20359185646251,-20.423843533868734,16
HORN8,E,10,9.8,10.8,110,-88.82119491537499,-69.20359185646251,-19.61760305891248,16
HORN8,E,10,9.8,10.8,120,-89.0901098549625,-69.20359185646251,-19.886517998499997,16
HORN8,E,10,9.8,10.8,130,-85.89381793070626,-69.20359185646251,-16.690226074243753,16
HORN8,E,10,9.8,10.8,140,-86.05430653584375,-69.20359185646251,-16.85071467938124,16
HORN8,E,10,9.8,10.8,150,-89.85404151295,-69.20359185646251,-20.650449656487496,16
HORN8,E,10,9.8,10.8,160,-90.40413250545,-69.20359185646251,-21.200540648987484,16
HORN8,E,10,9.8,10.8,170,-90.81653673612499,-69.20359185646251,-21.61294487966248,16
HORN8,E,10,9.8,10.8,180,-91.57035768549375,-69.20359185646251,-22.366765829031237,16
HORN1,E,11,10.8,11.8,0,-58.12185481862666,-58.12185481862666,0.0,15
HORN1,E,11,10.8,11.8,10,-63.067263643653334,-58.12185481862666,-4.945408825026675,15
HORN1,E,11,10.8,11.8,20,-67.37620840961334,-58.12185481862666,-9.254353590986682,15
HORN1,E,11,10.8,11.8,30,-73.84223310285334,-58.12185481862666,-15.720378284226683,15
HORN1,E,11,10.8,11.8,40,-74.88931449437334,-58.12185481862666,-16.76745967574668,15
HORN1,E,11,10.8,11.8,50,-79.05093059434667,-58.12185481862666,-20.92907577572001,15
HORN1,E,11,10.8,11.8,60,-81.21428729562668,-58.12185481862666,-23.092432477000017,15
HORN1,E,11,10.8,11.8,70,-76.98218667341332,-58.12185481862666,-18.860331854786665,15
HORN1,E,11,10.8,11.8,80,-73.44982259561334,-58.12185481862666,-15.327967776986682,15
HORN1,E,11,10.8,11.8,90,-76.72561748089998,-58.12185481862666,-18.603762662273326,15
HORN1,E,11,10.8,11.8,100,-78.84981485034,-58.12185481862666,-20.727960031713337,15
HORN1,E,11,10.8,11.8,110,-81.44349831342,-58.12185481862666,-23.321643494793335,15
HORN1,E,11,10.8,11.8,120,-79.40437797032665,-58.12185481862666,-21.28252315169999,15
HORN1,E,11,10.8,11.8,130,-81.26504313159333,-58.12185481862666,-23.14318831296667,15
HORN1,E,11,10.8,11.8,140,-82.83999535491999,-58.12185481862666,-24.718140536293333,15
HORN1,E,11,10.8,11.8,150,-83.06282132214002,-58.12185481862666,-24.940966503513366,15
HORN1,E,11,10.8,11.8,160,-83.69704663187333,-58.12185481862666,-25.575191813246676,15
HORN1,E,11,10.8,11.8,170,-83.25145490104667,-58.12185481862666,-25.129600082420012,15
HORN1,E,11,10.8,11.8,180,-80.10204712811333,-58.12185481862666,-21.980192309486668,15
HORN2,E,11,10.8,11.8,0,-65.74128990031333,-65.74128990031333,0.0,15
HORN2,E,11,10.8,11.8,10,-70.02799778242667,-65.74128990031333,-4.286707882113333,15
HORN2,E,11,10.8,11.8,20,-72.68600928634001,-65.74128990031333,-6.9447193860266765,15
HORN2,E,11,10.8,11.8,30,-79.63003096804667,-65.74128990031333,-13.888741067733335,15
HORN2,E,11,10.8,11.8,40,-83.68348177101333,-65.74128990031333,-17.9421918707,15
HORN2,E,11,10.8,11.8,50,-86.26966663038,-65.74128990031333,-20.528376730066668,15
HORN2,E,11,10.8,11.8,60,-85.99353933475331,-65.74128990031333,-20.252249434439975,15
HORN2,E,11,10.8,11.8,70,-82.55030665259333,-65.74128990031333,-16.80901675228,15
HORN2,E,11,10.8,11.8,80,-82.10234863854,-65.74128990031333,-16.36105873822666,15
HORN2,E,11,10.8,11.8,90,-83.19527605863335,-65.74128990031333,-17.45398615832002,15
HORN2,E,11,10.8,11.8,100,-84.06570587648666,-65.74128990031333,-18.324415976173327,15
HORN2,E,11,10.8,11.8,110,-90.0853210993733,-65.74128990031333,-24.34403119905997,15
HORN2,E,11,10.8,11.8,120,-83.70366155409333,-65.74128990031333,-17.962371653779996,15
HORN2,E,11,10.8,11.8,130,-84.59138443583332,-65.74128990031333,-18.850094535519986,15
HORN2,E,11,10.8,11.8,140,-84.42598655105333,-65.74128990031333,-18.684696650739994,15
HORN2,E,11,10.8,11.8,150,-83.40018656608001,-65.74128990031333,-17.658896665766676,15
HORN2,E,11,10.8,11.8,160,-84.77542237221333,-65.74128990031333,-19.034132471899994,15
HORN2,E,11,10.8,11.8,170,-82.53464797772668,-65.74128990031333,-16.793358077413345,15
HORN2,E,11,10.8,11.8,180,-86.92275549395335,-65.74128990031333,-21.181465593640013,15
HORN3,E,11,10.8,11.8,0,-64.68807434170667,-64.68807434170667,0.0,15
HORN3,E,11,10.8,11.8,10,-68.36546256279331,-64.68807434170667,-3.6773882210866446,15
HORN3,E,11,10.8,11.8,20,-71.95776085401333,-64.68807434170667,-7.269686512306663,15
HORN3,E,11,10.8,11.8,30,-79.48699063782668,-64.68807434170667,-14.798916296120012,15
HORN3,E,11,10.8,11.8,40,-81.16949970008666,-64.68807434170667,-16.481425358379994,15
HORN3,E,11,10.8,11.8,50,-84.41365343275999,-64.68807434170667,-19.72557909105332,15
HORN3,E,11,10.8,11.8,60,-87.53161315654665,-64.68807434170667,-22.843538814839988,15
HORN3,E,11,10.8,11.8,70,-85.79721583354,-64.68807434170667,-21.109141491833327,15
HORN3,E,11,10.8,11.8,80,-84.33635173212,-64.68807434170667,-19.648277390413327,15
HORN3,E,11,10.8,11.8,90,-85.40657057673334,-64.68807434170667,-20.718496235026677,15
HORN3,E,11,10.8,11.8,100,-88.00439152790668,-64.68807434170667,-23.31631718620001,15
HORN3,E,11,10.8,11.8,110,-86.60303744321332,-64.68807434170667,-21.914963101506657,15
HORN3,E,11,10.8,11.8,120,-88.56767705954,-64.68807434170667,-23.879602717833336,15
HORN3,E,11,10.8,11.8,130,-84.90017745021332,-64.68807434170667,-20.212103108506653,15
HORN3,E,11,10.8,11.8,140,-85.27763962880665,-64.68807434170667,-20.589565287099987,15
HORN3,E,11,10.8,11.8,150,-88.30400192142666,-64.68807434170667,-23.615927579719994,15
HORN3,E,11,10.8,11.8,160,-87.53331103876667,-64.68807434170667,-22.845236697060002,15
HORN3,E,11,10.8,11.8,170,-89.49531880866,-64.68807434170667,-24.807244466953335,15
HORN3,E,11,10.8,11.8,180,-87.38424273885998,-64.68807434170667,-22.696168397153315,15
HORN4,E,11,10.8,11.8,0,-66.99323871099332,-66.99323871099332,0.0,15
HORN4,E,11,10.8,11.8,10,-69.91890576336002,-66.99323871099332,-2.9256670523666912,15
HORN4,E,11,10.8,11.8,20,-73.90108664574,-66.99323871099332,-6.90784793474667,15
HORN4,E,11,10.8,11.8,30,-81.20588334864667,-66.99323871099332,-14.21264463765334,15
HORN4,E,11,10.8,11.8,40,-83.23855748922666,-66.99323871099332,-16.24531877823334,15
HORN4,E,11,10.8,11.8,50,-85.13314080492665,-66.99323871099332,-18.13990209393333,15
HORN4,E,11,10.8,11.8,60,-85.45873516909334,-66.99323871099332,-18.46549645810002,15
HORN4,E,11,10.8,11.8,70,-87.11534319490667,-66.99323871099332,-20.122104483913347,15
HORN4,E,11,10.8,11.8,80,-85.31816209301333,-66.99323871099332,-18.324923382020003,15
HORN4,E,11,10.8,11.8,90,-85.27472028417333,-66.99323871099332,-18.281481573180002,15
HORN4,E,11,10.8,11.8,100,-90.95746015965332,-66.99323871099332,-23.96422144866,15
HORN4,E,11,10.8,11.8,110,-88.28979973811998,-66.99323871099332,-21.296561027126657,15
HORN4,E,11,10.8,11.8,120,-91.08780332558668,-66.99323871099332,-24.094564614593352,15
HORN4,E,11,10.8,11.8,130,-89.05575527124665,-66.99323871099332,-22.06251656025333,15
HORN4,E,11,10.8,11.8,140,-89.94770082172664,-66.99323871099332,-22.954462110733317,15
HORN4,E,11,10.8,11.8,150,-88.02805626366666,-66.99323871099332,-21.03481755267333,15
HORN4,E,11,10.8,11.8,160,-90.45275394682,-66.99323871099332,-23.45951523582667,15
HORN4,E,11,10.8,11.8,170,-89.96102659014001,-66.99323871099332,-22.967787879146684,15
HORN4,E,11,10.8,11.8,180,-87.34933048645999,-66.99323871099332,-20.356091775466666,15
HORN5,E,11,10.8,11.8,0,-66.51559456564667,-66.51559456564667,0.0,15
HORN5,E,11,10.8,11.8,10,-69.58918788518666,-66.51559456564667,-3.073593319539995,15
HORN5,E,11,10.8,11.8,20,-73.40477697808,-66.51559456564667,-6.889182412433328,15
HORN5,E,11,10.8,11.8,30,-80.71122427477333,-66.51559456564667,-14.195629709126663,15
HORN5,E,11,10.8,11.8,40,-85.40058792821334,-66.51559456564667,-18.884993362566675,15
HORN5,E,11,10.8,11.8,50,-85.708086839,-66.51559456564667,-19.192492273353338,15
HORN5,E,11,10.8,11.8,60,-87.84442527314667,-66.51559456564667,-21.328830707500003,15
HORN5,E,11,10.8,11.8,70,-86.01676977200667,-66.51559456564667,-19.501175206360003,15
HORN5,E,11,10.8,11.8,80,-84.57808904946666,-66.51559456564667,-18.06249448381999,15
HORN5,E,11,10.8,11.8,90,-86.17878597157332,-66.51559456564667,-19.663191405926653,15
HORN5,E,11,10.8,11.8,100,-86.01086919626,-66.51559456564667,-19.495274630613338,15
HORN5,E,11,10.8,11.8,110,-88.61308438366667,-66.51559456564667,-22.09748981802001,15
HORN5,E,11,10.8,11.8,120,-87.37043821866,-66.51559456564667,-20.854843653013333,15
HORN5,E,11,10.8,11.8,130,-87.95248223156666,-66.51559456564667,-21.436887665919997,15
HORN5,E,11,10.8,11.8,140,-88.91999153678667,-66.51559456564667,-22.404396971140002,15
HORN5,E,11,10.8,11.8,150,-89.45599199131999,-66.51559456564667,-22.940397425673325,15
HORN5,E,11,10.8,11.8,160,-89.82556971250001,-66.51559456564667,-23.309975146853347,15
HORN5,E,11,10.8,11.8,170,-89.92733374737332,-66.51559456564667,-23.41173918172666,15
HORN5,E,11,10.8,11.8,180,-91.40843312681997,-66.51559456564667,-24.892838561173306,15
HORN6,E,11,10.8,11.8,0,-69.71489906885334,-69.71489906885334,0.0,15
HORN6,E,11,10.8,11.8,10,-73.04109651632,-69.71489906885334,-3.3261974474666545,15
HORN6,E,11,10.8,11.8,20,-76.63744835706001,-69.71489906885334,-6.9225492882066675,15
HORN6,E,11,10.8,11.8,30,-83.34258601654001,-69.71489906885334,-13.62768694768667,15
HORN6,E,11,10.8,11.8,40,-85.28759101940666,-69.71489906885334,-15.57269195055332,15
HORN6,E,11,10.8,11.8,50,-86.85486891582667,-69.71489906885334,-17.13996984697333,15
HORN6,E,11,10.8,11.8,60,-88.90631043888,-69.71489906885334,-19.191411370026657,15
HORN6,E,11,10.8,11.8,70,-87.30837540066,-69.71489906885334,-17.593476331806656,15
HORN6,E,11,10.8,11.8,80,-85.66384644788668,-69.71489906885334,-15.948947379033342,15
HORN6,E,11,10.8,11.8,90,-88.15440906480002,-69.71489906885334,-18.43950999594668,15
HORN6,E,11,10.8,11.8,100,-88.13506683554002,-69.71489906885334,-18.420167766686674,15
HORN6,E,11,10.8,11.8,110,-88.95059238025333,-69.71489906885334,-19.235693311399984,15
HORN6,E,11,10.8,11.8,120,-89.10728765582665,-69.71489906885334,-19.39238858697331,15
HORN6,E,11,10.8,11.8,130,-89.76901617244667,-69.71489906885334,-20.054117103593327,15
HORN6,E,11,10.8,11.8,140,-90.30771063259336,-69.71489906885334,-20.592811563740014,15
HORN6,E,11,10.8,11.8,150,-89.13947432375333,-69.71489906885334,-19.42457525489999,15
HORN6,E,11,10.8,11.8,160,-91.92228514006001,-69.71489906885334,-22.20738607120667,15
HORN6,E,11,10.8,11.8,170,-90.16788354875999,-69.71489906885334,-20.452984479906647,15
HORN6,E,11,10.8,11.8,180,-91.00968710329334,-69.71489906885334,-21.294788034440003,15
HORN7,E,11,10.8,11.8,0,-70.12819552176667,-70.12819552176667,0.0,15
HORN7,E,11,10.8,11.8,10,-74.01536323157333,-70.12819552176667,-3.8871677098066613,15
HORN7,E,11,10.8,11.8,20,-77.17311000363999,-70.12819552176667,-7.04491448187332,15
HORN7,E,11,10.8,11.8,30,-85.08950710318,-70.12819552176667,-14.961311581413327,15
HORN7,E,11,10.8,11.8,40,-85.29291223402001,-70.12819552176667,-15.164716712253338,15
HORN7,E,11,10.8,11.8,50,-89.1379815991,-70.12819552176667,-19.00978607733333,15
HORN7,E,11,10.8,11.8,60,-88.84528051334,-70.12819552176667,-18.71708499157333,15
HORN7,E,11,10.8,11.8,70,-89.1615015469,-70.12819552176667,-19.033306025133328,15
HORN7,E,11,10.8,11.8,80,-89.06839448733334,-70.12819552176667,-18.940198965566665,15
HORN7,E,11,10.8,11.8,90,-90.53381868144666,-70.12819552176667,-20.40562315967999,15
HORN7,E,11,10.8,11.8,100,-89.10411364468665,-70.12819552176667,-18.97591812291998,15
HORN7,E,11,10.8,11.8,110,-86.61369005740669,-70.12819552176667,-16.485494535640015,15
HORN7,E,11,10.8,11.8,120,-88.52977933348666,-70.12819552176667,-18.401583811719988,15
HORN7,E,11,10.8,11.8,130,-89.36802561528667,-70.12819552176667,-19.23983009352,15
HORN7,E,11,10.8,11.8,140,-91.26463209300668,-70.12819552176667,-21.13643657124001,15
HORN7,E,11,10.8,11.8,150,-91.48547498294667,-70.12819552176667,-21.35727946118,15
HORN7,E,11,10.8,11.8,160,-91.60353662989333,-70.12819552176667,-21.475341108126656,15
HORN7,E,11,10.8,11.8,170,-89.89261298336001,-70.12819552176667,-19.76441746159334,15
HORN7,E,11,10.8,11.8,180,-87.75446800715332,-70.12819552176667,-17.62627248538665,15
HORN8,E,11,10.8,11.8,0,-70.7416680018,-70.7416680018,0.0,15
HORN8,E,11,10.8,11.8,10,-74.11488263872,-70.7416680018,-3.373214636920011,15
HORN8,E,11,10.8,11.8,20,-77.18651692656,-70.7416680018,-6.444848924760009,15
HORN8,E,11,10.8,11.8,30,-83.9385191118,-70.7416680018,-13.196851110000011,15
HORN8,E,11,10.8,11.8,40,-90.11383631921333,-70.7416680018,-19.37216831741334,15
HORN8,E,11,10.8,11.8,50,-87.62272189536667,-70.7416680018,-16.881053893566673,15
HORN8,E,11,10.8,11.8,60,-86.74918077910665,-70.7416680018,-16.00751277730666,15
HORN8,E,11,10.8,11.8,70,-87.79739784849333,-70.7416680018,-17.05572984669334,15
HORN8,E,11,10.8,11.8,80,-88.10646887431332,-70.7416680018,-17.364800872513328,15
HORN8,E,11,10.8,11.8,90,-89.10667335781335,-70.7416680018,-18.365005356013356,15
HORN8,E,11,10.8,11.8,100,-87.86101927232,-70.7416680018,-17.11935127052,15
HORN8,E,11,10.8,11.8,110,-88.44297574423332,-70.7416680018,-17.70130774243333,15
HORN8,E,11,10.8,11.8,120,-89.93183675286001,-70.7416680018,-19.190168751060014,15
HORN8,E,11,10.8,11.8,130,-88.91550302453999,-70.7416680018,-18.173835022739993,15
HORN8,E,11,10.8,11.8,140,-87.69834428260666,-70.7416680018,-16.95667628080666,15
HORN8,E,11,10.8,11.8,150,-90.03533174456,-70.7416680018,-19.293663742760003,15
HORN8,E,11,10.8,11.8,160,-91.36640098480667,-70.7416680018,-20.62473298300668,15
HORN8,E,11,10.8,11.8,170,-92.26543336758667,-70.7416680018,-21.523765365786673,15
HORN8,E,11,10.8,11.8,180,-91.65381394718666,-70.7416680018,-20.91214594538667,15
HORN1,E,12,11.8,12.8,0,-61.05054603860667,-61.05054603860667,0.0,15
HORN1,E,12,11.8,12.8,10,-65.64167763942667,-61.05054603860667,-4.591131600820006,15
HORN1,E,12,11.8,12.8,20,-70.57552840615999,-61.05054603860667,-9.52498236755332,15
HORN1,E,12,11.8,12.8,30,-74.70199133173332,-61.05054603860667,-13.651445293126656,15
HORN1,E,12,11.8,12.8,40,-79.23089664007333,-61.05054603860667,-18.180350601466657,15
HORN1,E,12,11.8,12.8,50,-83.43392814423332,-61.05054603860667,-22.38338210562665,15
HORN1,E,12,11.8,12.8,60,-81.88897473395998,-61.05054603860667,-20.838428695353315,15
HORN1,E,12,11.8,12.8,70,-81.07670688631335,-61.05054603860667,-20.026160847706677,15
HORN1,E,12,11.8,12.8,80,-78.60797950722666,-61.05054603860667,-17.55743346861999,15
HORN1,E,12,11.8,12.8,90,-82.03874016512,-61.05054603860667,-20.988194126513335,15
HORN1,E,12,11.8,12.8,100,-84.21267528165332,-61.05054603860667,-23.16212924304665,15
HORN1,E,12,11.8,12.8,110,-84.39560707507333,-61.05054603860667,-23.34506103646666,15
HORN1,E,12,11.8,12.8,120,-83.24344587567998,-61.05054603860667,-22.192899837073313,15
HORN1,E,12,11.8,12.8,130,-85.49402989636665,-61.05054603860667,-24.443483857759986,15
HORN1,E,12,11.8,12.8,140,-86.74050025724667,-61.05054603860667,-25.689954218639997,15
HORN1,E,12,11.8,12.8,150,-84.12801043960665,-61.05054603860667,-23.077464400999986,15
HORN1,E,12,11.8,12.8,160,-86.669636284,-61.05054603860667,-25.619090245393338,15
HORN1,E,12,11.8,12.8,170,-88.69934132882666,-61.05054603860667,-27.648795290219994,15
HORN1,E,12,11.8,12.8,180,-85.57027488214668,-61.05054603860667,-24.51972884354001,15
HORN2,E,12,11.8,12.8,0,-68.42698388936668,-68.42698388936668,0.0,15
HORN2,E,12,11.8,12.8,10,-72.13487353587334,-68.42698388936668,-3.7078896465066578,15
HORN2,E,12,11.8,12.8,20,-75.56277790387334,-68.42698388936668,-7.135794014506658,15
HORN2,E,12,11.8,12.8,30,-80.50095713341334,-68.42698388936668,-12.073973244046655,15
HORN2,E,12,11.8,12.8,40,-84.44746511935332,-68.42698388936668,-16.020481229986643,15
HORN2,E,12,11.8,12.8,50,-88.19198365274,-68.42698388936668,-19.764999763373325,15
HORN2,E,12,11.8,12.8,60,-87.81127590604001,-68.42698388936668,-19.384292016673328,15
HORN2,E,12,11.8,12.8,70,-87.89733627673333,-68.42698388936668,-19.470352387366646,15
HORN2,E,12,11.8,12.8,80,-86.06393242023333,-68.42698388936668,-17.636948530866647,15
HORN2,E,12,11.8,12.8,90,-87.94089804496,-68.42698388936668,-19.513914155593312,15
HORN2,E,12,11.8,12.8,100,-87.33873516547332,-68.42698388936668,-18.911751276106642,15
HORN2,E,12,11.8,12.8,110,-92.41684681794668,-68.42698388936668,-23.989862928579996,15
HORN2,E,12,11.8,12.8,120,-88.92511925654668,-68.42698388936668,-20.498135367179998,15
HORN2,E,12,11.8,12.8,130,-90.67241566841335,-68.42698388936668,-22.24543177904667,15
HORN2,E,12,11.8,12.8,140,-90.98185849488665,-68.42698388936668,-22.55487460551997,15
HORN2,E,12,11.8,12.8,150,-88.90712777245335,-68.42698388936668,-20.48014388308667,15
HORN2,E,12,11.8,12.8,160,-90.43581397009334,-68.42698388936668,-22.008830080726653,15
HORN2,E,12,11.8,12.8,170,-89.27016300307999,-68.42698388936668,-20.843179113713305,15
HORN2,E,12,11.8,12.8,180,-90.99307805209334,-68.42698388936668,-22.566094162726657,15
HORN3,E,12,11.8,12.8,0,-67.70068727350666,-67.70068727350666,0.0,15
HORN3,E,12,11.8,12.8,10,-71.16359547568666,-67.70068727350666,-3.462908202180003,15
HORN3,E,12,11.8,12.8,20,-75.27552586650667,-67.70068727350666,-7.57483859300001,15
HORN3,E,12,11.8,12.8,30,-80.82043731150667,-67.70068727350666,-13.119750038000006,15
HORN3,E,12,11.8,12.8,40,-83.93216282123333,-67.70068727350666,-16.231475547726674,15
HORN3,E,12,11.8,12.8,50,-88.36469513614001,-67.70068727350666,-20.664007862633355,15
HORN3,E,12,11.8,12.8,60,-88.46942617336667,-67.70068727350666,-20.76873889986001,15
HORN3,E,12,11.8,12.8,70,-88.83900615462666,-67.70068727350666,-21.13831888112,15
HORN3,E,12,11.8,12.8,80,-87.05772840938,-67.70068727350666,-19.357041135873345,15
HORN3,E,12,11.8,12.8,90,-89.13116233615334,-67.70068727350666,-21.43047506264668,15
HORN3,E,12,11.8,12.8,100,-90.27404591292,-67.70068727350666,-22.573358639413343,15
HORN3,E,12,11.8,12.8,110,-88.88097445572001,-67.70068727350666,-21.18028718221335,15
HORN3,E,12,11.8,12.8,120,-93.07511552344,-67.70068727350666,-25.374428249933345,15
HORN3,E,12,11.8,12.8,130,-90.53129795603334,-67.70068727350666,-22.830610682526682,15
HORN3,E,12,11.8,12.8,140,-91.94980270833334,-67.70068727350666,-24.249115434826678,15
HORN3,E,12,11.8,12.8,150,-90.45480064559334,-67.70068727350666,-22.754113372086678,15
HORN3,E,12,11.8,12.8,160,-92.18047170902666,-67.70068727350666,-24.479784435520003,15
HORN3,E,12,11.8,12.8,170,-91.45449084679332,-67.70068727350666,-23.75380357328666,15
HORN3,E,12,11.8,12.8,180,-88.38482287240001,-67.70068727350666,-20.68413559889335,15
HORN4,E,12,11.8,12.8,0,-70.02699280970664,-70.02699280970664,0.0,15
HORN4,E,12,11.8,12.8,10,-72.72250513125333,-70.02699280970664,-2.695512321546687,15
HORN4,E,12,11.8,12.8,20,-77.14310468948666,-70.02699280970664,-7.116111879780021,15
HORN4,E,12,11.8,12.8,30,-82.14818711812669,-70.02699280970664,-12.121194308420044,15
HORN4,E,12,11.8,12.8,40,-85.40636811771999,-70.02699280970664,-15.379375308013351,15
HORN4,E,12,11.8,12.8,50,-90.12601021524003,-70.02699280970664,-20.099017405533388,15
HORN4,E,12,11.8,12.8,60,-90.11603601108666,-70.02699280970664,-20.089043201380022,15
HORN4,E,12,11.8,12.8,70,-89.08813141376666,-70.02699280970664,-19.06113860406002,15
HORN4,E,12,11.8,12.8,80,-89.75303302994001,-70.02699280970664,-19.726040220233372,15
HORN4,E,12,11.8,12.8,90,-90.24737597880667,-70.02699280970664,-20.22038316910003,15
HORN4,E,12,11.8,12.8,100,-90.83478630747335,-70.02699280970664,-20.80779349776671,15
HORN4,E,12,11.8,12.8,110,-91.70380413413334,-70.02699280970664,-21.676811324426694,15
HORN4,E,12,11.8,12.8,120,-93.02099939276668,-70.02699280970664,-22.99400658306004,15
HORN4,E,12,11.8,12.8,130,-89.99674032486,-70.02699280970664,-19.969747515153358,15
HORN4,E,12,11.8,12.8,140,-92.38720713952667,-70.02699280970664,-22.360214329820025,15
HORN4,E,12,11.8,12.8,150,-92.87762877010665,-70.02699280970664,-22.850635960400012,15
HORN4,E,12,11.8,12.8,160,-93.70844690543332,-70.02699280970664,-23.68145409572668,15
HORN4,E,12,11.8,12.8,170,-92.15916939238669,-70.02699280970664,-22.132176582680046,15
HORN4,E,12,11.8,12.8,180,-91.36170673992665,-70.02699280970664,-21.334713930220005,15
HORN5,E,12,11.8,12.8,0,-69.53349977560667,-69.53349977560667,0.0,15
HORN5,E,12,11.8,12.8,10,-72.26629980557333,-69.53349977560667,-2.732800029966654,15
HORN5,E,12,11.8,12.8,20,-76.63062201187999,-69.53349977560667,-7.0971222362733215,15
HORN5,E,12,11.8,12.8,30,-81.77619045744,-69.53349977560667,-12.242690681833324,15
HORN5,E,12,11.8,12.8,40,-86.93340295300665,-69.53349977560667,-17.399903177399977,15
HORN5,E,12,11.8,12.8,50,-89.44603408830001,-69.53349977560667,-19.91253431269334,15
HORN5,E,12,11.8,12.8,60,-88.71412936886667,-69.53349977560667,-19.180629593259994,15
HORN5,E,12,11.8,12.8,70,-91.47684784936,-69.53349977560667,-21.943348073753327,15
HORN5,E,12,11.8,12.8,80,-87.38348772151333,-69.53349977560667,-17.849987945906662,15
HORN5,E,12,11.8,12.8,90,-89.94146327039999,-69.53349977560667,-20.40796349479332,15
HORN5,E,12,11.8,12.8,100,-89.11245560166664,-69.53349977560667,-19.578955826059968,15
HORN5,E,12,11.8,12.8,110,-87.60075270742666,-69.53349977560667,-18.067252931819993,15
HORN5,E,12,11.8,12.8,120,-90.69079971150667,-69.53349977560667,-21.1572999359,15
HORN5,E,12,11.8,12.8,130,-93.01273067636001,-69.53349977560667,-23.479230900753336,15
HORN5,E,12,11.8,12.8,140,-93.04760263598668,-69.53349977560667,-23.514102860380007,15
HORN5,E,12,11.8,12.8,150,-95.40644245104664,-69.53349977560667,-25.872942675439973,15
HORN5,E,12,11.8,12.8,160,-92.49846179262666,-69.53349977560667,-22.964962017019985,15
HORN5,E,12,11.8,12.8,170,-93.39813860422001,-69.53349977560667,-23.864638828613337,15
HORN5,E,12,11.8,12.8,180,-93.8082245282,-69.53349977560667,-24.27472475259333,15
HORN6,E,12,11.8,12.8,0,-72.28959321428667,-72.28959321428667,0.0,15
HORN6,E,12,11.8,12.8,10,-75.06763785384666,-72.28959321428667,-2.778044639559994,15
HORN6,E,12,11.8,12.8,20,-79.25606689091336,-72.28959321428667,-6.966473676626691,15
HORN6,E,12,11.8,12.8,30,-83.86311303796667,-72.28959321428667,-11.573519823680002,15
HORN6,E,12,11.8,12.8,40,-90.02747656318667,-72.28959321428667,-17.7378833489,15
HORN6,E,12,11.8,12.8,50,-92.94726558821334,-72.28959321428667,-20.657672373926673,15
HORN6,E,12,11.8,12.8,60,-93.96288510774,-72.28959321428667,-21.673291893453325,15
HORN6,E,12,11.8,12.8,70,-90.63489649902665,-72.28959321428667,-18.345303284739984,15
HORN6,E,12,11.8,12.8,80,-88.32171429603335,-72.28959321428667,-16.03212108174668,15
HORN6,E,12,11.8,12.8,90,-90.58856089235333,-72.28959321428667,-18.29896767806666,15
HORN6,E,12,11.8,12.8,100,-91.49333654029333,-72.28959321428667,-19.20374332600666,15
HORN6,E,12,11.8,12.8,110,-91.76057030744,-72.28959321428667,-19.470977093153337,15
HORN6,E,12,11.8,12.8,120,-93.69000097317331,-72.28959321428667,-21.400407758886644,15
HORN6,E,12,11.8,12.8,130,-92.78210150237997,-72.28959321428667,-20.492508288093305,15
HORN6,E,12,11.8,12.8,140,-96.85001439682,-72.28959321428667,-24.560421182533332,15
HORN6,E,12,11.8,12.8,150,-93.65953890866665,-72.28959321428667,-21.36994569437998,15
HORN6,E,12,11.8,12.8,160,-93.79540160405999,-72.28959321428667,-21.50580838977332,15
HORN6,E,12,11.8,12.8,170,-94.40940765046666,-72.28959321428667,-22.119814436179993,15
HORN6,E,12,11.8,12.8,180,-94.86905467262002,-72.28959321428667,-22.579461458333355,15
HORN7,E,12,11.8,12.8,0,-72.87705800722,-72.87705800722,0.0,15
HORN7,E,12,11.8,12.8,10,-76.17301876540667,-72.87705800722,-3.2959607581866663,15
HORN7,E,12,11.8,12.8,20,-79.62292671579331,-72.87705800722,-6.745868708573312,15
HORN7,E,12,11.8,12.8,30,-83.86257806264666,-72.87705800722,-10.985520055426662,15
HORN7,E,12,11.8,12.8,40,-90.95018732545333,-72.87705800722,-18.073129318233327,15
HORN7,E,12,11.8,12.8,50,-92.72298960858666,-72.87705800722,-19.845931601366658,15
HORN7,E,12,11.8,12.8,60,-89.94145341313333,-72.87705800722,-17.06439540591333,15
HORN7,E,12,11.8,12.8,70,-90.68859020782665,-72.87705800722,-17.81153220060665,15
HORN7,E,12,11.8,12.8,80,-90.70463603917332,-72.87705800722,-17.827578031953323,15
HORN7,E,12,11.8,12.8,90,-93.41384699928,-72.87705800722,-20.536788992059996,15
HORN7,E,12,11.8,12.8,100,-92.92667402103334,-72.87705800722,-20.049616013813335,15
HORN7,E,12,11.8,12.8,110,-93.58273829426666,-72.87705800722,-20.70568028704666,15
HORN7,E,12,11.8,12.8,120,-91.54713364510665,-72.87705800722,-18.670075637886654,15
HORN7,E,12,11.8,12.8,130,-93.56310411618001,-72.87705800722,-20.686046108960014,15
HORN7,E,12,11.8,12.8,140,-91.88042408712664,-72.87705800722,-19.00336607990664,15
HORN7,E,12,11.8,12.8,150,-91.81631683840001,-72.87705800722,-18.939258831180013,15
HORN7,E,12,11.8,12.8,160,-92.95638572004667,-72.87705800722,-20.079327712826668,15
HORN7,E,12,11.8,12.8,170,-95.22821762898,-72.87705800722,-22.351159621760004,15
HORN7,E,12,11.8,12.8,180,-92.77783586786667,-72.87705800722,-19.90077786064667,15
HORN8,E,12,11.8,12.8,0,-73.58944844764666,-73.58944844764666,0.0,15
HORN8,E,12,11.8,12.8,10,-76.65487989458,-73.58944844764666,-3.0654314469333457,15
HORN8,E,12,11.8,12.8,20,-80.05467756136001,-73.58944844764666,-6.465229113713349,15
HORN8,E,12,11.8,12.8,30,-85.10795028696666,-73.58944844764666,-11.518501839319995,15
HORN8,E,12,11.8,12.8,40,-90.24032050897998,-73.58944844764666,-16.650872061333317,15
HORN8,E,12,11.8,12.8,50,-91.30661244858,-73.58944844764666,-17.717164000933337,15
HORN8,E,12,11.8,12.8,60,-91.65141056203333,-73.58944844764666,-18.061962114386674,15
HORN8,E,12,11.8,12.8,70,-90.07566685811334,-73.58944844764666,-16.486218410466677,15
HORN8,E,12,11.8,12.8,80,-91.01602205501331,-73.58944844764666,-17.42657360736665,15
HORN8,E,12,11.8,12.8,90,-92.96833189348,-73.58944844764666,-19.37888344583334,15
HORN8,E,12,11.8,12.8,100,-93.73987773826667,-73.58944844764666,-20.15042929062001,15
HORN8,E,12,11.8,12.8,110,-92.77032960476667,-73.58944844764666,-19.180881157120012,15
HORN8,E,12,11.8,12.8,120,-95.9007313051267,-73.58944844764666,-22.311282857480037,15
HORN8,E,12,11.8,12.8,130,-94.32678050416001,-73.58944844764666,-20.737332056513353,15
HORN8,E,12,11.8,12.8,140,-94.69119311396666,-73.58944844764666,-21.101744666320002,15
HORN8,E,12,11.8,12.8,150,-93.98015076346,-73.58944844764666,-20.390702315813343,15
HORN8,E,12,11.8,12.8,160,-94.89381732483334,-73.58944844764666,-21.304368877186675,15
HORN8,E,12,11.8,12.8,170,-94.49173336934668,-73.58944844764666,-20.902284921700016,15
HORN8,E,12,11.8,12.8,180,-93.56108057990666,-73.58944844764666,-19.971632132259998,15
HORN1,E,13,12.8,13.8,0,-61.26185108294375,-61.26185108294375,0.0,16
HORN1,E,13,12.8,13.8,10,-65.56564094541875,-61.26185108294375,-4.303789862475,16
HORN1,E,13,12.8,13.8,20,-72.2541838077625,-61.26185108294375,-10.992332724818752,16
HORN1,E,13,12.8,13.8,30,-75.96566863640001,-61.26185108294375,-14.703817553456261,16
HORN1,E,13,12.8,13.8,40,-82.08546989801876,-61.26185108294375,-20.823618815075008,16
HORN1,E,13,12.8,13.8,50,-80.39071260347501,-61.26185108294375,-19.12886152053126,16
HORN1,E,13,12.8,13.8,60,-83.09629542833125,-61.26185108294375,-21.834444345387496,16
HORN1,E,13,12.8,13.8,70,-84.9706031661,-61.26185108294375,-23.708752083156256,16
HORN1,E,13,12.8,13.8,80,-82.73008397108126,-61.26185108294375,-21.468232888137507,16
HORN1,E,13,12.8,13.8,90,-83.34846961540626,-61.26185108294375,-22.08661853246251,16
HORN1,E,13,12.8,13.8,100,-85.56452037876875,-61.26185108294375,-24.302669295824998,16
HORN1,E,13,12.8,13.8,110,-85.21206748955625,-61.26185108294375,-23.950216406612498,16
HORN1,E,13,12.8,13.8,120,-83.734662645475,-61.26185108294375,-22.47281156253125,16
HORN1,E,13,12.8,13.8,130,-84.57074685820625,-61.26185108294375,-23.3088957752625,16
HORN1,E,13,12.8,13.8,140,-86.72815414203124,-61.26185108294375,-25.466303059087494,16
HORN1,E,13,12.8,13.8,150,-85.92136142029375,-61.26185108294375,-24.65951033735,16
HORN1,E,13,12.8,13.8,160,-86.7741973771,-61.26185108294375,-25.512346294156245,16
HORN1,E,13,12.8,13.8,170,-89.32644785786249,-61.26185108294375,-28.06459677491874,16
HORN1,E,13,12.8,13.8,180,-82.551429075075,-61.26185108294375,-21.289577992131257,16
HORN2,E,13,12.8,13.8,0,-69.13612837288125,-69.13612837288125,0.0,16
HORN2,E,13,12.8,13.8,10,-72.1765243538875,-69.13612837288125,-3.040395981006256,16
HORN2,E,13,12.8,13.8,20,-77.3251370382875,-69.13612837288125,-8.189008665406249,16
HORN2,E,13,12.8,13.8,30,-80.19718007734376,-69.13612837288125,-11.061051704462514,16
HORN2,E,13,12.8,13.8,40,-89.31891180764376,-69.13612837288125,-20.182783434762513,16
HORN2,E,13,12.8,13.8,50,-87.5922340409125,-69.13612837288125,-18.456105668031256,16
HORN2,E,13,12.8,13.8,60,-88.2402952571375,-69.13612837288125,-19.10416688425626,16
HORN2,E,13,12.8,13.8,70,-91.85019361031875,-69.13612837288125,-22.71406523743751,16
HORN2,E,13,12.8,13.8,80,-90.6687614228,-69.13612837288125,-21.532633049918758,16
HORN2,E,13,12.8,13.8,90,-90.37152907720001,-69.13612837288125,-21.235400704318764,16
HORN2,E,13,12.8,13.8,100,-89.50259282317501,-69.13612837288125,-20.366464450293762,16
HORN2,E,13,12.8,13.8,110,-92.618652695225,-69.13612837288125,-23.48252432234375,16
HORN2,E,13,12.8,13.8,120,-89.79575901618125,-69.13612837288125,-20.659630643300005,16
HORN2,E,13,12.8,13.8,130,-90.94527387533125,-69.13612837288125,-21.809145502450008,16
HORN2,E,13,12.8,13.8,140,-89.74666089193124,-69.13612837288125,-20.610532519049997,16
HORN2,E,13,12.8,13.8,150,-92.01241573201875,-69.13612837288125,-22.876287359137507,16
HORN2,E,13,12.8,13.8,160,-93.00274519324375,-69.13612837288125,-23.86661682036251,16
HORN2,E,13,12.8,13.8,170,-93.43444764855624,-69.13612837288125,-24.298319275675,16
HORN2,E,13,12.8,13.8,180,-91.22909067143125,-69.13612837288125,-22.092962298550006,16
HORN3,E,13,12.8,13.8,0,-68.40795798191249,-68.40795798191249,0.0,16
HORN3,E,13,12.8,13.8,10,-71.56626628788749,-68.40795798191249,-3.158308305974998,16
HORN3,E,13,12.8,13.8,20,-77.42352859593126,-68.40795798191249,-9.01557061401877,16
HORN3,E,13,12.8,13.8,30,-80.8005629637,-68.40795798191249,-12.392604981787514,16
HORN3,E,13,12.8,13.8,40,-88.46072393748125,-68.40795798191249,-20.05276595556876,16
HORN3,E,13,12.8,13.8,50,-88.451857757475,-68.40795798191249,-20.043899775562508,16
HORN3,E,13,12.8,13.8,60,-88.95971782101876,-68.40795798191249,-20.551759839106268,16
HORN3,E,13,12.8,13.8,70,-89.3876254029125,-68.40795798191249,-20.979667421000016,16
HORN3,E,13,12.8,13.8,80,-87.79383527133126,-68.40795798191249,-19.385877289418772,16
HORN3,E,13,12.8,13.8,90,-90.188862569675,-68.40795798191249,-21.780904587762507,16
HORN3,E,13,12.8,13.8,100,-90.47848742349376,-68.40795798191249,-22.07052944158127,16
HORN3,E,13,12.8,13.8,110,-93.40914123694999,-68.40795798191249,-25.001183255037503,16
HORN3,E,13,12.8,13.8,120,-90.2405386270625,-68.40795798191249,-21.832580645150017,16
HORN3,E,13,12.8,13.8,130,-91.38086139875,-68.40795798191249,-22.97290341683751,16
HORN3,E,13,12.8,13.8,140,-94.26945449115001,-68.40795798191249,-25.861496509237526,16
HORN3,E,13,12.8,13.8,150,-93.63274319006251,-68.40795798191249,-25.224785208150024,16
HORN3,E,13,12.8,13.8,160,-91.95071044985625,-68.40795798191249,-23.542752467943757,16
HORN3,E,13,12.8,13.8,170,-93.65421954544374,-68.40795798191249,-25.24626156353125,16
HORN3,E,13,12.8,13.8,180,-92.3165938530625,-68.40795798191249,-23.90863587115001,16
HORN4,E,13,12.8,13.8,0,-70.90740351516875,-70.90740351516875,0.0,16
HORN4,E,13,12.8,13.8,10,-73.19125282557499,-70.90740351516875,-2.2838493104062394,16
HORN4,E,13,12.8,13.8,20,-78.26319342171875,-70.90740351516875,-7.355789906550001,16
HORN4,E,13,12.8,13.8,30,-81.83760913565,-70.90740351516875,-10.930205620481246,16
HORN4,E,13,12.8,13.8,40,-88.262383992325,-70.90740351516875,-17.354980477156246,16
HORN4,E,13,12.8,13.8,50,-92.3232202628875,-70.90740351516875,-21.41581674771875,16
HORN4,E,13,12.8,13.8,60,-90.31098734540001,-70.90740351516875,-19.403583830231256,16
HORN4,E,13,12.8,13.8,70,-90.80399799266249,-70.90740351516875,-19.896594477493736,16
HORN4,E,13,12.8,13.8,80,-91.991283854825,-70.90740351516875,-21.083880339656247,16
HORN4,E,13,12.8,13.8,90,-94.0872460199875,-70.90740351516875,-23.17984250481875,16
HORN4,E,13,12.8,13.8,100,-91.1046780414125,-70.90740351516875,-20.197274526243746,16
HORN4,E,13,12.8,13.8,110,-94.73282226297499,-70.90740351516875,-23.82541874780624,16
HORN4,E,13,12.8,13.8,120,-94.27969422254375,-70.90740351516875,-23.372290707375,16
HORN4,E,13,12.8,13.8,130,-94.449214047775,-70.90740351516875,-23.54181053260625,16
HORN4,E,13,12.8,13.8,140,-94.75733086020625,-70.90740351516875,-23.8499273450375,16
HORN4,E,13,12.8,13.8,150,-92.67564480868751,-70.90740351516875,-21.768241293518756,16
HORN4,E,13,12.8,13.8,160,-94.01725817515626,-70.90740351516875,-23.109854659987505,16
HORN4,E,13,12.8,13.8,170,-94.529906162225,-70.90740351516875,-23.62250264705625,16
HORN4,E,13,12.8,13.8,180,-96.06852191914376,-70.90740351516875,-25.16111840397501,16
HORN5,E,13,12.8,13.8,0,-70.67711553446875,-70.67711553446875,0.0,16
HORN5,E,13,12.8,13.8,10,-73.13414256328751,-70.67711553446875,-2.4570270288187572,16
HORN5,E,13,12.8,13.8,20,-78.48591857795626,-70.67711553446875,-7.808803043487501,16
HORN5,E,13,12.8,13.8,30,-81.76521434723125,-70.67711553446875,-11.088098812762496,16
HORN5,E,13,12.8,13.8,40,-90.45454673110625,-70.67711553446875,-19.777431196637494,16
HORN5,E,13,12.8,13.8,50,-90.01614383564376,-70.67711553446875,-19.339028301175006,16
HORN5,E,13,12.8,13.8,60,-89.548441420025,-70.67711553446875,-18.871325885556246,16
HORN5,E,13,12.8,13.8,70,-92.53666052238125,-70.67711553446875,-21.8595449879125,16
HORN5,E,13,12.8,13.8,80,-93.67030967504999,-70.67711553446875,-22.993194140581238,16
HORN5,E,13,12.8,13.8,90,-93.74737992464375,-70.67711553446875,-23.070264390174998,16
HORN5,E,13,12.8,13.8,100,-91.60369505484375,-70.67711553446875,-20.926579520375,16
HORN5,E,13,12.8,13.8,110,-91.4850673612625,-70.67711553446875,-20.80795182679374,16
HORN5,E,13,12.8,13.8,120,-93.31683271065,-70.67711553446875,-22.63971717618125,16
HORN5,E,13,12.8,13.8,130,-93.75232859250625,-70.67711553446875,-23.07521305803749,16
HORN5,E,13,12.8,13.8,140,-95.9325980715625,-70.67711553446875,-25.25548253709374,16
HORN5,E,13,12.8,13.8,150,-94.62466266744374,-70.67711553446875,-23.94754713297499,16
HORN5,E,13,12.8,13.8,160,-91.96873691621875,-70.67711553446875,-21.29162138174999,16
HORN5,E,13,12.8,13.8,170,-94.2942145641,-70.67711553446875,-23.617099029631248,16
HORN5,E,13,12.8,13.8,180,-94.73226431966874,-70.67711553446875,-24.05514878519999,16
HORN6,E,13,12.8,13.8,0,-72.6405841177,-72.6405841177,0.0,16
HORN6,E,13,12.8,13.8,10,-75.52773834103124,-72.6405841177,-2.887154223331237,16
HORN6,E,13,12.8,13.8,20,-80.41745996705626,-72.6405841177,-7.776875849356259,16
HORN6,E,13,12.8,13.8,30,-85.2088728978375,-72.6405841177,-12.568288780137493,16
HORN6,E,13,12.8,13.8,40,-92.6548264844125,-72.6405841177,-20.014242366712494,16
HORN6,E,13,12.8,13.8,50,-92.82644454975626,-72.6405841177,-20.18586043205626,16
HORN6,E,13,12.8,13.8,60,-92.64157508114374,-72.6405841177,-20.00099096344374,16
HORN6,E,13,12.8,13.8,70,-91.71291627681876,-72.6405841177,-19.07233215911876,16
HORN6,E,13,12.8,13.8,80,-92.5511896757875,-72.6405841177,-19.910605558087497,16
HORN6,E,13,12.8,13.8,90,-93.63165277490624,-72.6405841177,-20.99106865720624,16
HORN6,E,13,12.8,13.8,100,-92.9579220127125,-72.6405841177,-20.3173378950125,16
HORN6,E,13,12.8,13.8,110,-92.51595682886875,-72.6405841177,-19.87537271116875,16
HORN6,E,13,12.8,13.8,120,-94.11375437081875,-72.6405841177,-21.473170253118752,16
HORN6,E,13,12.8,13.8,130,-93.134477615725,-72.6405841177,-20.493893498025002,16
HORN6,E,13,12.8,13.8,140,-93.34512580865625,-72.6405841177,-20.704541690956248,16
HORN6,E,13,12.8,13.8,150,-93.66631870770625,-72.6405841177,-21.025734590006252,16
HORN6,E,13,12.8,13.8,160,-94.91781657811875,-72.6405841177,-22.277232460418745,16
HORN6,E,13,12.8,13.8,170,-96.8489893113375,-72.6405841177,-24.208405193637503,16
HORN6,E,13,12.8,13.8,180,-94.95455366580624,-72.6405841177,-22.313969548106243,16
HORN7,E,13,12.8,13.8,0,-73.6032833791875,-73.6032833791875,0.0,16
HORN7,E,13,12.8,13.8,10,-76.76992689573751,-73.6032833791875,-3.1666435165500104,16
HORN7,E,13,12.8,13.8,20,-81.16328882023126,-73.6032833791875,-7.5600054410437565,16
HORN7,E,13,12.8,13.8,30,-84.99062476688125,-73.6032833791875,-11.387341387693752,16
HORN7,E,13,12.8,13.8,40,-90.21847843092499,-73.6032833791875,-16.615195051737487,16
HORN7,E,13,12.8,13.8,50,-93.526283536475,-73.6032833791875,-19.923000157287504,16
HORN7,E,13,12.8,13.8,60,-92.35472092796874,-73.6032833791875,-18.75143754878124,16
HORN7,E,13,12.8,13.8,70,-93.87900308643125,-73.6032833791875,-20.275719707243752,16
HORN7,E,13,12.8,13.8,80,-91.6355640870125,-73.6032833791875,-18.032280707824995,16
HORN7,E,13,12.8,13.8,90,-93.87579510698126,-73.6032833791875,-20.272511727793756,16
HORN7,E,13,12.8,13.8,100,-94.45198596977501,-73.6032833791875,-20.848702590587507,16
HORN7,E,13,12.8,13.8,110,-94.19356468584999,-73.6032833791875,-20.59028130666249,16
HORN7,E,13,12.8,13.8,120,-93.42583907895624,-73.6032833791875,-19.822555699768742,16
HORN7,E,13,12.8,13.8,130,-95.15267157705625,-73.6032833791875,-21.54938819786875,16
HORN7,E,13,12.8,13.8,140,-94.1479126859,-73.6032833791875,-20.544629306712494,16
HORN7,E,13,12.8,13.8,150,-96.5571675503125,-73.6032833791875,-22.953884171124997,16
HORN7,E,13,12.8,13.8,160,-94.64911134863124,-73.6032833791875,-21.045827969443735,16
HORN7,E,13,12.8,13.8,170,-94.53198897903125,-73.6032833791875,-20.928705599843752,16
HORN7,E,13,12.8,13.8,180,-92.13027909571875,-73.6032833791875,-18.526995716531246,16
HORN8,E,13,12.8,13.8,0,-74.3395409430875,-74.3395409430875,0.0,16
HORN8,E,13,12.8,13.8,10,-77.03333204041874,-74.3395409430875,-2.6937910973312427,16
HORN8,E,13,12.8,13.8,20,-82.32997947935625,-74.3395409430875,-7.990438536268755,16
HORN8,E,13,12.8,13.8,30,-85.54331612343749,-74.3395409430875,-11.203775180349993,16
HORN8,E,13,12.8,13.8,40,-92.22998021361249,-74.3395409430875,-17.890439270524993,16
HORN8,E,13,12.8,13.8,50,-92.39290367098751,-74.3395409430875,-18.05336272790001,16
HORN8,E,13,12.8,13.8,60,-92.2914794987,-74.3395409430875,-17.9519385556125,16
HORN8,E,13,12.8,13.8,70,-94.68468936321875,-74.3395409430875,-20.345148420131252,16
HORN8,E,13,12.8,13.8,80,-92.78633757041877,-74.3395409430875,-18.446796627331267,16
HORN8,E,13,12.8,13.8,90,-95.64924265449375,-74.3395409430875,-21.309701711406248,16
HORN8,E,13,12.8,13.8,100,-94.603532803625,-74.3395409430875,-20.2639918605375,16
HORN8,E,13,12.8,13.8,110,-93.06368582328125,-74.3395409430875,-18.724144880193748,16
HORN8,E,13,12.8,13.8,120,-93.40263215772501,-74.3395409430875,-19.06309121463751,16
HORN8,E,13,12.8,13.8,130,-94.50346017428126,-74.3395409430875,-20.16391923119376,16
HORN8,E,13,12.8,13.8,140,-97.37130600888125,-74.3395409430875,-23.03176506579375,16
HORN8,E,13,12.8,13.8,150,-94.26524003356249,-74.3395409430875,-19.925699090474993,16
HORN8,E,13,12.8,13.8,160,-94.789162541175,-74.3395409430875,-20.449621598087504,16
HORN8,E,13,12.8,13.8,170,-95.859745705275,-74.3395409430875,-21.520204762187504,16
HORN8,E,13,12.8,13.8,180,-94.8396102020625,-74.3395409430875,-20.500069258975003,16
HORN1,E,14,13.8,14.8,0,-62.85286624206667,-62.85286624206667,0.0,15
HORN1,E,14,13.8,14.8,10,-67.37542149562,-62.85286624206667,-4.522555253553335,15
HORN1,E,14,13.8,14.8,20,-75.58593285065332,-62.85286624206667,-12.733066608586654,15
HORN1,E,14,13.8,14.8,30,-79.44536500078667,-62.85286624206667,-16.592498758719998,15
HORN1,E,14,13.8,14.8,40,-84.6238979252,-62.85286624206667,-21.77103168313333,15
HORN1,E,14,13.8,14.8,50,-85.44337864067333,-62.85286624206667,-22.590512398606663,15
HORN1,E,14,13.8,14.8,60,-87.48556682977336,-62.85286624206667,-24.632700587706694,15
HORN1,E,14,13.8,14.8,70,-88.54459187034,-62.85286624206667,-25.691725628273332,15
HORN1,E,14,13.8,14.8,80,-83.65174169656666,-62.85286624206667,-20.798875454499992,15
HORN1,E,14,13.8,14.8,90,-83.56114233967999,-62.85286624206667,-20.70827609761332,15
HORN1,E,14,13.8,14.8,100,-84.68016349399998,-62.85286624206667,-21.827297251933317,15
HORN1,E,14,13.8,14.8,110,-87.69109654788002,-62.85286624206667,-24.838230305813354,15
HORN1,E,14,13.8,14.8,120,-88.95390149943334,-62.85286624206667,-26.101035257366675,15
HORN1,E,14,13.8,14.8,130,-88.54893371745332,-62.85286624206667,-25.696067475386656,15
HORN1,E,14,13.8,14.8,140,-92.53091247679332,-62.85286624206667,-29.67804623472665,15
HORN1,E,14,13.8,14.8,150,-89.12144647528667,-62.85286624206667,-26.268580233220007,15
HORN1,E,14,13.8,14.8,160,-92.13530580461999,-62.85286624206667,-29.28243956255332,15
HORN1,E,14,13.8,14.8,170,-88.86602603551334,-62.85286624206667,-26.013159793446675,15
HORN1,E,14,13.8,14.8,180,-89.42630739404667,-62.85286624206667,-26.573441151980006,15
HORN2,E,14,13.8,14.8,0,-71.46705354052668,-71.46705354052668,0.0,15
HORN2,E,14,13.8,14.8,10,-73.51196485124667,-71.46705354052668,-2.0449113107199963,15
HORN2,E,14,13.8,14.8,20,-79.84173691457335,-71.46705354052668,-8.374683374046668,15
HORN2,E,14,13.8,14.8,30,-86.26828725855334,-71.46705354052668,-14.801233718026666,15
HORN2,E,14,13.8,14.8,40,-91.67390988492666,-71.46705354052668,-20.20685634439998,15
HORN2,E,14,13.8,14.8,50,-89.71437045920668,-71.46705354052668,-18.24731691868,15
HORN2,E,14,13.8,14.8,60,-93.57955345429332,-71.46705354052668,-22.11249991376664,15
HORN2,E,14,13.8,14.8,70,-90.67743968070667,-71.46705354052668,-19.210386140179992,15
HORN2,E,14,13.8,14.8,80,-89.26979542150667,-71.46705354052668,-17.802741880979994,15
HORN2,E,14,13.8,14.8,90,-90.81766484780665,-71.46705354052668,-19.350611307279976,15
HORN2,E,14,13.8,14.8,100,-92.24875755938668,-71.46705354052668,-20.781704018859998,15
HORN2,E,14,13.8,14.8,110,-87.61031649778667,-71.46705354052668,-16.143262957259992,15
HORN2,E,14,13.8,14.8,120,-87.71288363445335,-71.46705354052668,-16.24583009392667,15
HORN2,E,14,13.8,14.8,130,-89.63635870948,-71.46705354052668,-18.16930516895333,15
HORN2,E,14,13.8,14.8,140,-84.07093483484,-71.46705354052668,-12.603881294313325,15
HORN2,E,14,13.8,14.8,150,-92.99638087887334,-71.46705354052668,-21.52932733834666,15
HORN2,E,14,13.8,14.8,160,-91.81009357001999,-71.46705354052668,-20.34304002949331,15
HORN2,E,14,13.8,14.8,170,-92.37925611565333,-71.46705354052668,-20.912202575126656,15
HORN2,E,14,13.8,14.8,180,-95.96508498769334,-71.46705354052668,-24.498031447166667,15
HORN3,E,14,13.8,14.8,0,-71.42356352580667,-71.42356352580667,0.0,15
HORN3,E,14,13.8,14.8,10,-73.84493357130665,-71.42356352580667,-2.421370045499984,15
HORN3,E,14,13.8,14.8,20,-79.08245244543333,-71.42356352580667,-7.658888919626662,15
HORN3,E,14,13.8,14.8,30,-84.61560901530666,-71.42356352580667,-13.19204548949999,15
HORN3,E,14,13.8,14.8,40,-91.58800448430665,-71.42356352580667,-20.16444095849998,15
HORN3,E,14,13.8,14.8,50,-91.56849556098668,-71.42356352580667,-20.144932035180005,15
HORN3,E,14,13.8,14.8,60,-91.54038252583999,-71.42356352580667,-20.116819000033317,15
HORN3,E,14,13.8,14.8,70,-90.03751583968668,-71.42356352580667,-18.613952313880006,15
HORN3,E,14,13.8,14.8,80,-90.33727525062666,-71.42356352580667,-18.91371172481999,15
HORN3,E,14,13.8,14.8,90,-92.26896954824,-71.42356352580667,-20.845406022433323,15
HORN3,E,14,13.8,14.8,100,-92.82290353294,-71.42356352580667,-21.399340007133333,15
HORN3,E,14,13.8,14.8,110,-92.07027289213335,-71.42356352580667,-20.646709366326675,15
HORN3,E,14,13.8,14.8,120,-91.21735857099334,-71.42356352580667,-19.79379504518667,15
HORN3,E,14,13.8,14.8,130,-91.35548170364669,-71.42356352580667,-19.931918177840018,15
HORN3,E,14,13.8,14.8,140,-93.75286477727333,-71.42356352580667,-22.32930125146666,15
HORN3,E,14,13.8,14.8,150,-94.96550582876665,-71.42356352580667,-23.54194230295998,15
HORN3,E,14,13.8,14.8,160,-94.86440467482664,-71.42356352580667,-23.440841149019974,15
HORN3,E,14,13.8,14.8,170,-93.23865025388,-71.42356352580667,-21.815086728073325,15
HORN3,E,14,13.8,14.8,180,-94.09520853632667,-71.42356352580667,-22.671645010519995,15
HORN4,E,14,13.8,14.8,0,-72.65391612246,-72.65391612246,0.0,15
HORN4,E,14,13.8,14.8,10,-74.61540693696,-72.65391612246,-1.9614908144999958,15
HORN4,E,14,13.8,14.8,20,-81.38175449010001,-72.65391612246,-8.727838367640004,15
HORN4,E,14,13.8,14.8,30,-85.69601420470002,-72.65391612246,-13.042098082240017,15
HORN4,E,14,13.8,14.8,40,-93.06947037887998,-72.65391612246,-20.41555425641998,15
HORN4,E,14,13.8,14.8,50,-91.70929775102667,-72.65391612246,-19.055381628566664,15
HORN4,E,14,13.8,14.8,60,-92.62412721398665,-72.65391612246,-19.97021109152665,15
HORN4,E,14,13.8,14.8,70,-94.05213204810666,-72.65391612246,-21.398215925646653,15
HORN4,E,14,13.8,14.8,80,-93.20908914223332,-72.65391612246,-20.55517301977332,15
HORN4,E,14,13.8,14.8,90,-94.23362020965331,-72.65391612246,-21.579704087193306,15
HORN4,E,14,13.8,14.8,100,-92.31115276817332,-72.65391612246,-19.65723664571331,15
HORN4,E,14,13.8,14.8,110,-94.26917714244665,-72.65391612246,-21.615261019986647,15
HORN4,E,14,13.8,14.8,120,-92.21855615217333,-72.65391612246,-19.56464002971333,15
HORN4,E,14,13.8,14.8,130,-97.85736789489334,-72.65391612246,-25.20345177243334,15
HORN4,E,14,13.8,14.8,140,-97.36960786085334,-72.65391612246,-24.715691738393332,15
HORN4,E,14,13.8,14.8,150,-94.25604330501999,-72.65391612246,-21.602127182559983,15
HORN4,E,14,13.8,14.8,160,-95.29450920702,-72.65391612246,-22.640593084559995,15
HORN4,E,14,13.8,14.8,170,-94.31151127829334,-72.65391612246,-21.657595155833334,15
HORN4,E,14,13.8,14.8,180,-92.29784659120669,-72.65391612246,-19.64393046874669,15
HORN5,E,14,13.8,14.8,0,-72.86657938110001,-72.86657938110001,0.0,15
HORN5,E,14,13.8,14.8,10,-75.35301465931335,-72.86657938110001,-2.486435278213335,15
HORN5,E,14,13.8,14.8,20,-81.78740500179333,-72.86657938110001,-8.920825620693321,15
HORN5,E,14,13.8,14.8,30,-86.3531008886,-72.86657938110001,-13.486521507499987,15
HORN5,E,14,13.8,14.8,40,-93.40618383807333,-72.86657938110001,-20.539604456973322,15
HORN5,E,14,13.8,14.8,50,-91.69099332305333,-72.86657938110001,-18.824413941953324,15
HORN5,E,14,13.8,14.8,60,-95.72358394755999,-72.86657938110001,-22.857004566459977,15
HORN5,E,14,13.8,14.8,70,-94.37065885778665,-72.86657938110001,-21.50407947668664,15
HORN5,E,14,13.8,14.8,80,-92.67969065222,-72.86657938110001,-19.813111271119993,15
HORN5,E,14,13.8,14.8,90,-93.33173239154002,-72.86657938110001,-20.465153010440005,15
HORN5,E,14,13.8,14.8,100,-93.92206442616,-72.86657938110001,-21.055485045059996,15
HORN5,E,14,13.8,14.8,110,-93.32757344646,-72.86657938110001,-20.460994065359984,15
HORN5,E,14,13.8,14.8,120,-96.12540225434,-72.86657938110001,-23.258822873239993,15
HORN5,E,14,13.8,14.8,130,-92.27510266739333,-72.86657938110001,-19.408523286293317,15
HORN5,E,14,13.8,14.8,140,-96.55130108737333,-72.86657938110001,-23.684721706273322,15
HORN5,E,14,13.8,14.8,150,-94.22820306402,-72.86657938110001,-21.361623682919983,15
HORN5,E,14,13.8,14.8,160,-93.89507632570667,-72.86657938110001,-21.02849694460666,15
HORN5,E,14,13.8,14.8,170,-97.46975048765334,-72.86657938110001,-24.603171106553333,15
HORN5,E,14,13.8,14.8,180,-96.79611285362002,-72.86657938110001,-23.929533472520006,15
HORN6,E,14,13.8,14.8,0,-75.19475471886668,-75.19475471886668,0.0,15
HORN6,E,14,13.8,14.8,10,-78.3292730989,-75.19475471886668,-3.1345183800333274,15
HORN6,E,14,13.8,14.8,20,-84.69513033819334,-75.19475471886668,-9.500375619326661,15
HORN6,E,14,13.8,14.8,30,-87.99346649279332,-75.19475471886668,-12.798711773926641,15
HORN6,E,14,13.8,14.8,40,-94.48833479802002,-75.19475471886668,-19.293580079153344,15
HORN6,E,14,13.8,14.8,50,-93.25634369133331,-75.19475471886668,-18.061588972466637,15
HORN6,E,14,13.8,14.8,60,-94.50214382909999,-75.19475471886668,-19.307389110233316,15
HORN6,E,14,13.8,14.8,70,-97.44425766878666,-75.19475471886668,-22.249502949919986,15
HORN6,E,14,13.8,14.8,80,-92.68045760770664,-75.19475471886668,-17.485702888839967,15
HORN6,E,14,13.8,14.8,90,-93.14036323040003,-75.19475471886668,-17.94560851153335,15
HORN6,E,14,13.8,14.8,100,-92.83954582038669,-75.19475471886668,-17.644791101520013,15
HORN6,E,14,13.8,14.8,110,-92.92130975017334,-75.19475471886668,-17.72655503130666,15
HORN6,E,14,13.8,14.8,120,-93.41899025366668,-75.19475471886668,-18.224235534800002,15
HORN6,E,14,13.8,14.8,130,-94.13367864552669,-75.19475471886668,-18.93892392666001,15
HORN6,E,14,13.8,14.8,140,-92.96735696891334,-75.19475471886668,-17.77260225004666,15
HORN6,E,14,13.8,14.8,150,-95.10041118848,-75.19475471886668,-19.90565646961332,15
HORN6,E,14,13.8,14.8,160,-96.26514142056,-75.19475471886668,-21.070386701693323,15
HORN6,E,14,13.8,14.8,170,-94.09015225729335,-75.19475471886668,-18.89539753842668,15
HORN6,E,14,13.8,14.8,180,-94.4275739931,-75.19475471886668,-19.23281927423332,15
HORN7,E,14,13.8,14.8,0,-74.94858968063333,-74.94858968063333,0.0,15
HORN7,E,14,13.8,14.8,10,-77.07340319454,-74.94858968063333,-2.1248135139066733,15
HORN7,E,14,13.8,14.8,20,-83.43246711278668,-74.94858968063333,-8.48387743215335,15
HORN7,E,14,13.8,14.8,30,-89.09054157305998,-74.94858968063333,-14.141951892426647,15
HORN7,E,14,13.8,14.8,40,-97.65935593764,-74.94858968063333,-22.710766257006668,15
HORN7,E,14,13.8,14.8,50,-95.08499536177332,-74.94858968063333,-20.13640568113999,15
HORN7,E,14,13.8,14.8,60,-96.17251941661333,-74.94858968063333,-21.223929735979993,15
HORN7,E,14,13.8,14.8,70,-90.66210802030665,-74.94858968063333,-15.713518339673314,15
HORN7,E,14,13.8,14.8,80,-92.66679388671999,-74.94858968063333,-17.718204206086654,15
HORN7,E,14,13.8,14.8,90,-92.85555240692666,-74.94858968063333,-17.90696272629333,15
HORN7,E,14,13.8,14.8,100,-94.19554349791335,-74.94858968063333,-19.246953817280016,15
HORN7,E,14,13.8,14.8,110,-94.08285264809335,-74.94858968063333,-19.134262967460018,15
HORN7,E,14,13.8,14.8,120,-94.13697068660665,-74.94858968063333,-19.188381005973312,15
HORN7,E,14,13.8,14.8,130,-93.78711573429334,-74.94858968063333,-18.838526053660004,15
HORN7,E,14,13.8,14.8,140,-95.90129395757332,-74.94858968063333,-20.952704276939983,15
HORN7,E,14,13.8,14.8,150,-93.37217682898668,-74.94858968063333,-18.42358714835335,15
HORN7,E,14,13.8,14.8,160,-95.91025670728001,-74.94858968063333,-20.96166702664668,15
HORN7,E,14,13.8,14.8,170,-91.42610936334668,-74.94858968063333,-16.47751968271335,15
HORN7,E,14,13.8,14.8,180,-92.2693628962667,-74.94858968063333,-17.320773215633366,15
HORN8,E,14,13.8,14.8,0,-78.21893864308666,-78.21893864308666,0.0,15
HORN8,E,14,13.8,14.8,10,-81.0948011796,-78.21893864308666,-2.8758625365133383,15
HORN8,E,14,13.8,14.8,20,-86.83461655572002,-78.21893864308666,-8.615677912633359,15
HORN8,E,14,13.8,14.8,30,-89.83726683945333,-78.21893864308666,-11.618328196366676,15
HORN8,E,14,13.8,14.8,40,-94.53841261281333,-78.21893864308666,-16.319473969726673,15
HORN8,E,14,13.8,14.8,50,-94.50579433599334,-78.21893864308666,-16.286855692906684,15
HORN8,E,14,13.8,14.8,60,-95.38184078944664,-78.21893864308666,-17.162902146359983,15
HORN8,E,14,13.8,14.8,70,-93.12791032455999,-78.21893864308666,-14.908971681473332,15
HORN8,E,14,13.8,14.8,80,-93.38036628388666,-78.21893864308666,-15.1614276408,15
HORN8,E,14,13.8,14.8,90,-93.32877075196667,-78.21893864308666,-15.109832108880013,15
HORN8,E,14,13.8,14.8,100,-93.07647547321999,-78.21893864308666,-14.857536830133327,15
HORN8,E,14,13.8,14.8,110,-93.09611811316664,-78.21893864308666,-14.87717947007998,15
HORN8,E,14,13.8,14.8,120,-94.68309151084668,-78.21893864308666,-16.46415286776002,15
HORN8,E,14,13.8,14.8,130,-94.06388060599998,-78.21893864308666,-15.844941962913325,15
HORN8,E,14,13.8,14.8,140,-93.84299507468,-78.21893864308666,-15.624056431593345,15
HORN8,E,14,13.8,14.8,150,-93.38807735054002,-78.21893864308666,-15.169138707453357,15
HORN8,E,14,13.8,14.8,160,-91.62128991022001,-78.21893864308666,-13.402351267133355,15
HORN8,E,14,13.8,14.8,170,-95.21261946092667,-78.21893864308666,-16.993680817840016,15
HORN8,E,14,13.8,14.8,180,-93.49667412294,-78.21893864308666,-15.277735479853334,15
HORN1,E,15,14.8,15.8,0,-61.4471516390375,-61.4471516390375,0.0,16
HORN1,E,15,14.8,15.8,10,-65.44950744883124,-61.4471516390375,-4.002355809793741,16
HORN1,E,15,14.8,15.8,20,-73.20766004555,-61.4471516390375,-11.7605084065125,16
HORN1,E,15,14.8,15.8,30,-79.25767157956875,-61.4471516390375,-17.81051994053125,16
HORN1,E,15,14.8,15.8,40,-84.3581300338625,-61.4471516390375,-22.910978394824994,16
HORN1,E,15,14.8,15.8,50,-89.04943584208125,-61.4471516390375,-27.60228420304375,16
HORN1,E,15,14.8,15.8,60,-91.854220270025,-61.4471516390375,-30.407068630987496,16
HORN1,E,15,14.8,15.8,70,-88.86240605453125,-61.4471516390375,-27.41525441549375,16
HORN1,E,15,14.8,15.8,80,-86.73081962685,-61.4471516390375,-25.283667987812507,16
HORN1,E,15,14.8,15.8,90,-85.3933837009625,-61.4471516390375,-23.946232061925002,16
HORN1,E,15,14.8,15.8,100,-86.12245794800626,-61.4471516390375,-24.675306308968757,16
HORN1,E,15,14.8,15.8,110,-88.74065719631875,-61.4471516390375,-27.29350555728125,16
HORN1,E,15,14.8,15.8,120,-90.92496143035626,-61.4471516390375,-29.477809791318762,16
HORN1,E,15,14.8,15.8,130,-90.4724076906875,-61.4471516390375,-29.025256051650004,16
HORN1,E,15,14.8,15.8,140,-89.1140707878125,-61.4471516390375,-27.666919148774994,16
HORN1,E,15,14.8,15.8,150,-91.9642680310875,-61.4471516390375,-30.51711639205,16
HORN1,E,15,14.8,15.8,160,-90.14643828236875,-61.4471516390375,-28.69928664333125,16
HORN1,E,15,14.8,15.8,170,-86.48639627509375,-61.4471516390375,-25.039244636056253,16
HORN1,E,15,14.8,15.8,180,-84.60959592373125,-61.4471516390375,-23.16244428469375,16
HORN2,E,15,14.8,15.8,0,-71.1035671933875,-71.1035671933875,0.0,16
HORN2,E,15,14.8,15.8,10,-73.11596145217499,-71.1035671933875,-2.012394258787481,16
HORN2,E,15,14.8,15.8,20,-78.89653946986249,-71.1035671933875,-7.792972276474984,16
HORN2,E,15,14.8,15.8,30,-84.1054578914,-71.1035671933875,-13.001890698012488,16
HORN2,E,15,14.8,15.8,40,-90.80946374700625,-71.1035671933875,-19.705896553618743,16
HORN2,E,15,14.8,15.8,50,-93.35519891385626,-71.1035671933875,-22.25163172046875,16
HORN2,E,15,14.8,15.8,60,-94.953096545,-71.1035671933875,-23.84952935161249,16
HORN2,E,15,14.8,15.8,70,-94.5725681283125,-71.1035671933875,-23.469000934924992,16
HORN2,E,15,14.8,15.8,80,-96.5481118649625,-71.1035671933875,-25.444544671574988,16
HORN2,E,15,14.8,15.8,90,-92.46049848226875,-71.1035671933875,-21.356931288881242,16
HORN2,E,15,14.8,15.8,100,-94.2402645610625,-71.1035671933875,-23.136697367674998,16
HORN2,E,15,14.8,15.8,110,-88.73277195531875,-71.1035671933875,-17.62920476193125,16
HORN2,E,15,14.8,15.8,120,-87.62246692304375,-71.1035671933875,-16.51889972965624,16
HORN2,E,15,14.8,15.8,130,-89.50890348494374,-71.1035671933875,-18.40533629155624,16
HORN2,E,15,14.8,15.8,140,-87.214215734525,-71.1035671933875,-16.110648541137493,16
HORN2,E,15,14.8,15.8,150,-93.64248675278125,-71.1035671933875,-22.538919559393747,16
HORN2,E,15,14.8,15.8,160,-95.10365976195625,-71.1035671933875,-24.000092568568746,16
HORN2,E,15,14.8,15.8,170,-92.3774406756625,-71.1035671933875,-21.273873482274993,16
HORN2,E,15,14.8,15.8,180,-90.50176775756876,-71.1035671933875,-19.398200564181252,16
HORN3,E,15,14.8,15.8,0,-70.2414595013625,-70.2414595013625,0.0,16
HORN3,E,15,14.8,15.8,10,-72.3044086332875,-70.2414595013625,-2.062949131924995,16
HORN3,E,15,14.8,15.8,20,-77.79219903785625,-70.2414595013625,-7.550739536493751,16
HORN3,E,15,14.8,15.8,30,-83.2567047314125,-70.2414595013625,-13.015245230049999,16
HORN3,E,15,14.8,15.8,40,-88.14256884544375,-70.2414595013625,-17.90110934408125,16
HORN3,E,15,14.8,15.8,50,-91.784965256875,-70.2414595013625,-21.5435057555125,16
HORN3,E,15,14.8,15.8,60,-93.33431953981875,-70.2414595013625,-23.09286003845625,16
HORN3,E,15,14.8,15.8,70,-92.78564111015625,-70.2414595013625,-22.54418160879375,16
HORN3,E,15,14.8,15.8,80,-91.23645496874374,-70.2414595013625,-20.994995467381244,16
HORN3,E,15,14.8,15.8,90,-92.923411217975,-70.2414595013625,-22.681951716612502,16
HORN3,E,15,14.8,15.8,100,-97.36438406508125,-70.2414595013625,-27.122924563718755,16
HORN3,E,15,14.8,15.8,110,-95.63319958628749,-70.2414595013625,-25.39174008492499,16
HORN3,E,15,14.8,15.8,120,-93.1586385554125,-70.2414595013625,-22.917179054049996,16
HORN3,E,15,14.8,15.8,130,-91.720193777775,-70.2414595013625,-21.478734276412496,16
HORN3,E,15,14.8,15.8,140,-95.27955919101875,-70.2414595013625,-25.03809968965625,16
HORN3,E,15,14.8,15.8,150,-98.218219096175,-70.2414595013625,-27.976759594812506,16
HORN3,E,15,14.8,15.8,160,-96.98029729008125,-70.2414595013625,-26.738837788718754,16
HORN3,E,15,14.8,15.8,170,-96.11031816426876,-70.2414595013625,-25.868858662906263,16
HORN3,E,15,14.8,15.8,180,-91.35002920074375,-70.2414595013625,-21.10856969938125,16
HORN4,E,15,14.8,15.8,0,-71.88065406200624,-71.88065406200624,0.0,16
HORN4,E,15,14.8,15.8,10,-73.24813477697501,-71.88065406200624,-1.3674807149687638,16
HORN4,E,15,14.8,15.8,20,-79.183444242925,-71.88065406200624,-7.3027901809187625,16
HORN4,E,15,14.8,15.8,30,-83.25901042473126,-71.88065406200624,-11.378356362725015,16
HORN4,E,15,14.8,15.8,40,-93.02447164650624,-71.88065406200624,-21.1438175845,16
HORN4,E,15,14.8,15.8,50,-91.82184453241874,-71.88065406200624,-19.941190470412494,16
HORN4,E,15,14.8,15.8,60,-94.28224818195,-71.88065406200624,-22.401594119943752,16
HORN4,E,15,14.8,15.8,70,-94.01087246569375,-71.88065406200624,-22.130218403687508,16
HORN4,E,15,14.8,15.8,80,-93.60105281586875,-71.88065406200624,-21.72039875386251,16
HORN4,E,15,14.8,15.8,90,-93.13187484275001,-71.88065406200624,-21.251220780743765,16
HORN4,E,15,14.8,15.8,100,-96.19004742921875,-71.88065406200624,-24.309393367212508,16
HORN4,E,15,14.8,15.8,110,-94.14613208376875,-71.88065406200624,-22.265478021762505,16
HORN4,E,15,14.8,15.8,120,-93.3149790744875,-71.88065406200624,-21.434325012481253,16
HORN4,E,15,14.8,15.8,130,-97.21304618978749,-71.88065406200624,-25.332392127781247,16
HORN4,E,15,14.8,15.8,140,-97.44225035666875,-71.88065406200624,-25.561596294662507,16
HORN4,E,15,14.8,15.8,150,-96.3339412684125,-71.88065406200624,-24.45328720640626,16
HORN4,E,15,14.8,15.8,160,-95.3147299763875,-71.88065406200624,-23.434075914381253,16
HORN4,E,15,14.8,15.8,170,-94.07506016678126,-71.88065406200624,-22.194406104775013,16
HORN4,E,15,14.8,15.8,180,-94.58941663787499,-71.88065406200624,-22.708762575868747,16
HORN5,E,15,14.8,15.8,0,-72.528473928025,-72.528473928025,0.0,16
HORN5,E,15,14.8,15.8,10,-74.3445878885875,-72.528473928025,-1.8161139605625038,16
HORN5,E,15,14.8,15.8,20,-80.07371435838124,-72.528473928025,-7.545240430356245,16
HORN5,E,15,14.8,15.8,30,-86.44724358453125,-72.528473928025,-13.918769656506257,16
HORN5,E,15,14.8,15.8,40,-93.23413263340001,-72.528473928025,-20.705658705375015,16
HORN5,E,15,14.8,15.8,50,-92.5081298882375,-72.528473928025,-19.97965596021251,16
HORN5,E,15,14.8,15.8,60,-97.14929237619376,-72.528473928025,-24.620818448168762,16
HORN5,E,15,14.8,15.8,70,-94.29392839151876,-72.528473928025,-21.765454463493768,16
HORN5,E,15,14.8,15.8,80,-97.8593959020125,-72.528473928025,-25.3309219739875,16
HORN5,E,15,14.8,15.8,90,-94.718701743025,-72.528473928025,-22.190227815,16
HORN5,E,15,14.8,15.8,100,-94.47832026135625,-72.528473928025,-21.94984633333125,16
HORN5,E,15,14.8,15.8,110,-95.8817193892375,-72.528473928025,-23.35324546121251,16
HORN5,E,15,14.8,15.8,120,-95.67616588954375,-72.528473928025,-23.14769196151876,16
HORN5,E,15,14.8,15.8,130,-97.52512790265001,-72.528473928025,-24.99665397462502,16
HORN5,E,15,14.8,15.8,140,-97.5285419009125,-72.528473928025,-25.000067972887507,16
HORN5,E,15,14.8,15.8,150,-97.2694166158375,-72.528473928025,-24.740942687812506,16
HORN5,E,15,14.8,15.8,160,-97.286563303875,-72.528473928025,-24.758089375850005,16
HORN5,E,15,14.8,15.8,170,-94.44696218858125,-72.528473928025,-21.91848826055626,16
HORN5,E,15,14.8,15.8,180,-97.69935689320626,-72.528473928025,-25.170882965181264,16
HORN6,E,15,14.8,15.8,0,-74.24138072110625,-74.24138072110625,0.0,16
HORN6,E,15,14.8,15.8,10,-76.93864541381875,-74.24138072110625,-2.697264692712494,16
HORN6,E,15,14.8,15.8,20,-82.62354492065626,-74.24138072110625,-8.382164199550004,16
HORN6,E,15,14.8,15.8,30,-86.88263860825626,-74.24138072110625,-12.641257887150005,16
HORN6,E,15,14.8,15.8,40,-96.52030115606874,-74.24138072110625,-22.278920434962487,16
HORN6,E,15,14.8,15.8,50,-93.6589006225625,-74.24138072110625,-19.417519901456245,16
HORN6,E,15,14.8,15.8,60,-95.60582219040626,-74.24138072110625,-21.364441469300004,16
HORN6,E,15,14.8,15.8,70,-95.52760023038124,-74.24138072110625,-21.286219509274986,16
HORN6,E,15,14.8,15.8,80,-94.48210843468749,-74.24138072110625,-20.240727713581236,16
HORN6,E,15,14.8,15.8,90,-94.68801313669374,-74.24138072110625,-20.446632415587487,16
HORN6,E,15,14.8,15.8,100,-95.7656199676875,-74.24138072110625,-21.524239246581246,16
HORN6,E,15,14.8,15.8,110,-95.97716083982499,-74.24138072110625,-21.735780118718736,16
HORN6,E,15,14.8,15.8,120,-93.3310147439875,-74.24138072110625,-19.089634022881242,16
HORN6,E,15,14.8,15.8,130,-95.52802046260625,-74.24138072110625,-21.286639741499997,16
HORN6,E,15,14.8,15.8,140,-95.97484668621874,-74.24138072110625,-21.733465965112487,16
HORN6,E,15,14.8,15.8,150,-94.67221748225626,-74.24138072110625,-20.430836761150005,16
HORN6,E,15,14.8,15.8,160,-95.02183494555001,-74.24138072110625,-20.78045422444376,16
HORN6,E,15,14.8,15.8,170,-95.4457522210125,-74.24138072110625,-21.204371499906244,16
HORN6,E,15,14.8,15.8,180,-93.94854445000624,-74.24138072110625,-19.707163728899985,16
HORN7,E,15,14.8,15.8,0,-73.96024982141874,-73.96024982141874,0.0,16
HORN7,E,15,14.8,15.8,10,-75.47733769816875,-73.96024982141874,-1.5170878767500113,16
HORN7,E,15,14.8,15.8,20,-81.97439591650624,-73.96024982141874,-8.014146095087497,16
HORN7,E,15,14.8,15.8,30,-87.496015522875,-73.96024982141874,-13.535765701456256,16
HORN7,E,15,14.8,15.8,40,-94.58592683168125,-73.96024982141874,-20.625677010262507,16
HORN7,E,15,14.8,15.8,50,-94.83549495726875,-73.96024982141874,-20.875245135850008,16
HORN7,E,15,14.8,15.8,60,-96.01255556756249,-73.96024982141874,-22.052305746143745,16
HORN7,E,15,14.8,15.8,70,-92.35738946476874,-73.96024982141874,-18.397139643350002,16
HORN7,E,15,14.8,15.8,80,-91.256429575875,-73.96024982141874,-17.29617975445626,16
HORN7,E,15,14.8,15.8,90,-93.13178046020624,-73.96024982141874,-19.1715306387875,16
HORN7,E,15,14.8,15.8,100,-94.7558992183875,-73.96024982141874,-20.795649396968756,16
HORN7,E,15,14.8,15.8,110,-94.383800921375,-73.96024982141874,-20.423551099956256,16
HORN7,E,15,14.8,15.8,120,-92.08073453215,-73.96024982141874,-18.12048471073126,16
HORN7,E,15,14.8,15.8,130,-95.18909845278125,-73.96024982141874,-21.22884863136251,16
HORN7,E,15,14.8,15.8,140,-95.34885352768751,-73.96024982141874,-21.388603706268768,16
HORN7,E,15,14.8,15.8,150,-96.5036500281875,-73.96024982141874,-22.54340020676875,16
HORN7,E,15,14.8,15.8,160,-97.943213223975,-73.96024982141874,-23.98296340255625,16
HORN7,E,15,14.8,15.8,170,-98.30162873411251,-73.96024982141874,-24.34137891269377,16
HORN7,E,15,14.8,15.8,180,-94.72764216143125,-73.96024982141874,-20.767392340012506,16
HORN8,E,15,14.8,15.8,0,-76.53921685740625,-76.53921685740625,0.0,16
HORN8,E,15,14.8,15.8,10,-79.11737604635624,-76.53921685740625,-2.5781591889499964,16
HORN8,E,15,14.8,15.8,20,-86.04470168495625,-76.53921685740625,-9.505484827550006,16
HORN8,E,15,14.8,15.8,30,-89.53479862532501,-76.53921685740625,-12.995581767918765,16
HORN8,E,15,14.8,15.8,40,-94.617000625325,-76.53921685740625,-18.07778376791876,16
HORN8,E,15,14.8,15.8,50,-93.20965422656874,-76.53921685740625,-16.6704373691625,16
HORN8,E,15,14.8,15.8,60,-95.7234253707,-76.53921685740625,-19.184208513293754,16
HORN8,E,15,14.8,15.8,70,-92.57496903291874,-76.53921685740625,-16.0357521755125,16
HORN8,E,15,14.8,15.8,80,-94.33162291401875,-76.53921685740625,-17.792406056612506,16
HORN8,E,15,14.8,15.8,90,-94.77873512593125,-76.53921685740625,-18.239518268525003,16
HORN8,E,15,14.8,15.8,100,-95.91551447871875,-76.53921685740625,-19.376297621312503,16
HORN8,E,15,14.8,15.8,110,-95.56717626685625,-76.53921685740625,-19.027959409450006,16
HORN8,E,15,14.8,15.8,120,-94.025279494575,-76.53921685740625,-17.486062637168757,16
HORN8,E,15,14.8,15.8,130,-94.46352872123126,-76.53921685740625,-17.92431186382501,16
HORN8,E,15,14.8,15.8,140,-95.825707085275,-76.53921685740625,-19.286490227868754,16
HORN8,E,15,14.8,15.8,150,-96.62395070596875,-76.53921685740625,-20.084733848562507,16
HORN8,E,15,14.8,15.8,160,-96.2188690521875,-76.53921685740625,-19.679652194781255,16
HORN8,E,15,14.8,15.8,170,-96.05551076895625,-76.53921685740625,-19.516293911550008,16
HORN8,E,15,14.8,15.8,180,-94.528954738425,-76.53921685740625,-17.989737881018755,16
HORN1,E,16,15.8,16.8,0,-60.76949238504,-60.76949238504,0.0,15
HORN1,E,16,15.8,16.8,10,-64.75028990954,-60.76949238504,-3.980797524499998,15
HORN1,E,16,15.8,16.8,20,-72.35677216458,-60.76949238504,-11.58727977953999,15
HORN1,E,16,15.8,16.8,30,-78.89227089418667,-60.76949238504,-18.122778509146663,15
HORN1,E,16,15.8,16.8,40,-81.52851013395333,-60.76949238504,-20.75901774891333,15
HORN1,E,16,15.8,16.8,50,-87.53999587996667,-60.76949238504,-26.770503494926665,15
HORN1,E,16,15.8,16.8,60,-86.17033493592,-60.76949238504,-25.400842550879993,15
HORN1,E,16,15.8,16.8,70,-86.84949688633999,-60.76949238504,-26.08000450129999,15
HORN1,E,16,15.8,16.8,80,-86.97276594968666,-60.76949238504,-26.203273564646658,15
HORN1,E,16,15.8,16.8,90,-86.61529178685333,-60.76949238504,-25.84579940181333,15
HORN1,E,16,15.8,16.8,100,-89.43341967022,-60.76949238504,-28.66392728518,15
HORN1,E,16,15.8,16.8,110,-91.08263435742667,-60.76949238504,-30.313141972386667,15
HORN1,E,16,15.8,16.8,120,-90.27224671954667,-60.76949238504,-29.50275433450667,15
HORN1,E,16,15.8,16.8,130,-90.98271155121333,-60.76949238504,-30.213219166173324,15
HORN1,E,16,15.8,16.8,140,-92.63306450289335,-60.76949238504,-31.863572117853344,15
HORN1,E,16,15.8,16.8,150,-93.06141629024,-60.76949238504,-32.2919239052,15
HORN1,E,16,15.8,16.8,160,-93.53245693249336,-60.76949238504,-32.76296454745336,15
HORN1,E,16,15.8,16.8,170,-96.10591611925335,-60.76949238504,-35.33642373421335,15
HORN1,E,16,15.8,16.8,180,-90.31165863912666,-60.76949238504,-29.54216625408666,15
HORN2,E,16,15.8,16.8,0,-71.63340933895333,-71.63340933895333,0.0,15
HORN2,E,16,15.8,16.8,10,-72.41945212006665,-71.63340933895333,-0.7860427811133235,15
HORN2,E,16,15.8,16.8,20,-77.91138296043333,-71.63340933895333,-6.277973621480001,15
HORN2,E,16,15.8,16.8,30,-84.50595276504666,-71.63340933895333,-12.87254342609333,15
HORN2,E,16,15.8,16.8,40,-88.60420613443333,-71.63340933895333,-16.97079679548,15
HORN2,E,16,15.8,16.8,50,-92.39451260260667,-71.63340933895333,-20.76110326365334,15
HORN2,E,16,15.8,16.8,60,-94.56486845792001,-71.63340933895333,-22.931459118966686,15
HORN2,E,16,15.8,16.8,70,-93.23145173042667,-71.63340933895333,-21.598042391473342,15
HORN2,E,16,15.8,16.8,80,-91.26974397438667,-71.63340933895333,-19.636334635433343,15
HORN2,E,16,15.8,16.8,90,-92.71939250322667,-71.63340933895333,-21.085983164273344,15
HORN2,E,16,15.8,16.8,100,-93.34170552873334,-71.63340933895333,-21.708296189780015,15
HORN2,E,16,15.8,16.8,110,-92.44786914368,-71.63340933895333,-20.814459804726667,15
HORN2,E,16,15.8,16.8,120,-88.43781191993334,-71.63340933895333,-16.80440258098001,15
HORN2,E,16,15.8,16.8,130,-93.85336622216,-71.63340933895333,-22.219956883206677,15
HORN2,E,16,15.8,16.8,140,-89.46685188349332,-71.63340933895333,-17.83344254453999,15
HORN2,E,16,15.8,16.8,150,-94.22838751351331,-71.63340933895333,-22.594978174559984,15
HORN2,E,16,15.8,16.8,160,-94.79213742923334,-71.63340933895333,-23.158728090280007,15
HORN2,E,16,15.8,16.8,170,-95.99043698397331,-71.63340933895333,-24.357027645019983,15
HORN2,E,16,15.8,16.8,180,-92.24847880217999,-71.63340933895333,-20.61506946322666,15
HORN3,E,16,15.8,16.8,0,-69.75944609485333,-69.75944609485333,0.0,15
HORN3,E,16,15.8,16.8,10,-71.81737552454665,-69.75944609485333,-2.057929429693317,15
HORN3,E,16,15.8,16.8,20,-77.92321222296,-69.75944609485333,-8.163766128106673,15
HORN3,E,16,15.8,16.8,30,-83.32658610105334,-69.75944609485333,-13.567140006200006,15
HORN3,E,16,15.8,16.8,40,-87.77936261364,-69.75944609485333,-18.019916518786673,15
HORN3,E,16,15.8,16.8,50,-93.33741651718667,-69.75944609485333,-23.577970422333337,15
HORN3,E,16,15.8,16.8,60,-97.36358042378667,-69.75944609485333,-27.60413432893334,15
HORN3,E,16,15.8,16.8,70,-93.21757117777332,-69.75944609485333,-23.45812508291999,15
HORN3,E,16,15.8,16.8,80,-93.1851270143,-69.75944609485333,-23.425680919446663,15
HORN3,E,16,15.8,16.8,90,-90.7896978882,-69.75944609485333,-21.030251793346665,15
HORN3,E,16,15.8,16.8,100,-90.71449193254001,-69.75944609485333,-20.955045837686683,15
HORN3,E,16,15.8,16.8,110,-93.36058799600667,-69.75944609485333,-23.60114190115334,15
HORN3,E,16,15.8,16.8,120,-93.33942686909334,-69.75944609485333,-23.579980774240013,15
HORN3,E,16,15.8,16.8,130,-94.27183082851336,-69.75944609485333,-24.512384733660028,15
HORN3,E,16,15.8,16.8,140,-97.98133723273334,-69.75944609485333,-28.221891137880007,15
HORN3,E,16,15.8,16.8,150,-97.18761963971333,-69.75944609485333,-27.42817354486,15
HORN3,E,16,15.8,16.8,160,-95.608035748,-69.75944609485333,-25.848589653146675,15
HORN3,E,16,15.8,16.8,170,-96.69765080116002,-69.75944609485333,-26.938204706306692,15
HORN3,E,16,15.8,16.8,180,-97.25267352910669,-69.75944609485333,-27.493227434253356,15
HORN4,E,16,15.8,16.8,0,-71.2040087661,-71.2040087661,0.0,15
HORN4,E,16,15.8,16.8,10,-72.53623576992665,-71.2040087661,-1.3322270038266453,15
HORN4,E,16,15.8,16.8,20,-79.14926606040667,-71.2040087661,-7.945257294306671,15
HORN4,E,16,15.8,16.8,30,-83.94510683493333,-71.2040087661,-12.741098068833324,15
HORN4,E,16,15.8,16.8,40,-89.62213787429333,-71.2040087661,-18.418129108193327,15
HORN4,E,16,15.8,16.8,50,-92.12271743801334,-71.2040087661,-20.918708671913336,15
HORN4,E,16,15.8,16.8,60,-95.59530569256668,-71.2040087661,-24.39129692646668,15
HORN4,E,16,15.8,16.8,70,-92.92514408828667,-71.2040087661,-21.72113532218667,15
HORN4,E,16,15.8,16.8,80,-89.64779488612,-71.2040087661,-18.443786120019993,15
HORN4,E,16,15.8,16.8,90,-91.76360777654666,-71.2040087661,-20.55959901044666,15
HORN4,E,16,15.8,16.8,100,-96.73328148911997,-71.2040087661,-25.52927272301997,15
HORN4,E,16,15.8,16.8,110,-96.81600696875333,-71.2040087661,-25.611998202653325,15
HORN4,E,16,15.8,16.8,120,-92.39934337395334,-71.2040087661,-21.19533460785334,15
HORN4,E,16,15.8,16.8,130,-95.27536251215999,-71.2040087661,-24.071353746059984,15
HORN4,E,16,15.8,16.8,140,-100.03245460592667,-71.2040087661,-28.82844583982667,15
HORN4,E,16,15.8,16.8,150,-94.40711184035334,-71.2040087661,-23.203103074253335,15
HORN4,E,16,15.8,16.8,160,-97.05480725467334,-71.2040087661,-25.850798488573332,15
HORN4,E,16,15.8,16.8,170,-94.01521652316,-71.2040087661,-22.811207757060004,15
HORN4,E,16,15.8,16.8,180,-99.09900092953998,-71.2040087661,-27.89499216343998,15
HORN5,E,16,15.8,16.8,0,-72.68381785094668,-72.68381785094668,0.0,15
HORN5,E,16,15.8,16.8,10,-74.65809893995333,-72.68381785094668,-1.9742810890066522,15
HORN5,E,16,15.8,16.8,20,-80.59441246240667,-72.68381785094668,-7.9105946114599845,15
HORN5,E,16,15.8,16.8,30,-86.90621414163334,-72.68381785094668,-14.22239629068666,15
HORN5,E,16,15.8,16.8,40,-90.87132307305333,-72.68381785094668,-18.18750522210665,15
HORN5,E,16,15.8,16.8,50,-93.59292967168668,-72.68381785094668,-20.909111820739994,15
HORN5,E,16,15.8,16.8,60,-95.50821822043333,-72.68381785094668,-22.824400369486654,15
HORN5,E,16,15.8,16.8,70,-94.79232979109334,-72.68381785094668,-22.108511940146656,15
HORN5,E,16,15.8,16.8,80,-96.67186524020666,-72.68381785094668,-23.988047389259975,15
HORN5,E,16,15.8,16.8,90,-93.20224605064,-72.68381785094668,-20.518428199693318,15
HORN5,E,16,15.8,16.8,100,-94.83451741002666,-72.68381785094668,-22.150699559079982,15
HORN5,E,16,15.8,16.8,110,-94.56140862266001,-72.68381785094668,-21.87759077171333,15
HORN5,E,16,15.8,16.8,120,-97.19441560936667,-72.68381785094668,-24.51059775841999,15
HORN5,E,16,15.8,16.8,130,-99.60138049453332,-72.68381785094668,-26.917562643586635,15
HORN5,E,16,15.8,16.8,140,-97.38769001307332,-72.68381785094668,-24.703872162126643,15
HORN5,E,16,15.8,16.8,150,-94.94335167495998,-72.68381785094668,-22.259533824013303,15
HORN5,E,16,15.8,16.8,160,-95.48316670784668,-72.68381785094668,-22.799348856899996,15
HORN5,E,16,15.8,16.8,170,-96.65711060340666,-72.68381785094668,-23.973292752459983,15
HORN5,E,16,15.8,16.8,180,-96.53908882822,-72.68381785094668,-23.85527097727332,15
HORN6,E,16,15.8,16.8,0,-74.16955592782668,-74.16955592782668,0.0,15
HORN6,E,16,15.8,16.8,10,-76.28523630286666,-74.16955592782668,-2.115680375039986,15
HORN6,E,16,15.8,16.8,20,-81.96026852726666,-74.16955592782668,-7.790712599439985,15
HORN6,E,16,15.8,16.8,30,-85.50607957111998,-74.16955592782668,-11.336523643293305,15
HORN6,E,16,15.8,16.8,40,-93.36812618825334,-74.16955592782668,-19.198570260426663,15
HORN6,E,16,15.8,16.8,50,-95.20134062806001,-74.16955592782668,-21.03178470023333,15
HORN6,E,16,15.8,16.8,60,-93.90922731537331,-74.16955592782668,-19.739671387546636,15
HORN6,E,16,15.8,16.8,70,-93.37500375578,-74.16955592782668,-19.20544782795332,15
HORN6,E,16,15.8,16.8,80,-93.74369791739998,-74.16955592782668,-19.574141989573306,15
HORN6,E,16,15.8,16.8,90,-95.08371418498668,-74.16955592782668,-20.914158257159997,15
HORN6,E,16,15.8,16.8,100,-95.44002338325332,-74.16955592782668,-21.27046745542664,15
HORN6,E,16,15.8,16.8,110,-98.34050139131334,-74.16955592782668,-24.17094546348666,15
HORN6,E,16,15.8,16.8,120,-96.17075444535335,-74.16955592782668,-22.001198517526674,15
HORN6,E,16,15.8,16.8,130,-96.15810327638664,-74.16955592782668,-21.988547348559962,15
HORN6,E,16,15.8,16.8,140,-96.27089924015999,-74.16955592782668,-22.101343312333313,15
HORN6,E,16,15.8,16.8,150,-97.0865920222,-74.16955592782668,-22.917036094373316,15
HORN6,E,16,15.8,16.8,160,-99.75427192959333,-74.16955592782668,-25.58471600176665,15
HORN6,E,16,15.8,16.8,170,-95.58492894983334,-74.16955592782668,-21.415373022006662,15
HORN6,E,16,15.8,16.8,180,-97.53582647374,-74.16955592782668,-23.366270545913324,15
HORN7,E,16,15.8,16.8,0,-73.83813387764667,-73.83813387764667,0.0,15
HORN7,E,16,15.8,16.8,10,-75.26761321431333,-73.83813387764667,-1.4294793366666596,15
HORN7,E,16,15.8,16.8,20,-81.97254253489334,-73.83813387764667,-8.134408657246667,15
HORN7,E,16,15.8,16.8,30,-86.89269941868666,-73.83813387764667,-13.054565541039992,15
HORN7,E,16,15.8,16.8,40,-94.74442091847337,-73.83813387764667,-20.906287040826697,15
HORN7,E,16,15.8,16.8,50,-95.83846905744001,-73.83813387764667,-22.00033517979334,15
HORN7,E,16,15.8,16.8,60,-97.86302106927334,-73.83813387764667,-24.024887191626675,15
HORN7,E,16,15.8,16.8,70,-93.28468100630667,-73.83813387764667,-19.44654712866,15
HORN7,E,16,15.8,16.8,80,-93.1646345086,-73.83813387764667,-19.326500630953333,15
HORN7,E,16,15.8,16.8,90,-92.14373710382,-73.83813387764667,-18.305603226173332,15
HORN7,E,16,15.8,16.8,100,-95.41044976779999,-73.83813387764667,-21.57231589015332,15
HORN7,E,16,15.8,16.8,110,-93.74318244027998,-73.83813387764667,-19.90504856263331,15
HORN7,E,16,15.8,16.8,120,-90.91155311866,-73.83813387764667,-17.073419241013326,15
HORN7,E,16,15.8,16.8,130,-92.83926738373333,-73.83813387764667,-19.00113350608666,15
HORN7,E,16,15.8,16.8,140,-98.55852118206667,-73.83813387764667,-24.72038730442,15
HORN7,E,16,15.8,16.8,150,-96.43691325142001,-73.83813387764667,-22.59877937377334,15
HORN7,E,16,15.8,16.8,160,-94.40927935832669,-73.83813387764667,-20.571145480680016,15
HORN7,E,16,15.8,16.8,170,-93.70256179061334,-73.83813387764667,-19.864427912966676,15
HORN7,E,16,15.8,16.8,180,-92.99950058051999,-73.83813387764667,-19.161366702873323,15
HORN8,E,16,15.8,16.8,0,-75.70198663372,-75.70198663372,0.0,15
HORN8,E,16,15.8,16.8,10,-78.51446062393333,-75.70198663372,-2.812473990213334,15
HORN8,E,16,15.8,16.8,20,-84.62417472726665,-75.70198663372,-8.922188093546652,15
HORN8,E,16,15.8,16.8,30,-89.27787011038666,-75.70198663372,-13.575883476666661,15
HORN8,E,16,15.8,16.8,40,-94.10217443423998,-75.70198663372,-18.400187800519987,15
HORN8,E,16,15.8,16.8,50,-95.92634740304668,-75.70198663372,-20.22436076932668,15
HORN8,E,16,15.8,16.8,60,-97.67818404774,-75.70198663372,-21.976197414020007,15
HORN8,E,16,15.8,16.8,70,-95.48937506127331,-75.70198663372,-19.78738842755331,15
HORN8,E,16,15.8,16.8,80,-95.14062439369333,-75.70198663372,-19.438637759973332,15
HORN8,E,16,15.8,16.8,90,-96.55755974503334,-75.70198663372,-20.855573111313348,15
HORN8,E,16,15.8,16.8,100,-93.74126542826666,-75.70198663372,-18.03927879454666,15
HORN8,E,16,15.8,16.8,110,-95.93653977477332,-75.70198663372,-20.234553141053325,15
HORN8,E,16,15.8,16.8,120,-95.43893093880666,-75.70198663372,-19.736944305086666,15
HORN8,E,16,15.8,16.8,130,-95.42985707492,-75.70198663372,-19.727870441199997,15
HORN8,E,16,15.8,16.8,140,-93.51725588688667,-75.70198663372,-17.815269253166676,15
HORN8,E,16,15.8,16.8,150,-96.83059723896001,-75.70198663372,-21.128610605240013,15
HORN8,E,16,15.8,16.8,160,-93.16634396109333,-75.70198663372,-17.464357327373335,15
HORN8,E,16,15.8,16.8,170,-98.06201074684667,-75.70198663372,-22.36002411312667,15
HORN8,E,16,15.8,16.8,180,-95.36395206428,-75.70198663372,-19.661965430560002,15
HORN1,E,17,16.8,17.8,0,-66.79765686824,-66.79765686824,0.0,15
HORN1,E,17,16.8,17.8,10,-70.20010311164668,-66.79765686824,-3.402446243406686,15
HORN1,E,17,16.8,17.8,20,-78.50190259292667,-66.79765686824,-11.704245724686672,15
HORN1,E,17,16.8,17.8,30,-84.92710798990666,-66.79765686824,-18.129451121666662,15
HORN1,E,17,16.8,17.8,40,-87.48764510720666,-66.79765686824,-20.689988238966663,15
HORN1,E,17,16.8,17.8,50,-90.46106114262001,-66.79765686824,-23.663404274380014,15
HORN1,E,17,16.8,17.8,60,-90.12579616464667,-66.79765686824,-23.328139296406675,15
HORN1,E,17,16.8,17.8,70,-90.78077554299999,-66.79765686824,-23.983118674759993,15
HORN1,E,17,16.8,17.8,80,-90.89186370425999,-66.79765686824,-24.094206836019993,15
HORN1,E,17,16.8,17.8,90,-89.28583564010667,-66.79765686824,-22.48817877186667,15
HORN1,E,17,16.8,17.8,100,-90.73610058167999,-66.79765686824,-23.938443713439995,15
HORN1,E,17,16.8,17.8,110,-91.50703187949333,-66.79765686824,-24.70937501125333,15
HORN1,E,17,16.8,17.8,120,-92.97604759845333,-66.79765686824,-26.178390730213337,15
HORN1,E,17,16.8,17.8,130,-92.19312755500002,-66.79765686824,-25.39547068676002,15
HORN1,E,17,16.8,17.8,140,-93.36705106731333,-66.79765686824,-26.56939419907333,15
HORN1,E,17,16.8,17.8,150,-93.22797687104001,-66.79765686824,-26.430320002800016,15
HORN1,E,17,16.8,17.8,160,-95.8703608204867,-66.79765686824,-29.072703952246698,15
HORN1,E,17,16.8,17.8,170,-93.18836621396667,-66.79765686824,-26.390709345726677,15
HORN1,E,17,16.8,17.8,180,-91.95434393870666,-66.79765686824,-25.15668707046666,15
HORN2,E,17,16.8,17.8,0,-76.80398636808667,-76.80398636808667,0.0,15
HORN2,E,17,16.8,17.8,10,-78.40191773152,-76.80398636808667,-1.5979313634333323,15
HORN2,E,17,16.8,17.8,20,-83.97551749423334,-76.80398636808667,-7.171531126146675,15
HORN2,E,17,16.8,17.8,30,-91.74238760990667,-76.80398636808667,-14.938401241820003,15
HORN2,E,17,16.8,17.8,40,-94.10339010850666,-76.80398636808667,-17.29940374041999,15
HORN2,E,17,16.8,17.8,50,-96.48498396857333,-76.80398636808667,-19.680997600486663,15
HORN2,E,17,16.8,17.8,60,-98.79209818261333,-76.80398636808667,-21.98811181452666,15
HORN2,E,17,16.8,17.8,70,-96.00657152941334,-76.80398636808667,-19.202585161326667,15
HORN2,E,17,16.8,17.8,80,-99.09094135778669,-76.80398636808667,-22.28695498970002,15
HORN2,E,17,16.8,17.8,90,-96.12078308948665,-76.80398636808667,-19.31679672139998,15
HORN2,E,17,16.8,17.8,100,-96.17227000306667,-76.80398636808667,-19.368283634980003,15
HORN2,E,17,16.8,17.8,110,-93.02121011356,-76.80398636808667,-16.217223745473333,15
HORN2,E,17,16.8,17.8,120,-92.63375103095998,-76.80398636808667,-15.829764662873316,15
HORN2,E,17,16.8,17.8,130,-95.50389220396666,-76.80398636808667,-18.69990583587999,15
HORN2,E,17,16.8,17.8,140,-96.51443515068665,-76.80398636808667,-19.710448782599983,15
HORN2,E,17,16.8,17.8,150,-94.75896262605332,-76.80398636808667,-17.95497625796665,15
HORN2,E,17,16.8,17.8,160,-95.47259772327334,-76.80398636808667,-18.66861135518667,15
HORN2,E,17,16.8,17.8,170,-93.16011429224666,-76.80398636808667,-16.356127924159992,15
HORN2,E,17,16.8,17.8,180,-93.94508975947333,-76.80398636808667,-17.141103391386665,15
HORN3,E,17,16.8,17.8,0,-75.32172645248001,-75.32172645248001,0.0,15
HORN3,E,17,16.8,17.8,10,-78.46971536147333,-75.32172645248001,-3.1479889089933266,15
HORN3,E,17,16.8,17.8,20,-85.28726944225333,-75.32172645248001,-9.965542989773326,15
HORN3,E,17,16.8,17.8,30,-89.21117344695999,-75.32172645248001,-13.889446994479982,15
HORN3,E,17,16.8,17.8,40,-94.53067109152,-75.32172645248001,-19.20894463904,15
HORN3,E,17,16.8,17.8,50,-97.68898502,-75.32172645248001,-22.367258567519997,15
HORN3,E,17,16.8,17.8,60,-94.92116394634,-75.32172645248001,-19.599437493859995,15
HORN3,E,17,16.8,17.8,70,-94.28465205973333,-75.32172645248001,-18.962925607253325,15
HORN3,E,17,16.8,17.8,80,-93.75225961919334,-75.32172645248001,-18.43053316671333,15
HORN3,E,17,16.8,17.8,90,-93.77202109416,-75.32172645248001,-18.45029464167999,15
HORN3,E,17,16.8,17.8,100,-95.69578539368,-75.32172645248001,-20.37405894119999,15
HORN3,E,17,16.8,17.8,110,-95.99989942833331,-75.32172645248001,-20.6781729758533,15
HORN3,E,17,16.8,17.8,120,-95.01799774502666,-75.32172645248001,-19.696271292546655,15
HORN3,E,17,16.8,17.8,130,-95.60394546382001,-75.32172645248001,-20.282219011340004,15
HORN3,E,17,16.8,17.8,140,-99.28879711402668,-75.32172645248001,-23.96707066154667,15
HORN3,E,17,16.8,17.8,150,-97.4287224255,-75.32172645248001,-22.10699597301999,15
HORN3,E,17,16.8,17.8,160,-97.97926125641999,-75.32172645248001,-22.65753480393998,15
HORN3,E,17,16.8,17.8,170,-98.36254041611333,-75.32172645248001,-23.040813963633326,15
HORN3,E,17,16.8,17.8,180,-94.55554862349332,-75.32172645248001,-19.233822171013315,15
HORN4,E,17,16.8,17.8,0,-76.11643626547334,-76.11643626547334,0.0,15
HORN4,E,17,16.8,17.8,10,-77.66230813445999,-76.11643626547334,-1.5458718689866515,15
HORN4,E,17,16.8,17.8,20,-83.76212993376,-76.11643626547334,-7.645693668286654,15
HORN4,E,17,16.8,17.8,30,-90.36486627218001,-76.11643626547334,-14.24843000670667,15
HORN4,E,17,16.8,17.8,40,-94.70684079773334,-76.11643626547334,-18.590404532259996,15
HORN4,E,17,16.8,17.8,50,-95.75596460041334,-76.11643626547334,-19.639528334939996,15
HORN4,E,17,16.8,17.8,60,-93.87481544583333,-76.11643626547334,-17.758379180359995,15
HORN4,E,17,16.8,17.8,70,-96.03678810303335,-76.11643626547334,-19.920351837560005,15
HORN4,E,17,16.8,17.8,80,-95.45332433060001,-76.11643626547334,-19.336888065126672,15
HORN4,E,17,16.8,17.8,90,-96.48956115900667,-76.11643626547334,-20.37312489353333,15
HORN4,E,17,16.8,17.8,100,-95.04958750578666,-76.11643626547334,-18.93315124031332,15
HORN4,E,17,16.8,17.8,110,-98.44927706863334,-76.11643626547334,-22.332840803159996,15
HORN4,E,17,16.8,17.8,120,-94.63021891164001,-76.11643626547334,-18.513782646166675,15
HORN4,E,17,16.8,17.8,130,-95.12784466564,-76.11643626547334,-19.01140840016666,15
HORN4,E,17,16.8,17.8,140,-98.74094318290668,-76.11643626547334,-22.624506917433337,15
HORN4,E,17,16.8,17.8,150,-96.39825158885999,-76.11643626547334,-20.281815323386652,15
HORN4,E,17,16.8,17.8,160,-95.75956335368669,-76.11643626547334,-19.643127088213348,15
HORN4,E,17,16.8,17.8,170,-96.64854974372003,-76.11643626547334,-20.532113478246686,15
HORN4,E,17,16.8,17.8,180,-99.38449926340667,-76.11643626547334,-23.268062997933328,15
HORN5,E,17,16.8,17.8,0,-77.41771521250666,-77.41771521250666,0.0,15
HORN5,E,17,16.8,17.8,10,-80.72224791283999,-77.41771521250666,-3.3045327003333256,15
HORN5,E,17,16.8,17.8,20,-86.24787774047331,-77.41771521250666,-8.83016252796665,15
HORN5,E,17,16.8,17.8,30,-92.78813400918668,-77.41771521250666,-15.370418796680013,15
HORN5,E,17,16.8,17.8,40,-95.74357205411334,-77.41771521250666,-18.32585684160668,15
HORN5,E,17,16.8,17.8,50,-96.39125989472001,-77.41771521250666,-18.973544682213344,15
HORN5,E,17,16.8,17.8,60,-97.30046097670666,-77.41771521250666,-19.882745764199996,15
HORN5,E,17,16.8,17.8,70,-97.10961477937332,-77.41771521250666,-19.691899566866653,15
HORN5,E,17,16.8,17.8,80,-97.23240277978667,-77.41771521250666,-19.814687567280004,15
HORN5,E,17,16.8,17.8,90,-96.12797900423334,-77.41771521250666,-18.710263791726675,15
HORN5,E,17,16.8,17.8,100,-95.40290616110666,-77.41771521250666,-17.985190948599993,15
HORN5,E,17,16.8,17.8,110,-96.40207605776,-77.41771521250666,-18.984360845253335,15
HORN5,E,17,16.8,17.8,120,-97.08802484151333,-77.41771521250666,-19.670309629006667,15
HORN5,E,17,16.8,17.8,130,-95.25134182477335,-77.41771521250666,-17.833626612266684,15
HORN5,E,17,16.8,17.8,140,-96.04304620334,-77.41771521250666,-18.625330990833334,15
HORN5,E,17,16.8,17.8,150,-97.51379459740666,-77.41771521250666,-20.096079384899994,15
HORN5,E,17,16.8,17.8,160,-94.79639987268666,-77.41771521250666,-17.37868466018,15
HORN5,E,17,16.8,17.8,170,-96.01178652273332,-77.41771521250666,-18.594071310226653,15
HORN5,E,17,16.8,17.8,180,-95.79165485004665,-77.41771521250666,-18.37393963753999,15
HORN6,E,17,16.8,17.8,0,-80.18440716104001,-80.18440716104001,0.0,15
HORN6,E,17,16.8,17.8,10,-83.29669754976666,-80.18440716104001,-3.112290388726649,15
HORN6,E,17,16.8,17.8,20,-88.39997341633332,-80.18440716104001,-8.21556625529331,15
HORN6,E,17,16.8,17.8,30,-93.21120164279334,-80.18440716104001,-13.026794481753328,15
HORN6,E,17,16.8,17.8,40,-95.14419403559332,-80.18440716104001,-14.959786874553302,15
HORN6,E,17,16.8,17.8,50,-94.13328013824666,-80.18440716104001,-13.948872977206648,15
HORN6,E,17,16.8,17.8,60,-97.71023047347333,-80.18440716104001,-17.525823312433317,15
HORN6,E,17,16.8,17.8,70,-94.34447325039334,-80.18440716104001,-14.160066089353322,15
HORN6,E,17,16.8,17.8,80,-96.39854922598,-80.18440716104001,-16.214142064939992,15
HORN6,E,17,16.8,17.8,90,-95.31422418415335,-80.18440716104001,-15.129817023113333,15
HORN6,E,17,16.8,17.8,100,-95.25639754824667,-80.18440716104001,-15.071990387206654,15
HORN6,E,17,16.8,17.8,110,-98.45965338817332,-80.18440716104001,-18.27524622713331,15
HORN6,E,17,16.8,17.8,120,-98.00346752389332,-80.18440716104001,-17.819060362853307,15
HORN6,E,17,16.8,17.8,130,-96.19711634607333,-80.18440716104001,-16.012709185033316,15
HORN6,E,17,16.8,17.8,140,-98.66236413382666,-80.18440716104001,-18.477956972786643,15
HORN6,E,17,16.8,17.8,150,-97.57988474264667,-80.18440716104001,-17.395477581606656,15
HORN6,E,17,16.8,17.8,160,-101.32730245763334,-80.18440716104001,-21.142895296593323,15
HORN6,E,17,16.8,17.8,170,-95.78281526538,-80.18440716104001,-15.598408104339981,15
HORN6,E,17,16.8,17.8,180,-96.92158167269334,-80.18440716104001,-16.737174511653322,15
HORN7,E,17,16.8,17.8,0,-78.20300747667999,-78.20300747667999,0.0,15
HORN7,E,17,16.8,17.8,10,-80.64440635429999,-78.20300747667999,-2.441398877620003,15
HORN7,E,17,16.8,17.8,20,-88.53724963146001,-78.20300747667999,-10.334242154780028,15
HORN7,E,17,16.8,17.8,30,-91.20340358285334,-78.20300747667999,-13.000396106173355,15
HORN7,E,17,16.8,17.8,40,-97.11548474263333,-78.20300747667999,-18.912477265953342,15
HORN7,E,17,16.8,17.8,50,-97.41188088590667,-78.20300747667999,-19.208873409226683,15
HORN7,E,17,16.8,17.8,60,-98.32405780478001,-78.20300747667999,-20.121050328100026,15
HORN7,E,17,16.8,17.8,70,-95.82970671270002,-78.20300747667999,-17.62669923602003,15
HORN7,E,17,16.8,17.8,80,-96.20859274444,-78.20300747667999,-18.00558526776001,15
HORN7,E,17,16.8,17.8,90,-97.25669247156667,-78.20300747667999,-19.05368499488668,15
HORN7,E,17,16.8,17.8,100,-95.53292550680665,-78.20300747667999,-17.329918030126663,15
HORN7,E,17,16.8,17.8,110,-93.25682434161332,-78.20300747667999,-15.053816864933339,15
HORN7,E,17,16.8,17.8,120,-94.74003365035331,-78.20300747667999,-16.537026173673326,15
HORN7,E,17,16.8,17.8,130,-94.29823976625998,-78.20300747667999,-16.095232289579997,15
HORN7,E,17,16.8,17.8,140,-98.50636155706667,-78.20300747667999,-20.303354080386683,15
HORN7,E,17,16.8,17.8,150,-94.19424174964665,-78.20300747667999,-15.991234272966665,15
HORN7,E,17,16.8,17.8,160,-94.27385508678667,-78.20300747667999,-16.070847610106682,15
HORN7,E,17,16.8,17.8,170,-95.35534130918,-78.20300747667999,-17.15233383250002,15
HORN7,E,17,16.8,17.8,180,-97.96426382863999,-78.20300747667999,-19.76125635196,15
HORN8,E,17,16.8,17.8,0,-82.02170937154666,-82.02170937154666,0.0,15
HORN8,E,17,16.8,17.8,10,-86.03543951763332,-82.02170937154666,-4.013730146086658,15
HORN8,E,17,16.8,17.8,20,-89.96084231838667,-82.02170937154666,-7.9391329468400045,15
HORN8,E,17,16.8,17.8,30,-95.22827797432001,-82.02170937154666,-13.206568602773345,15
HORN8,E,17,16.8,17.8,40,-96.72167212944001,-82.02170937154666,-14.699962757893346,15
HORN8,E,17,16.8,17.8,50,-95.73201232565333,-82.02170937154666,-13.710302954106666,15
HORN8,E,17,16.8,17.8,60,-95.90473703682666,-82.02170937154666,-13.883027665279997,15
HORN8,E,17,16.8,17.8,70,-96.88554536274,-82.02170937154666,-14.86383599119334,15
HORN8,E,17,16.8,17.8,80,-95.98259413704001,-82.02170937154666,-13.960884765493347,15
HORN8,E,17,16.8,17.8,90,-95.22413553976,-82.02170937154666,-13.202426168213336,15
HORN8,E,17,16.8,17.8,100,-96.37905148837999,-82.02170937154666,-14.357342116833323,15
HORN8,E,17,16.8,17.8,110,-94.21007238847334,-82.02170937154666,-12.188363016926672,15
HORN8,E,17,16.8,17.8,120,-96.69893519446666,-82.02170937154666,-14.677225822919993,15
HORN8,E,17,16.8,17.8,130,-95.85540198845334,-82.02170937154666,-13.833692616906674,15
HORN8,E,17,16.8,17.8,140,-95.23123389904,-82.02170937154666,-13.209524527493343,15
HORN8,E,17,16.8,17.8,150,-95.98757130826,-82.02170937154666,-13.965861936713338,15
HORN8,E,17,16.8,17.8,160,-97.3500397009,-82.02170937154666,-15.328330329353335,15
HORN8,E,17,16.8,17.8,170,-95.84065451170001,-82.02170937154666,-13.818945140153346,15
HORN8,E,17,16.8,17.8,180,-96.19660245131334,-82.02170937154666,-14.174893079766676,15
HORN1,E,18,17.8,18.8,0,-66.9783407089,-66.9783407089,0.0,4
HORN1,E,18,17.8,18.8,10,-73.937070654625,-66.9783407089,-6.958729945724997,4
HORN1,E,18,17.8,18.8,20,-84.32696022454999,-66.9783407089,-17.348619515649986,4
HORN1,E,18,17.8,18.8,30,-95.122153600225,-66.9783407089,-28.143812891325,4
HORN1,E,18,17.8,18.8,40,-99.753965763225,-66.9783407089,-32.77562505432499,4
HORN1,E,18,17.8,18.8,50,-93.81054018814999,-66.9783407089,-26.83219947924998,4
HORN1,E,18,17.8,18.8,60,-94.71898804525,-66.9783407089,-27.740647336349994,4
HORN1,E,18,17.8,18.8,70,-89.68793295545001,-66.9783407089,-22.709592246550002,4
HORN1,E,18,17.8,18.8,80,-91.235350433775,-66.9783407089,-24.25700972487499,4
HORN1,E,18,17.8,18.8,90,-88.97721172132499,-66.9783407089,-21.998871012424985,4
HORN1,E,18,17.8,18.8,100,-97.05263633065,-66.9783407089,-30.074295621749997,4
HORN1,E,18,17.8,18.8,110,-91.9725784879,-66.9783407089,-24.994237778999988,4
HORN1,E,18,17.8,18.8,120,-92.10966791152501,-66.9783407089,-25.131327202625002,4
HORN1,E,18,17.8,18.8,130,-93.66725943085,-66.9783407089,-26.68891872194999,4
HORN1,E,18,17.8,18.8,140,-91.34614225685,-66.9783407089,-24.367801547949995,4
HORN1,E,18,17.8,18.8,150,-94.793432226175,-66.9783407089,-27.815091517274993,4
HORN1,E,18,17.8,18.8,160,-98.503105328625,-66.9783407089,-31.52476461972499,4
HORN1,E,18,17.8,18.8,170,-91.64919931782501,-66.9783407089,-24.670858608925002,4
HORN1,E,18,17.8,18.8,180,-97.1370406731,-66.9783407089,-30.158699964199997,4
HORN2,E,18,17.8,18.8,0,-76.7801224732,-76.7801224732,0.0,4
HORN2,E,18,17.8,18.8,10,-78.890382397,-76.7801224732,-2.110259923800001,4
HORN2,E,18,17.8,18.8,20,-86.89488762272501,-76.7801224732,-10.114765149525013,4
HORN2,E,18,17.8,18.8,30,-94.289390543425,-76.7801224732,-17.509268070225005,4
HORN2,E,18,17.8,18.8,40,-94.1783881545,-76.7801224732,-17.398265681300003,4
HORN2,E,18,17.8,18.8,50,-99.000657222075,-76.7801224732,-22.22053474887501,4
HORN2,E,18,17.8,18.8,60,-99.7641380277,-76.7801224732,-22.984015554500004,4
HORN2,E,18,17.8,18.8,70,-93.396746242275,-76.7801224732,-16.616623769075005,4
HORN2,E,18,17.8,18.8,80,-102.22744234597499,-76.7801224732,-25.447319872774997,4
HORN2,E,18,17.8,18.8,90,-103.77211998524999,-76.7801224732,-26.99199751204999,4
HORN2,E,18,17.8,18.8,100,-93.02317207295,-76.7801224732,-16.24304959975001,4
HORN2,E,18,17.8,18.8,110,-94.63905724202499,-76.7801224732,-17.858934768824994,4
HORN2,E,18,17.8,18.8,120,-98.16265521215,-76.7801224732,-21.382532738950005,4
HORN2,E,18,17.8,18.8,130,-95.9108213973,-76.7801224732,-19.130698924100003,4
HORN2,E,18,17.8,18.8,140,-93.34500889762501,-76.7801224732,-16.564886424425012,4
HORN2,E,18,17.8,18.8,150,-97.2605105356,-76.7801224732,-20.48038806240001,4
HORN2,E,18,17.8,18.8,160,-98.2979992291,-76.7801224732,-21.517876755900005,4
HORN2,E,18,17.8,18.8,170,-97.470447935875,-76.7801224732,-20.690325462675005,4
HORN2,E,18,17.8,18.8,180,-93.996651382175,-76.7801224732,-17.216528908975008,4
HORN3,E,18,17.8,18.8,0,-77.335013278775,-77.335013278775,0.0,4
HORN3,E,18,17.8,18.8,10,-80.07349700037499,-77.335013278775,-2.738483721599991,4
HORN3,E,18,17.8,18.8,20,-86.576174410675,-77.335013278775,-9.2411611319,4
HORN3,E,18,17.8,18.8,30,-91.1996472575,-77.335013278775,-13.86463397872501,4
HORN3,E,18,17.8,18.8,40,-96.524855761825,-77.335013278775,-19.18984248305,4
HORN3,E,18,17.8,18.8,50,-98.001646503475,-77.335013278775,-20.666633224700007,4
HORN3,E,18,17.8,18.8,60,-94.07991920787501,-77.335013278775,-16.744905929100014,4
HORN3,E,18,17.8,18.8,70,-93.7615643217,-77.335013278775,-16.426551042925013,4
HORN3,E,18,17.8,18.8,80,-96.80469155855,-77.335013278775,-19.46967827977501,4
HORN3,E,18,17.8,18.8,90,-93.048433894775,-77.335013278775,-15.713420616000008,4
HORN3,E,18,17.8,18.8,100,-93.7707693287,-77.335013278775,-16.435756049925004,4
HORN3,E,18,17.8,18.8,110,-100.48903379104999,-77.335013278775,-23.154020512274997,4
HORN3,E,18,17.8,18.8,120,-93.06966285672499,-77.335013278775,-15.734649577949995,4
HORN3,E,18,17.8,18.8,130,-97.214500632425,-77.335013278775,-19.879487353650006,4
HORN3,E,18,17.8,18.8,140,-101.099973434725,-77.335013278775,-23.764960155950007,4
HORN3,E,18,17.8,18.8,150,-91.554823813675,-77.335013278775,-14.219810534900006,4
HORN3,E,18,17.8,18.8,160,-100.4660891826,-77.335013278775,-23.131075903825007,4
HORN3,E,18,17.8,18.8,170,-96.29772126374999,-77.335013278775,-18.962707984974998,4
HORN3,E,18,17.8,18.8,180,-90.84837588265,-77.335013278775,-13.51336260387501,4
HORN4,E,18,17.8,18.8,0,-78.032709589225,-78.032709589225,0.0,4
HORN4,E,18,17.8,18.8,10,-79.61965973405,-78.032709589225,-1.5869501448250105,4
HORN4,E,18,17.8,18.8,20,-85.95009945277499,-78.032709589225,-7.9173898635499995,4
HORN4,E,18,17.8,18.8,30,-94.70742064142499,-78.032709589225,-16.674711052199996,4
HORN4,E,18,17.8,18.8,40,-95.33047339385,-78.032709589225,-17.297763804625006,4
HORN4,E,18,17.8,18.8,50,-97.59484311435,-78.032709589225,-19.562133525125006,4
HORN4,E,18,17.8,18.8,60,-94.44348227085001,-78.032709589225,-16.41077268162502,4
HORN4,E,18,17.8,18.8,70,-92.71814395122499,-78.032709589225,-14.685434361999995,4
HORN4,E,18,17.8,18.8,80,-93.64979988635,-78.032709589225,-15.617090297125003,4
HORN4,E,18,17.8,18.8,90,-103.2171988399,-78.032709589225,-25.184489250675014,4
HORN4,E,18,17.8,18.8,100,-92.89183183342499,-78.032709589225,-14.859122244199995,4
HORN4,E,18,17.8,18.8,110,-95.2346200291,-78.032709589225,-17.201910439875007,4
HORN4,E,18,17.8,18.8,120,-90.93024834215001,-78.032709589225,-12.897538752925016,4
HORN4,E,18,17.8,18.8,130,-95.13743869105,-78.032709589225,-17.104729101825,4
HORN4,E,18,17.8,18.8,140,-103.34471231360001,-78.032709589225,-25.31200272437502,4
HORN4,E,18,17.8,18.8,150,-92.304220346925,-78.032709589225,-14.271510757700014,4
HORN4,E,18,17.8,18.8,160,-95.09008836955,-78.032709589225,-17.05737878032501,4
HORN4,E,18,17.8,18.8,170,-94.88521922437499,-78.032709589225,-16.85250963515,4
HORN4,E,18,17.8,18.8,180,-99.84553791955,-78.032709589225,-21.812828330325004,4
HORN5,E,18,17.8,18.8,0,-80.154156153675,-80.154156153675,0.0,4
HORN5,E,18,17.8,18.8,10,-83.59762121345,-80.154156153675,-3.4434650597749936,4
HORN5,E,18,17.8,18.8,20,-89.763071875225,-80.154156153675,-9.608915721549991,4
HORN5,E,18,17.8,18.8,30,-100.427629633425,-80.154156153675,-20.273473479749995,4
HORN5,E,18,17.8,18.8,40,-96.28313989237499,-80.154156153675,-16.128983738699986,4
HORN5,E,18,17.8,18.8,50,-99.00072994445,-80.154156153675,-18.846573790774997,4
HORN5,E,18,17.8,18.8,60,-96.35542495125,-80.154156153675,-16.201268797574997,4
HORN5,E,18,17.8,18.8,70,-101.82058800600001,-80.154156153675,-21.666431852325005,4
HORN5,E,18,17.8,18.8,80,-94.7012160078,-80.154156153675,-14.547059854124996,4
HORN5,E,18,17.8,18.8,90,-96.942083279275,-80.154156153675,-16.787927125599992,4
HORN5,E,18,17.8,18.8,100,-94.997124717275,-80.154156153675,-14.842968563599996,4
HORN5,E,18,17.8,18.8,110,-91.763162736875,-80.154156153675,-11.6090065832,4
HORN5,E,18,17.8,18.8,120,-97.13167777260001,-80.154156153675,-16.97752161892501,4
HORN5,E,18,17.8,18.8,130,-95.84108767674999,-80.154156153675,-15.686931523074989,4
HORN5,E,18,17.8,18.8,140,-93.988729534,-80.154156153675,-13.834573380324997,4
HORN5,E,18,17.8,18.8,150,-98.3753338164,-80.154156153675,-18.221177662724998,4
HORN5,E,18,17.8,18.8,160,-95.1082663005,-80.154156153675,-14.954110146825002,4
HORN5,E,18,17.8,18.8,170,-95.10749022557499,-80.154156153675,-14.953334071899988,4
HORN5,E,18,17.8,18.8,180,-94.33255797977499,-80.154156153675,-14.178401826099986,4
HORN6,E,18,17.8,18.8,0,-82.74809842735,-82.74809842735,0.0,4
HORN6,E,18,17.8,18.8,10,-86.307652831125,-82.74809842735,-3.559554403774996,4
HORN6,E,18,17.8,18.8,20,-92.15828987485,-82.74809842735,-9.410191447499997,4
HORN6,E,18,17.8,18.8,30,-92.45593739695,-82.74809842735,-9.707838969600004,4
HORN6,E,18,17.8,18.8,40,-95.249627347475,-82.74809842735,-12.501528920124997,4
HORN6,E,18,17.8,18.8,50,-100.606690687175,-82.74809842735,-17.858592259825002,4
HORN6,E,18,17.8,18.8,60,-93.65829125095,-82.74809842735,-10.9101928236,4
HORN6,E,18,17.8,18.8,70,-93.582144197325,-82.74809842735,-10.834045769974992,4
HORN6,E,18,17.8,18.8,80,-95.2250720429,-82.74809842735,-12.476973615549994,4
HORN6,E,18,17.8,18.8,90,-103.225698517275,-82.74809842735,-20.477600089925005,4
HORN6,E,18,17.8,18.8,100,-93.240873403425,-82.74809842735,-10.492774976074998,4
HORN6,E,18,17.8,18.8,110,-96.64240643369999,-82.74809842735,-13.894308006349988,4
HORN6,E,18,17.8,18.8,120,-98.33619249030001,-82.74809842735,-15.588094062950006,4
HORN6,E,18,17.8,18.8,130,-92.710549107525,-82.74809842735,-9.962450680174996,4
HORN6,E,18,17.8,18.8,140,-97.845182367275,-82.74809842735,-15.097083939925,4
HORN6,E,18,17.8,18.8,150,-95.03703676855,-82.74809842735,-12.288938341199994,4
HORN6,E,18,17.8,18.8,160,-98.653606815925,-82.74809842735,-15.905508388575,4
HORN6,E,18,17.8,18.8,170,-94.76347351367501,-82.74809842735,-12.015375086325008,4
HORN6,E,18,17.8,18.8,180,-96.810970916825,-82.74809842735,-14.062872489474998,4
HORN7,E,18,17.8,18.8,0,-80.28314898369999,-80.28314898369999,0.0,4
HORN7,E,18,17.8,18.8,10,-81.83749106595,-80.28314898369999,-1.5543420822500167,4
HORN7,E,18,17.8,18.8,20,-90.49846558797499,-80.28314898369999,-10.215316604275003,4
HORN7,E,18,17.8,18.8,30,-92.09318176722499,-80.28314898369999,-11.810032783525003,4
HORN7,E,18,17.8,18.8,40,-96.999765468325,-80.28314898369999,-16.716616484625007,4
HORN7,E,18,17.8,18.8,50,-99.816402605575,-80.28314898369999,-19.53325362187502,4
HORN7,E,18,17.8,18.8,60,-95.78862588185,-80.28314898369999,-15.505476898150008,4
HORN7,E,18,17.8,18.8,70,-96.86863290882499,-80.28314898369999,-16.585483925125004,4
HORN7,E,18,17.8,18.8,80,-102.50623075535,-80.28314898369999,-22.223081771650016,4
HORN7,E,18,17.8,18.8,90,-94.71519512277501,-80.28314898369999,-14.432046139075027,4
HORN7,E,18,17.8,18.8,100,-100.62501394695,-80.28314898369999,-20.341864963250018,4
HORN7,E,18,17.8,18.8,110,-94.645341187,-80.28314898369999,-14.362192203300012,4
HORN7,E,18,17.8,18.8,120,-92.850010903625,-80.28314898369999,-12.566861919925017,4
HORN7,E,18,17.8,18.8,130,-93.8453264506,-80.28314898369999,-13.56217746690001,4
HORN7,E,18,17.8,18.8,140,-94.50098190559999,-80.28314898369999,-14.217832921899998,4
HORN7,E,18,17.8,18.8,150,-99.656831357225,-80.28314898369999,-19.373682373525014,4
HORN7,E,18,17.8,18.8,160,-97.08094130092499,-80.28314898369999,-16.797792317225003,4
HORN7,E,18,17.8,18.8,170,-95.36349668265,-80.28314898369999,-15.080347698950007,4
HORN7,E,18,17.8,18.8,180,-94.94417444795002,-80.28314898369999,-14.66102546425003,4
HORN8,E,18,17.8,18.8,0,-86.32834634390001,-86.32834634390001,0.0,4
HORN8,E,18,17.8,18.8,10,-92.32581955945,-86.32834634390001,-5.997473215549988,4
HORN8,E,18,17.8,18.8,20,-95.52761968320002,-86.32834634390001,-9.199273339300007,4
HORN8,E,18,17.8,18.8,30,-96.393670358175,-86.32834634390001,-10.065324014274992,4
HORN8,E,18,17.8,18.8,40,-95.68046820347502,-86.32834634390001,-9.352121859575007,4
HORN8,E,18,17.8,18.8,50,-94.6397944478,-86.32834634390001,-8.311448103899991,4
HORN8,E,18,17.8,18.8,60,-97.660125815925,-86.32834634390001,-11.33177947202499,4
HORN8,E,18,17.8,18.8,70,-96.63756259389999,-86.32834634390001,-10.309216249999977,4
HORN8,E,18,17.8,18.8,80,-98.58932941055001,-86.32834634390001,-12.260983066649999,4
HORN8,E,18,17.8,18.8,90,-95.494884832525,-86.32834634390001,-9.166538488624994,4
HORN8,E,18,17.8,18.8,100,-96.981231095125,-86.32834634390001,-10.652884751224988,4
HORN8,E,18,17.8,18.8,110,-91.735682838625,-86.32834634390001,-5.407336494724987,4
HORN8,E,18,17.8,18.8,120,-93.666206658825,-86.32834634390001,-7.3378603149249955,4
HORN8,E,18,17.8,18.8,130,-92.9277230006,-86.32834634390001,-6.599376656699988,4
HORN8,E,18,17.8,18.8,140,-97.332988057175,-86.32834634390001,-11.004641713274992,4
HORN8,E,18,17.8,18.8,150,-90.37092295517499,-86.32834634390001,-4.042576611274981,4
HORN8,E,18,17.8,18.8,160,-93.9827432013,-86.32834634390001,-7.654396857399988,4
HORN8,E,18,17.8,18.8,170,-94.01733098802501,-86.32834634390001,-7.688984644125,4
HORN8,E,18,17.8,18.8,180,-92.730352504675,-86.32834634390001,-6.402006160774988,4
HORN1,H,6,5.8,6.8,0,-50.91786038635333,-50.91786038635333,0.0,15
HORN1,H,6,5.8,6.8,10,-51.331072580379995,-50.91786038635333,-0.41321219402666287,15
HORN1,H,6,5.8,6.8,20,-52.35592967154,-50.91786038635333,-1.438069285186664,15
HORN1,H,6,5.8,6.8,30,-54.147618228173336,-50.91786038635333,-3.2297578418200033,15
HORN1,H,6,5.8,6.8,40,-56.24449786083999,-50.91786038635333,-5.32663747448666,15
HORN1,H,6,5.8,6.8,50,-58.89266978325332,-50.91786038635333,-7.974809396899985,15
HORN1,H,6,5.8,6.8,60,-61.115531765753325,-50.91786038635333,-10.197671379399992,15
HORN1,H,6,5.8,6.8,70,-63.943570785339986,-50.91786038635333,-13.025710398986654,15
HORN1,H,6,5.8,6.8,80,-67.54174604630667,-50.91786038635333,-16.623885659953338,15
HORN1,H,6,5.8,6.8,90,-70.09843140044667,-50.91786038635333,-19.18057101409334,15
HORN1,H,6,5.8,6.8,100,-73.19298698064667,-50.91786038635333,-22.275126594293333,15
HORN1,H,6,5.8,6.8,110,-76.2921155069133,-50.91786038635333,-25.374255120559972,15
HORN1,H,6,5.8,6.8,120,-76.75432607457999,-50.91786038635333,-25.83646568822666,15
HORN1,H,6,5.8,6.8,130,-75.85862711241333,-50.91786038635333,-24.940766726059998,15
HORN1,H,6,5.8,6.8,140,-76.77471555111333,-50.91786038635333,-25.85685516476,15
HORN1,H,6,5.8,6.8,150,-77.17313025686667,-50.91786038635333,-26.255269870513338,15
HORN1,H,6,5.8,6.8,160,-76.14023238860666,-50.91786038635333,-25.22237200225333,15
HORN1,H,6,5.8,6.8,170,-79.73578628758669,-50.91786038635333,-28.81792590123336,15
HORN1,H,6,5.8,6.8,180,-79.09126395829334,-50.91786038635333,-28.173403571940007,15
HORN2,H,6,5.8,6.8,0,-56.695571718333326,-56.695571718333326,0.0,15
HORN2,H,6,5.8,6.8,10,-57.04295052933334,-56.695571718333326,-0.3473788110000129,15
HORN2,H,6,5.8,6.8,20,-57.82375990462,-56.695571718333326,-1.1281881862866712,15
HORN2,H,6,5.8,6.8,30,-60.16346459482666,-56.695571718333326,-3.4678928764933303,15
HORN2,H,6,5.8,6.8,40,-61.27509011809334,-56.695571718333326,-4.579518399760012,15
HORN2,H,6,5.8,6.8,50,-64.60881031795333,-56.695571718333326,-7.913238599620001,15
HORN2,H,6,5.8,6.8,60,-67.12832319935333,-56.695571718333326,-10.432751481020006,15
HORN2,H,6,5.8,6.8,70,-70.16924618469332,-56.695571718333326,-13.473674466359995,15
HORN2,H,6,5.8,6.8,80,-72.89523436054667,-56.695571718333326,-16.19966264221334,15
HORN2,H,6,5.8,6.8,90,-74.79862196446666,-56.695571718333326,-18.103050246133336,15
HORN2,H,6,5.8,6.8,100,-76.31657570486666,-56.695571718333326,-19.62100398653334,15
HORN2,H,6,5.8,6.8,110,-78.85561960618666,-56.695571718333326,-22.160047887853338,15
HORN2,H,6,5.8,6.8,120,-81.66241070816668,-56.695571718333326,-24.96683898983335,15
HORN2,H,6,5.8,6.8,130,-83.32067423090666,-56.695571718333326,-26.625102512573335,15
HORN2,H,6,5.8,6.8,140,-82.78925963467333,-56.695571718333326,-26.093687916340002,15
HORN2,H,6,5.8,6.8,150,-81.16336505584668,-56.695571718333326,-24.467793337513356,15
HORN2,H,6,5.8,6.8,160,-81.33912322913332,-56.695571718333326,-24.643551510799995,15
HORN2,H,6,5.8,6.8,170,-80.32078349906666,-56.695571718333326,-23.625211780733338,15
HORN2,H,6,5.8,6.8,180,-80.57997762368669,-56.695571718333326,-23.88440590535336,15
HORN3,H,6,5.8,6.8,0,-56.35110150746667,-56.35110150746667,0.0,15
HORN3,H,6,5.8,6.8,10,-56.55503190771333,-56.35110150746667,-0.2039304002466551,15
HORN3,H,6,5.8,6.8,20,-57.64357152825999,-56.35110150746667,-1.292470020793317,15
HORN3,H,6,5.8,6.8,30,-59.40834538938,-56.35110150746667,-3.0572438819133296,15
HORN3,H,6,5.8,6.8,40,-61.42945791854666,-56.35110150746667,-5.078356411079987,15
HORN3,H,6,5.8,6.8,50,-63.459939160813335,-56.35110150746667,-7.1088376533466615,15
HORN3,H,6,5.8,6.8,60,-65.82875558126668,-56.35110150746667,-9.477654073800004,15
HORN3,H,6,5.8,6.8,70,-71.37152951998,-56.35110150746667,-15.020428012513328,15
HORN3,H,6,5.8,6.8,80,-71.45050983099999,-56.35110150746667,-15.099408323533318,15
HORN3,H,6,5.8,6.8,90,-74.30717687785334,-56.35110150746667,-17.956075370386664,15
HORN3,H,6,5.8,6.8,100,-75.70674595048,-56.35110150746667,-19.355644443013325,15
HORN3,H,6,5.8,6.8,110,-79.99634429012666,-56.35110150746667,-23.645242782659984,15
HORN3,H,6,5.8,6.8,120,-78.38775690094,-56.35110150746667,-22.036655393473332,15
HORN3,H,6,5.8,6.8,130,-81.91998072445999,-56.35110150746667,-25.568879216993317,15
HORN3,H,6,5.8,6.8,140,-78.30262413588666,-56.35110150746667,-21.951522628419987,15
HORN3,H,6,5.8,6.8,150,-83.97006962567335,-56.35110150746667,-27.618968118206674,15
HORN3,H,6,5.8,6.8,160,-88.18128647133334,-56.35110150746667,-31.830184963866664,15
HORN3,H,6,5.8,6.8,170,-83.72656270926001,-56.35110150746667,-27.375461201793335,15
HORN3,H,6,5.8,6.8,180,-82.66921581262,-56.35110150746667,-26.318114305153323,15
HORN4,H,6,5.8,6.8,0,-59.01039704464667,-59.01039704464667,0.0,15
HORN4,H,6,5.8,6.8,10,-59.386147942220006,-59.01039704464667,-0.375750897573333,15
HORN4,H,6,5.8,6.8,20,-60.36997137497334,-59.01039704464667,-1.3595743303266659,15
HORN4,H,6,5.8,6.8,30,-61.96579594234666,-59.01039704464667,-2.955398897699986,15
HORN4,H,6,5.8,6.8,40,-64.12123846476668,-59.01039704464667,-5.110841420120003,15
HORN4,H,6,5.8,6.8,50,-66.8188420534,-59.01039704464667,-7.808445008753331,15
HORN4,H,6,5.8,6.8,60,-69.41775823529333,-59.01039704464667,-10.407361190646661,15
HORN4,H,6,5.8,6.8,70,-71.53433943846,-59.01039704464667,-12.523942393813321,15
HORN4,H,6,5.8,6.8,80,-74.92331076509332,-59.01039704464667,-15.912913720446646,15
HORN4,H,6,5.8,6.8,90,-77.59148038598002,-59.01039704464667,-18.581083341333347,15
HORN4,H,6,5.8,6.8,100,-80.31166470423999,-59.01039704464667,-21.301267659593314,15
HORN4,H,6,5.8,6.8,110,-82.78820635450666,-59.01039704464667,-23.777809309859983,15
HORN4,H,6,5.8,6.8,120,-86.67187082066667,-59.01039704464667,-27.661473776019996,15
HORN4,H,6,5.8,6.8,130,-84.60367585719999,-59.01039704464667,-25.593278812553315,15
HORN4,H,6,5.8,6.8,140,-85.29390574057334,-59.01039704464667,-26.283508695926663,15
HORN4,H,6,5.8,6.8,150,-85.51531262407335,-59.01039704464667,-26.504915579426672,15
HORN4,H,6,5.8,6.8,160,-83.16903831444667,-59.01039704464667,-24.158641269799993,15
HORN4,H,6,5.8,6.8,170,-85.25430988518,-59.01039704464667,-26.243912840533334,15
HORN4,H,6,5.8,6.8,180,-83.92510309096001,-59.01039704464667,-24.914706046313334,15
HORN5,H,6,5.8,6.8,0,-60.63625452456668,-60.63625452456668,0.0,15
HORN5,H,6,5.8,6.8,10,-61.27535598496666,-60.63625452456668,-0.6391014603999778,15
HORN5,H,6,5.8,6.8,20,-62.32606706583333,-60.63625452456668,-1.6898125412666474,15
HORN5,H,6,5.8,6.8,30,-63.298178841213335,-60.63625452456668,-2.6619243166466546,15
HORN5,H,6,5.8,6.8,40,-65.62042398884667,-60.63625452456668,-4.9841694642799865,15
HORN5,H,6,5.8,6.8,50,-68.31518438947334,-60.63625452456668,-7.678929864906664,15
HORN5,H,6,5.8,6.8,60,-70.43166663938668,-60.63625452456668,-9.795412114819996,15
HORN5,H,6,5.8,6.8,70,-73.40557828433333,-60.63625452456668,-12.76932375976665,15
HORN5,H,6,5.8,6.8,80,-75.77516963511333,-60.63625452456668,-15.138915110546648,15
HORN5,H,6,5.8,6.8,90,-77.86995603727334,-60.63625452456668,-17.23370151270666,15
HORN5,H,6,5.8,6.8,100,-79.88911278379334,-60.63625452456668,-19.252858259226656,15
HORN5,H,6,5.8,6.8,110,-84.51517918121334,-60.63625452456668,-23.87892465664666,15
HORN5,H,6,5.8,6.8,120,-85.38093945507998,-60.63625452456668,-24.7446849305133,15
HORN5,H,6,5.8,6.8,130,-86.75951344994665,-60.63625452456668,-26.12325892537997,15
HORN5,H,6,5.8,6.8,140,-85.26360942278,-60.63625452456668,-24.627354898213312,15
HORN5,H,6,5.8,6.8,150,-84.43130559792667,-60.63625452456668,-23.795051073359986,15
HORN5,H,6,5.8,6.8,160,-85.15949079130668,-60.63625452456668,-24.52323626674,15
HORN5,H,6,5.8,6.8,170,-84.41108614540667,-60.63625452456668,-23.77483162083999,15
HORN5,H,6,5.8,6.8,180,-84.66681172911998,-60.63625452456668,-24.030557204553304,15
HORN6,H,6,5.8,6.8,0,-62.41639078196666,-62.41639078196666,0.0,15
HORN6,H,6,5.8,6.8,10,-62.675136214986665,-62.41639078196666,-0.2587454330200032,15
HORN6,H,6,5.8,6.8,20,-63.932032904846665,-62.41639078196666,-1.5156421228800028,15
HORN6,H,6,5.8,6.8,30,-65.25471607388,-62.41639078196666,-2.8383252919133426,15
HORN6,H,6,5.8,6.8,40,-67.52082152259334,-62.41639078196666,-5.104430740626675,15
HORN6,H,6,5.8,6.8,50,-69.56217212184667,-62.41639078196666,-7.14578133988001,15
HORN6,H,6,5.8,6.8,60,-72.60711472662,-62.41639078196666,-10.190723944653335,15
HORN6,H,6,5.8,6.8,70,-74.15156734541333,-62.41639078196666,-11.735176563446664,15
HORN6,H,6,5.8,6.8,80,-78.68727720208001,-62.41639078196666,-16.27088642011335,15
HORN6,H,6,5.8,6.8,90,-78.11524013761999,-62.41639078196666,-15.69884935565333,15
HORN6,H,6,5.8,6.8,100,-82.82758742248666,-62.41639078196666,-20.411196640519996,15
HORN6,H,6,5.8,6.8,110,-83.60065315315333,-62.41639078196666,-21.18426237118667,15
HORN6,H,6,5.8,6.8,120,-84.27501441543333,-62.41639078196666,-21.85862363346667,15
HORN6,H,6,5.8,6.8,130,-83.98434456452667,-62.41639078196666,-21.567953782560004,15
HORN6,H,6,5.8,6.8,140,-84.85454226671331,-62.41639078196666,-22.438151484746648,15
HORN6,H,6,5.8,6.8,150,-85.73630659006666,-62.41639078196666,-23.3199158081,15
HORN6,H,6,5.8,6.8,160,-85.21728586109334,-62.41639078196666,-22.800895079126683,15
HORN6,H,6,5.8,6.8,170,-87.56783151296001,-62.41639078196666,-25.15144073099335,15
HORN6,H,6,5.8,6.8,180,-86.72270253784001,-62.41639078196666,-24.306311755873345,15
HORN7,H,6,5.8,6.8,0,-62.31627074828668,-62.31627074828668,0.0,15
HORN7,H,6,5.8,6.8,10,-62.972739858366666,-62.31627074828668,-0.6564691100799891,15
HORN7,H,6,5.8,6.8,20,-63.39056829250668,-62.31627074828668,-1.074297544220002,15
HORN7,H,6,5.8,6.8,30,-65.28159333825334,-62.31627074828668,-2.965322589966668,15
HORN7,H,6,5.8,6.8,40,-67.62392356941334,-62.31627074828668,-5.307652821126659,15
HORN7,H,6,5.8,6.8,50,-69.52803455963333,-62.31627074828668,-7.21176381134665,15
HORN7,H,6,5.8,6.8,60,-72.20218077271998,-62.31627074828668,-9.885910024433308,15
HORN7,H,6,5.8,6.8,70,-74.91174494397998,-62.31627074828668,-12.595474195693306,15
HORN7,H,6,5.8,6.8,80,-75.94321796342666,-62.31627074828668,-13.626947215139985,15
HORN7,H,6,5.8,6.8,90,-77.97393123178,-62.31627074828668,-15.657660483493324,15
HORN7,H,6,5.8,6.8,100,-80.38444700372,-62.31627074828668,-18.068176255433322,15
HORN7,H,6,5.8,6.8,110,-83.17596104533332,-62.31627074828668,-20.859690297046647,15
HORN7,H,6,5.8,6.8,120,-83.50451009026666,-62.31627074828668,-21.188239341979987,15
HORN7,H,6,5.8,6.8,130,-85.57450408462665,-62.31627074828668,-23.258233336339977,15
HORN7,H,6,5.8,6.8,140,-83.33567822084001,-62.31627074828668,-21.019407472553333,15
HORN7,H,6,5.8,6.8,150,-82.8860880653,-62.31627074828668,-20.569817317013324,15
HORN7,H,6,5.8,6.8,160,-84.87973964730001,-62.31627074828668,-22.563468899013337,15
HORN7,H,6,5.8,6.8,170,-85.20327471008666,-62.31627074828668,-22.887003961799984,15
HORN7,H,6,5.8,6.8,180,-83.56059491514667,-62.31627074828668,-21.24432416685999,15
HORN8,H,6,5.8,6.8,0,-62.55312860991334,-62.55312860991334,0.0,15
HORN8,H,6,5.8,6.8,10,-63.24604643882,-62.55312860991334,-0.6929178289066655,15
HORN8,H,6,5.8,6.8,20,-65.26162766024667,-62.55312860991334,-2.7084990503333373,15
HORN8,H,6,5.8,6.8,30,-66.74341971613333,-62.55312860991334,-4.190291106219995,15
HORN8,H,6,5.8,6.8,40,-67.97957404674666,-62.55312860991334,-5.426445436833326,15
HORN8,H,6,5.8,6.8,50,-70.54595569507335,-62.55312860991334,-7.992827085160009,15
HORN8,H,6,5.8,6.8,60,-72.82264430873333,-62.55312860991334,-10.269515698819994,15
HORN8,H,6,5.8,6.8,70,-75.50472993881334,-62.55312860991334,-12.951601328900004,15
HORN8,H,6,5.8,6.8,80,-78.17669852862667,-62.55312860991334,-15.623569918713336,15
HORN8,H,6,5.8,6.8,90,-80.38475789001998,-62.55312860991334,-17.831629280106647,15
HORN8,H,6,5.8,6.8,100,-83.41031052788666,-62.55312860991334,-20.857181917973328,15
HORN8,H,6,5.8,6.8,110,-83.90774177918668,-62.55312860991334,-21.354613169273343,15
HORN8,H,6,5.8,6.8,120,-87.75954463574666,-62.55312860991334,-25.206416025833327,15
HORN8,H,6,5.8,6.8,130,-85.98490066871332,-62.55312860991334,-23.431772058799986,15
HORN8,H,6,5.8,6.8,140,-86.64065707807335,-62.55312860991334,-24.08752846816001,15
HORN8,H,6,5.8,6.8,150,-86.13131088838666,-62.55312860991334,-23.578182278473328,15
HORN8,H,6,5.8,6.8,160,-87.04847572526666,-62.55312860991334,-24.49534711535332,15
HORN8,H,6,5.8,6.8,170,-89.12558218965334,-62.55312860991334,-26.572453579740007,15
HORN8,H,6,5.8,6.8,180,-88.61625682380668,-62.55312860991334,-26.063128213893343,15
HORN1,H,7,6.8,7.8,0,-51.510448902275,-51.510448902275,0.0,16
HORN1,H,7,6.8,7.8,10,-51.88943579339375,-51.510448902275,-0.3789868911187497,16
HORN1,H,7,6.8,7.8,20,-53.002702343450004,-51.510448902275,-1.4922534411750021,16
HORN1,H,7,6.8,7.8,30,-55.13346685674375,-51.510448902275,-3.62301795446875,16
HORN1,H,7,6.8,7.8,40,-57.280983444168754,-51.510448902275,-5.770534541893753,16
HORN1,H,7,6.8,7.8,50,-59.973896203756254,-51.510448902275,-8.463447301481253,16
HORN1,H,7,6.8,7.8,60,-62.411993495512505,-51.510448902275,-10.901544593237503,16
HORN1,H,7,6.8,7.8,70,-65.7099279051625,-51.510448902275,-14.1994790028875,16
HORN1,H,7,6.8,7.8,80,-68.99204965133124,-51.510448902275,-17.48160074905624,16
HORN1,H,7,6.8,7.8,90,-72.06828125466875,-51.510448902275,-20.557832352393746,16
HORN1,H,7,6.8,7.8,100,-74.81830759113748,-51.510448902275,-23.30785868886248,16
HORN1,H,7,6.8,7.8,110,-74.07839993510626,-51.510448902275,-22.56795103283126,16
HORN1,H,7,6.8,7.8,120,-75.30281733084375,-51.510448902275,-23.79236842856875,16
HORN1,H,7,6.8,7.8,130,-75.7397184151875,-51.510448902275,-24.229269512912495,16
HORN1,H,7,6.8,7.8,140,-75.949879989575,-51.510448902275,-24.439431087299994,16
HORN1,H,7,6.8,7.8,150,-75.19497201680625,-51.510448902275,-23.684523114531245,16
HORN1,H,7,6.8,7.8,160,-77.49061578488124,-51.510448902275,-25.98016688260624,16
HORN1,H,7,6.8,7.8,170,-77.73904466613749,-51.510448902275,-26.228595763862486,16
HORN1,H,7,6.8,7.8,180,-80.98216561179999,-51.510448902275,-29.471716709524983,16
HORN2,H,7,6.8,7.8,0,-57.720931033300005,-57.720931033300005,0.0,16
HORN2,H,7,6.8,7.8,10,-57.91803462731875,-57.720931033300005,-0.197103594018742,16
HORN2,H,7,6.8,7.8,20,-58.90228177615,-57.720931033300005,-1.1813507428499932,16
HORN2,H,7,6.8,7.8,30,-61.01126159249375,-57.720931033300005,-3.290330559193748,16
HORN2,H,7,6.8,7.8,40,-62.4561658731125,-57.720931033300005,-4.735234839812492,16
HORN2,H,7,6.8,7.8,50,-65.58436749028124,-57.720931033300005,-7.863436456981233,16
HORN2,H,7,6.8,7.8,60,-69.86194840215626,-57.720931033300005,-12.141017368856254,16
HORN2,H,7,6.8,7.8,70,-69.77481592534374,-57.720931033300005,-12.05388489204374,16
HORN2,H,7,6.8,7.8,80,-72.77019539803749,-57.720931033300005,-15.049264364737482,16
HORN2,H,7,6.8,7.8,90,-75.323114300475,-57.720931033300005,-17.602183267174993,16
HORN2,H,7,6.8,7.8,100,-78.41651166825625,-57.720931033300005,-20.695580634956244,16
HORN2,H,7,6.8,7.8,110,-77.4075548773875,-57.720931033300005,-19.686623844087492,16
HORN2,H,7,6.8,7.8,120,-77.796068117025,-57.720931033300005,-20.075137083724997,16
HORN2,H,7,6.8,7.8,130,-83.03240959175,-57.720931033300005,-25.31147855844999,16
HORN2,H,7,6.8,7.8,140,-79.2598124297,-57.720931033300005,-21.5388813964,16
HORN2,H,7,6.8,7.8,150,-79.79779265031874,-57.720931033300005,-22.076861617018736,16
HORN2,H,7,6.8,7.8,160,-78.73377886692501,-57.720931033300005,-21.012847833625003,16
HORN2,H,7,6.8,7.8,170,-82.3552407206125,-57.720931033300005,-24.634309687312495,16
HORN2,H,7,6.8,7.8,180,-81.0808339138625,-57.720931033300005,-23.3599028805625,16
HORN3,H,7,6.8,7.8,0,-56.820852260737496,-56.820852260737496,0.0,16
HORN3,H,7,6.8,7.8,10,-57.0894256523875,-56.820852260737496,-0.26857339165000127,16
HORN3,H,7,6.8,7.8,20,-58.2046343422125,-56.820852260737496,-1.3837820814750046,16
HORN3,H,7,6.8,7.8,30,-59.9521357714,-56.820852260737496,-3.131283510662506,16
HORN3,H,7,6.8,7.8,40,-62.11181477815,-56.820852260737496,-5.290962517412503,16
HORN3,H,7,6.8,7.8,50,-64.86930373548749,-56.820852260737496,-8.048451474749996,16
HORN3,H,7,6.8,7.8,60,-67.92928746575,-56.820852260737496,-11.108435205012498,16
HORN3,H,7,6.8,7.8,70,-70.56400569615626,-56.820852260737496,-13.743153435418762,16
HORN3,H,7,6.8,7.8,80,-73.3046673500125,-56.820852260737496,-16.483815089274998,16
HORN3,H,7,6.8,7.8,90,-76.03882478745,-56.820852260737496,-19.2179725267125,16
HORN3,H,7,6.8,7.8,100,-77.84807110561876,-56.820852260737496,-21.02721884488126,16
HORN3,H,7,6.8,7.8,110,-78.09719102362502,-56.820852260737496,-21.27633876288752,16
HORN3,H,7,6.8,7.8,120,-80.74295537556876,-56.820852260737496,-23.92210311483126,16
HORN3,H,7,6.8,7.8,130,-81.59504539516874,-56.820852260737496,-24.774193134431243,16
HORN3,H,7,6.8,7.8,140,-82.36789009443125,-56.820852260737496,-25.54703783369375,16
HORN3,H,7,6.8,7.8,150,-81.51978768448126,-56.820852260737496,-24.698935423743762,16
HORN3,H,7,6.8,7.8,160,-82.40897761605625,-56.820852260737496,-25.588125355318752,16
HORN3,H,7,6.8,7.8,170,-84.5965499342,-56.820852260737496,-27.775697673462503,16
HORN3,H,7,6.8,7.8,180,-84.5306326901875,-56.820852260737496,-27.709780429450007,16
HORN4,H,7,6.8,7.8,0,-59.5856173891375,-59.5856173891375,0.0,16
HORN4,H,7,6.8,7.8,10,-60.0404924855125,-59.5856173891375,-0.45487509637500523,16
HORN4,H,7,6.8,7.8,20,-60.704165797849996,-59.5856173891375,-1.118548408712499,16
HORN4,H,7,6.8,7.8,30,-62.2580795327,-59.5856173891375,-2.6724621435625053,16
HORN4,H,7,6.8,7.8,40,-65.36005888234375,-59.5856173891375,-5.774441493206254,16
HORN4,H,7,6.8,7.8,50,-67.264128218,-59.5856173891375,-7.6785108288625,16
HORN4,H,7,6.8,7.8,60,-69.5272900749375,-59.5856173891375,-9.9416726858,16
HORN4,H,7,6.8,7.8,70,-73.68861622770001,-59.5856173891375,-14.102998838562513,16
HORN4,H,7,6.8,7.8,80,-75.42181401511874,-59.5856173891375,-15.836196625981245,16
HORN4,H,7,6.8,7.8,90,-78.93555325601875,-59.5856173891375,-19.349935866881253,16
HORN4,H,7,6.8,7.8,100,-81.33380303053124,-59.5856173891375,-21.748185641393746,16
HORN4,H,7,6.8,7.8,110,-81.27428311805625,-59.5856173891375,-21.68866572891875,16
HORN4,H,7,6.8,7.8,120,-83.23244098006874,-59.5856173891375,-23.64682359093125,16
HORN4,H,7,6.8,7.8,130,-83.18233073103124,-59.5856173891375,-23.596713341893746,16
HORN4,H,7,6.8,7.8,140,-82.70410680108125,-59.5856173891375,-23.118489411943756,16
HORN4,H,7,6.8,7.8,150,-83.51512480508751,-59.5856173891375,-23.929507415950013,16
HORN4,H,7,6.8,7.8,160,-82.64841716450002,-59.5856173891375,-23.06279977536252,16
HORN4,H,7,6.8,7.8,170,-83.9363753302875,-59.5856173891375,-24.350757941150007,16
HORN4,H,7,6.8,7.8,180,-85.8792728791125,-59.5856173891375,-26.29365548997501,16
HORN5,H,7,6.8,7.8,0,-60.915573556431255,-60.915573556431255,0.0,16
HORN5,H,7,6.8,7.8,10,-61.078709921056245,-60.915573556431255,-0.16313636462498948,16
HORN5,H,7,6.8,7.8,20,-61.8717349501875,-60.915573556431255,-0.956161393756247,16
HORN5,H,7,6.8,7.8,30,-63.6187986849125,-60.915573556431255,-2.703225128481243,16
HORN5,H,7,6.8,7.8,40,-65.927259442475,-60.915573556431255,-5.01168588604375,16
HORN5,H,7,6.8,7.8,50,-68.23058532651875,-60.915573556431255,-7.315011770087494,16
HORN5,H,7,6.8,7.8,60,-70.9319468549875,-60.915573556431255,-10.016373298556246,16
HORN5,H,7,6.8,7.8,70,-74.15684603898751,-60.915573556431255,-13.241272482556255,16
HORN5,H,7,6.8,7.8,80,-75.48109025011249,-60.915573556431255,-14.565516693681232,16
HORN5,H,7,6.8,7.8,90,-78.16570654061249,-60.915573556431255,-17.250132984181235,16
HORN5,H,7,6.8,7.8,100,-81.3910842756375,-60.915573556431255,-20.47551071920624,16
HORN5,H,7,6.8,7.8,110,-80.14278901718124,-60.915573556431255,-19.22721546074999,16
HORN5,H,7,6.8,7.8,120,-82.56777372518125,-60.915573556431255,-21.65220016875,16
HORN5,H,7,6.8,7.8,130,-83.88880132803749,-60.915573556431255,-22.973227771606233,16
HORN5,H,7,6.8,7.8,140,-84.12751869451876,-60.915573556431255,-23.2119451380875,16
HORN5,H,7,6.8,7.8,150,-82.80498354585626,-60.915573556431255,-21.889409989425005,16
HORN5,H,7,6.8,7.8,160,-81.765932688725,-60.915573556431255,-20.850359132293747,16
HORN5,H,7,6.8,7.8,170,-84.5564496531625,-60.915573556431255,-23.640876096731247,16
HORN5,H,7,6.8,7.8,180,-84.6678872317125,-60.915573556431255,-23.752313675281243,16
HORN6,H,7,6.8,7.8,0,-62.70421823146875,-62.70421823146875,0.0,16
HORN6,H,7,6.8,7.8,10,-62.97073864220624,-62.70421823146875,-0.2665204107374919,16
HORN6,H,7,6.8,7.8,20,-63.45977545484375,-62.70421823146875,-0.7555572233749999,16
HORN6,H,7,6.8,7.8,30,-65.155915580625,-62.70421823146875,-2.4516973491562553,16
HORN6,H,7,6.8,7.8,40,-68.28365849190625,-62.70421823146875,-5.579440260437501,16
HORN6,H,7,6.8,7.8,50,-69.74987944873125,-62.70421823146875,-7.045661217262499,16
HORN6,H,7,6.8,7.8,60,-73.06807030815625,-62.70421823146875,-10.3638520766875,16
HORN6,H,7,6.8,7.8,70,-77.03513818474374,-62.70421823146875,-14.330919953274993,16
HORN6,H,7,6.8,7.8,80,-76.51758408758751,-62.70421823146875,-13.813365856118757,16
HORN6,H,7,6.8,7.8,90,-80.64268532075624,-62.70421823146875,-17.938467089287492,16
HORN6,H,7,6.8,7.8,100,-81.09739378038125,-62.70421823146875,-18.393175548912502,16
HORN6,H,7,6.8,7.8,110,-81.39638658918125,-62.70421823146875,-18.692168357712497,16
HORN6,H,7,6.8,7.8,120,-84.95901614543126,-62.70421823146875,-22.254797913962513,16
HORN6,H,7,6.8,7.8,130,-82.13425237874999,-62.70421823146875,-19.43003414728124,16
HORN6,H,7,6.8,7.8,140,-82.05598715408124,-62.70421823146875,-19.351768922612486,16
HORN6,H,7,6.8,7.8,150,-85.20661619307499,-62.70421823146875,-22.502397961606242,16
HORN6,H,7,6.8,7.8,160,-82.21622013590625,-62.70421823146875,-19.512001904437504,16
HORN6,H,7,6.8,7.8,170,-82.76381510590625,-62.70421823146875,-20.059596874437496,16
HORN6,H,7,6.8,7.8,180,-85.99109984965625,-62.70421823146875,-23.2868816181875,16
HORN7,H,7,6.8,7.8,0,-62.86018218835,-62.86018218835,0.0,16
HORN7,H,7,6.8,7.8,10,-63.14181549516249,-62.86018218835,-0.28163330681248766,16
HORN7,H,7,6.8,7.8,20,-63.7477896247,-62.86018218835,-0.8876074363499953,16
HORN7,H,7,6.8,7.8,30,-65.7347533094875,-62.86018218835,-2.8745711211374996,16
HORN7,H,7,6.8,7.8,40,-68.12087832676875,-62.86018218835,-5.260696138418744,16
HORN7,H,7,6.8,7.8,50,-69.851496775975,-62.86018218835,-6.991314587624991,16
HORN7,H,7,6.8,7.8,60,-72.08831788628751,-62.86018218835,-9.22813569793751,16
HORN7,H,7,6.8,7.8,70,-75.88247305389999,-62.86018218835,-13.022290865549984,16
HORN7,H,7,6.8,7.8,80,-75.729873087525,-62.86018218835,-12.86969089917499,16
HORN7,H,7,6.8,7.8,90,-82.26203321098751,-62.86018218835,-19.40185102263751,16
HORN7,H,7,6.8,7.8,100,-81.97836390807501,-62.86018218835,-19.11818171972501,16
HORN7,H,7,6.8,7.8,110,-79.86971987580625,-62.86018218835,-17.009537687456252,16
HORN7,H,7,6.8,7.8,120,-83.75910103506251,-62.86018218835,-20.89891884671251,16
HORN7,H,7,6.8,7.8,130,-80.59113131578125,-62.86018218835,-17.730949127431252,16
HORN7,H,7,6.8,7.8,140,-85.00853792905001,-62.86018218835,-22.148355740700005,16
HORN7,H,7,6.8,7.8,150,-83.46650626545625,-62.86018218835,-20.606324077106244,16
HORN7,H,7,6.8,7.8,160,-81.17641093825625,-62.86018218835,-18.31622874990625,16
HORN7,H,7,6.8,7.8,170,-84.54218638945,-62.86018218835,-21.682004201099993,16
HORN7,H,7,6.8,7.8,180,-86.168289507475,-62.86018218835,-23.308107319124993,16
HORN8,H,7,6.8,7.8,0,-62.889379348737506,-62.889379348737506,0.0,16
HORN8,H,7,6.8,7.8,10,-63.485386114675,-62.889379348737506,-0.5960067659374957,16
HORN8,H,7,6.8,7.8,20,-64.4743536927,-62.889379348737506,-1.5849743439625001,16
HORN8,H,7,6.8,7.8,30,-65.72918890624375,-62.889379348737506,-2.8398095575062428,16
HORN8,H,7,6.8,7.8,40,-68.21335697486874,-62.889379348737506,-5.323977626131239,16
HORN8,H,7,6.8,7.8,50,-70.526822109825,-62.889379348737506,-7.637442761087499,16
HORN8,H,7,6.8,7.8,60,-72.80151764839376,-62.889379348737506,-9.912138299656249,16
HORN8,H,7,6.8,7.8,70,-74.8440322516125,-62.889379348737506,-11.954652902874997,16
HORN8,H,7,6.8,7.8,80,-76.5288059385375,-62.889379348737506,-13.639426589799996,16
HORN8,H,7,6.8,7.8,90,-78.93139749798125,-62.889379348737506,-16.042018149243745,16
HORN8,H,7,6.8,7.8,100,-81.07199647811875,-62.889379348737506,-18.182617129381242,16
HORN8,H,7,6.8,7.8,110,-82.42058191436875,-62.889379348737506,-19.531202565631247,16
HORN8,H,7,6.8,7.8,120,-84.7921941827,-62.889379348737506,-21.902814833962495,16
HORN8,H,7,6.8,7.8,130,-84.03061929191875,-62.889379348737506,-21.141239943181247,16
HORN8,H,7,6.8,7.8,140,-84.63938678814999,-62.889379348737506,-21.750007439412485,16
HORN8,H,7,6.8,7.8,150,-85.13642716449375,-62.889379348737506,-22.247047815756247,16
HORN8,H,7,6.8,7.8,160,-85.02128792075,-62.889379348737506,-22.13190857201249,16
HORN8,H,7,6.8,7.8,170,-86.46451538413748,-62.889379348737506,-23.57513603539998,16
HORN8,H,7,6.8,7.8,180,-86.62224822253751,-62.889379348737506,-23.7328688738,16
HORN1,H,8,7.8,8.8,0,-59.48825893795334,-59.48825893795334,0.0,15
HORN1,H,8,7.8,8.8,10,-59.59241474082667,-59.48825893795334,-0.10415580287332915,15
HORN1,H,8,7.8,8.8,20,-60.79860355280001,-59.48825893795334,-1.3103446148466702,15
HORN1,H,8,7.8,8.8,30,-62.68981820124666,-59.48825893795334,-3.201559263293319,15
HORN1,H,8,7.8,8.8,40,-64.51747870809999,-59.48825893795334,-5.029219770146646,15
HORN1,H,8,7.8,8.8,50,-67.98727609094666,-59.48825893795334,-8.499017152993325,15
HORN1,H,8,7.8,8.8,60,-70.70638265937333,-59.48825893795334,-11.218123721419992,15
HORN1,H,8,7.8,8.8,70,-72.07223575920001,-59.48825893795334,-12.583976821246672,15
HORN1,H,8,7.8,8.8,80,-75.31729946188001,-59.48825893795334,-15.829040523926672,15
HORN1,H,8,7.8,8.8,90,-77.78094556941333,-59.48825893795334,-18.292686631459993,15
HORN1,H,8,7.8,8.8,100,-77.13545897390001,-59.48825893795334,-17.647200035946675,15
HORN1,H,8,7.8,8.8,110,-79.71478986874,-59.48825893795334,-20.22653093078666,15
HORN1,H,8,7.8,8.8,120,-79.67119737905332,-59.48825893795334,-20.182938441099985,15
HORN1,H,8,7.8,8.8,130,-82.46834666238001,-59.48825893795334,-22.980087724426674,15
HORN1,H,8,7.8,8.8,140,-79.70489660054666,-59.48825893795334,-20.21663766259332,15
HORN1,H,8,7.8,8.8,150,-78.83420150521334,-59.48825893795334,-19.345942567260003,15
HORN1,H,8,7.8,8.8,160,-80.85865263814,-59.48825893795334,-21.37039370018666,15
HORN1,H,8,7.8,8.8,170,-81.43787100788668,-59.48825893795334,-21.949612069933345,15
HORN1,H,8,7.8,8.8,180,-80.19634336296666,-59.48825893795334,-20.70808442501332,15
HORN2,H,8,7.8,8.8,0,-66.44333437825334,-66.44333437825334,0.0,15
HORN2,H,8,7.8,8.8,10,-66.24504866558667,-66.44333437825334,0.19828571266667439,15
HORN2,H,8,7.8,8.8,20,-66.50853055905333,-66.44333437825334,-0.06519618079998679,15
HORN2,H,8,7.8,8.8,30,-69.2085342741,-66.44333437825334,-2.7651998958466635,15
HORN2,H,8,7.8,8.8,40,-72.80779253196667,-66.44333437825334,-6.364458153713329,15
HORN2,H,8,7.8,8.8,50,-76.32538538642,-66.44333437825334,-9.882051008166655,15
HORN2,H,8,7.8,8.8,60,-75.07878817062,-66.44333437825334,-8.635453792366661,15
HORN2,H,8,7.8,8.8,70,-78.51623509580666,-66.44333437825334,-12.072900717553324,15
HORN2,H,8,7.8,8.8,80,-80.42233260764003,-66.44333437825334,-13.97899822938669,15
HORN2,H,8,7.8,8.8,90,-79.09704668638003,-66.44333437825334,-12.653712308126686,15
HORN2,H,8,7.8,8.8,100,-82.02176904599334,-66.44333437825334,-15.578434667739998,15
HORN2,H,8,7.8,8.8,110,-80.00659491628667,-66.44333437825334,-13.563260538033333,15
HORN2,H,8,7.8,8.8,120,-78.47203546693332,-66.44333437825334,-12.02870108867998,15
HORN2,H,8,7.8,8.8,130,-81.51728467634001,-66.44333437825334,-15.073950298086672,15
HORN2,H,8,7.8,8.8,140,-79.26406381405998,-66.44333437825334,-12.82072943580664,15
HORN2,H,8,7.8,8.8,150,-78.86165206737331,-66.44333437825334,-12.418317689119974,15
HORN2,H,8,7.8,8.8,160,-81.83413695760666,-66.44333437825334,-15.39080257935332,15
HORN2,H,8,7.8,8.8,170,-79.96415790857334,-66.44333437825334,-13.520823530320001,15
HORN2,H,8,7.8,8.8,180,-80.8257246005,-66.44333437825334,-14.382390222246656,15
HORN3,H,8,7.8,8.8,0,-64.76590862159334,-64.76590862159334,0.0,15
HORN3,H,8,7.8,8.8,10,-65.25965535886665,-64.76590862159334,-0.4937467372733124,15
HORN3,H,8,7.8,8.8,20,-66.52831914444,-64.76590862159334,-1.7624105228466647,15
HORN3,H,8,7.8,8.8,30,-68.70322059214666,-64.76590862159334,-3.937311970553324,15
HORN3,H,8,7.8,8.8,40,-71.35521300041334,-64.76590862159334,-6.589304378820003,15
HORN3,H,8,7.8,8.8,50,-73.74861400688665,-64.76590862159334,-8.982705385293315,15
HORN3,H,8,7.8,8.8,60,-77.25152005847332,-64.76590862159334,-12.485611436879978,15
HORN3,H,8,7.8,8.8,70,-79.46273245450001,-64.76590862159334,-14.696823832906674,15
HORN3,H,8,7.8,8.8,80,-81.45992756152002,-64.76590862159334,-16.69401893992668,15
HORN3,H,8,7.8,8.8,90,-82.56192651653332,-64.76590862159334,-17.79601789493998,15
HORN3,H,8,7.8,8.8,100,-81.58976823347332,-64.76590862159334,-16.823859611879982,15
HORN3,H,8,7.8,8.8,110,-83.86444602262,-64.76590862159334,-19.09853740102666,15
HORN3,H,8,7.8,8.8,120,-84.40784949878665,-64.76590862159334,-19.641940877193306,15
HORN3,H,8,7.8,8.8,130,-84.62874197028002,-64.76590862159334,-19.862833348686678,15
HORN3,H,8,7.8,8.8,140,-86.11860947157331,-64.76590862159334,-21.352700849979968,15
HORN3,H,8,7.8,8.8,150,-84.55659172869332,-64.76590862159334,-19.79068310709998,15
HORN3,H,8,7.8,8.8,160,-86.65296092407998,-64.76590862159334,-21.887052302486637,15
HORN3,H,8,7.8,8.8,170,-87.18885533086,-64.76590862159334,-22.422946709266654,15
HORN3,H,8,7.8,8.8,180,-89.80696975020666,-64.76590862159334,-25.041061128613322,15
HORN4,H,8,7.8,8.8,0,-67.66531641476668,-67.66531641476668,0.0,15
HORN4,H,8,7.8,8.8,10,-67.53409791246,-67.66531641476668,0.1312185023066803,15
HORN4,H,8,7.8,8.8,20,-68.4151132832,-67.66531641476668,-0.7497968684333216,15
HORN4,H,8,7.8,8.8,30,-71.48118666062666,-67.66531641476668,-3.8158702458599834,15
HORN4,H,8,7.8,8.8,40,-72.82626100658666,-67.66531641476668,-5.160944591819984,15
HORN4,H,8,7.8,8.8,50,-76.88532804729999,-67.66531641476668,-9.220011632533314,15
HORN4,H,8,7.8,8.8,60,-78.38971086211333,-67.66531641476668,-10.724394447346654,15
HORN4,H,8,7.8,8.8,70,-81.83849097187333,-67.66531641476668,-14.173174557106648,15
HORN4,H,8,7.8,8.8,80,-84.74821574986001,-67.66531641476668,-17.08289933509333,15
HORN4,H,8,7.8,8.8,90,-84.54666367304667,-67.66531641476668,-16.881347258279987,15
HORN4,H,8,7.8,8.8,100,-85.01611310595332,-67.66531641476668,-17.350796691186645,15
HORN4,H,8,7.8,8.8,110,-86.58615599844,-67.66531641476668,-18.920839583673327,15
HORN4,H,8,7.8,8.8,120,-86.02005119537999,-67.66531641476668,-18.354734780613313,15
HORN4,H,8,7.8,8.8,130,-84.15368234010666,-67.66531641476668,-16.488365925339977,15
HORN4,H,8,7.8,8.8,140,-85.77535974828,-67.66531641476668,-18.110043333513318,15
HORN4,H,8,7.8,8.8,150,-86.00995097596666,-67.66531641476668,-18.34463456119998,15
HORN4,H,8,7.8,8.8,160,-86.69484375834668,-67.66531641476668,-19.02952734358,15
HORN4,H,8,7.8,8.8,170,-86.04816793638666,-67.66531641476668,-18.382851521619983,15
HORN4,H,8,7.8,8.8,180,-87.24450351295333,-67.66531641476668,-19.57918709818665,15
HORN5,H,8,7.8,8.8,0,-69.60510766237333,-69.60510766237333,0.0,15
HORN5,H,8,7.8,8.8,10,-69.65070998910667,-69.60510766237333,-0.04560232673334497,15
HORN5,H,8,7.8,8.8,20,-70.44233849258667,-69.60510766237333,-0.8372308302133433,15
HORN5,H,8,7.8,8.8,30,-72.65743472269334,-69.60510766237333,-3.0523270603200103,15
HORN5,H,8,7.8,8.8,40,-75.28580135101335,-69.60510766237333,-5.6806936886400194,15
HORN5,H,8,7.8,8.8,50,-77.81338315684665,-69.60510766237333,-8.208275494473327,15
HORN5,H,8,7.8,8.8,60,-84.44028634864002,-69.60510766237333,-14.835178686266687,15
HORN5,H,8,7.8,8.8,70,-84.81104717688667,-69.60510766237333,-15.205939514513346,15
HORN5,H,8,7.8,8.8,80,-85.61882865401334,-69.60510766237333,-16.013720991640014,15
HORN5,H,8,7.8,8.8,90,-83.52877040365999,-69.60510766237333,-13.923662741286662,15
HORN5,H,8,7.8,8.8,100,-88.30051258453334,-69.60510766237333,-18.69540492216001,15
HORN5,H,8,7.8,8.8,110,-84.95601751152,-69.60510766237333,-15.350909849146674,15
HORN5,H,8,7.8,8.8,120,-88.98956912058665,-69.60510766237333,-19.384461458213323,15
HORN5,H,8,7.8,8.8,130,-87.41420834793334,-69.60510766237333,-17.80910068556001,15
HORN5,H,8,7.8,8.8,140,-87.34214211345999,-69.60510766237333,-17.737034451086657,15
HORN5,H,8,7.8,8.8,150,-85.72632531827335,-69.60510766237333,-16.121217655900026,15
HORN5,H,8,7.8,8.8,160,-85.95455745753999,-69.60510766237333,-16.349449795166663,15
HORN5,H,8,7.8,8.8,170,-86.91634340417333,-69.60510766237333,-17.311235741800004,15
HORN5,H,8,7.8,8.8,180,-88.60675034766,-69.60510766237333,-19.00164268528667,15
HORN6,H,8,7.8,8.8,0,-70.94478191233333,-70.94478191233333,0.0,15
HORN6,H,8,7.8,8.8,10,-70.91333106595333,-70.94478191233333,0.03145084637999673,15
HORN6,H,8,7.8,8.8,20,-71.44101053243334,-70.94478191233333,-0.49622862010001256,15
HORN6,H,8,7.8,8.8,30,-74.12362991287999,-70.94478191233333,-3.1788480005466653,15
HORN6,H,8,7.8,8.8,40,-75.97932030025332,-70.94478191233333,-5.034538387919994,15
HORN6,H,8,7.8,8.8,50,-79.23957999217333,-70.94478191233333,-8.294798079840007,15
HORN6,H,8,7.8,8.8,60,-82.47633208090001,-70.94478191233333,-11.531550168566682,15
HORN6,H,8,7.8,8.8,70,-83.93541550746667,-70.94478191233333,-12.990633595133346,15
HORN6,H,8,7.8,8.8,80,-85.77655077713331,-70.94478191233333,-14.831768864799983,15
HORN6,H,8,7.8,8.8,90,-83.51874094245333,-70.94478191233333,-12.573959030120008,15
HORN6,H,8,7.8,8.8,100,-86.58083547094,-70.94478191233333,-15.636053558606676,15
HORN6,H,8,7.8,8.8,110,-85.79670489787334,-70.94478191233333,-14.851922985540014,15
HORN6,H,8,7.8,8.8,120,-86.75334786675332,-70.94478191233333,-15.80856595441999,15
HORN6,H,8,7.8,8.8,130,-89.05676109456665,-70.94478191233333,-18.111979182233327,15
HORN6,H,8,7.8,8.8,140,-87.51516127300668,-70.94478191233333,-16.570379360673357,15
HORN6,H,8,7.8,8.8,150,-84.78752816166667,-70.94478191233333,-13.842746249333345,15
HORN6,H,8,7.8,8.8,160,-83.20963609717334,-70.94478191233333,-12.264854184840019,15
HORN6,H,8,7.8,8.8,170,-84.78039535809334,-70.94478191233333,-13.835613445760018,15
HORN6,H,8,7.8,8.8,180,-88.63112440774002,-70.94478191233333,-17.68634249540669,15
HORN7,H,8,7.8,8.8,0,-70.50029088769332,-70.50029088769332,0.0,15
HORN7,H,8,7.8,8.8,10,-70.33922071757999,-70.50029088769332,0.1610701701133337,15
HORN7,H,8,7.8,8.8,20,-71.10862324023334,-70.50029088769332,-0.6083323525400175,15
HORN7,H,8,7.8,8.8,30,-74.9729982185,-70.50029088769332,-4.472707330806671,15
HORN7,H,8,7.8,8.8,40,-75.22422727345999,-70.50029088769332,-4.723936385766663,15
HORN7,H,8,7.8,8.8,50,-83.15230370668,-70.50029088769332,-12.652012818986677,15
HORN7,H,8,7.8,8.8,60,-80.24007486710667,-70.50029088769332,-9.739783979413346,15
HORN7,H,8,7.8,8.8,70,-84.47140560081334,-70.50029088769332,-13.971114713120016,15
HORN7,H,8,7.8,8.8,80,-87.64440124107333,-70.50029088769332,-17.14411035338,15
HORN7,H,8,7.8,8.8,90,-86.36841519757999,-70.50029088769332,-15.868124309886667,15
HORN7,H,8,7.8,8.8,100,-86.73595569488002,-70.50029088769332,-16.235664807186694,15
HORN7,H,8,7.8,8.8,110,-83.89290312592668,-70.50029088769332,-13.392612238233355,15
HORN7,H,8,7.8,8.8,120,-84.56198516133334,-70.50029088769332,-14.061694273640015,15
HORN7,H,8,7.8,8.8,130,-82.6430293043,-70.50029088769332,-12.142738416606676,15
HORN7,H,8,7.8,8.8,140,-81.32472394425334,-70.50029088769332,-10.82443305656001,15
HORN7,H,8,7.8,8.8,150,-81.86368618526,-70.50029088769332,-11.363395297566669,15
HORN7,H,8,7.8,8.8,160,-84.22708223763333,-70.50029088769332,-13.726791349940001,15
HORN7,H,8,7.8,8.8,170,-85.14120072659998,-70.50029088769332,-14.640909838906651,15
HORN7,H,8,7.8,8.8,180,-86.09699493097332,-70.50029088769332,-15.596704043279999,15
HORN8,H,8,7.8,8.8,0,-70.43495188085335,-70.43495188085335,0.0,15
HORN8,H,8,7.8,8.8,10,-71.67269818902668,-70.43495188085335,-1.2377463081733282,15
HORN8,H,8,7.8,8.8,20,-72.83345174872667,-70.43495188085335,-2.3984998678733263,15
HORN8,H,8,7.8,8.8,30,-74.58172565667334,-70.43495188085335,-4.1467737758199945,15
HORN8,H,8,7.8,8.8,40,-77.68595789257331,-70.43495188085335,-7.251006011719966,15
HORN8,H,8,7.8,8.8,50,-81.58661413931334,-70.43495188085335,-11.151662258459993,15
HORN8,H,8,7.8,8.8,60,-81.81347833251998,-70.43495188085335,-11.37852645166663,15
HORN8,H,8,7.8,8.8,70,-82.07062132406,-70.43495188085335,-11.635669443206652,15
HORN8,H,8,7.8,8.8,80,-83.08631196456666,-70.43495188085335,-12.651360083713314,15
HORN8,H,8,7.8,8.8,90,-84.77845395158668,-70.43495188085335,-14.343502070733336,15
HORN8,H,8,7.8,8.8,100,-85.69256838027334,-70.43495188085335,-15.257616499419996,15
HORN8,H,8,7.8,8.8,110,-84.56709861118667,-70.43495188085335,-14.132146730333318,15
HORN8,H,8,7.8,8.8,120,-88.05655245467332,-70.43495188085335,-17.621600573819975,15
HORN8,H,8,7.8,8.8,130,-87.40446621519335,-70.43495188085335,-16.969514334340005,15
HORN8,H,8,7.8,8.8,140,-86.99881977120666,-70.43495188085335,-16.563867890353308,15
HORN8,H,8,7.8,8.8,150,-86.42635668364666,-70.43495188085335,-15.991404802793312,15
HORN8,H,8,7.8,8.8,160,-89.79296807401998,-70.43495188085335,-19.358016193166634,15
HORN8,H,8,7.8,8.8,170,-87.23922510161334,-70.43495188085335,-16.804273220759995,15
HORN8,H,8,7.8,8.8,180,-87.63548481521333,-70.43495188085335,-17.200532934359984,15
HORN1,H,9,8.8,9.8,0,-59.09800702132,-59.09800702132,0.0,15
HORN1,H,9,8.8,9.8,10,-59.53260846751333,-59.09800702132,-0.4346014461933265,15
HORN1,H,9,8.8,9.8,20,-60.843190162806664,-59.09800702132,-1.7451831414866632,15
HORN1,H,9,8.8,9.8,30,-63.95573145844666,-59.09800702132,-4.857724437126656,15
HORN1,H,9,8.8,9.8,40,-66.49594787052666,-59.09800702132,-7.3979408492066625,15
HORN1,H,9,8.8,9.8,50,-69.73822861928667,-59.09800702132,-10.640221597966672,15
HORN1,H,9,8.8,9.8,60,-71.68139879663998,-59.09800702132,-12.583391775319981,15
HORN1,H,9,8.8,9.8,70,-74.26349520223334,-59.09800702132,-15.165488180913343,15
HORN1,H,9,8.8,9.8,80,-73.50778627096,-59.09800702132,-14.409779249639996,15
HORN1,H,9,8.8,9.8,90,-76.09961333905333,-59.09800702132,-17.001606317733334,15
HORN1,H,9,8.8,9.8,100,-76.48730232158667,-59.09800702132,-17.389295300266667,15
HORN1,H,9,8.8,9.8,110,-79.51349717015334,-59.09800702132,-20.415490148833342,15
HORN1,H,9,8.8,9.8,120,-79.78289743837334,-59.09800702132,-20.68489041705334,15
HORN1,H,9,8.8,9.8,130,-81.36361902094667,-59.09800702132,-22.26561199962667,15
HORN1,H,9,8.8,9.8,140,-80.34789632741334,-59.09800702132,-21.249889306093337,15
HORN1,H,9,8.8,9.8,150,-79.20944650476667,-59.09800702132,-20.111439483446674,15
HORN1,H,9,8.8,9.8,160,-81.10270797123333,-59.09800702132,-22.004700949913328,15
HORN1,H,9,8.8,9.8,170,-82.96111156622001,-59.09800702132,-23.86310454490001,15
HORN1,H,9,8.8,9.8,180,-83.73114908247334,-59.09800702132,-24.633142061153336,15
HORN2,H,9,8.8,9.8,0,-66.81440113837333,-66.81440113837333,0.0,15
HORN2,H,9,8.8,9.8,10,-67.19552550276666,-66.81440113837333,-0.38112436439332953,15
HORN2,H,9,8.8,9.8,20,-67.60872338868666,-66.81440113837333,-0.7943222503133285,15
HORN2,H,9,8.8,9.8,30,-69.67889249149333,-66.81440113837333,-2.864491353120002,15
HORN2,H,9,8.8,9.8,40,-73.85627379252,-66.81440113837333,-7.0418726541466725,15
HORN2,H,9,8.8,9.8,50,-78.3204554535,-66.81440113837333,-11.506054315126676,15
HORN2,H,9,8.8,9.8,60,-74.5147161061,-66.81440113837333,-7.700314967726669,15
HORN2,H,9,8.8,9.8,70,-74.02007130752001,-66.81440113837333,-7.205670169146686,15
HORN2,H,9,8.8,9.8,80,-74.87659225176,-66.81440113837333,-8.062191113386675,15
HORN2,H,9,8.8,9.8,90,-78.64379684444,-66.81440113837333,-11.829395706066677,15
HORN2,H,9,8.8,9.8,100,-82.02471630280667,-66.81440113837333,-15.21031516443334,15
HORN2,H,9,8.8,9.8,110,-81.26162317353332,-66.81440113837333,-14.447222035159996,15
HORN2,H,9,8.8,9.8,120,-79.11691997848001,-66.81440113837333,-12.302518840106686,15
HORN2,H,9,8.8,9.8,130,-79.74309153782664,-66.81440113837333,-12.928690399453316,15
HORN2,H,9,8.8,9.8,140,-80.07132085727334,-66.81440113837333,-13.256919718900008,15
HORN2,H,9,8.8,9.8,150,-78.66755343444001,-66.81440113837333,-11.853152296066682,15
HORN2,H,9,8.8,9.8,160,-79.29440518376667,-66.81440113837333,-12.480004045393343,15
HORN2,H,9,8.8,9.8,170,-80.78476890344,-66.81440113837333,-13.970367765066669,15
HORN2,H,9,8.8,9.8,180,-83.69331900534,-66.81440113837333,-16.878917866966674,15
HORN3,H,9,8.8,9.8,0,-64.96570931135999,-64.96570931135999,0.0,15
HORN3,H,9,8.8,9.8,10,-65.74283101049333,-64.96570931135999,-0.7771216991333461,15
HORN3,H,9,8.8,9.8,20,-67.6844416236,-64.96570931135999,-2.7187323122400073,15
HORN3,H,9,8.8,9.8,30,-69.57131868875334,-64.96570931135999,-4.60560937739335,15
HORN3,H,9,8.8,9.8,40,-72.61707932010668,-64.96570931135999,-7.651370008746696,15
HORN3,H,9,8.8,9.8,50,-76.12409006663333,-64.96570931135999,-11.158380755273342,15
HORN3,H,9,8.8,9.8,60,-78.62389648918,-64.96570931135999,-13.658187177820011,15
HORN3,H,9,8.8,9.8,70,-79.51261965213334,-64.96570931135999,-14.546910340773351,15
HORN3,H,9,8.8,9.8,80,-79.57501921854,-64.96570931135999,-14.60930990718002,15
HORN3,H,9,8.8,9.8,90,-80.76057424378665,-64.96570931135999,-15.794864932426663,15
HORN3,H,9,8.8,9.8,100,-82.48233906357332,-64.96570931135999,-17.516629752213333,15
HORN3,H,9,8.8,9.8,110,-83.76080419570667,-64.96570931135999,-18.795094884346682,15
HORN3,H,9,8.8,9.8,120,-84.67787634859333,-64.96570931135999,-19.712167037233343,15
HORN3,H,9,8.8,9.8,130,-85.18956160558,-64.96570931135999,-20.22385229422001,15
HORN3,H,9,8.8,9.8,140,-87.14345232138,-64.96570931135999,-22.17774301002001,15
HORN3,H,9,8.8,9.8,150,-85.14138809483332,-64.96570931135999,-20.17567878347333,15
HORN3,H,9,8.8,9.8,160,-85.76304347302667,-64.96570931135999,-20.797334161666683,15
HORN3,H,9,8.8,9.8,170,-87.77456050086667,-64.96570931135999,-22.808851189506683,15
HORN3,H,9,8.8,9.8,180,-88.32347454506,-64.96570931135999,-23.357765233700007,15
HORN4,H,9,8.8,9.8,0,-67.80634648356,-67.80634648356,0.0,15
HORN4,H,9,8.8,9.8,10,-68.52818378670666,-67.80634648356,-0.721837303146657,15
HORN4,H,9,8.8,9.8,20,-70.11767115712,-67.80634648356,-2.3113246735599944,15
HORN4,H,9,8.8,9.8,30,-72.71074710696665,-67.80634648356,-4.904400623406644,15
HORN4,H,9,8.8,9.8,40,-75.23184678022666,-67.80634648356,-7.425500296666655,15
HORN4,H,9,8.8,9.8,50,-81.29788376837999,-67.80634648356,-13.491537284819984,15
HORN4,H,9,8.8,9.8,60,-81.58800951615333,-67.80634648356,-13.781663032593329,15
HORN4,H,9,8.8,9.8,70,-81.57859953448666,-67.80634648356,-13.77225305092665,15
HORN4,H,9,8.8,9.8,80,-82.05197946946667,-67.80634648356,-14.245632985906667,15
HORN4,H,9,8.8,9.8,90,-82.41293144726,-67.80634648356,-14.606584963699987,15
HORN4,H,9,8.8,9.8,100,-83.61761775346666,-67.80634648356,-15.811271269906655,15
HORN4,H,9,8.8,9.8,110,-86.97091512352668,-67.80634648356,-19.164568639966674,15
HORN4,H,9,8.8,9.8,120,-85.51135789412666,-67.80634648356,-17.705011410566655,15
HORN4,H,9,8.8,9.8,130,-85.82244768054001,-67.80634648356,-18.016101196980003,15
HORN4,H,9,8.8,9.8,140,-86.93139687263334,-67.80634648356,-19.125050389073337,15
HORN4,H,9,8.8,9.8,150,-85.64293242008002,-67.80634648356,-17.83658593652001,15
HORN4,H,9,8.8,9.8,160,-86.42289836865334,-67.80634648356,-18.61655188509333,15
HORN4,H,9,8.8,9.8,170,-88.80812343119332,-67.80634648356,-21.001776947633317,15
HORN4,H,9,8.8,9.8,180,-87.40581374049336,-67.80634648356,-19.59946725693335,15
HORN5,H,9,8.8,9.8,0,-69.99202198844,-69.99202198844,0.0,15
HORN5,H,9,8.8,9.8,10,-70.70079986568666,-69.99202198844,-0.7087778772466606,15
HORN5,H,9,8.8,9.8,20,-72.07140646682001,-69.99202198844,-2.079384478380007,15
HORN5,H,9,8.8,9.8,30,-74.393700646,-69.99202198844,-4.401678657559998,15
HORN5,H,9,8.8,9.8,40,-77.57518282466667,-69.99202198844,-7.583160836226668,15
HORN5,H,9,8.8,9.8,50,-81.14824137885998,-69.99202198844,-11.156219390419977,15
HORN5,H,9,8.8,9.8,60,-80.51691126423333,-69.99202198844,-10.524889275793328,15
HORN5,H,9,8.8,9.8,70,-86.67842107876666,-69.99202198844,-16.68639909032666,15
HORN5,H,9,8.8,9.8,80,-83.38812967228,-69.99202198844,-13.39610768384,15
HORN5,H,9,8.8,9.8,90,-85.40671296546,-69.99202198844,-15.414690977020001,15
HORN5,H,9,8.8,9.8,100,-86.58133361625333,-69.99202198844,-16.58931162781333,15
HORN5,H,9,8.8,9.8,110,-86.42580588916,-69.99202198844,-16.43378390072,15
HORN5,H,9,8.8,9.8,120,-84.58206582264,-69.99202198844,-14.590043834200003,15
HORN5,H,9,8.8,9.8,130,-86.89824475792003,-69.99202198844,-16.906222769480024,15
HORN5,H,9,8.8,9.8,140,-88.79543470205333,-69.99202198844,-18.803412713613326,15
HORN5,H,9,8.8,9.8,150,-84.86284034269333,-69.99202198844,-14.87081835425333,15
HORN5,H,9,8.8,9.8,160,-89.79065589576666,-69.99202198844,-19.79863390732666,15
HORN5,H,9,8.8,9.8,170,-88.92172450392003,-69.99202198844,-18.92970251548003,15
HORN5,H,9,8.8,9.8,180,-88.58291864232666,-69.99202198844,-18.59089665388666,15
HORN6,H,9,8.8,9.8,0,-72.20796459733998,-72.20796459733998,0.0,15
HORN6,H,9,8.8,9.8,10,-72.59638788401334,-72.20796459733998,-0.38842328667335835,15
HORN6,H,9,8.8,9.8,20,-72.70601030793333,-72.20796459733998,-0.49804571059334535,15
HORN6,H,9,8.8,9.8,30,-77.30041411196,-72.20796459733998,-5.092449514620014,15
HORN6,H,9,8.8,9.8,40,-77.21038121512,-72.20796459733998,-5.002416617780014,15
HORN6,H,9,8.8,9.8,50,-82.39366433493333,-72.20796459733998,-10.185699737593353,15
HORN6,H,9,8.8,9.8,60,-82.04068426900001,-72.20796459733998,-9.83271967166003,15
HORN6,H,9,8.8,9.8,70,-84.90645361004665,-72.20796459733998,-12.698489012706673,15
HORN6,H,9,8.8,9.8,80,-83.46696323674,-72.20796459733998,-11.25899863940002,15
HORN6,H,9,8.8,9.8,90,-84.27736383104666,-72.20796459733998,-12.069399233706676,15
HORN6,H,9,8.8,9.8,100,-86.17669899578667,-72.20796459733998,-13.968734398446685,15
HORN6,H,9,8.8,9.8,110,-84.19325486172666,-72.20796459733998,-11.985290264386677,15
HORN6,H,9,8.8,9.8,120,-85.82596659621332,-72.20796459733998,-13.61800199887334,15
HORN6,H,9,8.8,9.8,130,-84.85301920257334,-72.20796459733998,-12.645054605233355,15
HORN6,H,9,8.8,9.8,140,-81.92279497527333,-72.20796459733998,-9.714830377933353,15
HORN6,H,9,8.8,9.8,150,-82.95171147951332,-72.20796459733998,-10.74374688217334,15
HORN6,H,9,8.8,9.8,160,-87.13913697153333,-72.20796459733998,-14.931172374193352,15
HORN6,H,9,8.8,9.8,170,-86.42176874726002,-72.20796459733998,-14.213804149920037,15
HORN6,H,9,8.8,9.8,180,-89.7411794946,-72.20796459733998,-17.533214897260024,15
HORN7,H,9,8.8,9.8,0,-71.87754199672668,-71.87754199672668,0.0,15
HORN7,H,9,8.8,9.8,10,-72.26108225607335,-71.87754199672668,-0.3835402593466739,15
HORN7,H,9,8.8,9.8,20,-72.63612235633333,-71.87754199672668,-0.758580359606654,15
HORN7,H,9,8.8,9.8,30,-76.56844239866665,-71.87754199672668,-4.69090040193997,15
HORN7,H,9,8.8,9.8,40,-77.19535254850668,-71.87754199672668,-5.317810551779999,15
HORN7,H,9,8.8,9.8,50,-81.65506821005333,-71.87754199672668,-9.777526213326652,15
HORN7,H,9,8.8,9.8,60,-81.61956898882666,-71.87754199672668,-9.74202699209998,15
HORN7,H,9,8.8,9.8,70,-83.31369728161334,-71.87754199672668,-11.436155284886667,15
HORN7,H,9,8.8,9.8,80,-83.45888774854669,-71.87754199672668,-11.58134575182001,15
HORN7,H,9,8.8,9.8,90,-82.66937420942666,-71.87754199672668,-10.791832212699987,15
HORN7,H,9,8.8,9.8,100,-84.29543355832666,-71.87754199672668,-12.417891561599987,15
HORN7,H,9,8.8,9.8,110,-85.08767934288667,-71.87754199672668,-13.210137346159996,15
HORN7,H,9,8.8,9.8,120,-82.98947729584002,-71.87754199672668,-11.111935299113341,15
HORN7,H,9,8.8,9.8,130,-82.35970681386,-71.87754199672668,-10.482164817133324,15
HORN7,H,9,8.8,9.8,140,-81.99590561669334,-71.87754199672668,-10.118363619966658,15
HORN7,H,9,8.8,9.8,150,-80.42616126196,-71.87754199672668,-8.548619265233327,15
HORN7,H,9,8.8,9.8,160,-83.77109310915334,-71.87754199672668,-11.893551112426664,15
HORN7,H,9,8.8,9.8,170,-85.42879729110001,-71.87754199672668,-13.551255294373334,15
HORN7,H,9,8.8,9.8,180,-87.06810828064002,-71.87754199672668,-15.190566283913341,15
HORN8,H,9,8.8,9.8,0,-71.78437538900667,-71.78437538900667,0.0,15
HORN8,H,9,8.8,9.8,10,-72.82867125448,-71.78437538900667,-1.0442958654733303,15
HORN8,H,9,8.8,9.8,20,-74.27705348494666,-71.78437538900667,-2.4926780959399935,15
HORN8,H,9,8.8,9.8,30,-75.71710505290001,-71.78437538900667,-3.9327296638933404,15
HORN8,H,9,8.8,9.8,40,-79.16393181346666,-71.78437538900667,-7.379556424459992,15
HORN8,H,9,8.8,9.8,50,-80.64711233945333,-71.78437538900667,-8.86273695044666,15
HORN8,H,9,8.8,9.8,60,-81.74647138645334,-71.78437538900667,-9.962095997446667,15
HORN8,H,9,8.8,9.8,70,-82.36381460169333,-71.78437538900667,-10.579439212686665,15
HORN8,H,9,8.8,9.8,80,-82.89599304526,-71.78437538900667,-11.11161765625333,15
HORN8,H,9,8.8,9.8,90,-84.86258100741333,-71.78437538900667,-13.078205618406656,15
HORN8,H,9,8.8,9.8,100,-83.17326346011333,-71.78437538900667,-11.388888071106663,15
HORN8,H,9,8.8,9.8,110,-86.07293597878665,-71.78437538900667,-14.288560589779976,15
HORN8,H,9,8.8,9.8,120,-88.37532555642666,-71.78437538900667,-16.59095016741999,15
HORN8,H,9,8.8,9.8,130,-87.22546603480667,-71.78437538900667,-15.441090645800003,15
HORN8,H,9,8.8,9.8,140,-88.84460409908667,-71.78437538900667,-17.060228710079997,15
HORN8,H,9,8.8,9.8,150,-90.55947378684667,-71.78437538900667,-18.775098397839997,15
HORN8,H,9,8.8,9.8,160,-89.65991956263333,-71.78437538900667,-17.875544173626665,15
HORN8,H,9,8.8,9.8,170,-90.82730543235334,-71.78437538900667,-19.042930043346672,15
HORN8,H,9,8.8,9.8,180,-88.07343732804665,-71.78437538900667,-16.289061939039982,15
HORN1,H,10,9.8,10.8,0,-55.360827622475,-55.360827622475,0.0,16
HORN1,H,10,9.8,10.8,10,-55.866081487256245,-55.360827622475,-0.5052538647812455,16
HORN1,H,10,9.8,10.8,20,-57.69200394389375,-55.360827622475,-2.331176321418752,16
HORN1,H,10,9.8,10.8,30,-60.194457851731244,-55.360827622475,-4.833630229256244,16
HORN1,H,10,9.8,10.8,40,-63.656752724175,-55.360827622475,-8.2959251017,16
HORN1,H,10,9.8,10.8,50,-66.29329562961249,-55.360827622475,-10.932468007137487,16
HORN1,H,10,9.8,10.8,60,-69.47087583171874,-55.360827622475,-14.110048209243743,16
HORN1,H,10,9.8,10.8,70,-73.70747300165625,-55.360827622475,-18.346645379181254,16
HORN1,H,10,9.8,10.8,80,-75.34428626938124,-55.360827622475,-19.983458646906243,16
HORN1,H,10,9.8,10.8,90,-76.1251909343125,-55.360827622475,-20.7643633118375,16
HORN1,H,10,9.8,10.8,100,-75.51573293628749,-55.360827622475,-20.154905313812492,16
HORN1,H,10,9.8,10.8,110,-75.17286311853749,-55.360827622475,-19.812035496062492,16
HORN1,H,10,9.8,10.8,120,-78.5478294527375,-55.360827622475,-23.187001830262503,16
HORN1,H,10,9.8,10.8,130,-79.16079984796875,-55.360827622475,-23.799972225493747,16
HORN1,H,10,9.8,10.8,140,-78.19012901996251,-55.360827622475,-22.829301397487512,16
HORN1,H,10,9.8,10.8,150,-77.46052049021876,-55.360827622475,-22.099692867743755,16
HORN1,H,10,9.8,10.8,160,-80.72623200164375,-55.360827622475,-25.36540437916875,16
HORN1,H,10,9.8,10.8,170,-80.25981058517499,-55.360827622475,-24.89898296269999,16
HORN1,H,10,9.8,10.8,180,-80.84252873165624,-55.360827622475,-25.481701109181245,16
HORN2,H,10,9.8,10.8,0,-63.314398404631255,-63.314398404631255,0.0,16
HORN2,H,10,9.8,10.8,10,-63.70138421535,-63.314398404631255,-0.38698581071874116,16
HORN2,H,10,9.8,10.8,20,-64.67468903240626,-63.314398404631255,-1.360290627775008,16
HORN2,H,10,9.8,10.8,30,-68.2071512243875,-63.314398404631255,-4.892752819756247,16
HORN2,H,10,9.8,10.8,40,-69.58901955820625,-63.314398404631255,-6.274621153574991,16
HORN2,H,10,9.8,10.8,50,-71.25725141438124,-63.314398404631255,-7.942853009749989,16
HORN2,H,10,9.8,10.8,60,-75.51257474020625,-63.314398404631255,-12.198176335574992,16
HORN2,H,10,9.8,10.8,70,-76.5937447362,-63.314398404631255,-13.279346331568739,16
HORN2,H,10,9.8,10.8,80,-80.64703570735,-63.314398404631255,-17.332637302718744,16
HORN2,H,10,9.8,10.8,90,-77.82620007245,-63.314398404631255,-14.511801667818752,16
HORN2,H,10,9.8,10.8,100,-78.33615527876876,-63.314398404631255,-15.021756874137502,16
HORN2,H,10,9.8,10.8,110,-79.671212835375,-63.314398404631255,-16.356814430743746,16
HORN2,H,10,9.8,10.8,120,-79.40054193550625,-63.314398404631255,-16.086143530875,16
HORN2,H,10,9.8,10.8,130,-81.37597138751875,-63.314398404631255,-18.06157298288749,16
HORN2,H,10,9.8,10.8,140,-82.9246507416,-63.314398404631255,-19.61025233696875,16
HORN2,H,10,9.8,10.8,150,-81.442965761975,-63.314398404631255,-18.128567357343748,16
HORN2,H,10,9.8,10.8,160,-82.858429125025,-63.314398404631255,-19.544030720393742,16
HORN2,H,10,9.8,10.8,170,-81.806882330875,-63.314398404631255,-18.492483926243743,16
HORN2,H,10,9.8,10.8,180,-81.69332240446249,-63.314398404631255,-18.378923999831237,16
HORN3,H,10,9.8,10.8,0,-61.706775439050006,-61.706775439050006,0.0,16
HORN3,H,10,9.8,10.8,10,-62.18406160820625,-61.706775439050006,-0.477286169156244,16
HORN3,H,10,9.8,10.8,20,-64.09579096556875,-61.706775439050006,-2.3890155265187474,16
HORN3,H,10,9.8,10.8,30,-66.16556281329375,-61.706775439050006,-4.458787374243741,16
HORN3,H,10,9.8,10.8,40,-69.66420672499376,-61.706775439050006,-7.9574312859437555,16
HORN3,H,10,9.8,10.8,50,-72.00464802128751,-61.706775439050006,-10.297872582237503,16
HORN3,H,10,9.8,10.8,60,-76.57886698035625,-61.706775439050006,-14.872091541306247,16
HORN3,H,10,9.8,10.8,70,-78.18552742573125,-61.706775439050006,-16.478751986681246,16
HORN3,H,10,9.8,10.8,80,-80.64638561716251,-61.706775439050006,-18.939610178112503,16
HORN3,H,10,9.8,10.8,90,-81.47340344415625,-61.706775439050006,-19.76662800510624,16
HORN3,H,10,9.8,10.8,100,-83.719591237475,-61.706775439050006,-22.012815798424995,16
HORN3,H,10,9.8,10.8,110,-82.99461471693125,-61.706775439050006,-21.287839277881247,16
HORN3,H,10,9.8,10.8,120,-84.00599577348126,-61.706775439050006,-22.299220334431254,16
HORN3,H,10,9.8,10.8,130,-84.72240780255001,-61.706775439050006,-23.015632363500004,16
HORN3,H,10,9.8,10.8,140,-86.1638746118125,-61.706775439050006,-24.457099172762497,16
HORN3,H,10,9.8,10.8,150,-85.64434623166875,-61.706775439050006,-23.937570792618743,16
HORN3,H,10,9.8,10.8,160,-85.031094719775,-61.706775439050006,-23.324319280724993,16
HORN3,H,10,9.8,10.8,170,-85.12353215215626,-61.706775439050006,-23.416756713106253,16
HORN3,H,10,9.8,10.8,180,-85.42546149294375,-61.706775439050006,-23.718686053893748,16
HORN4,H,10,9.8,10.8,0,-64.19232498620624,-64.19232498620624,0.0,16
HORN4,H,10,9.8,10.8,10,-64.9940823499375,-64.19232498620624,-0.8017573637312552,16
HORN4,H,10,9.8,10.8,20,-66.90929739645,-64.19232498620624,-2.7169724102437556,16
HORN4,H,10,9.8,10.8,30,-68.35798822394375,-64.19232498620624,-4.165663237737505,16
HORN4,H,10,9.8,10.8,40,-73.31519961882499,-64.19232498620624,-9.122874632618746,16
HORN4,H,10,9.8,10.8,50,-74.562557267325,-64.19232498620624,-10.37023228111876,16
HORN4,H,10,9.8,10.8,60,-78.63341389069375,-64.19232498620624,-14.4410889044875,16
HORN4,H,10,9.8,10.8,70,-83.32090974838749,-64.19232498620624,-19.128584762181248,16
HORN4,H,10,9.8,10.8,80,-83.80484105639376,-64.19232498620624,-19.61251607018751,16
HORN4,H,10,9.8,10.8,90,-82.26332648620625,-64.19232498620624,-18.07100150000001,16
HORN4,H,10,9.8,10.8,100,-81.9542032144375,-64.19232498620624,-17.761878228231254,16
HORN4,H,10,9.8,10.8,110,-82.6345230394875,-64.19232498620624,-18.44219805328126,16
HORN4,H,10,9.8,10.8,120,-86.169061995725,-64.19232498620624,-21.976737009518757,16
HORN4,H,10,9.8,10.8,130,-85.6226456330875,-64.19232498620624,-21.430320646881256,16
HORN4,H,10,9.8,10.8,140,-85.81376427496251,-64.19232498620624,-21.621439288756264,16
HORN4,H,10,9.8,10.8,150,-84.71963494585,-64.19232498620624,-20.52730995964376,16
HORN4,H,10,9.8,10.8,160,-86.97111849287501,-64.19232498620624,-22.778793506668762,16
HORN4,H,10,9.8,10.8,170,-88.742407473575,-64.19232498620624,-24.550082487368755,16
HORN4,H,10,9.8,10.8,180,-86.32522833395,-64.19232498620624,-22.13290334774375,16
HORN5,H,10,9.8,10.8,0,-66.10347541333125,-66.10347541333125,0.0,16
HORN5,H,10,9.8,10.8,10,-66.55275883756875,-66.10347541333125,-0.44928342423749257,16
HORN5,H,10,9.8,10.8,20,-67.92797321815624,-66.10347541333125,-1.8244978048249862,16
HORN5,H,10,9.8,10.8,30,-70.65548384760626,-66.10347541333125,-4.55200843427501,16
HORN5,H,10,9.8,10.8,40,-73.51414777111876,-66.10347541333125,-7.410672357787504,16
HORN5,H,10,9.8,10.8,50,-76.13899925695,-66.10347541333125,-10.035523843618748,16
HORN5,H,10,9.8,10.8,60,-80.80851298333124,-66.10347541333125,-14.705037569999988,16
HORN5,H,10,9.8,10.8,70,-81.93454754305625,-66.10347541333125,-15.831072129725001,16
HORN5,H,10,9.8,10.8,80,-83.06879286571251,-66.10347541333125,-16.965317452381257,16
HORN5,H,10,9.8,10.8,90,-84.08447760395,-66.10347541333125,-17.981002190618753,16
HORN5,H,10,9.8,10.8,100,-83.4287372296125,-66.10347541333125,-17.32526181628124,16
HORN5,H,10,9.8,10.8,110,-85.13682095669375,-66.10347541333125,-19.0333455433625,16
HORN5,H,10,9.8,10.8,120,-87.86325943816875,-66.10347541333125,-21.7597840248375,16
HORN5,H,10,9.8,10.8,130,-86.7012164129,-66.10347541333125,-20.597740999568742,16
HORN5,H,10,9.8,10.8,140,-84.87103627601874,-66.10347541333125,-18.76756086268749,16
HORN5,H,10,9.8,10.8,150,-86.515398496825,-66.10347541333125,-20.411923083493747,16
HORN5,H,10,9.8,10.8,160,-85.27160044175,-66.10347541333125,-19.168125028418743,16
HORN5,H,10,9.8,10.8,170,-89.34457983542501,-66.10347541333125,-23.241104422093755,16
HORN5,H,10,9.8,10.8,180,-90.72932938576875,-66.10347541333125,-24.625853972437497,16
HORN6,H,10,9.8,10.8,0,-68.45777309588125,-68.45777309588125,0.0,16
HORN6,H,10,9.8,10.8,10,-68.49065043883749,-68.45777309588125,-0.03287734295624034,16
HORN6,H,10,9.8,10.8,20,-69.30712652710625,-68.45777309588125,-0.8493534312249977,16
HORN6,H,10,9.8,10.8,30,-73.22493084203124,-68.45777309588125,-4.767157746149991,16
HORN6,H,10,9.8,10.8,40,-73.632207130875,-68.45777309588125,-5.174434034993752,16
HORN6,H,10,9.8,10.8,50,-77.89855435945626,-68.45777309588125,-9.440781263575005,16
HORN6,H,10,9.8,10.8,60,-83.92919842005,-68.45777309588125,-15.471425324168749,16
HORN6,H,10,9.8,10.8,70,-83.73874006470625,-68.45777309588125,-15.280966968824998,16
HORN6,H,10,9.8,10.8,80,-83.4108862653375,-68.45777309588125,-14.953113169456245,16
HORN6,H,10,9.8,10.8,90,-84.94718816541875,-68.45777309588125,-16.4894150695375,16
HORN6,H,10,9.8,10.8,100,-83.59873249530625,-68.45777309588125,-15.140959399425,16
HORN6,H,10,9.8,10.8,110,-86.67423869338751,-68.45777309588125,-18.216465597506257,16
HORN6,H,10,9.8,10.8,120,-86.36786653020624,-68.45777309588125,-17.910093434324992,16
HORN6,H,10,9.8,10.8,130,-85.91456411089374,-68.45777309588125,-17.456791015012485,16
HORN6,H,10,9.8,10.8,140,-86.36510370684375,-68.45777309588125,-17.907330610962504,16
HORN6,H,10,9.8,10.8,150,-87.03746012259376,-68.45777309588125,-18.579687026712506,16
HORN6,H,10,9.8,10.8,160,-85.26755000109375,-68.45777309588125,-16.8097769052125,16
HORN6,H,10,9.8,10.8,170,-88.083837683625,-68.45777309588125,-19.626064587743755,16
HORN6,H,10,9.8,10.8,180,-88.121003498475,-68.45777309588125,-19.663230402593754,16
HORN7,H,10,9.8,10.8,0,-68.0575241305875,-68.0575241305875,0.0,16
HORN7,H,10,9.8,10.8,10,-68.4994714054375,-68.0575241305875,-0.4419472748500084,16
HORN7,H,10,9.8,10.8,20,-70.06748119517499,-68.0575241305875,-2.0099570645874962,16
HORN7,H,10,9.8,10.8,30,-73.21288201648125,-68.0575241305875,-5.15535788589375,16
HORN7,H,10,9.8,10.8,40,-74.40817063426249,-68.0575241305875,-6.350646503674994,16
HORN7,H,10,9.8,10.8,50,-75.18435996335,-68.0575241305875,-7.126835832762509,16
HORN7,H,10,9.8,10.8,60,-80.33865475181875,-68.0575241305875,-12.281130621231256,16
HORN7,H,10,9.8,10.8,70,-82.180392210975,-68.0575241305875,-14.122868080387505,16
HORN7,H,10,9.8,10.8,80,-84.2526142280625,-68.0575241305875,-16.195090097475003,16
HORN7,H,10,9.8,10.8,90,-86.43240041088751,-68.0575241305875,-18.374876280300015,16
HORN7,H,10,9.8,10.8,100,-84.0697058710125,-68.0575241305875,-16.012181740425007,16
HORN7,H,10,9.8,10.8,110,-84.61398585140624,-68.0575241305875,-16.556461720818746,16
HORN7,H,10,9.8,10.8,120,-85.07439979029374,-68.0575241305875,-17.016875659706244,16
HORN7,H,10,9.8,10.8,130,-85.65748964559374,-68.0575241305875,-17.599965515006247,16
HORN7,H,10,9.8,10.8,140,-84.9935567247875,-68.0575241305875,-16.9360325942,16
HORN7,H,10,9.8,10.8,150,-85.23163272545,-68.0575241305875,-17.174108594862503,16
HORN7,H,10,9.8,10.8,160,-86.0144824182625,-68.0575241305875,-17.956958287675008,16
HORN7,H,10,9.8,10.8,170,-87.94357203673124,-68.0575241305875,-19.886047906143745,16
HORN7,H,10,9.8,10.8,180,-86.70296535776251,-68.0575241305875,-18.645441227175013,16
HORN8,H,10,9.8,10.8,0,-68.52115020113123,-68.52115020113123,0.0,16
HORN8,H,10,9.8,10.8,10,-69.274144252175,-68.52115020113123,-0.7529940510437712,16
HORN8,H,10,9.8,10.8,20,-70.31062648188126,-68.52115020113123,-1.7894762807500229,16
HORN8,H,10,9.8,10.8,30,-72.39868845781875,-68.52115020113123,-3.877538256687515,16
HORN8,H,10,9.8,10.8,40,-76.034165444275,-68.52115020113123,-7.513015243143769,16
HORN8,H,10,9.8,10.8,50,-78.67063949171876,-68.52115020113123,-10.149489290587525,16
HORN8,H,10,9.8,10.8,60,-81.39318353497501,-68.52115020113123,-12.872033333843774,16
HORN8,H,10,9.8,10.8,70,-81.19276820003125,-68.52115020113123,-12.671617998900018,16
HORN8,H,10,9.8,10.8,80,-84.565953064925,-68.52115020113123,-16.044802863793763,16
HORN8,H,10,9.8,10.8,90,-85.91447692705,-68.52115020113123,-17.39332672591877,16
HORN8,H,10,9.8,10.8,100,-84.9606237095,-68.52115020113123,-16.439473508368764,16
HORN8,H,10,9.8,10.8,110,-86.7900467197125,-68.52115020113123,-18.268896518581272,16
HORN8,H,10,9.8,10.8,120,-88.06571271324376,-68.52115020113123,-19.54456251211252,16
HORN8,H,10,9.8,10.8,130,-86.45235526313125,-68.52115020113123,-17.931205062000018,16
HORN8,H,10,9.8,10.8,140,-87.404169702525,-68.52115020113123,-18.88301950139376,16
HORN8,H,10,9.8,10.8,150,-89.44996539717499,-68.52115020113123,-20.928815196043757,16
HORN8,H,10,9.8,10.8,160,-87.4779417663625,-68.52115020113123,-18.95679156523127,16
HORN8,H,10,9.8,10.8,170,-88.41906842625625,-68.52115020113123,-19.89791822512501,16
HORN8,H,10,9.8,10.8,180,-87.3860746445875,-68.52115020113123,-18.86492444345626,16
HORN1,H,11,10.8,11.8,0,-57.85195379339333,-57.85195379339333,0.0,15
HORN1,H,11,10.8,11.8,10,-58.461112947640004,-57.85195379339333,-0.6091591542466759,15
HORN1,H,11,10.8,11.8,20,-59.99890888662001,-57.85195379339333,-2.14695509322668,15
HORN1,H,11,10.8,11.8,30,-62.420617231419996,-57.85195379339333,-4.568663438026668,15
HORN1,H,11,10.8,11.8,40,-66.56984601756001,-57.85195379339333,-8.717892224166683,15
HORN1,H,11,10.8,11.8,50,-69.3769646018,-57.85195379339333,-11.52501080840667,15
HORN1,H,11,10.8,11.8,60,-71.87256282168,-57.85195379339333,-14.020609028286678,15
HORN1,H,11,10.8,11.8,70,-75.73560473461333,-57.85195379339333,-17.883650941220004,15
HORN1,H,11,10.8,11.8,80,-77.04654745410667,-57.85195379339333,-19.194593660713345,15
HORN1,H,11,10.8,11.8,90,-79.02351131137333,-57.85195379339333,-21.17155751798,15
HORN1,H,11,10.8,11.8,100,-78.63320175992666,-57.85195379339333,-20.781247966533336,15
HORN1,H,11,10.8,11.8,110,-77.99281817275332,-57.85195379339333,-20.14086437935999,15
HORN1,H,11,10.8,11.8,120,-78.36348835686667,-57.85195379339333,-20.51153456347334,15
HORN1,H,11,10.8,11.8,130,-77.76476605507999,-57.85195379339333,-19.91281226168666,15
HORN1,H,11,10.8,11.8,140,-77.96691851171335,-57.85195379339333,-20.114964718320017,15
HORN1,H,11,10.8,11.8,150,-78.62834258446,-57.85195379339333,-20.776388791066672,15
HORN1,H,11,10.8,11.8,160,-79.46164742817335,-57.85195379339333,-21.609693634780022,15
HORN1,H,11,10.8,11.8,170,-80.593188629,-57.85195379339333,-22.74123483560667,15
HORN1,H,11,10.8,11.8,180,-79.19463158094,-57.85195379339333,-21.34267778754667,15
HORN2,H,11,10.8,11.8,0,-66.07886605975999,-66.07886605975999,0.0,15
HORN2,H,11,10.8,11.8,10,-66.16152934812666,-66.07886605975999,-0.08266328836667469,15
HORN2,H,11,10.8,11.8,20,-67.39688566407999,-66.07886605975999,-1.3180196043199999,15
HORN2,H,11,10.8,11.8,30,-70.47666443704,-66.07886605975999,-4.3977983772800116,15
HORN2,H,11,10.8,11.8,40,-73.07608402122666,-66.07886605975999,-6.997217961466674,15
HORN2,H,11,10.8,11.8,50,-76.71139078974669,-66.07886605975999,-10.632524729986699,15
HORN2,H,11,10.8,11.8,60,-79.10921596508666,-66.07886605975999,-13.030349905326673,15
HORN2,H,11,10.8,11.8,70,-81.81136546437334,-66.07886605975999,-15.73249940461335,15
HORN2,H,11,10.8,11.8,80,-85.4113234651,-66.07886605975999,-19.33245740534001,15
HORN2,H,11,10.8,11.8,90,-83.20870906921333,-66.07886605975999,-17.12984300945334,15
HORN2,H,11,10.8,11.8,100,-85.93542937971333,-66.07886605975999,-19.856563319953338,15
HORN2,H,11,10.8,11.8,110,-84.91216221976667,-66.07886605975999,-18.833296160006682,15
HORN2,H,11,10.8,11.8,120,-83.4743603169,-66.07886605975999,-17.395494257140015,15
HORN2,H,11,10.8,11.8,130,-84.91075765024668,-66.07886605975999,-18.83189159048669,15
HORN2,H,11,10.8,11.8,140,-83.03965762476668,-66.07886605975999,-16.960791565006687,15
HORN2,H,11,10.8,11.8,150,-84.08350663428,-66.07886605975999,-18.00464057452001,15
HORN2,H,11,10.8,11.8,160,-85.85629025994666,-66.07886605975999,-19.777424200186672,15
HORN2,H,11,10.8,11.8,170,-85.76337823848,-66.07886605975999,-19.684512178720013,15
HORN2,H,11,10.8,11.8,180,-84.86822457913333,-66.07886605975999,-18.789358519373337,15
HORN3,H,11,10.8,11.8,0,-64.47859134361333,-64.47859134361333,0.0,15
HORN3,H,11,10.8,11.8,10,-64.84091833104,-64.47859134361333,-0.3623269874266697,15
HORN3,H,11,10.8,11.8,20,-66.83104124082668,-64.47859134361333,-2.352449897213347,15
HORN3,H,11,10.8,11.8,30,-68.59708140548,-64.47859134361333,-4.118490061866666,15
HORN3,H,11,10.8,11.8,40,-72.55817069114,-64.47859134361333,-8.079579347526675,15
HORN3,H,11,10.8,11.8,50,-76.24200470830667,-64.47859134361333,-11.763413364693335,15
HORN3,H,11,10.8,11.8,60,-79.65032117867334,-64.47859134361333,-15.171729835060006,15
HORN3,H,11,10.8,11.8,70,-81.55354338566667,-64.47859134361333,-17.07495204205334,15
HORN3,H,11,10.8,11.8,80,-84.6492303678867,-64.47859134361333,-20.17063902427337,15
HORN3,H,11,10.8,11.8,90,-83.54702544382667,-64.47859134361333,-19.068434100213338,15
HORN3,H,11,10.8,11.8,100,-84.30418744014,-64.47859134361333,-19.825596096526667,15
HORN3,H,11,10.8,11.8,110,-82.44296322330665,-64.47859134361333,-17.964371879693317,15
HORN3,H,11,10.8,11.8,120,-84.90071879996,-64.47859134361333,-20.422127456346672,15
HORN3,H,11,10.8,11.8,130,-84.65684555661998,-64.47859134361333,-20.178254213006653,15
HORN3,H,11,10.8,11.8,140,-83.51849969107333,-64.47859134361333,-19.03990834746,15
HORN3,H,11,10.8,11.8,150,-84.74795952254,-64.47859134361333,-20.26936817892667,15
HORN3,H,11,10.8,11.8,160,-86.80700004452667,-64.47859134361333,-22.328408700913343,15
HORN3,H,11,10.8,11.8,170,-83.92630192147334,-64.47859134361333,-19.447710577860008,15
HORN3,H,11,10.8,11.8,180,-87.73163418638666,-64.47859134361333,-23.253042842773326,15
HORN4,H,11,10.8,11.8,0,-66.85762821372667,-66.85762821372667,0.0,15
HORN4,H,11,10.8,11.8,10,-66.96862499473333,-66.85762821372667,-0.1109967810066621,15
HORN4,H,11,10.8,11.8,20,-68.90127238165334,-66.85762821372667,-2.043644167926672,15
HORN4,H,11,10.8,11.8,30,-70.47162399010668,-66.85762821372667,-3.6139957763800084,15
HORN4,H,11,10.8,11.8,40,-74.33177747776668,-66.85762821372667,-7.474149264040008,15
HORN4,H,11,10.8,11.8,50,-77.66137498882668,-66.85762821372667,-10.80374677510001,15
HORN4,H,11,10.8,11.8,60,-81.17012527453335,-66.85762821372667,-14.312497060806677,15
HORN4,H,11,10.8,11.8,70,-83.32807826315333,-66.85762821372667,-16.47045004942666,15
HORN4,H,11,10.8,11.8,80,-89.62725105686667,-66.85762821372667,-22.76962284314,15
HORN4,H,11,10.8,11.8,90,-86.30327036245333,-66.85762821372667,-19.445642148726662,15
HORN4,H,11,10.8,11.8,100,-85.19844694615333,-66.85762821372667,-18.340818732426655,15
HORN4,H,11,10.8,11.8,110,-84.68751934539999,-66.85762821372667,-17.82989113167332,15
HORN4,H,11,10.8,11.8,120,-82.55576611018665,-66.85762821372667,-15.698137896459983,15
HORN4,H,11,10.8,11.8,130,-86.02348251165334,-66.85762821372667,-19.16585429792667,15
HORN4,H,11,10.8,11.8,140,-84.51637898286667,-66.85762821372667,-17.65875076914,15
HORN4,H,11,10.8,11.8,150,-87.77096176373999,-66.85762821372667,-20.91333355001332,15
HORN4,H,11,10.8,11.8,160,-87.13866581312,-66.85762821372667,-20.28103759939333,15
HORN4,H,11,10.8,11.8,170,-87.20979908376002,-66.85762821372667,-20.352170870033348,15
HORN4,H,11,10.8,11.8,180,-88.63447744836665,-66.85762821372667,-21.776849234639982,15
HORN5,H,11,10.8,11.8,0,-69.08751272491332,-69.08751272491332,0.0,15
HORN5,H,11,10.8,11.8,10,-69.63166148396,-69.08751272491332,-0.5441487590466778,15
HORN5,H,11,10.8,11.8,20,-70.95323005686667,-69.08751272491332,-1.8657173319533484,15
HORN5,H,11,10.8,11.8,30,-72.94496988271334,-69.08751272491332,-3.857457157800013,15
HORN5,H,11,10.8,11.8,40,-76.14897362094666,-69.08751272491332,-7.0614608960333385,15
HORN5,H,11,10.8,11.8,50,-79.99643227726666,-69.08751272491332,-10.908919552353339,15
HORN5,H,11,10.8,11.8,60,-82.9940055964,-69.08751272491332,-13.906492871486677,15
HORN5,H,11,10.8,11.8,70,-85.05219561018666,-69.08751272491332,-15.964682885273334,15
HORN5,H,11,10.8,11.8,80,-84.00766922358,-69.08751272491332,-14.920156498666671,15
HORN5,H,11,10.8,11.8,90,-88.03678451529332,-69.08751272491332,-18.949271790379996,15
HORN5,H,11,10.8,11.8,100,-87.85081227209334,-69.08751272491332,-18.76329954718001,15
HORN5,H,11,10.8,11.8,110,-86.28455224755335,-69.08751272491332,-17.197039522640026,15
HORN5,H,11,10.8,11.8,120,-86.33653043287335,-69.08751272491332,-17.24901770796002,15
HORN5,H,11,10.8,11.8,130,-85.80592331250666,-69.08751272491332,-16.71841058759334,15
HORN5,H,11,10.8,11.8,140,-88.47660598306668,-69.08751272491332,-19.389093258153352,15
HORN5,H,11,10.8,11.8,150,-89.69273004915334,-69.08751272491332,-20.605217324240016,15
HORN5,H,11,10.8,11.8,160,-88.09937010158669,-69.08751272491332,-19.011857376673362,15
HORN5,H,11,10.8,11.8,170,-90.41537413516667,-69.08751272491332,-21.327861410253348,15
HORN5,H,11,10.8,11.8,180,-93.42006638584002,-69.08751272491332,-24.332553660926692,15
HORN6,H,11,10.8,11.8,0,-71.17449015012667,-71.17449015012667,0.0,15
HORN6,H,11,10.8,11.8,10,-70.96961766685331,-71.17449015012667,0.2048724832733626,15
HORN6,H,11,10.8,11.8,20,-71.84829371112001,-71.17449015012667,-0.6738035609933348,15
HORN6,H,11,10.8,11.8,30,-74.55849445931334,-71.17449015012667,-3.3840043091866647,15
HORN6,H,11,10.8,11.8,40,-77.30785372516,-71.17449015012667,-6.133363575033329,15
HORN6,H,11,10.8,11.8,50,-81.53488259252667,-71.17449015012667,-10.360392442399998,15
HORN6,H,11,10.8,11.8,60,-85.10266083859331,-71.17449015012667,-13.928170688466636,15
HORN6,H,11,10.8,11.8,70,-86.10612189099999,-71.17449015012667,-14.931631740873314,15
HORN6,H,11,10.8,11.8,80,-85.00441394015333,-71.17449015012667,-13.829923790026655,15
HORN6,H,11,10.8,11.8,90,-89.04298503379333,-71.17449015012667,-17.868494883666656,15
HORN6,H,11,10.8,11.8,100,-89.13030946297333,-71.17449015012667,-17.955819312846657,15
HORN6,H,11,10.8,11.8,110,-85.54884182480667,-71.17449015012667,-14.37435167468,15
HORN6,H,11,10.8,11.8,120,-86.42302497038666,-71.17449015012667,-15.24853482025999,15
HORN6,H,11,10.8,11.8,130,-88.67858506269998,-71.17449015012667,-17.504094912573308,15
HORN6,H,11,10.8,11.8,140,-87.3682815006733,-71.17449015012667,-16.193791350546633,15
HORN6,H,11,10.8,11.8,150,-91.24613762050667,-71.17449015012667,-20.07164747038,15
HORN6,H,11,10.8,11.8,160,-88.93391595002666,-71.17449015012667,-17.759425799899986,15
HORN6,H,11,10.8,11.8,170,-88.75085645816002,-71.17449015012667,-17.576366308033343,15
HORN6,H,11,10.8,11.8,180,-90.11328577011334,-71.17449015012667,-18.938795619986664,15
HORN7,H,11,10.8,11.8,0,-70.77486471391332,-70.77486471391332,0.0,15
HORN7,H,11,10.8,11.8,10,-71.20818699401333,-70.77486471391332,-0.4333222801000147,15
HORN7,H,11,10.8,11.8,20,-72.71295995446,-70.77486471391332,-1.9380952405466871,15
HORN7,H,11,10.8,11.8,30,-74.93929885996666,-70.77486471391332,-4.164434146053338,15
HORN7,H,11,10.8,11.8,40,-78.33859560029332,-70.77486471391332,-7.56373088638,15
HORN7,H,11,10.8,11.8,50,-81.19854927750666,-70.77486471391332,-10.42368456359334,15
HORN7,H,11,10.8,11.8,60,-83.59646917920666,-70.77486471391332,-12.821604465293348,15
HORN7,H,11,10.8,11.8,70,-85.13585858847999,-70.77486471391332,-14.360993874566674,15
HORN7,H,11,10.8,11.8,80,-87.68486265432001,-70.77486471391332,-16.909997940406697,15
HORN7,H,11,10.8,11.8,90,-88.07090293873999,-70.77486471391332,-17.296038224826674,15
HORN7,H,11,10.8,11.8,100,-87.04894996644,-70.77486471391332,-16.27408525252669,15
HORN7,H,11,10.8,11.8,110,-87.17726226383334,-70.77486471391332,-16.402397549920025,15
HORN7,H,11,10.8,11.8,120,-85.78825819748667,-70.77486471391332,-15.013393483573353,15
HORN7,H,11,10.8,11.8,130,-86.67721736566666,-70.77486471391332,-15.902352651753347,15
HORN7,H,11,10.8,11.8,140,-86.54987654603333,-70.77486471391332,-15.775011832120015,15
HORN7,H,11,10.8,11.8,150,-86.94091180714666,-70.77486471391332,-16.166047093233345,15
HORN7,H,11,10.8,11.8,160,-88.08246628233334,-70.77486471391332,-17.307601568420026,15
HORN7,H,11,10.8,11.8,170,-87.96057769565333,-70.77486471391332,-17.18571298174001,15
HORN7,H,11,10.8,11.8,180,-88.40328253907333,-70.77486471391332,-17.628417825160014,15
HORN8,H,11,10.8,11.8,0,-70.96836674333333,-70.96836674333333,0.0,15
HORN8,H,11,10.8,11.8,10,-71.26624287311333,-70.96836674333333,-0.29787612977999345,15
HORN8,H,11,10.8,11.8,20,-72.92100486605334,-70.96836674333333,-1.9526381227200034,15
HORN8,H,11,10.8,11.8,30,-74.24543389193998,-70.96836674333333,-3.2770671486066476,15
HORN8,H,11,10.8,11.8,40,-77.7527836372,-70.96836674333333,-6.784416893866663,15
HORN8,H,11,10.8,11.8,50,-81.6252403382,-70.96836674333333,-10.656873594866667,15
HORN8,H,11,10.8,11.8,60,-87.67632183639999,-70.96836674333333,-16.70795509306666,15
HORN8,H,11,10.8,11.8,70,-87.06293194914666,-70.96836674333333,-16.094565205813325,15
HORN8,H,11,10.8,11.8,80,-87.77315172803999,-70.96836674333333,-16.804784984706657,15
HORN8,H,11,10.8,11.8,90,-88.27693525284002,-70.96836674333333,-17.308568509506685,15
HORN8,H,11,10.8,11.8,100,-88.0987678634,-70.96836674333333,-17.130401120066665,15
HORN8,H,11,10.8,11.8,110,-89.04842604716667,-70.96836674333333,-18.080059303833337,15
HORN8,H,11,10.8,11.8,120,-87.43358524082667,-70.96836674333333,-16.46521849749334,15
HORN8,H,11,10.8,11.8,130,-90.49965713705335,-70.96836674333333,-19.531290393720013,15
HORN8,H,11,10.8,11.8,140,-88.22114083335332,-70.96836674333333,-17.252774090019983,15
HORN8,H,11,10.8,11.8,150,-88.1130270046,-70.96836674333333,-17.144660261266665,15
HORN8,H,11,10.8,11.8,160,-87.88410972858668,-70.96836674333333,-16.915742985253345,15
HORN8,H,11,10.8,11.8,170,-89.82334991209333,-70.96836674333333,-18.85498316876,15
HORN8,H,11,10.8,11.8,180,-91.59602543921999,-70.96836674333333,-20.62765869588665,15
HORN1,H,12,11.8,12.8,0,-61.073939434253326,-61.073939434253326,0.0,15
HORN1,H,12,11.8,12.8,10,-61.54974269003333,-61.073939434253326,-0.4758032557800007,15
HORN1,H,12,11.8,12.8,20,-63.19194446969334,-61.073939434253326,-2.1180050354400137,15
HORN1,H,12,11.8,12.8,30,-65.87661496519334,-61.073939434253326,-4.802675530940014,15
HORN1,H,12,11.8,12.8,40,-69.70977173964,-61.073939434253326,-8.635832305386678,15
HORN1,H,12,11.8,12.8,50,-73.32659768058001,-61.073939434253326,-12.252658246326682,15
HORN1,H,12,11.8,12.8,60,-76.7934335911,-61.073939434253326,-15.719494156846672,15
HORN1,H,12,11.8,12.8,70,-79.81496907000665,-61.073939434253326,-18.74102963575333,15
HORN1,H,12,11.8,12.8,80,-78.88661671988667,-61.073939434253326,-17.81267728563335,15
HORN1,H,12,11.8,12.8,90,-81.28722162643334,-61.073939434253326,-20.21328219218001,15
HORN1,H,12,11.8,12.8,100,-82.22179930638667,-61.073939434253326,-21.147859872133346,15
HORN1,H,12,11.8,12.8,110,-81.6743992343,-61.073939434253326,-20.60045980004667,15
HORN1,H,12,11.8,12.8,120,-79.98412671503333,-61.073939434253326,-18.91018728078,15
HORN1,H,12,11.8,12.8,130,-81.16338379132,-61.073939434253326,-20.089444357066675,15
HORN1,H,12,11.8,12.8,140,-81.65911259053999,-61.073939434253326,-20.585173156286665,15
HORN1,H,12,11.8,12.8,150,-81.71328913608,-61.073939434253326,-20.639349701826667,15
HORN1,H,12,11.8,12.8,160,-81.37571609371335,-61.073939434253326,-20.301776659460025,15
HORN1,H,12,11.8,12.8,170,-82.29285732481331,-61.073939434253326,-21.218917890559986,15
HORN1,H,12,11.8,12.8,180,-85.19222367162666,-61.073939434253326,-24.118284237373338,15
HORN2,H,12,11.8,12.8,0,-69.20941213408665,-69.20941213408665,0.0,15
HORN2,H,12,11.8,12.8,10,-69.26450054374666,-69.20941213408665,-0.055088409660015714,15
HORN2,H,12,11.8,12.8,20,-70.49733588250668,-69.20941213408665,-1.2879237484200274,15
HORN2,H,12,11.8,12.8,30,-73.78337151094667,-69.20941213408665,-4.573959376860017,15
HORN2,H,12,11.8,12.8,40,-76.65701214534666,-69.20941213408665,-7.447600011260008,15
HORN2,H,12,11.8,12.8,50,-81.47601344640665,-69.20941213408665,-12.266601312320006,15
HORN2,H,12,11.8,12.8,60,-83.44251545822,-69.20941213408665,-14.233103324133353,15
HORN2,H,12,11.8,12.8,70,-87.50353958665333,-69.20941213408665,-18.294127452566684,15
HORN2,H,12,11.8,12.8,80,-86.21688544495332,-69.20941213408665,-17.007473310866672,15
HORN2,H,12,11.8,12.8,90,-86.84329317922,-69.20941213408665,-17.63388104513335,15
HORN2,H,12,11.8,12.8,100,-85.45045852575332,-69.20941213408665,-16.24104639166667,15
HORN2,H,12,11.8,12.8,110,-86.03114064008669,-69.20941213408665,-16.821728506000042,15
HORN2,H,12,11.8,12.8,120,-86.53496040742668,-69.20941213408665,-17.325548273340033,15
HORN2,H,12,11.8,12.8,130,-91.03372603427333,-69.20941213408665,-21.82431390018668,15
HORN2,H,12,11.8,12.8,140,-86.38438266592,-69.20941213408665,-17.174970531833353,15
HORN2,H,12,11.8,12.8,150,-88.11387550821333,-69.20941213408665,-18.904463374126678,15
HORN2,H,12,11.8,12.8,160,-89.43665591967998,-69.20941213408665,-20.22724378559333,15
HORN2,H,12,11.8,12.8,170,-91.05720351025333,-69.20941213408665,-21.847791376166683,15
HORN2,H,12,11.8,12.8,180,-91.73968495544666,-69.20941213408665,-22.530272821360015,15
HORN3,H,12,11.8,12.8,0,-67.66987594974,-67.66987594974,0.0,15
HORN3,H,12,11.8,12.8,10,-68.34239316393332,-67.66987594974,-0.67251721419332,15
HORN3,H,12,11.8,12.8,20,-69.65325690545335,-67.66987594974,-1.9833809557133435,15
HORN3,H,12,11.8,12.8,30,-72.68375846857334,-67.66987594974,-5.013882518833341,15
HORN3,H,12,11.8,12.8,40,-76.19715414925334,-67.66987594974,-8.527278199513333,15
HORN3,H,12,11.8,12.8,50,-80.77098051084664,-67.66987594974,-13.101104561106638,15
HORN3,H,12,11.8,12.8,60,-83.73970502972,-67.66987594974,-16.069829079979996,15
HORN3,H,12,11.8,12.8,70,-86.72338639525334,-67.66987594974,-19.05351044551334,15
HORN3,H,12,11.8,12.8,80,-86.99929342225333,-67.66987594974,-19.329417472513327,15
HORN3,H,12,11.8,12.8,90,-84.19846961097332,-67.66987594974,-16.528593661233316,15
HORN3,H,12,11.8,12.8,100,-86.84142601773333,-67.66987594974,-19.171550067993323,15
HORN3,H,12,11.8,12.8,110,-86.67680261585332,-67.66987594974,-19.006926666113316,15
HORN3,H,12,11.8,12.8,120,-86.06914383510001,-67.66987594974,-18.399267885360004,15
HORN3,H,12,11.8,12.8,130,-85.91762248669335,-67.66987594974,-18.247746536953343,15
HORN3,H,12,11.8,12.8,140,-88.70888220780002,-67.66987594974,-21.039006258060013,15
HORN3,H,12,11.8,12.8,150,-87.35853167879334,-67.66987594974,-19.688655729053337,15
HORN3,H,12,11.8,12.8,160,-86.77866973927333,-67.66987594974,-19.108793789533323,15
HORN3,H,12,11.8,12.8,170,-90.77715577492,-67.66987594974,-23.10727982518,15
HORN3,H,12,11.8,12.8,180,-93.1256001559,-67.66987594974,-25.45572420616,15
HORN4,H,12,11.8,12.8,0,-70.09400368279334,-70.09400368279334,0.0,15
HORN4,H,12,11.8,12.8,10,-70.03497448102,-70.09400368279334,0.05902920177334181,15
HORN4,H,12,11.8,12.8,20,-71.48965132793998,-70.09400368279334,-1.3956476451466386,15
HORN4,H,12,11.8,12.8,30,-74.41317654466,-70.09400368279334,-4.319172861866662,15
HORN4,H,12,11.8,12.8,40,-77.50390434326665,-70.09400368279334,-7.409900660473312,15
HORN4,H,12,11.8,12.8,50,-81.39379074392667,-70.09400368279334,-11.29978706113333,15
HORN4,H,12,11.8,12.8,60,-85.46996139584667,-70.09400368279334,-15.375957713053324,15
HORN4,H,12,11.8,12.8,70,-87.59041552952667,-70.09400368279334,-17.496411846733324,15
HORN4,H,12,11.8,12.8,80,-87.14360171164665,-70.09400368279334,-17.04959802885331,15
HORN4,H,12,11.8,12.8,90,-87.54643603636667,-70.09400368279334,-17.45243235357333,15
HORN4,H,12,11.8,12.8,100,-87.45007129975332,-70.09400368279334,-17.356067616959976,15
HORN4,H,12,11.8,12.8,110,-89.18827568685333,-70.09400368279334,-19.094272004059988,15
HORN4,H,12,11.8,12.8,120,-89.82329233527334,-70.09400368279334,-19.729288652479994,15
HORN4,H,12,11.8,12.8,130,-88.65251169738667,-70.09400368279334,-18.55850801459333,15
HORN4,H,12,11.8,12.8,140,-89.12663726219333,-70.09400368279334,-19.032633579399985,15
HORN4,H,12,11.8,12.8,150,-90.32666702785333,-70.09400368279334,-20.23266334505999,15
HORN4,H,12,11.8,12.8,160,-90.17770756204,-70.09400368279334,-20.083703879246656,15
HORN4,H,12,11.8,12.8,170,-93.27207331369999,-70.09400368279334,-23.17806963090665,15
HORN4,H,12,11.8,12.8,180,-92.05651120279335,-70.09400368279334,-21.962507520000003,15
HORN5,H,12,11.8,12.8,0,-72.43832252827998,-72.43832252827998,0.0,15
HORN5,H,12,11.8,12.8,10,-72.83467751723333,-72.43832252827998,-0.3963549889533482,15
HORN5,H,12,11.8,12.8,20,-73.80625406251998,-72.43832252827998,-1.3679315342400002,15
HORN5,H,12,11.8,12.8,30,-76.64133558523332,-72.43832252827998,-4.203013056953338,15
HORN5,H,12,11.8,12.8,40,-80.97435567895332,-72.43832252827998,-8.536033150673333,15
HORN5,H,12,11.8,12.8,50,-83.40175187992001,-72.43832252827998,-10.96342935164003,15
HORN5,H,12,11.8,12.8,60,-87.83262806588,-72.43832252827998,-15.394305537600019,15
HORN5,H,12,11.8,12.8,70,-88.86900799785332,-72.43832252827998,-16.430685469573334,15
HORN5,H,12,11.8,12.8,80,-91.41093464500668,-72.43832252827998,-18.972612116726694,15
HORN5,H,12,11.8,12.8,90,-91.86643098774,-72.43832252827998,-19.42810845946002,15
HORN5,H,12,11.8,12.8,100,-88.1840436631,-72.43832252827998,-15.745721134820016,15
HORN5,H,12,11.8,12.8,110,-87.92974447800667,-72.43832252827998,-15.491421949726686,15
HORN5,H,12,11.8,12.8,120,-91.78701075702666,-72.43832252827998,-19.34868822874668,15
HORN5,H,12,11.8,12.8,130,-89.96408647129333,-72.43832252827998,-17.525763943013345,15
HORN5,H,12,11.8,12.8,140,-88.09017274133333,-72.43832252827998,-15.65185021305335,15
HORN5,H,12,11.8,12.8,150,-91.21668481181335,-72.43832252827998,-18.77836228353337,15
HORN5,H,12,11.8,12.8,160,-91.89890246216001,-72.43832252827998,-19.460579933880027,15
HORN5,H,12,11.8,12.8,170,-93.22091770975999,-72.43832252827998,-20.782595181480005,15
HORN5,H,12,11.8,12.8,180,-94.48575697734002,-72.43832252827998,-22.047434449060034,15
HORN6,H,12,11.8,12.8,0,-73.79421065557999,-73.79421065557999,0.0,15
HORN6,H,12,11.8,12.8,10,-73.60994780025334,-73.79421065557999,0.18426285532665077,15
HORN6,H,12,11.8,12.8,20,-74.67696161343335,-73.79421065557999,-0.8827509578533608,15
HORN6,H,12,11.8,12.8,30,-76.9899663237,-73.79421065557999,-3.1957556681200145,15
HORN6,H,12,11.8,12.8,40,-80.99084259098,-73.79421065557999,-7.196631935400006,15
HORN6,H,12,11.8,12.8,50,-83.68657198875334,-73.79421065557999,-9.892361333173355,15
HORN6,H,12,11.8,12.8,60,-88.87530382982,-73.79421065557999,-15.08109317424001,15
HORN6,H,12,11.8,12.8,70,-89.91271834564,-73.79421065557999,-16.118507690060014,15
HORN6,H,12,11.8,12.8,80,-89.40283721416668,-73.79421065557999,-15.608626558586693,15
HORN6,H,12,11.8,12.8,90,-90.12490308823334,-73.79421065557999,-16.33069243265335,15
HORN6,H,12,11.8,12.8,100,-93.55055301952001,-73.79421065557999,-19.75634236394002,15
HORN6,H,12,11.8,12.8,110,-90.43931624774,-73.79421065557999,-16.645105592160007,15
HORN6,H,12,11.8,12.8,120,-90.57702715801334,-73.79421065557999,-16.78281650243335,15
HORN6,H,12,11.8,12.8,130,-89.57523480095333,-73.79421065557999,-15.781024145373337,15
HORN6,H,12,11.8,12.8,140,-89.71675901757334,-73.79421065557999,-15.92254836199335,15
HORN6,H,12,11.8,12.8,150,-90.35724297447334,-73.79421065557999,-16.56303231889335,15
HORN6,H,12,11.8,12.8,160,-91.98925448547332,-73.79421065557999,-18.195043829893336,15
HORN6,H,12,11.8,12.8,170,-94.49562132650665,-73.79421065557999,-20.701410670926663,15
HORN6,H,12,11.8,12.8,180,-91.90641773866666,-73.79421065557999,-18.112207083086673,15
HORN7,H,12,11.8,12.8,0,-73.74718536790002,-73.74718536790002,0.0,15
HORN7,H,12,11.8,12.8,10,-73.99809437166668,-73.74718536790002,-0.25090900376666525,15
HORN7,H,12,11.8,12.8,20,-75.17730539125334,-73.74718536790002,-1.430120023353325,15
HORN7,H,12,11.8,12.8,30,-78.33811128874,-73.74718536790002,-4.590925920839979,15
HORN7,H,12,11.8,12.8,40,-81.23547783745335,-73.74718536790002,-7.488292469553329,15
HORN7,H,12,11.8,12.8,50,-87.11240758934,-73.74718536790002,-13.365222221439979,15
HORN7,H,12,11.8,12.8,60,-88.65173043221999,-73.74718536790002,-14.904545064319976,15
HORN7,H,12,11.8,12.8,70,-89.82969844569334,-73.74718536790002,-16.082513077793323,15
HORN7,H,12,11.8,12.8,80,-90.48724679846002,-73.74718536790002,-16.740061430560004,15
HORN7,H,12,11.8,12.8,90,-90.03841575885333,-73.74718536790002,-16.291230390953316,15
HORN7,H,12,11.8,12.8,100,-89.45048403585332,-73.74718536790002,-15.703298667953305,15
HORN7,H,12,11.8,12.8,110,-90.65115316310666,-73.74718536790002,-16.90396779520664,15
HORN7,H,12,11.8,12.8,120,-90.94273264666002,-73.74718536790002,-17.195547278760003,15
HORN7,H,12,11.8,12.8,130,-88.8026395867,-73.74718536790002,-15.05545421879998,15
HORN7,H,12,11.8,12.8,140,-88.06145155221333,-73.74718536790002,-14.314266184313311,15
HORN7,H,12,11.8,12.8,150,-90.74133649020668,-73.74718536790002,-16.99415112230666,15
HORN7,H,12,11.8,12.8,160,-91.22256851309999,-73.74718536790002,-17.47538314519997,15
HORN7,H,12,11.8,12.8,170,-93.67553986176668,-73.74718536790002,-19.928354493866664,15
HORN7,H,12,11.8,12.8,180,-91.48041234355333,-73.74718536790002,-17.73322697565331,15
HORN8,H,12,11.8,12.8,0,-73.86919546409999,-73.86919546409999,0.0,15
HORN8,H,12,11.8,12.8,10,-74.07306431346001,-73.86919546409999,-0.20386884936002048,15
HORN8,H,12,11.8,12.8,20,-75.49048283339334,-73.86919546409999,-1.6212873692933556,15
HORN8,H,12,11.8,12.8,30,-78.83060347173334,-73.86919546409999,-4.961408007633352,15
HORN8,H,12,11.8,12.8,40,-81.46839659383335,-73.86919546409999,-7.599201129733359,15
HORN8,H,12,11.8,12.8,50,-85.00289641378666,-73.86919546409999,-11.13370094968667,15
HORN8,H,12,11.8,12.8,60,-86.57295854763333,-73.86919546409999,-12.703763083533346,15
HORN8,H,12,11.8,12.8,70,-90.00261037675999,-73.86919546409999,-16.13341491266,15
HORN8,H,12,11.8,12.8,80,-89.77908864158665,-73.86919546409999,-15.909893177486666,15
HORN8,H,12,11.8,12.8,90,-90.53522669988,-73.86919546409999,-16.66603123578001,15
HORN8,H,12,11.8,12.8,100,-90.33443443959332,-73.86919546409999,-16.465238975493335,15
HORN8,H,12,11.8,12.8,110,-88.7261659912,-73.86919546409999,-14.856970527100017,15
HORN8,H,12,11.8,12.8,120,-90.63316494648002,-73.86919546409999,-16.763969482380034,15
HORN8,H,12,11.8,12.8,130,-90.24452930531334,-73.86919546409999,-16.375333841213347,15
HORN8,H,12,11.8,12.8,140,-90.03167429940667,-73.86919546409999,-16.162478835306686,15
HORN8,H,12,11.8,12.8,150,-90.14054037950667,-73.86919546409999,-16.271344915406686,15
HORN8,H,12,11.8,12.8,160,-91.28534024848666,-73.86919546409999,-17.416144784386674,15
HORN8,H,12,11.8,12.8,170,-94.80269517224664,-73.86919546409999,-20.933499708146655,15
HORN8,H,12,11.8,12.8,180,-92.63901246200666,-73.86919546409999,-18.769816997906673,15
HORN1,H,13,12.8,13.8,0,-61.2769600732,-61.2769600732,0.0,16
HORN1,H,13,12.8,13.8,10,-61.9430250750375,-61.2769600732,-0.6660650018374952,16
HORN1,H,13,12.8,13.8,20,-63.638980270275,-61.2769600732,-2.3620201970749974,16
HORN1,H,13,12.8,13.8,30,-66.75408608908126,-61.2769600732,-5.477126015881254,16
HORN1,H,13,12.8,13.8,40,-71.21402441376875,-61.2769600732,-9.937064340568753,16
HORN1,H,13,12.8,13.8,50,-75.35405707115625,-61.2769600732,-14.077096997956247,16
HORN1,H,13,12.8,13.8,60,-79.4667768649375,-61.2769600732,-18.1898167917375,16
HORN1,H,13,12.8,13.8,70,-80.83999320734375,-61.2769600732,-19.56303313414375,16
HORN1,H,13,12.8,13.8,80,-78.855225611675,-61.2769600732,-17.578265538474994,16
HORN1,H,13,12.8,13.8,90,-80.61432868366875,-61.2769600732,-19.337368610468744,16
HORN1,H,13,12.8,13.8,100,-84.39104380795624,-61.2769600732,-23.114083734756235,16
HORN1,H,13,12.8,13.8,110,-83.63974957874376,-61.2769600732,-22.36278950554376,16
HORN1,H,13,12.8,13.8,120,-81.92005791446874,-61.2769600732,-20.64309784126874,16
HORN1,H,13,12.8,13.8,130,-82.86991053146875,-61.2769600732,-21.592950458268746,16
HORN1,H,13,12.8,13.8,140,-82.53824139245,-61.2769600732,-21.261281319250003,16
HORN1,H,13,12.8,13.8,150,-82.76440180585,-61.2769600732,-21.487441732649998,16
HORN1,H,13,12.8,13.8,160,-85.5704891561875,-61.2769600732,-24.293529082987504,16
HORN1,H,13,12.8,13.8,170,-87.2824141263625,-61.2769600732,-26.005454053162495,16
HORN1,H,13,12.8,13.8,180,-87.0702527592125,-61.2769600732,-25.793292686012492,16
HORN2,H,13,12.8,13.8,0,-69.40678120944375,-69.40678120944375,0.0,16
HORN2,H,13,12.8,13.8,10,-69.94073491379376,-69.40678120944375,-0.5339537043500115,16
HORN2,H,13,12.8,13.8,20,-71.4157867027375,-69.40678120944375,-2.009005493293756,16
HORN2,H,13,12.8,13.8,30,-75.5230976987875,-69.40678120944375,-6.116316489343745,16
HORN2,H,13,12.8,13.8,40,-78.4882979025625,-69.40678120944375,-9.081516693118743,16
HORN2,H,13,12.8,13.8,50,-83.61123163461875,-69.40678120944375,-14.204450425174997,16
HORN2,H,13,12.8,13.8,60,-86.68959379759376,-69.40678120944375,-17.28281258815001,16
HORN2,H,13,12.8,13.8,70,-87.4026696954125,-69.40678120944375,-17.99588848596875,16
HORN2,H,13,12.8,13.8,80,-86.33484990399374,-69.40678120944375,-16.928068694549992,16
HORN2,H,13,12.8,13.8,90,-90.05505839858125,-69.40678120944375,-20.648277189137502,16
HORN2,H,13,12.8,13.8,100,-85.91797277935626,-69.40678120944375,-16.511191569912512,16
HORN2,H,13,12.8,13.8,110,-87.7184665409,-69.40678120944375,-18.311685331456246,16
HORN2,H,13,12.8,13.8,120,-87.42155381475,-69.40678120944375,-18.01477260530625,16
HORN2,H,13,12.8,13.8,130,-89.63828832015,-69.40678120944375,-20.231507110706247,16
HORN2,H,13,12.8,13.8,140,-89.1903174124875,-69.40678120944375,-19.783536203043752,16
HORN2,H,13,12.8,13.8,150,-90.77064852798749,-69.40678120944375,-21.36386731854374,16
HORN2,H,13,12.8,13.8,160,-90.2766006051,-69.40678120944375,-20.86981939565625,16
HORN2,H,13,12.8,13.8,170,-91.30486646164375,-69.40678120944375,-21.898085252200005,16
HORN2,H,13,12.8,13.8,180,-91.4681523277125,-69.40678120944375,-22.061371118268752,16
HORN3,H,13,12.8,13.8,0,-68.23986534851875,-68.23986534851875,0.0,16
HORN3,H,13,12.8,13.8,10,-68.94893215516875,-68.23986534851875,-0.7090668066500001,16
HORN3,H,13,12.8,13.8,20,-70.64787451481874,-68.23986534851875,-2.4080091662999905,16
HORN3,H,13,12.8,13.8,30,-73.69890649631876,-68.23986534851875,-5.459041147800008,16
HORN3,H,13,12.8,13.8,40,-77.21503413931875,-68.23986534851875,-8.975168790799998,16
HORN3,H,13,12.8,13.8,50,-81.227164278375,-68.23986534851875,-12.987298929856252,16
HORN3,H,13,12.8,13.8,60,-87.14306172177501,-68.23986534851875,-18.903196373256264,16
HORN3,H,13,12.8,13.8,70,-88.65862574098125,-68.23986534851875,-20.418760392462502,16
HORN3,H,13,12.8,13.8,80,-89.45727226588124,-68.23986534851875,-21.217406917362496,16
HORN3,H,13,12.8,13.8,90,-87.42117117655,-68.23986534851875,-19.181305828031256,16
HORN3,H,13,12.8,13.8,100,-89.63877577766249,-68.23986534851875,-21.39891042914374,16
HORN3,H,13,12.8,13.8,110,-87.704309380925,-68.23986534851875,-19.46444403240625,16
HORN3,H,13,12.8,13.8,120,-88.78338850961876,-68.23986534851875,-20.543523161100012,16
HORN3,H,13,12.8,13.8,130,-88.38754622243749,-68.23986534851875,-20.147680873918745,16
HORN3,H,13,12.8,13.8,140,-88.88316431450625,-68.23986534851875,-20.643298965987498,16
HORN3,H,13,12.8,13.8,150,-89.24645910490001,-68.23986534851875,-21.006593756381264,16
HORN3,H,13,12.8,13.8,160,-91.7159618030875,-68.23986534851875,-23.476096454568747,16
HORN3,H,13,12.8,13.8,170,-91.10951046904376,-68.23986534851875,-22.869645120525007,16
HORN3,H,13,12.8,13.8,180,-92.6816998785,-68.23986534851875,-24.44183452998125,16
HORN4,H,13,12.8,13.8,0,-70.36906055735,-70.36906055735,0.0,16
HORN4,H,13,12.8,13.8,10,-70.99569102528125,-70.36906055735,-0.6266304679312498,16
HORN4,H,13,12.8,13.8,20,-72.69383824888125,-70.36906055735,-2.324777691531253,16
HORN4,H,13,12.8,13.8,30,-76.41541114894375,-70.36906055735,-6.04635059159375,16
HORN4,H,13,12.8,13.8,40,-80.48772040858125,-70.36906055735,-10.118659851231257,16
HORN4,H,13,12.8,13.8,50,-84.23611623500625,-70.36906055735,-13.867055677656253,16
HORN4,H,13,12.8,13.8,60,-88.554290135575,-70.36906055735,-18.185229578225005,16
HORN4,H,13,12.8,13.8,70,-89.41897365930001,-70.36906055735,-19.04991310195001,16
HORN4,H,13,12.8,13.8,80,-89.5780163984,-70.36906055735,-19.20895584105,16
HORN4,H,13,12.8,13.8,90,-87.5068837564375,-70.36906055735,-17.137823199087507,16
HORN4,H,13,12.8,13.8,100,-89.628718880175,-70.36906055735,-19.259658322825004,16
HORN4,H,13,12.8,13.8,110,-89.42911397269376,-70.36906055735,-19.06005341534376,16
HORN4,H,13,12.8,13.8,120,-90.5059027226375,-70.36906055735,-20.136842165287504,16
HORN4,H,13,12.8,13.8,130,-92.46091113045625,-70.36906055735,-22.091850573106257,16
HORN4,H,13,12.8,13.8,140,-92.95988687349376,-70.36906055735,-22.59082631614376,16
HORN4,H,13,12.8,13.8,150,-90.84262542890625,-70.36906055735,-20.47356487155625,16
HORN4,H,13,12.8,13.8,160,-90.70472481189375,-70.36906055735,-20.335664254543758,16
HORN4,H,13,12.8,13.8,170,-91.3203957927125,-70.36906055735,-20.951335235362507,16
HORN4,H,13,12.8,13.8,180,-96.66751441730625,-70.36906055735,-26.298453859956254,16
HORN5,H,13,12.8,13.8,0,-73.000489621725,-73.000489621725,0.0,16
HORN5,H,13,12.8,13.8,10,-73.99288893783125,-73.000489621725,-0.9923993161062583,16
HORN5,H,13,12.8,13.8,20,-75.56187978235624,-73.000489621725,-2.561390160631248,16
HORN5,H,13,12.8,13.8,30,-78.81504892213749,-73.000489621725,-5.814559300412498,16
HORN5,H,13,12.8,13.8,40,-82.1763990527875,-73.000489621725,-9.175909431062507,16
HORN5,H,13,12.8,13.8,50,-87.35644736924374,-73.000489621725,-14.355957747518744,16
HORN5,H,13,12.8,13.8,60,-90.34162089925,-73.000489621725,-17.341131277525008,16
HORN5,H,13,12.8,13.8,70,-89.68108836562499,-73.000489621725,-16.680598743899992,16
HORN5,H,13,12.8,13.8,80,-90.51024127296876,-73.000489621725,-17.50975165124376,16
HORN5,H,13,12.8,13.8,90,-92.46732393771251,-73.000489621725,-19.466834315987512,16
HORN5,H,13,12.8,13.8,100,-92.0329045727875,-73.000489621725,-19.032414951062506,16
HORN5,H,13,12.8,13.8,110,-93.3932083279625,-73.000489621725,-20.392718706237503,16
HORN5,H,13,12.8,13.8,120,-92.41375297105,-73.000489621725,-19.413263349325007,16
HORN5,H,13,12.8,13.8,130,-90.22920724541875,-73.000489621725,-17.228717623693754,16
HORN5,H,13,12.8,13.8,140,-90.8538498351625,-73.000489621725,-17.85336021343751,16
HORN5,H,13,12.8,13.8,150,-92.59729544153126,-73.000489621725,-19.596805819806264,16
HORN5,H,13,12.8,13.8,160,-91.6876540599625,-73.000489621725,-18.687164438237502,16
HORN5,H,13,12.8,13.8,170,-93.60847546045625,-73.000489621725,-20.607985838731253,16
HORN5,H,13,12.8,13.8,180,-94.67555422266875,-73.000489621725,-21.675064600943756,16
HORN6,H,13,12.8,13.8,0,-73.94061123843125,-73.94061123843125,0.0,16
HORN6,H,13,12.8,13.8,10,-74.243585585275,-73.94061123843125,-0.30297434684375446,16
HORN6,H,13,12.8,13.8,20,-75.601491458075,-73.94061123843125,-1.660880219643758,16
HORN6,H,13,12.8,13.8,30,-78.73257224499375,-73.94061123843125,-4.791961006562502,16
HORN6,H,13,12.8,13.8,40,-81.4377338195,-73.94061123843125,-7.497122581068751,16
HORN6,H,13,12.8,13.8,50,-86.99551919401875,-73.94061123843125,-13.05490795558751,16
HORN6,H,13,12.8,13.8,60,-89.8684113056625,-73.94061123843125,-15.92780006723126,16
HORN6,H,13,12.8,13.8,70,-92.5747839621875,-73.94061123843125,-18.63417272375625,16
HORN6,H,13,12.8,13.8,80,-91.2860493923375,-73.94061123843125,-17.345438153906258,16
HORN6,H,13,12.8,13.8,90,-93.5070141243,-73.94061123843125,-19.566402885868754,16
HORN6,H,13,12.8,13.8,100,-92.45017900959999,-73.94061123843125,-18.509567771168747,16
HORN6,H,13,12.8,13.8,110,-91.84806013021874,-73.94061123843125,-17.907448891787496,16
HORN6,H,13,12.8,13.8,120,-92.66743992020625,-73.94061123843125,-18.726828681775004,16
HORN6,H,13,12.8,13.8,130,-93.30235095052501,-73.94061123843125,-19.361739712093765,16
HORN6,H,13,12.8,13.8,140,-93.221314353925,-73.94061123843125,-19.28070311549375,16
HORN6,H,13,12.8,13.8,150,-92.70906646793125,-73.94061123843125,-18.768455229500006,16
HORN6,H,13,12.8,13.8,160,-94.8147805929875,-73.94061123843125,-20.87416935455626,16
HORN6,H,13,12.8,13.8,170,-92.503810462575,-73.94061123843125,-18.56319922414376,16
HORN6,H,13,12.8,13.8,180,-92.8033976048625,-73.94061123843125,-18.86278636643125,16
HORN7,H,13,12.8,13.8,0,-74.1774205524125,-74.1774205524125,0.0,16
HORN7,H,13,12.8,13.8,10,-75.0650206258875,-74.1774205524125,-0.8876000734749994,16
HORN7,H,13,12.8,13.8,20,-76.60187121082501,-74.1774205524125,-2.4244506584125105,16
HORN7,H,13,12.8,13.8,30,-81.09528376259375,-74.1774205524125,-6.9178632101812525,16
HORN7,H,13,12.8,13.8,40,-82.847738862875,-74.1774205524125,-8.670318310462505,16
HORN7,H,13,12.8,13.8,50,-88.30346040860624,-74.1774205524125,-14.126039856193742,16
HORN7,H,13,12.8,13.8,60,-89.9840242520875,-74.1774205524125,-15.806603699674994,16
HORN7,H,13,12.8,13.8,70,-91.372083503275,-74.1774205524125,-17.194662950862494,16
HORN7,H,13,12.8,13.8,80,-91.32707706603125,-74.1774205524125,-17.14965651361875,16
HORN7,H,13,12.8,13.8,90,-90.40624572066875,-74.1774205524125,-16.22882516825625,16
HORN7,H,13,12.8,13.8,100,-93.1791673498625,-74.1774205524125,-19.001746797449997,16
HORN7,H,13,12.8,13.8,110,-93.81145977180624,-74.1774205524125,-19.634039219393742,16
HORN7,H,13,12.8,13.8,120,-91.720523133625,-74.1774205524125,-17.543102581212494,16
HORN7,H,13,12.8,13.8,130,-90.45861891041875,-74.1774205524125,-16.28119835800625,16
HORN7,H,13,12.8,13.8,140,-91.82424720766875,-74.1774205524125,-17.64682665525625,16
HORN7,H,13,12.8,13.8,150,-93.6481060496875,-74.1774205524125,-19.470685497275,16
HORN7,H,13,12.8,13.8,160,-94.40182924588125,-74.1774205524125,-20.224408693468746,16
HORN7,H,13,12.8,13.8,170,-92.73028971425,-74.1774205524125,-18.552869161837506,16
HORN7,H,13,12.8,13.8,180,-94.176638257425,-74.1774205524125,-19.999217705012498,16
HORN8,H,13,12.8,13.8,0,-75.31511549596249,-75.31511549596249,0.0,16
HORN8,H,13,12.8,13.8,10,-76.074198262975,-75.31511549596249,-0.7590827670125151,16
HORN8,H,13,12.8,13.8,20,-77.92520623025625,-75.31511549596249,-2.610090734293763,16
HORN8,H,13,12.8,13.8,30,-80.57864930989999,-75.31511549596249,-5.263533813937499,16
HORN8,H,13,12.8,13.8,40,-84.3621404512875,-75.31511549596249,-9.047024955325014,16
HORN8,H,13,12.8,13.8,50,-90.7625443451875,-75.31511549596249,-15.447428849225005,16
HORN8,H,13,12.8,13.8,60,-88.26004666664376,-75.31511549596249,-12.944931170681272,16
HORN8,H,13,12.8,13.8,70,-88.23165826890624,-75.31511549596249,-12.916542772943757,16
HORN8,H,13,12.8,13.8,80,-89.34469530395626,-75.31511549596249,-14.02957980799377,16
HORN8,H,13,12.8,13.8,90,-88.5349119055,-75.31511549596249,-13.219796409537508,16
HORN8,H,13,12.8,13.8,100,-89.3672339550625,-75.31511549596249,-14.052118459100015,16
HORN8,H,13,12.8,13.8,110,-90.40300012976874,-75.31511549596249,-15.087884633806254,16
HORN8,H,13,12.8,13.8,120,-90.48199876494374,-75.31511549596249,-15.166883268981252,16
HORN8,H,13,12.8,13.8,130,-93.2777842503125,-75.31511549596249,-17.962668754350005,16
HORN8,H,13,12.8,13.8,140,-91.46731542711251,-75.31511549596249,-16.152199931150022,16
HORN8,H,13,12.8,13.8,150,-96.1947694899375,-75.31511549596249,-20.879653993975012,16
HORN8,H,13,12.8,13.8,160,-94.42319630003125,-75.31511549596249,-19.108080804068763,16
HORN8,H,13,12.8,13.8,170,-94.43009912871875,-75.31511549596249,-19.114983632756264,16
HORN8,H,13,12.8,13.8,180,-93.19889147545,-75.31511549596249,-17.88377597948751,16
HORN1,H,14,13.8,14.8,0,-62.73733374374665,-62.73733374374665,0.0,15
HORN1,H,14,13.8,14.8,10,-63.376792824453325,-62.73733374374665,-0.639459080706672,15
HORN1,H,14,13.8,14.8,20,-65.41698084186666,-62.73733374374665,-2.6796470981200073,15
HORN1,H,14,13.8,14.8,30,-69.63767663889999,-62.73733374374665,-6.9003428951533365,15
HORN1,H,14,13.8,14.8,40,-73.38753853079334,-62.73733374374665,-10.650204787046682,15
HORN1,H,14,13.8,14.8,50,-79.01088151334667,-62.73733374374665,-16.27354776960002,15
HORN1,H,14,13.8,14.8,60,-79.7205028838,-62.73733374374665,-16.98316914005334,15
HORN1,H,14,13.8,14.8,70,-83.84029829246667,-62.73733374374665,-21.102964548720017,15
HORN1,H,14,13.8,14.8,80,-84.77722978497334,-62.73733374374665,-22.03989604122669,15
HORN1,H,14,13.8,14.8,90,-84.35775227218,-62.73733374374665,-21.62041852843334,15
HORN1,H,14,13.8,14.8,100,-83.01748411766667,-62.73733374374665,-20.280150373920016,15
HORN1,H,14,13.8,14.8,110,-83.77079140512666,-62.73733374374665,-21.033457661380005,15
HORN1,H,14,13.8,14.8,120,-82.89628759015334,-62.73733374374665,-20.158953846406682,15
HORN1,H,14,13.8,14.8,130,-83.59398365842002,-62.73733374374665,-20.856649914673362,15
HORN1,H,14,13.8,14.8,140,-83.42380982164667,-62.73733374374665,-20.686476077900018,15
HORN1,H,14,13.8,14.8,150,-84.47165031994001,-62.73733374374665,-21.734316576193358,15
HORN1,H,14,13.8,14.8,160,-85.15985569568002,-62.73733374374665,-22.42252195193337,15
HORN1,H,14,13.8,14.8,170,-87.27651034344,-62.73733374374665,-24.53917659969334,15
HORN1,H,14,13.8,14.8,180,-88.97072747952666,-62.73733374374665,-26.233393735780005,15
HORN2,H,14,13.8,14.8,0,-71.29881949180002,-71.29881949180002,0.0,15
HORN2,H,14,13.8,14.8,10,-71.91443656807334,-71.29881949180002,-0.615617076273324,15
HORN2,H,14,13.8,14.8,20,-73.79189653184,-71.29881949180002,-2.493077040039978,15
HORN2,H,14,13.8,14.8,30,-77.54605352898001,-71.29881949180002,-6.247234037179993,15
HORN2,H,14,13.8,14.8,40,-80.59277327761998,-71.29881949180002,-9.293953785819966,15
HORN2,H,14,13.8,14.8,50,-84.70090948084665,-71.29881949180002,-13.40208998904663,15
HORN2,H,14,13.8,14.8,60,-86.14051845606666,-71.29881949180002,-14.84169896426664,15
HORN2,H,14,13.8,14.8,70,-89.37294738886668,-71.29881949180002,-18.07412789706666,15
HORN2,H,14,13.8,14.8,80,-91.99738545087334,-71.29881949180002,-20.69856595907332,15
HORN2,H,14,13.8,14.8,90,-90.27534441398,-71.29881949180002,-18.976524922179976,15
HORN2,H,14,13.8,14.8,100,-89.01543376080666,-71.29881949180002,-17.71661426900664,15
HORN2,H,14,13.8,14.8,110,-85.94537319987998,-71.29881949180002,-14.646553708079963,15
HORN2,H,14,13.8,14.8,120,-85.13221475300665,-71.29881949180002,-13.833395261206633,15
HORN2,H,14,13.8,14.8,130,-87.23425179882663,-71.29881949180002,-15.935432307026616,15
HORN2,H,14,13.8,14.8,140,-88.47378435284666,-71.29881949180002,-17.174964861046647,15
HORN2,H,14,13.8,14.8,150,-89.61502845574667,-71.29881949180002,-18.31620896394665,15
HORN2,H,14,13.8,14.8,160,-89.29416304983998,-71.29881949180002,-17.995343558039963,15
HORN2,H,14,13.8,14.8,170,-88.54249247389998,-71.29881949180002,-17.243672982099966,15
HORN2,H,14,13.8,14.8,180,-93.30066565261333,-71.29881949180002,-22.001846160813315,15
HORN3,H,14,13.8,14.8,0,-70.90777521456,-70.90777521456,0.0,15
HORN3,H,14,13.8,14.8,10,-71.63654619182002,-70.90777521456,-0.7287709772600124,15
HORN3,H,14,13.8,14.8,20,-73.75356973755332,-70.90777521456,-2.845794522993316,15
HORN3,H,14,13.8,14.8,30,-76.70631576844669,-70.90777521456,-5.798540553886681,15
HORN3,H,14,13.8,14.8,40,-80.80689706311334,-70.90777521456,-9.899121848553335,15
HORN3,H,14,13.8,14.8,50,-86.10413500936669,-70.90777521456,-15.196359794806682,15
HORN3,H,14,13.8,14.8,60,-89.75262814138,-70.90777521456,-18.844852926819996,15
HORN3,H,14,13.8,14.8,70,-88.64207038088001,-70.90777521456,-17.73429516632001,15
HORN3,H,14,13.8,14.8,80,-92.55941309053334,-70.90777521456,-21.651637875973336,15
HORN3,H,14,13.8,14.8,90,-89.36769813146,-70.90777521456,-18.4599229169,15
HORN3,H,14,13.8,14.8,100,-90.41532265660666,-70.90777521456,-19.507547442046658,15
HORN3,H,14,13.8,14.8,110,-93.20316645868002,-70.90777521456,-22.29539124412001,15
HORN3,H,14,13.8,14.8,120,-89.39354457957332,-70.90777521456,-18.48576936501331,15
HORN3,H,14,13.8,14.8,130,-88.94160270857333,-70.90777521456,-18.033827494013323,15
HORN3,H,14,13.8,14.8,140,-91.43910724478,-70.90777521456,-20.53133203022,15
HORN3,H,14,13.8,14.8,150,-93.12647706946667,-70.90777521456,-22.21870185490667,15
HORN3,H,14,13.8,14.8,160,-95.69859570426668,-70.90777521456,-24.790820489706675,15
HORN3,H,14,13.8,14.8,170,-94.57285212769999,-70.90777521456,-23.665076913139984,15
HORN3,H,14,13.8,14.8,180,-91.74878625198667,-70.90777521456,-20.841011037426668,15
HORN4,H,14,13.8,14.8,0,-72.10394405962667,-72.10394405962667,0.0,15
HORN4,H,14,13.8,14.8,10,-73.06963534333335,-72.10394405962667,-0.9656912837066756,15
HORN4,H,14,13.8,14.8,20,-74.35888175163333,-72.10394405962667,-2.2549376920066635,15
HORN4,H,14,13.8,14.8,30,-78.70275527035332,-72.10394405962667,-6.598811210726652,15
HORN4,H,14,13.8,14.8,40,-82.78365021823335,-72.10394405962667,-10.679706158606677,15
HORN4,H,14,13.8,14.8,50,-87.03898319096,-72.10394405962667,-14.935039131333326,15
HORN4,H,14,13.8,14.8,60,-90.01657465073332,-72.10394405962667,-17.912630591106648,15
HORN4,H,14,13.8,14.8,70,-92.87588459571334,-72.10394405962667,-20.771940536086674,15
HORN4,H,14,13.8,14.8,80,-89.89708982556,-72.10394405962667,-17.793145765933332,15
HORN4,H,14,13.8,14.8,90,-90.33266867814665,-72.10394405962667,-18.228724618519976,15
HORN4,H,14,13.8,14.8,100,-92.74349828215333,-72.10394405962667,-20.639554222526655,15
HORN4,H,14,13.8,14.8,110,-92.93763314461334,-72.10394405962667,-20.833689084986673,15
HORN4,H,14,13.8,14.8,120,-92.96696174082003,-72.10394405962667,-20.863017681193355,15
HORN4,H,14,13.8,14.8,130,-89.9339002945,-72.10394405962667,-17.829956234873336,15
HORN4,H,14,13.8,14.8,140,-93.77667908654,-72.10394405962667,-21.67273502691333,15
HORN4,H,14,13.8,14.8,150,-91.03665451781335,-72.10394405962667,-18.932710458186676,15
HORN4,H,14,13.8,14.8,160,-89.96420744068665,-72.10394405962667,-17.86026338105998,15
HORN4,H,14,13.8,14.8,170,-92.16623493148664,-72.10394405962667,-20.06229087185997,15
HORN4,H,14,13.8,14.8,180,-97.29703691331333,-72.10394405962667,-25.193092853686665,15
HORN5,H,14,13.8,14.8,0,-75.62447416134,-75.62447416134,0.0,15
HORN5,H,14,13.8,14.8,10,-75.79163116918667,-75.62447416134,-0.16715700784666865,15
HORN5,H,14,13.8,14.8,20,-78.01758223002,-75.62447416134,-2.393108068679993,15
HORN5,H,14,13.8,14.8,30,-80.68494554146667,-75.62447416134,-5.060471380126671,15
HORN5,H,14,13.8,14.8,40,-83.69893892404667,-75.62447416134,-8.074464762706668,15
HORN5,H,14,13.8,14.8,50,-89.14124435204,-75.62447416134,-13.5167701907,15
HORN5,H,14,13.8,14.8,60,-89.49204585488665,-75.62447416134,-13.867571693546651,15
HORN5,H,14,13.8,14.8,70,-92.59668077950666,-75.62447416134,-16.972206618166652,15
HORN5,H,14,13.8,14.8,80,-94.01030199224664,-75.62447416134,-18.385827830906635,15
HORN5,H,14,13.8,14.8,90,-93.19691336774,-75.62447416134,-17.57243920639999,15
HORN5,H,14,13.8,14.8,100,-93.84509186209334,-75.62447416134,-18.220617700753337,15
HORN5,H,14,13.8,14.8,110,-96.75011595317334,-75.62447416134,-21.12564179183333,15
HORN5,H,14,13.8,14.8,120,-94.10656799181999,-75.62447416134,-18.482093830479982,15
HORN5,H,14,13.8,14.8,130,-94.34759824198666,-75.62447416134,-18.723124080646656,15
HORN5,H,14,13.8,14.8,140,-95.10807123086668,-75.62447416134,-19.48359706952668,15
HORN5,H,14,13.8,14.8,150,-91.87239601415999,-75.62447416134,-16.247921852819985,15
HORN5,H,14,13.8,14.8,160,-94.16660421562001,-75.62447416134,-18.54213005428001,15
HORN5,H,14,13.8,14.8,170,-96.02554335256667,-75.62447416134,-20.401069191226668,15
HORN5,H,14,13.8,14.8,180,-96.41648777158,-75.62447416134,-20.79201361023999,15
HORN6,H,14,13.8,14.8,0,-75.68906943733333,-75.68906943733333,0.0,15
HORN6,H,14,13.8,14.8,10,-76.41634005920668,-75.68906943733333,-0.7272706218733447,15
HORN6,H,14,13.8,14.8,20,-78.73580511496,-75.68906943733333,-3.046735677626671,15
HORN6,H,14,13.8,14.8,30,-80.7166395181133,-75.68906943733333,-5.027570080779967,15
HORN6,H,14,13.8,14.8,40,-84.74762799607333,-75.68906943733333,-9.058558558740003,15
HORN6,H,14,13.8,14.8,50,-89.73351670768668,-75.68906943733333,-14.044447270353345,15
HORN6,H,14,13.8,14.8,60,-91.25607295110667,-75.68906943733333,-15.567003513773344,15
HORN6,H,14,13.8,14.8,70,-91.85089986659334,-75.68906943733333,-16.161830429260007,15
HORN6,H,14,13.8,14.8,80,-94.60263556549333,-75.68906943733333,-18.91356612816,15
HORN6,H,14,13.8,14.8,90,-92.44580158496666,-75.68906943733333,-16.75673214763333,15
HORN6,H,14,13.8,14.8,100,-93.48105270299334,-75.68906943733333,-17.791983265660008,15
HORN6,H,14,13.8,14.8,110,-92.46069227852,-75.68906943733333,-16.77162284118667,15
HORN6,H,14,13.8,14.8,120,-91.17012735839333,-75.68906943733333,-15.48105792106,15
HORN6,H,14,13.8,14.8,130,-93.29128175242,-75.68906943733333,-17.602212315086675,15
HORN6,H,14,13.8,14.8,140,-93.85020171778666,-75.68906943733333,-18.16113228045333,15
HORN6,H,14,13.8,14.8,150,-92.72314363037331,-75.68906943733333,-17.034074193039984,15
HORN6,H,14,13.8,14.8,160,-93.8402981083,-75.68906943733333,-18.151228670966674,15
HORN6,H,14,13.8,14.8,170,-93.46069623407999,-75.68906943733333,-17.77162679674666,15
HORN6,H,14,13.8,14.8,180,-98.77100938071999,-75.68906943733333,-23.081939943386658,15
HORN7,H,14,13.8,14.8,0,-75.03960954385998,-75.03960954385998,0.0,15
HORN7,H,14,13.8,14.8,10,-75.68998582205998,-75.03960954385998,-0.6503762781999995,15
HORN7,H,14,13.8,14.8,20,-77.42551806204668,-75.03960954385998,-2.385908518186696,15
HORN7,H,14,13.8,14.8,30,-82.45140308083334,-75.03960954385998,-7.411793536973363,15
HORN7,H,14,13.8,14.8,40,-82.44635318339334,-75.03960954385998,-7.40674363953336,15
HORN7,H,14,13.8,14.8,50,-87.2849537488333,-75.03960954385998,-12.245344204973321,15
HORN7,H,14,13.8,14.8,60,-90.49769190737334,-75.03960954385998,-15.458082363513356,15
HORN7,H,14,13.8,14.8,70,-90.34562476936,-75.03960954385998,-15.306015225500019,15
HORN7,H,14,13.8,14.8,80,-95.20764642484001,-75.03960954385998,-20.168036880980026,15
HORN7,H,14,13.8,14.8,90,-92.55694546756003,-75.03960954385998,-17.517335923700045,15
HORN7,H,14,13.8,14.8,100,-95.54695194141331,-75.03960954385998,-20.50734239755333,15
HORN7,H,14,13.8,14.8,110,-91.55051043642,-75.03960954385998,-16.510900892560016,15
HORN7,H,14,13.8,14.8,120,-95.21156381575332,-75.03960954385998,-20.17195427189334,15
HORN7,H,14,13.8,14.8,130,-91.77136013340001,-75.03960954385998,-16.731750589540027,15
HORN7,H,14,13.8,14.8,140,-92.55074910277999,-75.03960954385998,-17.511139558920007,15
HORN7,H,14,13.8,14.8,150,-92.67720207068001,-75.03960954385998,-17.63759252682003,15
HORN7,H,14,13.8,14.8,160,-90.59352663693333,-75.03960954385998,-15.553917093073352,15
HORN7,H,14,13.8,14.8,170,-91.76149509333332,-75.03960954385998,-16.721885549473342,15
HORN7,H,14,13.8,14.8,180,-94.72280547636669,-75.03960954385998,-19.683195932506706,15
HORN8,H,14,13.8,14.8,0,-77.71544616526667,-77.71544616526667,0.0,15
HORN8,H,14,13.8,14.8,10,-78.37922642955999,-77.71544616526667,-0.6637802642933224,15
HORN8,H,14,13.8,14.8,20,-79.71800116297332,-77.71544616526667,-2.0025549977066532,15
HORN8,H,14,13.8,14.8,30,-81.97422010456668,-77.71544616526667,-4.2587739393000135,15
HORN8,H,14,13.8,14.8,40,-85.87902810054668,-77.71544616526667,-8.163581935280007,15
HORN8,H,14,13.8,14.8,50,-88.42750396928666,-77.71544616526667,-10.712057804019992,15
HORN8,H,14,13.8,14.8,60,-88.75656005905998,-77.71544616526667,-11.041113893793309,15
HORN8,H,14,13.8,14.8,70,-90.18414608463333,-77.71544616526667,-12.468699919366657,15
HORN8,H,14,13.8,14.8,80,-89.27310069052668,-77.71544616526667,-11.557654525260006,15
HORN8,H,14,13.8,14.8,90,-91.98176577057332,-77.71544616526667,-14.266319605306649,15
HORN8,H,14,13.8,14.8,100,-91.63276678602666,-77.71544616526667,-13.917320620759995,15
HORN8,H,14,13.8,14.8,110,-91.76022790563334,-77.71544616526667,-14.044781740366673,15
HORN8,H,14,13.8,14.8,120,-90.74404054997999,-77.71544616526667,-13.028594384713315,15
HORN8,H,14,13.8,14.8,130,-92.21604224608667,-77.71544616526667,-14.500596080820003,15
HORN8,H,14,13.8,14.8,140,-92.43095214944667,-77.71544616526667,-14.715505984179998,15
HORN8,H,14,13.8,14.8,150,-93.06444043902002,-77.71544616526667,-15.348994273753348,15
HORN8,H,14,13.8,14.8,160,-93.78144910178,-77.71544616526667,-16.06600293651333,15
HORN8,H,14,13.8,14.8,170,-95.60570450256667,-77.71544616526667,-17.890258337299997,15
HORN8,H,14,13.8,14.8,180,-93.93226330750002,-77.71544616526667,-16.216817142233353,15
HORN1,H,15,14.8,15.8,0,-61.90023856536875,-61.90023856536875,0.0,16
HORN1,H,15,14.8,15.8,10,-63.0412278570375,-61.90023856536875,-1.1409892916687454,16
HORN1,H,15,14.8,15.8,20,-65.47384217236875,-61.90023856536875,-3.5736036069999955,16
HORN1,H,15,14.8,15.8,30,-69.08894793159375,-61.90023856536875,-7.188709366224998,16
HORN1,H,15,14.8,15.8,40,-74.27065977891876,-61.90023856536875,-12.370421213550003,16
HORN1,H,15,14.8,15.8,50,-79.96202114689999,-61.90023856536875,-18.061782581531233,16
HORN1,H,15,14.8,15.8,60,-83.9379087062875,-61.90023856536875,-22.03767014091875,16
HORN1,H,15,14.8,15.8,70,-86.050416225525,-61.90023856536875,-24.150177660156245,16
HORN1,H,15,14.8,15.8,80,-87.16967747250627,-61.90023856536875,-25.269438907137513,16
HORN1,H,15,14.8,15.8,90,-87.78167363942501,-61.90023856536875,-25.881435074056256,16
HORN1,H,15,14.8,15.8,100,-88.99091575610625,-61.90023856536875,-27.090677190737495,16
HORN1,H,15,14.8,15.8,110,-86.2077630829,-61.90023856536875,-24.30752451753125,16
HORN1,H,15,14.8,15.8,120,-84.06557390901875,-61.90023856536875,-22.16533534365,16
HORN1,H,15,14.8,15.8,130,-84.78265879501875,-61.90023856536875,-22.882420229649995,16
HORN1,H,15,14.8,15.8,140,-84.72943861343751,-61.90023856536875,-22.829200048068756,16
HORN1,H,15,14.8,15.8,150,-87.2504900491125,-61.90023856536875,-25.350251483743747,16
HORN1,H,15,14.8,15.8,160,-88.30600421005,-61.90023856536875,-26.405765644681253,16
HORN1,H,15,14.8,15.8,170,-91.95542063395,-61.90023856536875,-30.055182068581246,16
HORN1,H,15,14.8,15.8,180,-91.0815735306875,-61.90023856536875,-29.181334965318754,16
HORN2,H,15,14.8,15.8,0,-70.90386641769376,-70.90386641769376,0.0,16
HORN2,H,15,14.8,15.8,10,-71.71302576226874,-70.90386641769376,-0.8091593445749794,16
HORN2,H,15,14.8,15.8,20,-73.68410435739375,-70.90386641769376,-2.780237939699987,16
HORN2,H,15,14.8,15.8,30,-78.506308133625,-70.90386641769376,-7.602441715931235,16
HORN2,H,15,14.8,15.8,40,-83.1045825076375,-70.90386641769376,-12.20071608994374,16
HORN2,H,15,14.8,15.8,50,-91.31819930598125,-70.90386641769376,-20.41433288828749,16
HORN2,H,15,14.8,15.8,60,-90.527530487575,-70.90386641769376,-19.623664069881244,16
HORN2,H,15,14.8,15.8,70,-93.2626197300625,-70.90386641769376,-22.358753312368734,16
HORN2,H,15,14.8,15.8,80,-95.83184859751876,-70.90386641769376,-24.927982179824994,16
HORN2,H,15,14.8,15.8,90,-91.088451306425,-70.90386641769376,-20.184584888731237,16
HORN2,H,15,14.8,15.8,100,-91.6926243532,-70.90386641769376,-20.78875793550624,16
HORN2,H,15,14.8,15.8,110,-88.57254543524999,-70.90386641769376,-17.66867901755623,16
HORN2,H,15,14.8,15.8,120,-86.07898782793751,-70.90386641769376,-15.175121410243747,16
HORN2,H,15,14.8,15.8,130,-87.06061300025,-70.90386641769376,-16.156746582556238,16
HORN2,H,15,14.8,15.8,140,-86.22812363772499,-70.90386641769376,-15.324257220031228,16
HORN2,H,15,14.8,15.8,150,-89.87386705637499,-70.90386641769376,-18.970000638681228,16
HORN2,H,15,14.8,15.8,160,-87.285411601075,-70.90386641769376,-16.381545183381235,16
HORN2,H,15,14.8,15.8,170,-90.4212394689625,-70.90386641769376,-19.517373051268734,16
HORN2,H,15,14.8,15.8,180,-90.173461361475,-70.90386641769376,-19.269594943781243,16
HORN3,H,15,14.8,15.8,0,-70.43609117051875,-70.43609117051875,0.0,16
HORN3,H,15,14.8,15.8,10,-71.10478710465625,-70.43609117051875,-0.668695934137503,16
HORN3,H,15,14.8,15.8,20,-73.3321426524875,-70.43609117051875,-2.8960514819687546,16
HORN3,H,15,14.8,15.8,30,-77.31499730819999,-70.43609117051875,-6.878906137681241,16
HORN3,H,15,14.8,15.8,40,-81.75021416981251,-70.43609117051875,-11.314122999293758,16
HORN3,H,15,14.8,15.8,50,-87.85054245404375,-70.43609117051875,-17.414451283524997,16
HORN3,H,15,14.8,15.8,60,-94.02579950111874,-70.43609117051875,-23.58970833059999,16
HORN3,H,15,14.8,15.8,70,-94.36220054165625,-70.43609117051875,-23.9261093711375,16
HORN3,H,15,14.8,15.8,80,-91.18457116746876,-70.43609117051875,-20.74847999695001,16
HORN3,H,15,14.8,15.8,90,-95.00740075505,-70.43609117051875,-24.57130958453125,16
HORN3,H,15,14.8,15.8,100,-95.42890062714375,-70.43609117051875,-24.992809456624997,16
HORN3,H,15,14.8,15.8,110,-92.64231695728125,-70.43609117051875,-22.206225786762502,16
HORN3,H,15,14.8,15.8,120,-92.5620240485625,-70.43609117051875,-22.125932878043756,16
HORN3,H,15,14.8,15.8,130,-90.7062128241125,-70.43609117051875,-20.270121653593748,16
HORN3,H,15,14.8,15.8,140,-91.80703968443126,-70.43609117051875,-21.37094851391251,16
HORN3,H,15,14.8,15.8,150,-93.07997247633125,-70.43609117051875,-22.6438813058125,16
HORN3,H,15,14.8,15.8,160,-92.91482245883125,-70.43609117051875,-22.478731288312503,16
HORN3,H,15,14.8,15.8,170,-94.05149215325625,-70.43609117051875,-23.615400982737498,16
HORN3,H,15,14.8,15.8,180,-94.9234234173125,-70.43609117051875,-24.487332246793756,16
HORN4,H,15,14.8,15.8,0,-71.72101925295625,-71.72101925295625,0.0,16
HORN4,H,15,14.8,15.8,10,-72.61119226519375,-71.72101925295625,-0.8901730122374971,16
HORN4,H,15,14.8,15.8,20,-74.5658262514125,-71.72101925295625,-2.8448069984562494,16
HORN4,H,15,14.8,15.8,30,-79.35652016130625,-71.72101925295625,-7.6355009083499965,16
HORN4,H,15,14.8,15.8,40,-85.29093011825626,-71.72101925295625,-13.569910865300002,16
HORN4,H,15,14.8,15.8,50,-90.1464482816,-71.72101925295625,-18.425429028643748,16
HORN4,H,15,14.8,15.8,60,-91.22469148615,-71.72101925295625,-19.50367223319374,16
HORN4,H,15,14.8,15.8,70,-93.68066107310625,-71.72101925295625,-21.959641820149997,16
HORN4,H,15,14.8,15.8,80,-93.3882446718375,-71.72101925295625,-21.667225418881245,16
HORN4,H,15,14.8,15.8,90,-97.24230745598125,-71.72101925295625,-25.521288203024994,16
HORN4,H,15,14.8,15.8,100,-93.68850989457499,-71.72101925295625,-21.96749064161874,16
HORN4,H,15,14.8,15.8,110,-91.94076741841249,-71.72101925295625,-20.219748165456238,16
HORN4,H,15,14.8,15.8,120,-96.0694836526,-71.72101925295625,-24.348464399643746,16
HORN4,H,15,14.8,15.8,130,-94.796461256425,-71.72101925295625,-23.07544200346875,16
HORN4,H,15,14.8,15.8,140,-93.9256744299625,-71.72101925295625,-22.204655177006245,16
HORN4,H,15,14.8,15.8,150,-94.266297041775,-71.72101925295625,-22.54527778881875,16
HORN4,H,15,14.8,15.8,160,-94.58944568710625,-71.72101925295625,-22.868426434149995,16
HORN4,H,15,14.8,15.8,170,-95.5368395320875,-71.72101925295625,-23.815820279131245,16
HORN4,H,15,14.8,15.8,180,-97.20031185065,-71.72101925295625,-25.479292597693743,16
HORN5,H,15,14.8,15.8,0,-75.31837160975,-75.31837160975,0.0,16
HORN5,H,15,14.8,15.8,10,-76.437921345475,-75.31837160975,-1.119549735725002,16
HORN5,H,15,14.8,15.8,20,-78.9024233230125,-75.31837160975,-3.5840517132624967,16
HORN5,H,15,14.8,15.8,30,-82.7945192141375,-75.31837160975,-7.476147604387492,16
HORN5,H,15,14.8,15.8,40,-88.76964216321875,-75.31837160975,-13.451270553468746,16
HORN5,H,15,14.8,15.8,50,-95.36964823605,-75.31837160975,-20.051276626299995,16
HORN5,H,15,14.8,15.8,60,-94.72290207480626,-75.31837160975,-19.404530465056254,16
HORN5,H,15,14.8,15.8,70,-98.06702776244374,-75.31837160975,-22.74865615269374,16
HORN5,H,15,14.8,15.8,80,-95.74570213434376,-75.31837160975,-20.427330524593756,16
HORN5,H,15,14.8,15.8,90,-92.93055880485,-75.31837160975,-17.61218719509999,16
HORN5,H,15,14.8,15.8,100,-95.12350785283124,-75.31837160975,-19.805136243081236,16
HORN5,H,15,14.8,15.8,110,-93.18836593153125,-75.31837160975,-17.86999432178125,16
HORN5,H,15,14.8,15.8,120,-92.52725180421251,-75.31837160975,-17.20888019446251,16
HORN5,H,15,14.8,15.8,130,-96.006960509175,-75.31837160975,-20.688588899425,16
HORN5,H,15,14.8,15.8,140,-94.57698073398126,-75.31837160975,-19.258609124231256,16
HORN5,H,15,14.8,15.8,150,-94.72598192876251,-75.31837160975,-19.407610319012505,16
HORN5,H,15,14.8,15.8,160,-92.75441686643124,-75.31837160975,-17.43604525668124,16
HORN5,H,15,14.8,15.8,170,-98.90822297323125,-75.31837160975,-23.589851363481245,16
HORN5,H,15,14.8,15.8,180,-97.77235926396875,-75.31837160975,-22.45398765421875,16
HORN6,H,15,14.8,15.8,0,-74.85315063985625,-74.85315063985625,0.0,16
HORN6,H,15,14.8,15.8,10,-75.903890241775,-74.85315063985625,-1.0507396019187496,16
HORN6,H,15,14.8,15.8,20,-77.83374326176249,-74.85315063985625,-2.98059262190624,16
HORN6,H,15,14.8,15.8,30,-82.556305623,-74.85315063985625,-7.703154983143747,16
HORN6,H,15,14.8,15.8,40,-89.03337909954375,-74.85315063985625,-14.180228459687498,16
HORN6,H,15,14.8,15.8,50,-94.42437923579375,-74.85315063985625,-19.571228595937498,16
HORN6,H,15,14.8,15.8,60,-95.719138907575,-74.85315063985625,-20.86598826771875,16
HORN6,H,15,14.8,15.8,70,-97.2100625546625,-74.85315063985625,-22.356911914806247,16
HORN6,H,15,14.8,15.8,80,-96.7660779052,-74.85315063985625,-21.912927265343754,16
HORN6,H,15,14.8,15.8,90,-96.56870606804375,-74.85315063985625,-21.7155554281875,16
HORN6,H,15,14.8,15.8,100,-95.28388965346875,-74.85315063985625,-20.430739013612495,16
HORN6,H,15,14.8,15.8,110,-93.22550380180624,-74.85315063985625,-18.372353161949988,16
HORN6,H,15,14.8,15.8,120,-91.52973043206251,-74.85315063985625,-16.676579792206255,16
HORN6,H,15,14.8,15.8,130,-92.74947128513125,-74.85315063985625,-17.896320645274997,16
HORN6,H,15,14.8,15.8,140,-94.34136850686876,-74.85315063985625,-19.48821786701251,16
HORN6,H,15,14.8,15.8,150,-93.523341887425,-74.85315063985625,-18.670191247568752,16
HORN6,H,15,14.8,15.8,160,-94.613007366125,-74.85315063985625,-19.75985672626875,16
HORN6,H,15,14.8,15.8,170,-95.67550090833751,-74.85315063985625,-20.82235026848126,16
HORN6,H,15,14.8,15.8,180,-95.61006252330625,-74.85315063985625,-20.75691188345,16
HORN7,H,15,14.8,15.8,0,-74.52921729945626,-74.52921729945626,0.0,16
HORN7,H,15,14.8,15.8,10,-75.70036938784375,-74.52921729945626,-1.1711520883874869,16
HORN7,H,15,14.8,15.8,20,-77.75993080270625,-74.52921729945626,-3.230713503249987,16
HORN7,H,15,14.8,15.8,30,-82.88726382893125,-74.52921729945626,-8.35804652947499,16
HORN7,H,15,14.8,15.8,40,-91.03352831704998,-74.52921729945626,-16.50431101759372,16
HORN7,H,15,14.8,15.8,50,-92.0683788456875,-74.52921729945626,-17.53916154623124,16
HORN7,H,15,14.8,15.8,60,-92.85812955156874,-74.52921729945626,-18.328912252112474,16
HORN7,H,15,14.8,15.8,70,-95.43057144751249,-74.52921729945626,-20.901354148056228,16
HORN7,H,15,14.8,15.8,80,-93.77029307383751,-74.52921729945626,-19.241075774381244,16
HORN7,H,15,14.8,15.8,90,-92.3471496310375,-74.52921729945626,-17.817932331581233,16
HORN7,H,15,14.8,15.8,100,-95.16519787141875,-74.52921729945626,-20.63598057196249,16
HORN7,H,15,14.8,15.8,110,-95.02037748456875,-74.52921729945626,-20.49116018511249,16
HORN7,H,15,14.8,15.8,120,-92.49665250594376,-74.52921729945626,-17.967435206487494,16
HORN7,H,15,14.8,15.8,130,-91.93196266646875,-74.52921729945626,-17.402745367012486,16
HORN7,H,15,14.8,15.8,140,-91.74736658213749,-74.52921729945626,-17.218149282681225,16
HORN7,H,15,14.8,15.8,150,-93.98451832893124,-74.52921729945626,-19.45530102947498,16
HORN7,H,15,14.8,15.8,160,-92.04617300811874,-74.52921729945626,-17.51695570866248,16
HORN7,H,15,14.8,15.8,170,-93.53536431601874,-74.52921729945626,-19.00614701656248,16
HORN7,H,15,14.8,15.8,180,-94.206712873225,-74.52921729945626,-19.677495573768738,16
HORN8,H,15,14.8,15.8,0,-77.18796165084375,-77.18796165084375,0.0,16
HORN8,H,15,14.8,15.8,10,-77.81008953544999,-77.18796165084375,-0.6221278846062432,16
HORN8,H,15,14.8,15.8,20,-79.24805949499375,-77.18796165084375,-2.0600978441500075,16
HORN8,H,15,14.8,15.8,30,-82.05593363528126,-77.18796165084375,-4.867971984437517,16
HORN8,H,15,14.8,15.8,40,-85.453563747275,-77.18796165084375,-8.265602096431252,16
HORN8,H,15,14.8,15.8,50,-92.7775984484375,-77.18796165084375,-15.589636797593755,16
HORN8,H,15,14.8,15.8,60,-92.95065253068125,-77.18796165084375,-15.762690879837507,16
HORN8,H,15,14.8,15.8,70,-92.42951700348124,-77.18796165084375,-15.24155535263749,16
HORN8,H,15,14.8,15.8,80,-93.7655559293625,-77.18796165084375,-16.57759427851876,16
HORN8,H,15,14.8,15.8,90,-94.4663336660375,-77.18796165084375,-17.278372015193753,16
HORN8,H,15,14.8,15.8,100,-94.58898274719374,-77.18796165084375,-17.401021096349993,16
HORN8,H,15,14.8,15.8,110,-94.81267545540001,-77.18796165084375,-17.624713804556265,16
HORN8,H,15,14.8,15.8,120,-93.02998120739375,-77.18796165084375,-15.84201955655,16
HORN8,H,15,14.8,15.8,130,-93.69995013150626,-77.18796165084375,-16.51198848066251,16
HORN8,H,15,14.8,15.8,140,-93.54644336070625,-77.18796165084375,-16.358481709862502,16
HORN8,H,15,14.8,15.8,150,-94.43811507136252,-77.18796165084375,-17.25015342051877,16
HORN8,H,15,14.8,15.8,160,-95.61287801945625,-77.18796165084375,-18.4249163686125,16
HORN8,H,15,14.8,15.8,170,-96.57911190883125,-77.18796165084375,-19.391150257987505,16
HORN8,H,15,14.8,15.8,180,-96.7879000484125,-77.18796165084375,-19.59993839756875,16
HORN1,H,16,15.8,16.8,0,-61.9717439935,-61.9717439935,0.0,15
HORN1,H,16,15.8,16.8,10,-63.15416538343333,-61.9717439935,-1.1824213899333316,15
HORN1,H,16,15.8,16.8,20,-65.96835847529333,-61.9717439935,-3.99661448179333,15
HORN1,H,16,15.8,16.8,30,-70.12522230062,-61.9717439935,-8.153478307119997,15
HORN1,H,16,15.8,16.8,40,-76.10609146089999,-61.9717439935,-14.13434746739999,15
HORN1,H,16,15.8,16.8,50,-81.47760181175333,-61.9717439935,-19.505857818253332,15
HORN1,H,16,15.8,16.8,60,-86.38121517671334,-61.9717439935,-24.40947118321334,15
HORN1,H,16,15.8,16.8,70,-88.70192660996,-61.9717439935,-26.73018261646,15
HORN1,H,16,15.8,16.8,80,-86.92001431227332,-61.9717439935,-24.948270318773325,15
HORN1,H,16,15.8,16.8,90,-88.0407661389,-61.9717439935,-26.069022145399998,15
HORN1,H,16,15.8,16.8,100,-87.58998033284001,-61.9717439935,-25.618236339340015,15
HORN1,H,16,15.8,16.8,110,-87.59792312588,-61.9717439935,-25.626179132380003,15
HORN1,H,16,15.8,16.8,120,-88.04896635331333,-61.9717439935,-26.077222359813334,15
HORN1,H,16,15.8,16.8,130,-85.39048131750666,-61.9717439935,-23.418737324006656,15
HORN1,H,16,15.8,16.8,140,-86.53617404906667,-61.9717439935,-24.564430055566675,15
HORN1,H,16,15.8,16.8,150,-89.58021223228666,-61.9717439935,-27.608468238786656,15
HORN1,H,16,15.8,16.8,160,-87.47274567262666,-61.9717439935,-25.50100167912666,15
HORN1,H,16,15.8,16.8,170,-90.48187057571333,-61.9717439935,-28.51012658221333,15
HORN1,H,16,15.8,16.8,180,-91.87315864402666,-61.9717439935,-29.90141465052666,15
HORN2,H,16,15.8,16.8,0,-70.87442617329333,-70.87442617329333,0.0,15
HORN2,H,16,15.8,16.8,10,-71.89024842716667,-70.87442617329333,-1.0158222538733384,15
HORN2,H,16,15.8,16.8,20,-74.09020012526668,-70.87442617329333,-3.215773951973347,15
HORN2,H,16,15.8,16.8,30,-79.11766678006667,-70.87442617329333,-8.243240606773341,15
HORN2,H,16,15.8,16.8,40,-84.09229545746668,-70.87442617329333,-13.217869284173347,15
HORN2,H,16,15.8,16.8,50,-91.66592263016668,-70.87442617329333,-20.791496456873347,15
HORN2,H,16,15.8,16.8,60,-93.64528828574666,-70.87442617329333,-22.77086211245333,15
HORN2,H,16,15.8,16.8,70,-93.49716334771334,-70.87442617329333,-22.62273717442001,15
HORN2,H,16,15.8,16.8,80,-91.26337838748667,-70.87442617329333,-20.38895221419334,15
HORN2,H,16,15.8,16.8,90,-91.71834777139999,-70.87442617329333,-20.84392159810666,15
HORN2,H,16,15.8,16.8,100,-90.19973300518001,-70.87442617329333,-19.325306831886678,15
HORN2,H,16,15.8,16.8,110,-90.33362124983333,-70.87442617329333,-19.45919507654,15
HORN2,H,16,15.8,16.8,120,-88.47456551335333,-70.87442617329333,-17.600139340059997,15
HORN2,H,16,15.8,16.8,130,-88.56779714970666,-70.87442617329333,-17.693370976413334,15
HORN2,H,16,15.8,16.8,140,-89.74071231751999,-70.87442617329333,-18.866286144226663,15
HORN2,H,16,15.8,16.8,150,-88.32591538599998,-70.87442617329333,-17.451489212706647,15
HORN2,H,16,15.8,16.8,160,-90.05192675095334,-70.87442617329333,-19.177500577660012,15
HORN2,H,16,15.8,16.8,170,-91.24515436907998,-70.87442617329333,-20.370728195786654,15
HORN2,H,16,15.8,16.8,180,-90.45395754757334,-70.87442617329333,-19.57953137428001,15
HORN3,H,16,15.8,16.8,0,-70.63602766210667,-70.63602766210667,0.0,15
HORN3,H,16,15.8,16.8,10,-71.29139774389334,-70.63602766210667,-0.6553700817866712,15
HORN3,H,16,15.8,16.8,20,-73.18618600155332,-70.63602766210667,-2.5501583394466536,15
HORN3,H,16,15.8,16.8,30,-77.53243664688667,-70.63602766210667,-6.896408984779995,15
HORN3,H,16,15.8,16.8,40,-82.77993778358001,-70.63602766210667,-12.14391012147334,15
HORN3,H,16,15.8,16.8,50,-89.01439936248667,-70.63602766210667,-18.37837170038,15
HORN3,H,16,15.8,16.8,60,-92.01452528349334,-70.63602766210667,-21.37849762138667,15
HORN3,H,16,15.8,16.8,70,-93.69412758062666,-70.63602766210667,-23.058099918519986,15
HORN3,H,16,15.8,16.8,80,-93.48564640715334,-70.63602766210667,-22.84961874504667,15
HORN3,H,16,15.8,16.8,90,-95.45159478858668,-70.63602766210667,-24.815567126480005,15
HORN3,H,16,15.8,16.8,100,-95.46280894785333,-70.63602766210667,-24.826781285746662,15
HORN3,H,16,15.8,16.8,110,-93.62510680084667,-70.63602766210667,-22.989079138739996,15
HORN3,H,16,15.8,16.8,120,-94.22090033711335,-70.63602766210667,-23.58487267500668,15
HORN3,H,16,15.8,16.8,130,-93.32693686026666,-70.63602766210667,-22.690909198159986,15
HORN3,H,16,15.8,16.8,140,-92.80734893598667,-70.63602766210667,-22.171321273879997,15
HORN3,H,16,15.8,16.8,150,-93.50335663908,-70.63602766210667,-22.867328976973326,15
HORN3,H,16,15.8,16.8,160,-93.03596225105333,-70.63602766210667,-22.399934588946664,15
HORN3,H,16,15.8,16.8,170,-95.02599797336,-70.63602766210667,-24.389970311253336,15
HORN3,H,16,15.8,16.8,180,-93.52448497290668,-70.63602766210667,-22.888457310800007,15
HORN4,H,16,15.8,16.8,0,-71.91393251495333,-71.91393251495333,0.0,15
HORN4,H,16,15.8,16.8,10,-72.76309364410666,-71.91393251495333,-0.8491611291533303,15
HORN4,H,16,15.8,16.8,20,-75.27656794420665,-71.91393251495333,-3.3626354292533165,15
HORN4,H,16,15.8,16.8,30,-79.27436710235999,-71.91393251495333,-7.360434587406658,15
HORN4,H,16,15.8,16.8,40,-85.19409549458,-71.91393251495333,-13.280162979626667,15
HORN4,H,16,15.8,16.8,50,-89.34814760474,-71.91393251495333,-17.434215089786676,15
HORN4,H,16,15.8,16.8,60,-94.14553044876,-71.91393251495333,-22.23159793380667,15
HORN4,H,16,15.8,16.8,70,-99.25346183748,-71.91393251495333,-27.339529322526673,15
HORN4,H,16,15.8,16.8,80,-95.72343658141331,-71.91393251495333,-23.80950406645998,15
HORN4,H,16,15.8,16.8,90,-95.65553142918665,-71.91393251495333,-23.74159891423332,15
HORN4,H,16,15.8,16.8,100,-94.88060354180666,-71.91393251495333,-22.966671026853334,15
HORN4,H,16,15.8,16.8,110,-96.23473031648,-71.91393251495333,-24.320797801526666,15
HORN4,H,16,15.8,16.8,120,-94.69575381424667,-71.91393251495333,-22.78182129929334,15
HORN4,H,16,15.8,16.8,130,-95.81283679186001,-71.91393251495333,-23.898904276906677,15
HORN4,H,16,15.8,16.8,140,-93.39576649592665,-71.91393251495333,-21.48183398097332,15
HORN4,H,16,15.8,16.8,150,-96.02618899885334,-71.91393251495333,-24.112256483900012,15
HORN4,H,16,15.8,16.8,160,-94.19265434313334,-71.91393251495333,-22.27872182818001,15
HORN4,H,16,15.8,16.8,170,-96.40127357669333,-71.91393251495333,-24.487341061739997,15
HORN4,H,16,15.8,16.8,180,-97.98490250113333,-71.91393251495333,-26.070969986180003,15
HORN5,H,16,15.8,16.8,0,-75.53463293945333,-75.53463293945333,0.0,15
HORN5,H,16,15.8,16.8,10,-77.15593597282002,-75.53463293945333,-1.6213030333666865,15
HORN5,H,16,15.8,16.8,20,-78.91971895572001,-75.53463293945333,-3.3850860162666834,15
HORN5,H,16,15.8,16.8,30,-84.08681023147999,-75.53463293945333,-8.552177292026656,15
HORN5,H,16,15.8,16.8,40,-92.08914769830001,-75.53463293945333,-16.55451475884668,15
HORN5,H,16,15.8,16.8,50,-95.40093261124,-75.53463293945333,-19.866299671786663,15
HORN5,H,16,15.8,16.8,60,-96.40457314520668,-75.53463293945333,-20.869940205753352,15
HORN5,H,16,15.8,16.8,70,-95.17082353612001,-75.53463293945333,-19.63619059666668,15
HORN5,H,16,15.8,16.8,80,-96.16639239364667,-75.53463293945333,-20.631759454193343,15
HORN5,H,16,15.8,16.8,90,-95.43678405937334,-75.53463293945333,-19.902151119920006,15
HORN5,H,16,15.8,16.8,100,-95.71258905018665,-75.53463293945333,-20.17795611073332,15
HORN5,H,16,15.8,16.8,110,-94.28266372058667,-75.53463293945333,-18.748030781133338,15
HORN5,H,16,15.8,16.8,120,-94.52576836230666,-75.53463293945333,-18.991135422853333,15
HORN5,H,16,15.8,16.8,130,-96.02406763953334,-75.53463293945333,-20.48943470008001,15
HORN5,H,16,15.8,16.8,140,-92.92802942740667,-75.53463293945333,-17.39339648795334,15
HORN5,H,16,15.8,16.8,150,-95.45912193530002,-75.53463293945333,-19.924488995846687,15
HORN5,H,16,15.8,16.8,160,-94.42751758576667,-75.53463293945333,-18.892884646313334,15
HORN5,H,16,15.8,16.8,170,-95.82096767132667,-75.53463293945333,-20.28633473187334,15
HORN5,H,16,15.8,16.8,180,-98.53953941746664,-75.53463293945333,-23.00490647801331,15
HORN6,H,16,15.8,16.8,0,-74.94917571625334,-74.94917571625334,0.0,15
HORN6,H,16,15.8,16.8,10,-75.56481371154,-74.94917571625334,-0.6156379952866615,15
HORN6,H,16,15.8,16.8,20,-77.99801287739334,-74.94917571625334,-3.04883716114,15
HORN6,H,16,15.8,16.8,30,-81.65050533355334,-74.94917571625334,-6.701329617300004,15
HORN6,H,16,15.8,16.8,40,-86.69545799037333,-74.94917571625334,-11.746282274119991,15
HORN6,H,16,15.8,16.8,50,-90.99069358484667,-74.94917571625334,-16.04151786859333,15
HORN6,H,16,15.8,16.8,60,-94.11043948614,-74.94917571625334,-19.16126376988666,15
HORN6,H,16,15.8,16.8,70,-95.22325926474,-74.94917571625334,-20.274083548486658,15
HORN6,H,16,15.8,16.8,80,-96.94801308418666,-74.94917571625334,-21.99883736793332,15
HORN6,H,16,15.8,16.8,90,-94.85310979376666,-74.94917571625334,-19.903934077513327,15
HORN6,H,16,15.8,16.8,100,-93.31640524688001,-74.94917571625334,-18.367229530626673,15
HORN6,H,16,15.8,16.8,110,-93.52767868354667,-74.94917571625334,-18.578502967293332,15
HORN6,H,16,15.8,16.8,120,-94.24402391819332,-74.94917571625334,-19.294848201939985,15
HORN6,H,16,15.8,16.8,130,-90.78734713287335,-74.94917571625334,-15.838171416620014,15
HORN6,H,16,15.8,16.8,140,-95.40135819556001,-74.94917571625334,-20.45218247930667,15
HORN6,H,16,15.8,16.8,150,-95.52738118954667,-74.94917571625334,-20.578205473293337,15
HORN6,H,16,15.8,16.8,160,-95.82965815318667,-74.94917571625334,-20.880482436933335,15
HORN6,H,16,15.8,16.8,170,-92.57966591309999,-74.94917571625334,-17.63049019684665,15
HORN6,H,16,15.8,16.8,180,-94.11024549087333,-74.94917571625334,-19.16106977461999,15
HORN7,H,16,15.8,16.8,0,-74.93618398218001,-74.93618398218001,0.0,15
HORN7,H,16,15.8,16.8,10,-75.90387802390667,-74.93618398218001,-0.9676940417266593,15
HORN7,H,16,15.8,16.8,20,-79.01649359872667,-74.93618398218001,-4.080309616546657,15
HORN7,H,16,15.8,16.8,30,-81.47026413089334,-74.93618398218001,-6.534080148713329,15
HORN7,H,16,15.8,16.8,40,-87.27911152129334,-74.93618398218001,-12.342927539113333,15
HORN7,H,16,15.8,16.8,50,-89.93555037958002,-74.93618398218001,-14.99936639740001,15
HORN7,H,16,15.8,16.8,60,-92.94898428917332,-74.93618398218001,-18.012800306993313,15
HORN7,H,16,15.8,16.8,70,-96.74472447799998,-74.93618398218001,-21.80854049581997,15
HORN7,H,16,15.8,16.8,80,-91.06786205086001,-74.93618398218001,-16.131678068680003,15
HORN7,H,16,15.8,16.8,90,-92.68609721984667,-74.93618398218001,-17.74991323766666,15
HORN7,H,16,15.8,16.8,100,-94.36041141044667,-74.93618398218001,-19.42422742826666,15
HORN7,H,16,15.8,16.8,110,-93.58744770406,-74.93618398218001,-18.651263721879985,15
HORN7,H,16,15.8,16.8,120,-93.98504634286665,-74.93618398218001,-19.04886236068664,15
HORN7,H,16,15.8,16.8,130,-92.10302414110667,-74.93618398218001,-17.16684015892666,15
HORN7,H,16,15.8,16.8,140,-94.39884365648,-74.93618398218001,-19.462659674299985,15
HORN7,H,16,15.8,16.8,150,-95.65112253546664,-74.93618398218001,-20.71493855328663,15
HORN7,H,16,15.8,16.8,160,-94.46474863976002,-74.93618398218001,-19.528564657580006,15
HORN7,H,16,15.8,16.8,170,-94.7143999306,-74.93618398218001,-19.778215948419984,15
HORN7,H,16,15.8,16.8,180,-92.97984279775334,-74.93618398218001,-18.043658815573323,15
HORN8,H,16,15.8,16.8,0,-77.01048690383331,-77.01048690383331,0.0,15
HORN8,H,16,15.8,16.8,10,-78.75129269634667,-77.01048690383331,-1.7408057925133562,15
HORN8,H,16,15.8,16.8,20,-82.49736507652003,-77.01048690383331,-5.4868781726867155,15
HORN8,H,16,15.8,16.8,30,-84.79941582930665,-77.01048690383331,-7.788928925473343,15
HORN8,H,16,15.8,16.8,40,-88.66445492160668,-77.01048690383331,-11.653968017773366,15
HORN8,H,16,15.8,16.8,50,-95.56634939636,-77.01048690383331,-18.555862492526686,15
HORN8,H,16,15.8,16.8,60,-95.40613775675334,-77.01048690383331,-18.395650852920028,15
HORN8,H,16,15.8,16.8,70,-91.68728178209999,-77.01048690383331,-14.676794878266676,15
HORN8,H,16,15.8,16.8,80,-93.93628438890664,-77.01048690383331,-16.925797485073332,15
HORN8,H,16,15.8,16.8,90,-93.14378978660667,-77.01048690383331,-16.133302882773364,15
HORN8,H,16,15.8,16.8,100,-97.98948194969334,-77.01048690383331,-20.97899504586003,15
HORN8,H,16,15.8,16.8,110,-93.85457569702,-77.01048690383331,-16.844088793186685,15
HORN8,H,16,15.8,16.8,120,-93.88866279028001,-77.01048690383331,-16.878175886446698,15
HORN8,H,16,15.8,16.8,130,-94.02161116813333,-77.01048690383331,-17.011124264300022,15
HORN8,H,16,15.8,16.8,140,-96.16606113870002,-77.01048690383331,-19.155574234866705,15
HORN8,H,16,15.8,16.8,150,-95.99806492748002,-77.01048690383331,-18.987578023646705,15
HORN8,H,16,15.8,16.8,160,-91.43402999416,-77.01048690383331,-14.423543090326689,15
HORN8,H,16,15.8,16.8,170,-94.91002129651334,-77.01048690383331,-17.899534392680025,15
HORN8,H,16,15.8,16.8,180,-96.76434255895333,-77.01048690383331,-19.75385565512002,15
HORN1,H,17,16.8,17.8,0,-68.20706182696667,-68.20706182696667,0.0,15
HORN1,H,17,16.8,17.8,10,-69.68439076238668,-68.20706182696667,-1.4773289354200188,15
HORN1,H,17,16.8,17.8,20,-71.72197664652002,-68.20706182696667,-3.514914819553354,15
HORN1,H,17,16.8,17.8,30,-74.78564509462,-68.20706182696667,-6.578583267653329,15
HORN1,H,17,16.8,17.8,40,-80.81788716333335,-68.20706182696667,-12.610825336366688,15
HORN1,H,17,16.8,17.8,50,-80.63967768700668,-68.20706182696667,-12.432615860040016,15
HORN1,H,17,16.8,17.8,60,-81.58937663846667,-68.20706182696667,-13.38231481150001,15
HORN1,H,17,16.8,17.8,70,-86.93020641204,-68.20706182696667,-18.723144585073328,15
HORN1,H,17,16.8,17.8,80,-87.38271369800002,-68.20706182696667,-19.175651871033352,15
HORN1,H,17,16.8,17.8,90,-88.48444245466,-68.20706182696667,-20.277380627693333,15
HORN1,H,17,16.8,17.8,100,-89.21841661376668,-68.20706182696667,-21.011354786800013,15
HORN1,H,17,16.8,17.8,110,-88.28183023845999,-68.20706182696667,-20.074768411493324,15
HORN1,H,17,16.8,17.8,120,-92.20567136941334,-68.20706182696667,-23.998609542446673,15
HORN1,H,17,16.8,17.8,130,-89.80398566524,-68.20706182696667,-21.59692383827334,15
HORN1,H,17,16.8,17.8,140,-88.45328718259334,-68.20706182696667,-20.246225355626677,15
HORN1,H,17,16.8,17.8,150,-87.3193572788933,-68.20706182696667,-19.11229545192664,15
HORN1,H,17,16.8,17.8,160,-90.07564511306667,-68.20706182696667,-21.868583286100005,15
HORN1,H,17,16.8,17.8,170,-91.02635597171333,-68.20706182696667,-22.819294144746664,15
HORN1,H,17,16.8,17.8,180,-93.65699977683336,-68.20706182696667,-25.449937949866694,15
HORN2,H,17,16.8,17.8,0,-77.56079441738667,-77.56079441738667,0.0,15
HORN2,H,17,16.8,17.8,10,-78.36701287698669,-77.56079441738667,-0.8062184596000179,15
HORN2,H,17,16.8,17.8,20,-79.66207676470665,-77.56079441738667,-2.10128234731998,15
HORN2,H,17,16.8,17.8,30,-83.85107664456001,-77.56079441738667,-6.290282227173336,15
HORN2,H,17,16.8,17.8,40,-88.94906977908667,-77.56079441738667,-11.388275361699996,15
HORN2,H,17,16.8,17.8,50,-92.67418656240001,-77.56079441738667,-15.113392145013336,15
HORN2,H,17,16.8,17.8,60,-94.43721615782667,-77.56079441738667,-16.876421740439994,15
HORN2,H,17,16.8,17.8,70,-93.52322887828,-77.56079441738667,-15.96243446089332,15
HORN2,H,17,16.8,17.8,80,-95.93501961142003,-77.56079441738667,-18.374225194033357,15
HORN2,H,17,16.8,17.8,90,-95.01209768864666,-77.56079441738667,-17.451303271259988,15
HORN2,H,17,16.8,17.8,100,-95.69969928985334,-77.56079441738667,-18.138904872466668,15
HORN2,H,17,16.8,17.8,110,-95.36548933878,-77.56079441738667,-17.80469492139332,15
HORN2,H,17,16.8,17.8,120,-93.57821734678001,-77.56079441738667,-16.017422929393334,15
HORN2,H,17,16.8,17.8,130,-92.57155879292002,-77.56079441738667,-15.010764375533341,15
HORN2,H,17,16.8,17.8,140,-92.24587158899332,-77.56079441738667,-14.68507717160665,15
HORN2,H,17,16.8,17.8,150,-94.38308235320667,-77.56079441738667,-16.82228793582,15
HORN2,H,17,16.8,17.8,160,-94.23601332949332,-77.56079441738667,-16.675218912106644,15
HORN2,H,17,16.8,17.8,170,-94.94915712849335,-77.56079441738667,-17.38836271110668,15
HORN2,H,17,16.8,17.8,180,-92.08798159934001,-77.56079441738667,-14.527187181953337,15
HORN3,H,17,16.8,17.8,0,-77.09428760764668,-77.09428760764668,0.0,15
HORN3,H,17,16.8,17.8,10,-77.43646169333333,-77.09428760764668,-0.34217408568665064,15
HORN3,H,17,16.8,17.8,20,-79.63487017154667,-77.09428760764668,-2.5405825638999886,15
HORN3,H,17,16.8,17.8,30,-82.22992082943334,-77.09428760764668,-5.135633221786662,15
HORN3,H,17,16.8,17.8,40,-86.35106878986001,-77.09428760764668,-9.25678118221333,15
HORN3,H,17,16.8,17.8,50,-91.92366353519333,-77.09428760764668,-14.82937592754665,15
HORN3,H,17,16.8,17.8,60,-93.84760058694,-77.09428760764668,-16.753312979293327,15
HORN3,H,17,16.8,17.8,70,-95.15889866425333,-77.09428760764668,-18.06461105660665,15
HORN3,H,17,16.8,17.8,80,-94.65871256353336,-77.09428760764668,-17.56442495588668,15
HORN3,H,17,16.8,17.8,90,-92.26173771107337,-77.09428760764668,-15.167450103426688,15
HORN3,H,17,16.8,17.8,100,-94.97353830933335,-77.09428760764668,-17.879250701686672,15
HORN3,H,17,16.8,17.8,110,-95.62614231085334,-77.09428760764668,-18.531854703206662,15
HORN3,H,17,16.8,17.8,120,-98.12450459463335,-77.09428760764668,-21.030216986986673,15
HORN3,H,17,16.8,17.8,130,-94.59767099412666,-77.09428760764668,-17.50338338647998,15
HORN3,H,17,16.8,17.8,140,-93.09203917482667,-77.09428760764668,-15.99775156717999,15
HORN3,H,17,16.8,17.8,150,-96.91627328670002,-77.09428760764668,-19.82198567905334,15
HORN3,H,17,16.8,17.8,160,-95.97945827855999,-77.09428760764668,-18.88517067091331,15
HORN3,H,17,16.8,17.8,170,-95.64885863423333,-77.09428760764668,-18.554571026586657,15
HORN3,H,17,16.8,17.8,180,-95.18315475036665,-77.09428760764668,-18.088867142719977,15
HORN4,H,17,16.8,17.8,0,-77.78311687201334,-77.78311687201334,0.0,15
HORN4,H,17,16.8,17.8,10,-78.35823745421999,-77.78311687201334,-0.575120582206651,15
HORN4,H,17,16.8,17.8,20,-80.28728469870666,-77.78311687201334,-2.504167826693319,15
HORN4,H,17,16.8,17.8,30,-83.32624024832667,-77.78311687201334,-5.543123376313332,15
HORN4,H,17,16.8,17.8,40,-89.25792357878666,-77.78311687201334,-11.474806706773322,15
HORN4,H,17,16.8,17.8,50,-92.17488271424668,-77.78311687201334,-14.39176584223334,15
HORN4,H,17,16.8,17.8,60,-95.77678285293999,-77.78311687201334,-17.99366598092665,15
HORN4,H,17,16.8,17.8,70,-95.66150125003998,-77.78311687201334,-17.878384378026638,15
HORN4,H,17,16.8,17.8,80,-95.92292279479332,-77.78311687201334,-18.139805922779985,15
HORN4,H,17,16.8,17.8,90,-96.40511045110665,-77.78311687201334,-18.621993579093314,15
HORN4,H,17,16.8,17.8,100,-95.91612914537333,-77.78311687201334,-18.133012273359995,15
HORN4,H,17,16.8,17.8,110,-98.74655930295333,-77.78311687201334,-20.963442430939992,15
HORN4,H,17,16.8,17.8,120,-95.67494385826667,-77.78311687201334,-17.891826986253335,15
HORN4,H,17,16.8,17.8,130,-96.63829208627334,-77.78311687201334,-18.85517521426,15
HORN4,H,17,16.8,17.8,140,-97.84305581400668,-77.78311687201334,-20.059938941993337,15
HORN4,H,17,16.8,17.8,150,-93.43204414552,-77.78311687201334,-15.648927273506658,15
HORN4,H,17,16.8,17.8,160,-93.64424457157999,-77.78311687201334,-15.861127699566651,15
HORN4,H,17,16.8,17.8,170,-97.27440747884667,-77.78311687201334,-19.49129060683333,15
HORN4,H,17,16.8,17.8,180,-98.09408171068667,-77.78311687201334,-20.31096483867333,15
HORN5,H,17,16.8,17.8,0,-80.59530416667333,-80.59530416667333,0.0,15
HORN5,H,17,16.8,17.8,10,-81.69930817788668,-80.59530416667333,-1.1040040112133482,15
HORN5,H,17,16.8,17.8,20,-83.61495520903333,-80.59530416667333,-3.019651042359996,15
HORN5,H,17,16.8,17.8,30,-87.77568310549333,-80.59530416667333,-7.180378938819999,15
HORN5,H,17,16.8,17.8,40,-91.75017728914668,-80.59530416667333,-11.154873122473347,15
HORN5,H,17,16.8,17.8,50,-95.48199046890001,-80.59530416667333,-14.886686302226678,15
HORN5,H,17,16.8,17.8,60,-97.28827744296665,-80.59530416667333,-16.692973276293316,15
HORN5,H,17,16.8,17.8,70,-95.15822434975334,-80.59530416667333,-14.56292018308001,15
HORN5,H,17,16.8,17.8,80,-96.79288114062665,-80.59530416667333,-16.197576973953318,15
HORN5,H,17,16.8,17.8,90,-93.91598881776001,-80.59530416667333,-13.32068465108668,15
HORN5,H,17,16.8,17.8,100,-97.19445660573336,-80.59530416667333,-16.599152439060035,15
HORN5,H,17,16.8,17.8,110,-96.11852002020667,-80.59530416667333,-15.523215853533344,15
HORN5,H,17,16.8,17.8,120,-96.60938448162001,-80.59530416667333,-16.014080314946682,15
HORN5,H,17,16.8,17.8,130,-95.43569085077334,-80.59530416667333,-14.840386684100011,15
HORN5,H,17,16.8,17.8,140,-96.68771675088668,-80.59530416667333,-16.09241258421335,15
HORN5,H,17,16.8,17.8,150,-94.88944844612666,-80.59530416667333,-14.294144279453334,15
HORN5,H,17,16.8,17.8,160,-95.84898985667334,-80.59530416667333,-15.253685690000012,15
HORN5,H,17,16.8,17.8,170,-97.79706334920665,-80.59530416667333,-17.201759182533323,15
HORN5,H,17,16.8,17.8,180,-95.10036467798666,-80.59530416667333,-14.505060511313332,15
HORN6,H,17,16.8,17.8,0,-81.50606295272668,-81.50606295272668,0.0,15
HORN6,H,17,16.8,17.8,10,-80.91523611091334,-81.50606295272668,0.5908268418133389,15
HORN6,H,17,16.8,17.8,20,-83.88261326869332,-81.50606295272668,-2.3765503159666395,15
HORN6,H,17,16.8,17.8,30,-86.66504839486667,-81.50606295272668,-5.158985442139993,15
HORN6,H,17,16.8,17.8,40,-91.93401146280668,-81.50606295272668,-10.42794851008,15
HORN6,H,17,16.8,17.8,50,-95.26006548793333,-81.50606295272668,-13.754002535206652,15
HORN6,H,17,16.8,17.8,60,-97.22572303474,-81.50606295272668,-15.71966008201332,15
HORN6,H,17,16.8,17.8,70,-96.23658842487332,-81.50606295272668,-14.730525472146638,15
HORN6,H,17,16.8,17.8,80,-99.42784025058667,-81.50606295272668,-17.92177729785999,15
HORN6,H,17,16.8,17.8,90,-96.44450679655333,-81.50606295272668,-14.938443843826647,15
HORN6,H,17,16.8,17.8,100,-94.91169732015334,-81.50606295272668,-13.405634367426657,15
HORN6,H,17,16.8,17.8,110,-96.74780354693333,-81.50606295272668,-15.241740594206647,15
HORN6,H,17,16.8,17.8,120,-95.20985877243334,-81.50606295272668,-13.703795819706656,15
HORN6,H,17,16.8,17.8,130,-98.02900078896667,-81.50606295272668,-16.52293783623999,15
HORN6,H,17,16.8,17.8,140,-98.14257878535999,-81.50606295272668,-16.636515832633307,15
HORN6,H,17,16.8,17.8,150,-96.02574756165998,-81.50606295272668,-14.519684608933304,15
HORN6,H,17,16.8,17.8,160,-96.06421635851332,-81.50606295272668,-14.55815340578664,15
HORN6,H,17,16.8,17.8,170,-94.82288027096,-81.50606295272668,-13.31681731823332,15
HORN6,H,17,16.8,17.8,180,-94.97997233789333,-81.50606295272668,-13.47390938516665,15
HORN7,H,17,16.8,17.8,0,-80.3320656443,-80.3320656443,0.0,15
HORN7,H,17,16.8,17.8,10,-80.68197635380001,-80.3320656443,-0.34991070950000847,15
HORN7,H,17,16.8,17.8,20,-84.85863357796667,-80.3320656443,-4.526567933666669,15
HORN7,H,17,16.8,17.8,30,-86.75204893999334,-80.3320656443,-6.419983295693342,15
HORN7,H,17,16.8,17.8,40,-90.70054441836001,-80.3320656443,-10.368478774060009,15
HORN7,H,17,16.8,17.8,50,-94.62154684663332,-80.3320656443,-14.28948120233332,15
HORN7,H,17,16.8,17.8,60,-94.79061245708,-80.3320656443,-14.45854681278,15
HORN7,H,17,16.8,17.8,70,-96.03095470312668,-80.3320656443,-15.69888905882668,15
HORN7,H,17,16.8,17.8,80,-95.89548302563334,-80.3320656443,-15.563417381333338,15
HORN7,H,17,16.8,17.8,90,-94.46147499087333,-80.3320656443,-14.129409346573325,15
HORN7,H,17,16.8,17.8,100,-97.63094941877334,-80.3320656443,-17.29888377447334,15
HORN7,H,17,16.8,17.8,110,-95.85798741404,-80.3320656443,-15.525921769739995,15
HORN7,H,17,16.8,17.8,120,-94.33105488517334,-80.3320656443,-13.998989240873343,15
HORN7,H,17,16.8,17.8,130,-96.23792062286665,-80.3320656443,-15.905854978566651,15
HORN7,H,17,16.8,17.8,140,-93.38794807768,-80.3320656443,-13.055882433379992,15
HORN7,H,17,16.8,17.8,150,-96.59183429645334,-80.3320656443,-16.25976865215334,15
HORN7,H,17,16.8,17.8,160,-93.41986228510665,-80.3320656443,-13.087796640806644,15
HORN7,H,17,16.8,17.8,170,-95.62435281914667,-80.3320656443,-15.292287174846663,15
HORN7,H,17,16.8,17.8,180,-94.87844270407335,-80.3320656443,-14.546377059773349,15
HORN8,H,17,16.8,17.8,0,-83.69923058343333,-83.69923058343333,0.0,15
HORN8,H,17,16.8,17.8,10,-85.59054826510001,-83.69923058343333,-1.8913176816666777,15
HORN8,H,17,16.8,17.8,20,-89.40167405620669,-83.69923058343333,-5.7024434727733535,15
HORN8,H,17,16.8,17.8,30,-90.36062393208665,-83.69923058343333,-6.66139334865332,15
HORN8,H,17,16.8,17.8,40,-91.88556007592666,-83.69923058343333,-8.186329492493329,15
HORN8,H,17,16.8,17.8,50,-94.31019239676668,-83.69923058343333,-10.610961813333347,15
HORN8,H,17,16.8,17.8,60,-93.85947404196669,-83.69923058343333,-10.160243458533358,15
HORN8,H,17,16.8,17.8,70,-94.71989959899334,-83.69923058343333,-11.020669015560003,15
HORN8,H,17,16.8,17.8,80,-92.98544273334,-83.69923058343333,-9.28621214990666,15
HORN8,H,17,16.8,17.8,90,-93.82192965616666,-83.69923058343333,-10.122699072733326,15
HORN8,H,17,16.8,17.8,100,-93.87416699678668,-83.69923058343333,-10.17493641335335,15
HORN8,H,17,16.8,17.8,110,-94.21081581336001,-83.69923058343333,-10.51158522992668,15
HORN8,H,17,16.8,17.8,120,-94.94653980036,-83.69923058343333,-11.247309216926666,15
HORN8,H,17,16.8,17.8,130,-95.17150013100667,-83.69923058343333,-11.472269547573333,15
HORN8,H,17,16.8,17.8,140,-93.97912258543334,-83.69923058343333,-10.279892002000011,15
HORN8,H,17,16.8,17.8,150,-94.87575424550666,-83.69923058343333,-11.176523662073322,15
HORN8,H,17,16.8,17.8,160,-93.20831146024001,-83.69923058343333,-9.509080876806678,15
HORN8,H,17,16.8,17.8,170,-95.40524930386,-83.69923058343333,-11.70601872042667,15
HORN8,H,17,16.8,17.8,180,-96.54207372366,-83.69923058343333,-12.842843140226663,15
HORN1,H,18,17.8,18.8,0,-68.04821039954999,-68.04821039954999,0.0,4
HORN1,H,18,17.8,18.8,10,-69.8798353081,-68.04821039954999,-1.8316249085500118,4
HORN1,H,18,17.8,18.8,20,-72.90689126997499,-68.04821039954999,-4.858680870425005,4
HORN1,H,18,17.8,18.8,30,-76.15165407367499,-68.04821039954999,-8.103443674125003,4
HORN1,H,18,17.8,18.8,40,-75.4154681865,-68.04821039954999,-7.367257786950006,4
HORN1,H,18,17.8,18.8,50,-78.646285781925,-68.04821039954999,-10.598075382375015,4
HORN1,H,18,17.8,18.8,60,-79.91929656055001,-68.04821039954999,-11.871086161000022,4
HORN1,H,18,17.8,18.8,70,-83.86602090085,-68.04821039954999,-15.817810501300016,4
HORN1,H,18,17.8,18.8,80,-84.917665135625,-68.04821039954999,-16.869454736075014,4
HORN1,H,18,17.8,18.8,90,-86.988681145025,-68.04821039954999,-18.94047074547501,4
HORN1,H,18,17.8,18.8,100,-93.530944886375,-68.04821039954999,-25.48273448682501,4
HORN1,H,18,17.8,18.8,110,-88.98861811647501,-68.04821039954999,-20.940407716925023,4
HORN1,H,18,17.8,18.8,120,-97.104106727675,-68.04821039954999,-29.055896328125016,4
HORN1,H,18,17.8,18.8,130,-93.63685973017499,-68.04821039954999,-25.588649330625003,4
HORN1,H,18,17.8,18.8,140,-86.444753571125,-68.04821039954999,-18.39654317157502,4
HORN1,H,18,17.8,18.8,150,-87.686935889,-68.04821039954999,-19.63872548945001,4
HORN1,H,18,17.8,18.8,160,-88.847558094475,-68.04821039954999,-20.799347694925018,4
HORN1,H,18,17.8,18.8,170,-90.378877851425,-68.04821039954999,-22.330667451875016,4
HORN1,H,18,17.8,18.8,180,-95.09770120222501,-68.04821039954999,-27.049490802675024,4
HORN2,H,18,17.8,18.8,0,-77.485667773225,-77.485667773225,0.0,4
HORN2,H,18,17.8,18.8,10,-79.0802398016,-77.485667773225,-1.5945720283749978,4
HORN2,H,18,17.8,18.8,20,-82.076683903175,-77.485667773225,-4.591016129949992,4
HORN2,H,18,17.8,18.8,30,-85.89360968972501,-77.485667773225,-8.407941916500008,4
HORN2,H,18,17.8,18.8,40,-86.8705439499,-77.485667773225,-9.384876176674993,4
HORN2,H,18,17.8,18.8,50,-89.65498450215,-77.485667773225,-12.169316728924997,4
HORN2,H,18,17.8,18.8,60,-91.82906699567499,-77.485667773225,-14.343399222449989,4
HORN2,H,18,17.8,18.8,70,-94.516676699525,-77.485667773225,-17.03100892629999,4
HORN2,H,18,17.8,18.8,80,-94.481295544175,-77.485667773225,-16.995627770949994,4
HORN2,H,18,17.8,18.8,90,-91.88901755307499,-77.485667773225,-14.40334977984999,4
HORN2,H,18,17.8,18.8,100,-94.52933634070001,-77.485667773225,-17.04366856747501,4
HORN2,H,18,17.8,18.8,110,-94.64314394105,-77.485667773225,-17.157476167824996,4
HORN2,H,18,17.8,18.8,120,-105.442205389775,-77.485667773225,-27.956537616549994,4
HORN2,H,18,17.8,18.8,130,-93.576310858325,-77.485667773225,-16.090643085099998,4
HORN2,H,18,17.8,18.8,140,-94.57535311055,-77.485667773225,-17.089685337324994,4
HORN2,H,18,17.8,18.8,150,-94.280145370475,-77.485667773225,-16.794477597249994,4
HORN2,H,18,17.8,18.8,160,-97.956879510275,-77.485667773225,-20.471211737049998,4
HORN2,H,18,17.8,18.8,170,-102.95970387234999,-77.485667773225,-25.474036099124987,4
HORN2,H,18,17.8,18.8,180,-94.29131824345,-77.485667773225,-16.80565047022499,4
HORN3,H,18,17.8,18.8,0,-79.17099710385,-79.17099710385,0.0,4
HORN3,H,18,17.8,18.8,10,-79.46472859869999,-79.17099710385,-0.29373149484999317,4
HORN3,H,18,17.8,18.8,20,-84.58764421585,-79.17099710385,-5.416647112000007,4
HORN3,H,18,17.8,18.8,30,-89.2415539406,-79.17099710385,-10.07055683675,4
HORN3,H,18,17.8,18.8,40,-88.14954284075,-79.17099710385,-8.978545736900003,4
HORN3,H,18,17.8,18.8,50,-90.916694775075,-79.17099710385,-11.745697671225003,4
HORN3,H,18,17.8,18.8,60,-100.74545410537499,-79.17099710385,-21.57445700152499,4
HORN3,H,18,17.8,18.8,70,-96.38919466085001,-79.17099710385,-17.21819755700001,4
HORN3,H,18,17.8,18.8,80,-93.37507791792501,-79.17099710385,-14.204080814075013,4
HORN3,H,18,17.8,18.8,90,-95.490295267025,-79.17099710385,-16.319298163175006,4
HORN3,H,18,17.8,18.8,100,-92.34860590562499,-79.17099710385,-13.177608801774994,4
HORN3,H,18,17.8,18.8,110,-93.26620351047501,-79.17099710385,-14.09520640662501,4
HORN3,H,18,17.8,18.8,120,-96.0039859186,-79.17099710385,-16.832988814749996,4
HORN3,H,18,17.8,18.8,130,-94.13322535465001,-79.17099710385,-14.96222825080001,4
HORN3,H,18,17.8,18.8,140,-94.47080975589999,-79.17099710385,-15.299812652049994,4
HORN3,H,18,17.8,18.8,150,-98.645996229075,-79.17099710385,-19.474999125224997,4
HORN3,H,18,17.8,18.8,160,-101.8342357129,-79.17099710385,-22.663238609049998,4
HORN3,H,18,17.8,18.8,170,-98.08258191305,-79.17099710385,-18.911584809200008,4
HORN3,H,18,17.8,18.8,180,-97.1641493487,-79.17099710385,-17.993152244849995,4
HORN4,H,18,17.8,18.8,0,-79.279198461525,-79.279198461525,0.0,4
HORN4,H,18,17.8,18.8,10,-80.1706631415,-79.279198461525,-0.8914646799750017,4
HORN4,H,18,17.8,18.8,20,-81.606330095375,-79.279198461525,-2.3271316338500014,4
HORN4,H,18,17.8,18.8,30,-85.3064021576,-79.279198461525,-6.027203696075006,4
HORN4,H,18,17.8,18.8,40,-87.53516863795,-79.279198461525,-8.255970176424995,4
HORN4,H,18,17.8,18.8,50,-90.988113525775,-79.279198461525,-11.708915064250007,4
HORN4,H,18,17.8,18.8,60,-91.65552939977499,-79.279198461525,-12.376330938249993,4
HORN4,H,18,17.8,18.8,70,-95.09636455264999,-79.279198461525,-15.817166091124989,4
HORN4,H,18,17.8,18.8,80,-99.49367293855,-79.279198461525,-20.214474477025007,4
HORN4,H,18,17.8,18.8,90,-94.070653992225,-79.279198461525,-14.791455530700006,4
HORN4,H,18,17.8,18.8,100,-98.02656083369999,-79.279198461525,-18.74736237217499,4
HORN4,H,18,17.8,18.8,110,-98.13053597205,-79.279198461525,-18.851337510525,4
HORN4,H,18,17.8,18.8,120,-97.2971961741,-79.279198461525,-18.017997712574996,4
HORN4,H,18,17.8,18.8,130,-96.31935932415,-79.279198461525,-17.040160862625,4
HORN4,H,18,17.8,18.8,140,-94.59236296185,-79.279198461525,-15.313164500325001,4
HORN4,H,18,17.8,18.8,150,-95.649850525,-79.279198461525,-16.370652063475006,4
HORN4,H,18,17.8,18.8,160,-94.917996983575,-79.279198461525,-15.638798522049996,4
HORN4,H,18,17.8,18.8,170,-98.013368819775,-79.279198461525,-18.734170358249997,4
HORN4,H,18,17.8,18.8,180,-99.95762157647499,-79.279198461525,-20.678423114949993,4
HORN5,H,18,17.8,18.8,0,-83.47896327852501,-83.47896327852501,0.0,4
HORN5,H,18,17.8,18.8,10,-83.753905725975,-83.47896327852501,-0.2749424474499875,4
HORN5,H,18,17.8,18.8,20,-83.56585295935,-83.47896327852501,-0.0868896808249815,4
HORN5,H,18,17.8,18.8,30,-88.537026671975,-83.47896327852501,-5.058063393449984,4
HORN5,H,18,17.8,18.8,40,-92.6564408963,-83.47896327852501,-9.177477617774983,4
HORN5,H,18,17.8,18.8,50,-94.797510388225,-83.47896327852501,-11.318547109699992,4
HORN5,H,18,17.8,18.8,60,-93.659008551525,-83.47896327852501,-10.18004527299999,4
HORN5,H,18,17.8,18.8,70,-92.91847783985,-83.47896327852501,-9.439514561324984,4
HORN5,H,18,17.8,18.8,80,-93.43090595947498,-83.47896327852501,-9.95194268094997,4
HORN5,H,18,17.8,18.8,90,-93.1103820189,-83.47896327852501,-9.631418740374983,4
HORN5,H,18,17.8,18.8,100,-96.047681363275,-83.47896327852501,-12.568718084749989,4
HORN5,H,18,17.8,18.8,110,-100.24910106742499,-83.47896327852501,-16.770137788899973,4
HORN5,H,18,17.8,18.8,120,-101.0778020544,-83.47896327852501,-17.59883877587498,4
HORN5,H,18,17.8,18.8,130,-96.14734707349999,-83.47896327852501,-12.668383794974972,4
HORN5,H,18,17.8,18.8,140,-94.83393073444999,-83.47896327852501,-11.354967455924978,4
HORN5,H,18,17.8,18.8,150,-95.7748503921,-83.47896327852501,-12.295887113574992,4
HORN5,H,18,17.8,18.8,160,-97.347004875225,-83.47896327852501,-13.868041596699982,4
HORN5,H,18,17.8,18.8,170,-95.704873651425,-83.47896327852501,-12.225910372899989,4
HORN5,H,18,17.8,18.8,180,-96.57645107535,-83.47896327852501,-13.097487796824979,4
HORN6,H,18,17.8,18.8,0,-84.1080009642,-84.1080009642,0.0,4
HORN6,H,18,17.8,18.8,10,-82.64920396262501,-84.1080009642,1.4587970015749931,4
HORN6,H,18,17.8,18.8,20,-85.9748315233,-84.1080009642,-1.866830559099995,4
HORN6,H,18,17.8,18.8,30,-84.568818906925,-84.1080009642,-0.46081794272500076,4
HORN6,H,18,17.8,18.8,40,-89.04077952622501,-84.1080009642,-4.932778562025007,4
HORN6,H,18,17.8,18.8,50,-104.67394522354999,-84.1080009642,-20.56594425934999,4
HORN6,H,18,17.8,18.8,60,-90.34701902799999,-84.1080009642,-6.239018063799989,4
HORN6,H,18,17.8,18.8,70,-95.319799431125,-84.1080009642,-11.211798466925003,4
HORN6,H,18,17.8,18.8,80,-99.210237980975,-84.1080009642,-15.102237016774993,4
HORN6,H,18,17.8,18.8,90,-97.876822269275,-84.1080009642,-13.768821305074994,4
HORN6,H,18,17.8,18.8,100,-97.73338666555,-84.1080009642,-13.625385701349998,4
HORN6,H,18,17.8,18.8,110,-94.04072879739999,-84.1080009642,-9.93272783319999,4
HORN6,H,18,17.8,18.8,120,-99.2193414657,-84.1080009642,-15.111340501499996,4
HORN6,H,18,17.8,18.8,130,-99.1390368477,-84.1080009642,-15.031035883499996,4
HORN6,H,18,17.8,18.8,140,-97.478137824975,-84.1080009642,-13.370136860774991,4
HORN6,H,18,17.8,18.8,150,-98.310501665,-84.1080009642,-14.202500700800002,4
HORN6,H,18,17.8,18.8,160,-101.12717242307501,-84.1080009642,-17.019171458875007,4
HORN6,H,18,17.8,18.8,170,-99.22072106725,-84.1080009642,-15.112720103049995,4
HORN6,H,18,17.8,18.8,180,-97.185916601175,-84.1080009642,-13.077915636974993,4
HORN7,H,18,17.8,18.8,0,-81.996801033625,-81.996801033625,0.0,4
HORN7,H,18,17.8,18.8,10,-81.9467989627,-81.996801033625,0.05000207092500375,4
HORN7,H,18,17.8,18.8,20,-89.00867212865,-81.996801033625,-7.0118710950250005,4
HORN7,H,18,17.8,18.8,30,-91.68560816325,-81.996801033625,-9.68880712962499,4
HORN7,H,18,17.8,18.8,40,-88.75353128692501,-81.996801033625,-6.756730253300006,4
HORN7,H,18,17.8,18.8,50,-98.82550171325,-81.996801033625,-16.828700679625,4
HORN7,H,18,17.8,18.8,60,-90.48928330172501,-81.996801033625,-8.492482268100005,4
HORN7,H,18,17.8,18.8,70,-91.20627673540001,-81.996801033625,-9.209475701775006,4
HORN7,H,18,17.8,18.8,80,-94.261352558,-81.996801033625,-12.264551524374994,4
HORN7,H,18,17.8,18.8,90,-96.283646753125,-81.996801033625,-14.286845719499993,4
HORN7,H,18,17.8,18.8,100,-98.486540983725,-81.996801033625,-16.489739950100002,4
HORN7,H,18,17.8,18.8,110,-93.72089886145,-81.996801033625,-11.724097827824991,4
HORN7,H,18,17.8,18.8,120,-95.42574075475,-81.996801033625,-13.42893972112499,4
HORN7,H,18,17.8,18.8,130,-94.62576410785,-81.996801033625,-12.628963074224998,4
HORN7,H,18,17.8,18.8,140,-96.45953074875,-81.996801033625,-14.462729715124993,4
HORN7,H,18,17.8,18.8,150,-95.499727246475,-81.996801033625,-13.50292621285,4
HORN7,H,18,17.8,18.8,160,-92.020297692475,-81.996801033625,-10.023496658849993,4
HORN7,H,18,17.8,18.8,170,-97.40722168994999,-81.996801033625,-15.410420656324987,4
HORN7,H,18,17.8,18.8,180,-99.19671261085,-81.996801033625,-17.199911577224995,4
HORN8,H,18,17.8,18.8,0,-86.414469494425,-86.414469494425,0.0,4
HORN8,H,18,17.8,18.8,10,-85.39773603674999,-86.414469494425,1.0167334576750164,4
HORN8,H,18,17.8,18.8,20,-89.44734121085,-86.414469494425,-3.0328717164249923,4
HORN8,H,18,17.8,18.8,30,-87.2336021708,-86.414469494425,-0.8191326763749913,4
HORN8,H,18,17.8,18.8,40,-89.89666124837501,-86.414469494425,-3.482191753950005,4
HORN8,H,18,17.8,18.8,50,-90.602079170575,-86.414469494425,-4.1876096761499895,4
HORN8,H,18,17.8,18.8,60,-90.0785547797,-86.414469494425,-3.664085285274993,4
HORN8,H,18,17.8,18.8,70,-94.28232930255,-86.414469494425,-7.86785980812499,4
HORN8,H,18,17.8,18.8,80,-91.25477027385,-86.414469494425,-4.840300779424993,4
HORN8,H,18,17.8,18.8,90,-96.36691788115,-86.414469494425,-9.952448386724996,4
HORN8,H,18,17.8,18.8,100,-98.51042966867499,-86.414469494425,-12.095960174249981,4
HORN8,H,18,17.8,18.8,110,-96.26625246317501,-86.414469494425,-9.851782968750001,4
HORN8,H,18,17.8,18.8,120,-94.44291604222501,-86.414469494425,-8.028446547800002,4
HORN8,H,18,17.8,18.8,130,-96.05008184527499,-86.414469494425,-9.635612350849982,4
HORN8,H,18,17.8,18.8,140,-98.2060206886,-86.414469494425,-11.791551194175,4
HORN8,H,18,17.8,18.8,150,-95.327335353275,-86.414469494425,-8.912865858849997,4
HORN8,H,18,17.8,18.8,160,-90.725768941025,-86.414469494425,-4.311299446599989,4
HORN8,H,18,17.8,18.8,170,-93.4925346629,-86.414469494425,-7.078065168474993,4
HORN8,H,18,17.8,18.8,180,-96.207367366775,-86.414469494425,-9.792897872349997,4
