Horn,Plane,Frequency_GHz,Band_Low_GHz,Band_High_GHz,Angle_Deg,Raw_Band_Mean_S21_dB,Boresight_Band_Mean_S21_dB,Normalized_S21_dB,N_Frequency_Samples
HORN1,H,6,5.8,6.8,0,-50.91786038635333,-50.91786038635333,0.0,15
HORN1,H,6,5.8,6.8,10,-51.331072580379995,-50.91786038635333,-0.41321219402666287,15
HORN1,H,6,5.8,6.8,20,-52.35592967154,-50.91786038635333,-1.438069285186664,15
HORN1,H,6,5.8,6.8,30,-54.147618228173336,-50.91786038635333,-3.2297578418200033,15
HORN1,H,6,5.8,6.8,40,-56.24449786083999,-50.91786038635333,-5.32663747448666,15
HORN1,H,6,5.8,6.8,50,-58.89266978325332,-50.91786038635333,-7.974809396899985,15
HORN1,H,6,5.8,6.8,60,-61.115531765753325,-50.91786038635333,-10.197671379399992,15
HORN1,H,6,5.8,6.8,70,-63.943570785339986,-50.91786038635333,-13.025710398986654,15
HORN1,H,6,5.8,6.8,80,-67.54174604630667,-50.91786038635333,-16.623885659953338,15
HORN1,H,6,5.8,6.8,90,-70.09843140044667,-50.91786038635333,-19.18057101409334,15
HORN1,H,6,5.8,6.8,100,-73.19298698064667,-50.91786038635333,-22.275126594293333,15
HORN1,H,6,5.8,6.8,110,-76.2921155069133,-50.91786038635333,-25.374255120559972,15
HORN1,H,6,5.8,6.8,120,-76.75432607457999,-50.91786038635333,-25.83646568822666,15
HORN1,H,6,5.8,6.8,130,-75.85862711241333,-50.91786038635333,-24.940766726059998,15
HORN1,H,6,5.8,6.8,140,-76.77471555111333,-50.91786038635333,-25.85685516476,15
HORN1,H,6,5.8,6.8,150,-77.17313025686667,-50.91786038635333,-26.255269870513338,15
HORN1,H,6,5.8,6.8,160,-76.14023238860666,-50.91786038635333,-25.22237200225333,15
HORN1,H,6,5.8,6.8,170,-79.73578628758669,-50.91786038635333,-28.81792590123336,15
HORN1,H,6,5.8,6.8,180,-79.09126395829334,-50.91786038635333,-28.173403571940007,15
HORN2,H,6,5.8,6.8,0,-56.695571718333326,-56.695571718333326,0.0,15
HORN2,H,6,5.8,6.8,10,-57.04295052933334,-56.695571718333326,-0.3473788110000129,15
HORN2,H,6,5.8,6.8,20,-57.82375990462,-56.695571718333326,-1.1281881862866712,15
HORN2,H,6,5.8,6.8,30,-60.16346459482666,-56.695571718333326,-3.4678928764933303,15
HORN2,H,6,5.8,6.8,40,-61.27509011809334,-56.695571718333326,-4.579518399760012,15
HORN2,H,6,5.8,6.8,50,-64.60881031795333,-56.695571718333326,-7.913238599620001,15
HORN2,H,6,5.8,6.8,60,-67.12832319935333,-56.695571718333326,-10.432751481020006,15
HORN2,H,6,5.8,6.8,70,-70.16924618469332,-56.695571718333326,-13.473674466359995,15
HORN2,H,6,5.8,6.8,80,-72.89523436054667,-56.695571718333326,-16.19966264221334,15
HORN2,H,6,5.8,6.8,90,-74.79862196446666,-56.695571718333326,-18.103050246133336,15
HORN2,H,6,5.8,6.8,100,-76.31657570486666,-56.695571718333326,-19.62100398653334,15
HORN2,H,6,5.8,6.8,110,-78.85561960618666,-56.695571718333326,-22.160047887853338,15
HORN2,H,6,5.8,6.8,120,-81.66241070816668,-56.695571718333326,-24.96683898983335,15
HORN2,H,6,5.8,6.8,130,-83.32067423090666,-56.695571718333326,-26.625102512573335,15
HORN2,H,6,5.8,6.8,140,-82.78925963467333,-56.695571718333326,-26.093687916340002,15
HORN2,H,6,5.8,6.8,150,-81.16336505584668,-56.695571718333326,-24.467793337513356,15
HORN2,H,6,5.8,6.8,160,-81.33912322913332,-56.695571718333326,-24.643551510799995,15
HORN2,H,6,5.8,6.8,170,-80.32078349906666,-56.695571718333326,-23.625211780733338,15
HORN2,H,6,5.8,6.8,180,-80.57997762368669,-56.695571718333326,-23.88440590535336,15
HORN3,H,6,5.8,6.8,0,-56.35110150746667,-56.35110150746667,0.0,15
HORN3,H,6,5.8,6.8,10,-56.55503190771333,-56.35110150746667,-0.2039304002466551,15
HORN3,H,6,5.8,6.8,20,-57.64357152825999,-56.35110150746667,-1.292470020793317,15
HORN3,H,6,5.8,6.8,30,-59.40834538938,-56.35110150746667,-3.0572438819133296,15
HORN3,H,6,5.8,6.8,40,-61.42945791854666,-56.35110150746667,-5.078356411079987,15
HORN3,H,6,5.8,6.8,50,-63.459939160813335,-56.35110150746667,-7.1088376533466615,15
HORN3,H,6,5.8,6.8,60,-65.82875558126668,-56.35110150746667,-9.477654073800004,15
HORN3,H,6,5.8,6.8,70,-71.37152951998,-56.35110150746667,-15.020428012513328,15
HORN3,H,6,5.8,6.8,80,-71.45050983099999,-56.35110150746667,-15.099408323533318,15
HORN3,H,6,5.8,6.8,90,-74.30717687785334,-56.35110150746667,-17.956075370386664,15
HORN3,H,6,5.8,6.8,100,-75.70674595048,-56.35110150746667,-19.355644443013325,15
HORN3,H,6,5.8,6.8,110,-79.99634429012666,-56.35110150746667,-23.645242782659984,15
HORN3,H,6,5.8,6.8,120,-78.38775690094,-56.35110150746667,-22.036655393473332,15
HORN3,H,6,5.8,6.8,130,-81.91998072445999,-56.35110150746667,-25.568879216993317,15
HORN3,H,6,5.8,6.8,140,-78.30262413588666,-56.35110150746667,-21.951522628419987,15
HORN3,H,6,5.8,6.8,150,-83.97006962567335,-56.35110150746667,-27.618968118206674,15
HORN3,H,6,5.8,6.8,160,-88.18128647133334,-56.35110150746667,-31.830184963866664,15
HORN3,H,6,5.8,6.8,170,-83.72656270926001,-56.35110150746667,-27.375461201793335,15
HORN3,H,6,5.8,6.8,180,-82.66921581262,-56.35110150746667,-26.318114305153323,15
HORN4,H,6,5.8,6.8,0,-59.01039704464667,-59.01039704464667,0.0,15
HORN4,H,6,5.8,6.8,10,-59.386147942220006,-59.01039704464667,-0.375750897573333,15
HORN4,H,6,5.8,6.8,20,-60.36997137497334,-59.01039704464667,-1.3595743303266659,15
HORN4,H,6,5.8,6.8,30,-61.96579594234666,-59.01039704464667,-2.955398897699986,15
HORN4,H,6,5.8,6.8,40,-64.12123846476668,-59.01039704464667,-5.110841420120003,15
HORN4,H,6,5.8,6.8,50,-66.8188420534,-59.01039704464667,-7.808445008753331,15
HORN4,H,6,5.8,6.8,60,-69.41775823529333,-59.01039704464667,-10.407361190646661,15
HORN4,H,6,5.8,6.8,70,-71.53433943846,-59.01039704464667,-12.523942393813321,15
HORN4,H,6,5.8,6.8,80,-74.92331076509332,-59.01039704464667,-15.912913720446646,15
HORN4,H,6,5.8,6.8,90,-77.59148038598002,-59.01039704464667,-18.581083341333347,15
HORN4,H,6,5.8,6.8,100,-80.31166470423999,-59.01039704464667,-21.301267659593314,15
HORN4,H,6,5.8,6.8,110,-82.78820635450666,-59.01039704464667,-23.777809309859983,15
HORN4,H,6,5.8,6.8,120,-86.67187082066667,-59.01039704464667,-27.661473776019996,15
HORN4,H,6,5.8,6.8,130,-84.60367585719999,-59.01039704464667,-25.593278812553315,15
HORN4,H,6,5.8,6.8,140,-85.29390574057334,-59.01039704464667,-26.283508695926663,15
HORN4,H,6,5.8,6.8,150,-85.51531262407335,-59.01039704464667,-26.504915579426672,15
HORN4,H,6,5.8,6.8,160,-83.16903831444667,-59.01039704464667,-24.158641269799993,15
HORN4,H,6,5.8,6.8,170,-85.25430988518,-59.01039704464667,-26.243912840533334,15
HORN4,H,6,5.8,6.8,180,-83.92510309096001,-59.01039704464667,-24.914706046313334,15
HORN5,H,6,5.8,6.8,0,-60.63625452456668,-60.63625452456668,0.0,15
HORN5,H,6,5.8,6.8,10,-61.27535598496666,-60.63625452456668,-0.6391014603999778,15
HORN5,H,6,5.8,6.8,20,-62.32606706583333,-60.63625452456668,-1.6898125412666474,15
HORN5,H,6,5.8,6.8,30,-63.298178841213335,-60.63625452456668,-2.6619243166466546,15
HORN5,H,6,5.8,6.8,40,-65.62042398884667,-60.63625452456668,-4.9841694642799865,15
HORN5,H,6,5.8,6.8,50,-68.31518438947334,-60.63625452456668,-7.678929864906664,15
HORN5,H,6,5.8,6.8,60,-70.43166663938668,-60.63625452456668,-9.795412114819996,15
HORN5,H,6,5.8,6.8,70,-73.40557828433333,-60.63625452456668,-12.76932375976665,15
HORN5,H,6,5.8,6.8,80,-75.77516963511333,-60.63625452456668,-15.138915110546648,15
HORN5,H,6,5.8,6.8,90,-77.86995603727334,-60.63625452456668,-17.23370151270666,15
HORN5,H,6,5.8,6.8,100,-79.88911278379334,-60.63625452456668,-19.252858259226656,15
HORN5,H,6,5.8,6.8,110,-84.51517918121334,-60.63625452456668,-23.87892465664666,15
HORN5,H,6,5.8,6.8,120,-85.38093945507998,-60.63625452456668,-24.7446849305133,15
HORN5,H,6,5.8,6.8,130,-86.75951344994665,-60.63625452456668,-26.12325892537997,15
HORN5,H,6,5.8,6.8,140,-85.26360942278,-60.63625452456668,-24.627354898213312,15
HORN5,H,6,5.8,6.8,150,-84.43130559792667,-60.63625452456668,-23.795051073359986,15
HORN5,H,6,5.8,6.8,160,-85.15949079130668,-60.63625452456668,-24.52323626674,15
HORN5,H,6,5.8,6.8,170,-84.41108614540667,-60.63625452456668,-23.77483162083999,15
HORN5,H,6,5.8,6.8,180,-84.66681172911998,-60.63625452456668,-24.030557204553304,15
HORN6,H,6,5.8,6.8,0,-62.41639078196666,-62.41639078196666,0.0,15
HORN6,H,6,5.8,6.8,10,-62.675136214986665,-62.41639078196666,-0.2587454330200032,15
HORN6,H,6,5.8,6.8,20,-63.932032904846665,-62.41639078196666,-1.5156421228800028,15
HORN6,H,6,5.8,6.8,30,-65.25471607388,-62.41639078196666,-2.8383252919133426,15
HORN6,H,6,5.8,6.8,40,-67.52082152259334,-62.41639078196666,-5.104430740626675,15
HORN6,H,6,5.8,6.8,50,-69.56217212184667,-62.41639078196666,-7.14578133988001,15
HORN6,H,6,5.8,6.8,60,-72.60711472662,-62.41639078196666,-10.190723944653335,15
HORN6,H,6,5.8,6.8,70,-74.15156734541333,-62.41639078196666,-11.735176563446664,15
HORN6,H,6,5.8,6.8,80,-78.68727720208001,-62.41639078196666,-16.27088642011335,15
HORN6,H,6,5.8,6.8,90,-78.11524013761999,-62.41639078196666,-15.69884935565333,15
HORN6,H,6,5.8,6.8,100,-82.82758742248666,-62.41639078196666,-20.411196640519996,15
HORN6,H,6,5.8,6.8,110,-83.60065315315333,-62.41639078196666,-21.18426237118667,15
HORN6,H,6,5.8,6.8,120,-84.27501441543333,-62.41639078196666,-21.85862363346667,15
HORN6,H,6,5.8,6.8,130,-83.98434456452667,-62.41639078196666,-21.567953782560004,15
HORN6,H,6,5.8,6.8,140,-84.85454226671331,-62.41639078196666,-22.438151484746648,15
HORN6,H,6,5.8,6.8,150,-85.73630659006666,-62.41639078196666,-23.3199158081,15
HORN6,H,6,5.8,6.8,160,-85.21728586109334,-62.41639078196666,-22.800895079126683,15
HORN6,H,6,5.8,6.8,170,-87.56783151296001,-62.41639078196666,-25.15144073099335,15
HORN6,H,6,5.8,6.8,180,-86.72270253784001,-62.41639078196666,-24.306311755873345,15
HORN7,H,6,5.8,6.8,0,-62.31627074828668,-62.31627074828668,0.0,15
HORN7,H,6,5.8,6.8,10,-62.972739858366666,-62.31627074828668,-0.6564691100799891,15
HORN7,H,6,5.8,6.8,20,-63.39056829250668,-62.31627074828668,-1.074297544220002,15
HORN7,H,6,5.8,6.8,30,-65.28159333825334,-62.31627074828668,-2.965322589966668,15
HORN7,H,6,5.8,6.8,40,-67.62392356941334,-62.31627074828668,-5.307652821126659,15
HORN7,H,6,5.8,6.8,50,-69.52803455963333,-62.31627074828668,-7.21176381134665,15
HORN7,H,6,5.8,6.8,60,-72.20218077271998,-62.31627074828668,-9.885910024433308,15
HORN7,H,6,5.8,6.8,70,-74.91174494397998,-62.31627074828668,-12.595474195693306,15
HORN7,H,6,5.8,6.8,80,-75.94321796342666,-62.31627074828668,-13.626947215139985,15
HORN7,H,6,5.8,6.8,90,-77.97393123178,-62.31627074828668,-15.657660483493324,15
HORN7,H,6,5.8,6.8,100,-80.38444700372,-62.31627074828668,-18.068176255433322,15
HORN7,H,6,5.8,6.8,110,-83.17596104533332,-62.31627074828668,-20.859690297046647,15
HORN7,H,6,5.8,6.8,120,-83.50451009026666,-62.31627074828668,-21.188239341979987,15
HORN7,H,6,5.8,6.8,130,-85.57450408462665,-62.31627074828668,-23.258233336339977,15
HORN7,H,6,5.8,6.8,140,-83.33567822084001,-62.31627074828668,-21.019407472553333,15
HORN7,H,6,5.8,6.8,150,-82.8860880653,-62.31627074828668,-20.569817317013324,15
HORN7,H,6,5.8,6.8,160,-84.87973964730001,-62.31627074828668,-22.563468899013337,15
HORN7,H,6,5.8,6.8,170,-85.20327471008666,-62.31627074828668,-22.887003961799984,15
HORN7,H,6,5.8,6.8,180,-83.56059491514667,-62.31627074828668,-21.24432416685999,15
HORN8,H,6,5.8,6.8,0,-62.55312860991334,-62.55312860991334,0.0,15
HORN8,H,6,5.8,6.8,10,-63.24604643882,-62.55312860991334,-0.6929178289066655,15
HORN8,H,6,5.8,6.8,20,-65.26162766024667,-62.55312860991334,-2.7084990503333373,15
HORN8,H,6,5.8,6.8,30,-66.74341971613333,-62.55312860991334,-4.190291106219995,15
HORN8,H,6,5.8,6.8,40,-67.97957404674666,-62.55312860991334,-5.426445436833326,15
HORN8,H,6,5.8,6.8,50,-70.54595569507335,-62.55312860991334,-7.992827085160009,15
HORN8,H,6,5.8,6.8,60,-72.82264430873333,-62.55312860991334,-10.269515698819994,15
HORN8,H,6,5.8,6.8,70,-75.50472993881334,-62.55312860991334,-12.951601328900004,15
HORN8,H,6,5.8,6.8,80,-78.17669852862667,-62.55312860991334,-15.623569918713336,15
HORN8,H,6,5.8,6.8,90,-80.38475789001998,-62.55312860991334,-17.831629280106647,15
HORN8,H,6,5.8,6.8,100,-83.41031052788666,-62.55312860991334,-20.857181917973328,15
HORN8,H,6,5.8,6.8,110,-83.90774177918668,-62.55312860991334,-21.354613169273343,15
HORN8,H,6,5.8,6.8,120,-87.75954463574666,-62.55312860991334,-25.206416025833327,15
HORN8,H,6,5.8,6.8,130,-85.98490066871332,-62.55312860991334,-23.431772058799986,15
HORN8,H,6,5.8,6.8,140,-86.64065707807335,-62.55312860991334,-24.08752846816001,15
HORN8,H,6,5.8,6.8,150,-86.13131088838666,-62.55312860991334,-23.578182278473328,15
HORN8,H,6,5.8,6.8,160,-87.04847572526666,-62.55312860991334,-24.49534711535332,15
HORN8,H,6,5.8,6.8,170,-89.12558218965334,-62.55312860991334,-26.572453579740007,15
HORN8,H,6,5.8,6.8,180,-88.61625682380668,-62.55312860991334,-26.063128213893343,15
HORN1,H,7,6.8,7.8,0,-51.510448902275,-51.510448902275,0.0,16
HORN1,H,7,6.8,7.8,10,-51.88943579339375,-51.510448902275,-0.3789868911187497,16
HORN1,H,7,6.8,7.8,20,-53.002702343450004,-51.510448902275,-1.4922534411750021,16
HORN1,H,7,6.8,7.8,30,-55.13346685674375,-51.510448902275,-3.62301795446875,16
HORN1,H,7,6.8,7.8,40,-57.280983444168754,-51.510448902275,-5.770534541893753,16
HORN1,H,7,6.8,7.8,50,-59.973896203756254,-51.510448902275,-8.463447301481253,16
HORN1,H,7,6.8,7.8,60,-62.411993495512505,-51.510448902275,-10.901544593237503,16
HORN1,H,7,6.8,7.8,70,-65.7099279051625,-51.510448902275,-14.1994790028875,16
HORN1,H,7,6.8,7.8,80,-68.99204965133124,-51.510448902275,-17.48160074905624,16
HORN1,H,7,6.8,7.8,90,-72.06828125466875,-51.510448902275,-20.557832352393746,16
HORN1,H,7,6.8,7.8,100,-74.81830759113748,-51.510448902275,-23.30785868886248,16
HORN1,H,7,6.8,7.8,110,-74.07839993510626,-51.510448902275,-22.56795103283126,16
HORN1,H,7,6.8,7.8,120,-75.30281733084375,-51.510448902275,-23.79236842856875,16
HORN1,H,7,6.8,7.8,130,-75.7397184151875,-51.510448902275,-24.229269512912495,16
HORN1,H,7,6.8,7.8,140,-75.949879989575,-51.510448902275,-24.439431087299994,16
HORN1,H,7,6.8,7.8,150,-75.19497201680625,-51.510448902275,-23.684523114531245,16
HORN1,H,7,6.8,7.8,160,-77.49061578488124,-51.510448902275,-25.98016688260624,16
HORN1,H,7,6.8,7.8,170,-77.73904466613749,-51.510448902275,-26.228595763862486,16
HORN1,H,7,6.8,7.8,180,-80.98216561179999,-51.510448902275,-29.471716709524983,16
HORN2,H,7,6.8,7.8,0,-57.720931033300005,-57.720931033300005,0.0,16
HORN2,H,7,6.8,7.8,10,-57.91803462731875,-57.720931033300005,-0.197103594018742,16
HORN2,H,7,6.8,7.8,20,-58.90228177615,-57.720931033300005,-1.1813507428499932,16
HORN2,H,7,6.8,7.8,30,-61.01126159249375,-57.720931033300005,-3.290330559193748,16
HORN2,H,7,6.8,7.8,40,-62.4561658731125,-57.720931033300005,-4.735234839812492,16
HORN2,H,7,6.8,7.8,50,-65.58436749028124,-57.720931033300005,-7.863436456981233,16
HORN2,H,7,6.8,7.8,60,-69.86194840215626,-57.720931033300005,-12.141017368856254,16
HORN2,H,7,6.8,7.8,70,-69.77481592534374,-57.720931033300005,-12.05388489204374,16
HORN2,H,7,6.8,7.8,80,-72.77019539803749,-57.720931033300005,-15.049264364737482,16
HORN2,H,7,6.8,7.8,90,-75.323114300475,-57.720931033300005,-17.602183267174993,16
HORN2,H,7,6.8,7.8,100,-78.41651166825625,-57.720931033300005,-20.695580634956244,16
HORN2,H,7,6.8,7.8,110,-77.4075548773875,-57.720931033300005,-19.686623844087492,16
HORN2,H,7,6.8,7.8,120,-77.796068117025,-57.720931033300005,-20.075137083724997,16
HORN2,H,7,6.8,7.8,130,-83.03240959175,-57.720931033300005,-25.31147855844999,16
HORN2,H,7,6.8,7.8,140,-79.2598124297,-57.720931033300005,-21.5388813964,16
HORN2,H,7,6.8,7.8,150,-79.79779265031874,-57.720931033300005,-22.076861617018736,16
HORN2,H,7,6.8,7.8,160,-78.73377886692501,-57.720931033300005,-21.012847833625003,16
HORN2,H,7,6.8,7.8,170,-82.3552407206125,-57.720931033300005,-24.634309687312495,16
HORN2,H,7,6.8,7.8,180,-81.0808339138625,-57.720931033300005,-23.3599028805625,16
HORN3,H,7,6.8,7.8,0,-56.820852260737496,-56.820852260737496,0.0,16
HORN3,H,7,6.8,7.8,10,-57.0894256523875,-56.820852260737496,-0.26857339165000127,16
HORN3,H,7,6.8,7.8,20,-58.2046343422125,-56.820852260737496,-1.3837820814750046,16
HORN3,H,7,6.8,7.8,30,-59.9521357714,-56.820852260737496,-3.131283510662506,16
HORN3,H,7,6.8,7.8,40,-62.11181477815,-56.820852260737496,-5.290962517412503,16
HORN3,H,7,6.8,7.8,50,-64.86930373548749,-56.820852260737496,-8.048451474749996,16
HORN3,H,7,6.8,7.8,60,-67.92928746575,-56.820852260737496,-11.108435205012498,16
HORN3,H,7,6.8,7.8,70,-70.56400569615626,-56.820852260737496,-13.743153435418762,16
HORN3,H,7,6.8,7.8,80,-73.3046673500125,-56.820852260737496,-16.483815089274998,16
HORN3,H,7,6.8,7.8,90,-76.03882478745,-56.820852260737496,-19.2179725267125,16
HORN3,H,7,6.8,7.8,100,-77.84807110561876,-56.820852260737496,-21.02721884488126,16
HORN3,H,7,6.8,7.8,110,-78.09719102362502,-56.820852260737496,-21.27633876288752,16
HORN3,H,7,6.8,7.8,120,-80.74295537556876,-56.820852260737496,-23.92210311483126,16
HORN3,H,7,6.8,7.8,130,-81.59504539516874,-56.820852260737496,-24.774193134431243,16
HORN3,H,7,6.8,7.8,140,-82.36789009443125,-56.820852260737496,-25.54703783369375,16
HORN3,H,7,6.8,7.8,150,-81.51978768448126,-56.820852260737496,-24.698935423743762,16
HORN3,H,7,6.8,7.8,160,-82.40897761605625,-56.820852260737496,-25.588125355318752,16
HORN3,H,7,6.8,7.8,170,-84.5965499342,-56.820852260737496,-27.775697673462503,16
HORN3,H,7,6.8,7.8,180,-84.5306326901875,-56.820852260737496,-27.709780429450007,16
HORN4,H,7,6.8,7.8,0,-59.5856173891375,-59.5856173891375,0.0,16
HORN4,H,7,6.8,7.8,10,-60.0404924855125,-59.5856173891375,-0.45487509637500523,16
HORN4,H,7,6.8,7.8,20,-60.704165797849996,-59.5856173891375,-1.118548408712499,16
HORN4,H,7,6.8,7.8,30,-62.2580795327,-59.5856173891375,-2.6724621435625053,16
HORN4,H,7,6.8,7.8,40,-65.36005888234375,-59.5856173891375,-5.774441493206254,16
HORN4,H,7,6.8,7.8,50,-67.264128218,-59.5856173891375,-7.6785108288625,16
HORN4,H,7,6.8,7.8,60,-69.5272900749375,-59.5856173891375,-9.9416726858,16
HORN4,H,7,6.8,7.8,70,-73.68861622770001,-59.5856173891375,-14.102998838562513,16
HORN4,H,7,6.8,7.8,80,-75.42181401511874,-59.5856173891375,-15.836196625981245,16
HORN4,H,7,6.8,7.8,90,-78.93555325601875,-59.5856173891375,-19.349935866881253,16
HORN4,H,7,6.8,7.8,100,-81.33380303053124,-59.5856173891375,-21.748185641393746,16
HORN4,H,7,6.8,7.8,110,-81.27428311805625,-59.5856173891375,-21.68866572891875,16
HORN4,H,7,6.8,7.8,120,-83.23244098006874,-59.5856173891375,-23.64682359093125,16
HORN4,H,7,6.8,7.8,130,-83.18233073103124,-59.5856173891375,-23.596713341893746,16
HORN4,H,7,6.8,7.8,140,-82.70410680108125,-59.5856173891375,-23.118489411943756,16
HORN4,H,7,6.8,7.8,150,-83.51512480508751,-59.5856173891375,-23.929507415950013,16
HORN4,H,7,6.8,7.8,160,-82.64841716450002,-59.5856173891375,-23.06279977536252,16
HORN4,H,7,6.8,7.8,170,-83.9363753302875,-59.5856173891375,-24.350757941150007,16
HORN4,H,7,6.8,7.8,180,-85.8792728791125,-59.5856173891375,-26.29365548997501,16
HORN5,H,7,6.8,7.8,0,-60.915573556431255,-60.915573556431255,0.0,16
HORN5,H,7,6.8,7.8,10,-61.078709921056245,-60.915573556431255,-0.16313636462498948,16
HORN5,H,7,6.8,7.8,20,-61.8717349501875,-60.915573556431255,-0.956161393756247,16
HORN5,H,7,6.8,7.8,30,-63.6187986849125,-60.915573556431255,-2.703225128481243,16
HORN5,H,7,6.8,7.8,40,-65.927259442475,-60.915573556431255,-5.01168588604375,16
HORN5,H,7,6.8,7.8,50,-68.23058532651875,-60.915573556431255,-7.315011770087494,16
HORN5,H,7,6.8,7.8,60,-70.9319468549875,-60.915573556431255,-10.016373298556246,16
HORN5,H,7,6.8,7.8,70,-74.15684603898751,-60.915573556431255,-13.241272482556255,16
HORN5,H,7,6.8,7.8,80,-75.48109025011249,-60.915573556431255,-14.565516693681232,16
HORN5,H,7,6.8,7.8,90,-78.16570654061249,-60.915573556431255,-17.250132984181235,16
HORN5,H,7,6.8,7.8,100,-81.3910842756375,-60.915573556431255,-20.47551071920624,16
HORN5,H,7,6.8,7.8,110,-80.14278901718124,-60.915573556431255,-19.22721546074999,16
HORN5,H,7,6.8,7.8,120,-82.56777372518125,-60.915573556431255,-21.65220016875,16
HORN5,H,7,6.8,7.8,130,-83.88880132803749,-60.915573556431255,-22.973227771606233,16
HORN5,H,7,6.8,7.8,140,-84.12751869451876,-60.915573556431255,-23.2119451380875,16
HORN5,H,7,6.8,7.8,150,-82.80498354585626,-60.915573556431255,-21.889409989425005,16
HORN5,H,7,6.8,7.8,160,-81.765932688725,-60.915573556431255,-20.850359132293747,16
HORN5,H,7,6.8,7.8,170,-84.5564496531625,-60.915573556431255,-23.640876096731247,16
HORN5,H,7,6.8,7.8,180,-84.6678872317125,-60.915573556431255,-23.752313675281243,16
HORN6,H,7,6.8,7.8,0,-62.70421823146875,-62.70421823146875,0.0,16
HORN6,H,7,6.8,7.8,10,-62.97073864220624,-62.70421823146875,-0.2665204107374919,16
HORN6,H,7,6.8,7.8,20,-63.45977545484375,-62.70421823146875,-0.7555572233749999,16
HORN6,H,7,6.8,7.8,30,-65.155915580625,-62.70421823146875,-2.4516973491562553,16
HORN6,H,7,6.8,7.8,40,-68.28365849190625,-62.70421823146875,-5.579440260437501,16
HORN6,H,7,6.8,7.8,50,-69.74987944873125,-62.70421823146875,-7.045661217262499,16
HORN6,H,7,6.8,7.8,60,-73.06807030815625,-62.70421823146875,-10.3638520766875,16
HORN6,H,7,6.8,7.8,70,-77.03513818474374,-62.70421823146875,-14.330919953274993,16
HORN6,H,7,6.8,7.8,80,-76.51758408758751,-62.70421823146875,-13.813365856118757,16
HORN6,H,7,6.8,7.8,90,-80.64268532075624,-62.70421823146875,-17.938467089287492,16
HORN6,H,7,6.8,7.8,100,-81.09739378038125,-62.70421823146875,-18.393175548912502,16
HORN6,H,7,6.8,7.8,110,-81.39638658918125,-62.70421823146875,-18.692168357712497,16
HORN6,H,7,6.8,7.8,120,-84.95901614543126,-62.70421823146875,-22.254797913962513,16
HORN6,H,7,6.8,7.8,130,-82.13425237874999,-62.70421823146875,-19.43003414728124,16
HORN6,H,7,6.8,7.8,140,-82.05598715408124,-62.70421823146875,-19.351768922612486,16
HORN6,H,7,6.8,7.8,150,-85.20661619307499,-62.70421823146875,-22.502397961606242,16
HORN6,H,7,6.8,7.8,160,-82.21622013590625,-62.70421823146875,-19.512001904437504,16
HORN6,H,7,6.8,7.8,170,-82.76381510590625,-62.70421823146875,-20.059596874437496,16
HORN6,H,7,6.8,7.8,180,-85.99109984965625,-62.70421823146875,-23.2868816181875,16
HORN7,H,7,6.8,7.8,0,-62.86018218835,-62.86018218835,0.0,16
HORN7,H,7,6.8,7.8,10,-63.14181549516249,-62.86018218835,-0.28163330681248766,16
HORN7,H,7,6.8,7.8,20,-63.7477896247,-62.86018218835,-0.8876074363499953,16
HORN7,H,7,6.8,7.8,30,-65.7347533094875,-62.86018218835,-2.8745711211374996,16
HORN7,H,7,6.8,7.8,40,-68.12087832676875,-62.86018218835,-5.260696138418744,16
HORN7,H,7,6.8,7.8,50,-69.851496775975,-62.86018218835,-6.991314587624991,16
HORN7,H,7,6.8,7.8,60,-72.08831788628751,-62.86018218835,-9.22813569793751,16
HORN7,H,7,6.8,7.8,70,-75.88247305389999,-62.86018218835,-13.022290865549984,16
HORN7,H,7,6.8,7.8,80,-75.729873087525,-62.86018218835,-12.86969089917499,16
HORN7,H,7,6.8,7.8,90,-82.26203321098751,-62.86018218835,-19.40185102263751,16
HORN7,H,7,6.8,7.8,100,-81.97836390807501,-62.86018218835,-19.11818171972501,16
HORN7,H,7,6.8,7.8,110,-79.86971987580625,-62.86018218835,-17.009537687456252,16
HORN7,H,7,6.8,7.8,120,-83.75910103506251,-62.86018218835,-20.89891884671251,16
HORN7,H,7,6.8,7.8,130,-80.59113131578125,-62.86018218835,-17.730949127431252,16
HORN7,H,7,6.8,7.8,140,-85.00853792905001,-62.86018218835,-22.148355740700005,16
HORN7,H,7,6.8,7.8,150,-83.46650626545625,-62.86018218835,-20.606324077106244,16
HORN7,H,7,6.8,7.8,160,-81.17641093825625,-62.86018218835,-18.31622874990625,16
HORN7,H,7,6.8,7.8,170,-84.54218638945,-62.86018218835,-21.682004201099993,16
HORN7,H,7,6.8,7.8,180,-86.168289507475,-62.86018218835,-23.308107319124993,16
HORN8,H,7,6.8,7.8,0,-62.889379348737506,-62.889379348737506,0.0,16
HORN8,H,7,6.8,7.8,10,-63.485386114675,-62.889379348737506,-0.5960067659374957,16
HORN8,H,7,6.8,7.8,20,-64.4743536927,-62.889379348737506,-1.5849743439625001,16
HORN8,H,7,6.8,7.8,30,-65.72918890624375,-62.889379348737506,-2.8398095575062428,16
HORN8,H,7,6.8,7.8,40,-68.21335697486874,-62.889379348737506,-5.323977626131239,16
HORN8,H,7,6.8,7.8,50,-70.526822109825,-62.889379348737506,-7.637442761087499,16
HORN8,H,7,6.8,7.8,60,-72.80151764839376,-62.889379348737506,-9.912138299656249,16
HORN8,H,7,6.8,7.8,70,-74.8440322516125,-62.889379348737506,-11.954652902874997,16
HORN8,H,7,6.8,7.8,80,-76.5288059385375,-62.889379348737506,-13.639426589799996,16
HORN8,H,7,6.8,7.8,90,-78.93139749798125,-62.889379348737506,-16.042018149243745,16
HORN8,H,7,6.8,7.8,100,-81.07199647811875,-62.889379348737506,-18.182617129381242,16
HORN8,H,7,6.8,7.8,110,-82.42058191436875,-62.889379348737506,-19.531202565631247,16
HORN8,H,7,6.8,7.8,120,-84.7921941827,-62.889379348737506,-21.902814833962495,16
HORN8,H,7,6.8,7.8,130,-84.03061929191875,-62.889379348737506,-21.141239943181247,16
HORN8,H,7,6.8,7.8,140,-84.63938678814999,-62.889379348737506,-21.750007439412485,16
HORN8,H,7,6.8,7.8,150,-85.13642716449375,-62.889379348737506,-22.247047815756247,16
HORN8,H,7,6.8,7.8,160,-85.02128792075,-62.889379348737506,-22.13190857201249,16
HORN8,H,7,6.8,7.8,170,-86.46451538413748,-62.889379348737506,-23.57513603539998,16
HORN8,H,7,6.8,7.8,180,-86.62224822253751,-62.889379348737506,-23.7328688738,16
HORN1,H,8,7.8,8.8,0,-59.48825893795334,-59.48825893795334,0.0,15
HORN1,H,8,7.8,8.8,10,-59.59241474082667,-59.48825893795334,-0.10415580287332915,15
HORN1,H,8,7.8,8.8,20,-60.79860355280001,-59.48825893795334,-1.3103446148466702,15
HORN1,H,8,7.8,8.8,30,-62.68981820124666,-59.48825893795334,-3.201559263293319,15
HORN1,H,8,7.8,8.8,40,-64.51747870809999,-59.48825893795334,-5.029219770146646,15
HORN1,H,8,7.8,8.8,50,-67.98727609094666,-59.48825893795334,-8.499017152993325,15
HORN1,H,8,7.8,8.8,60,-70.70638265937333,-59.48825893795334,-11.218123721419992,15
HORN1,H,8,7.8,8.8,70,-72.07223575920001,-59.48825893795334,-12.583976821246672,15
HORN1,H,8,7.8,8.8,80,-75.31729946188001,-59.48825893795334,-15.829040523926672,15
HORN1,H,8,7.8,8.8,90,-77.78094556941333,-59.48825893795334,-18.292686631459993,15
HORN1,H,8,7.8,8.8,100,-77.13545897390001,-59.48825893795334,-17.647200035946675,15
HORN1,H,8,7.8,8.8,110,-79.71478986874,-59.48825893795334,-20.22653093078666,15
HORN1,H,8,7.8,8.8,120,-79.67119737905332,-59.48825893795334,-20.182938441099985,15
HORN1,H,8,7.8,8.8,130,-82.46834666238001,-59.48825893795334,-22.980087724426674,15
HORN1,H,8,7.8,8.8,140,-79.70489660054666,-59.48825893795334,-20.21663766259332,15
HORN1,H,8,7.8,8.8,150,-78.83420150521334,-59.48825893795334,-19.345942567260003,15
HORN1,H,8,7.8,8.8,160,-80.85865263814,-59.48825893795334,-21.37039370018666,15
HORN1,H,8,7.8,8.8,170,-81.43787100788668,-59.48825893795334,-21.949612069933345,15
HORN1,H,8,7.8,8.8,180,-80.19634336296666,-59.48825893795334,-20.70808442501332,15
HORN2,H,8,7.8,8.8,0,-66.44333437825334,-66.44333437825334,0.0,15
HORN2,H,8,7.8,8.8,10,-66.24504866558667,-66.44333437825334,0.19828571266667439,15
HORN2,H,8,7.8,8.8,20,-66.50853055905333,-66.44333437825334,-0.06519618079998679,15
HORN2,H,8,7.8,8.8,30,-69.2085342741,-66.44333437825334,-2.7651998958466635,15
HORN2,H,8,7.8,8.8,40,-72.80779253196667,-66.44333437825334,-6.364458153713329,15
HORN2,H,8,7.8,8.8,50,-76.32538538642,-66.44333437825334,-9.882051008166655,15
HORN2,H,8,7.8,8.8,60,-75.07878817062,-66.44333437825334,-8.635453792366661,15
HORN2,H,8,7.8,8.8,70,-78.51623509580666,-66.44333437825334,-12.072900717553324,15
HORN2,H,8,7.8,8.8,80,-80.42233260764003,-66.44333437825334,-13.97899822938669,15
HORN2,H,8,7.8,8.8,90,-79.09704668638003,-66.44333437825334,-12.653712308126686,15
HORN2,H,8,7.8,8.8,100,-82.02176904599334,-66.44333437825334,-15.578434667739998,15
HORN2,H,8,7.8,8.8,110,-80.00659491628667,-66.44333437825334,-13.563260538033333,15
HORN2,H,8,7.8,8.8,120,-78.47203546693332,-66.44333437825334,-12.02870108867998,15
HORN2,H,8,7.8,8.8,130,-81.51728467634001,-66.44333437825334,-15.073950298086672,15
HORN2,H,8,7.8,8.8,140,-79.26406381405998,-66.44333437825334,-12.82072943580664,15
HORN2,H,8,7.8,8.8,150,-78.86165206737331,-66.44333437825334,-12.418317689119974,15
HORN2,H,8,7.8,8.8,160,-81.83413695760666,-66.44333437825334,-15.39080257935332,15
HORN2,H,8,7.8,8.8,170,-79.96415790857334,-66.44333437825334,-13.520823530320001,15
HORN2,H,8,7.8,8.8,180,-80.8257246005,-66.44333437825334,-14.382390222246656,15
HORN3,H,8,7.8,8.8,0,-64.76590862159334,-64.76590862159334,0.0,15
HORN3,H,8,7.8,8.8,10,-65.25965535886665,-64.76590862159334,-0.4937467372733124,15
HORN3,H,8,7.8,8.8,20,-66.52831914444,-64.76590862159334,-1.7624105228466647,15
HORN3,H,8,7.8,8.8,30,-68.70322059214666,-64.76590862159334,-3.937311970553324,15
HORN3,H,8,7.8,8.8,40,-71.35521300041334,-64.76590862159334,-6.589304378820003,15
HORN3,H,8,7.8,8.8,50,-73.74861400688665,-64.76590862159334,-8.982705385293315,15
HORN3,H,8,7.8,8.8,60,-77.25152005847332,-64.76590862159334,-12.485611436879978,15
HORN3,H,8,7.8,8.8,70,-79.46273245450001,-64.76590862159334,-14.696823832906674,15
HORN3,H,8,7.8,8.8,80,-81.45992756152002,-64.76590862159334,-16.69401893992668,15
HORN3,H,8,7.8,8.8,90,-82.56192651653332,-64.76590862159334,-17.79601789493998,15
HORN3,H,8,7.8,8.8,100,-81.58976823347332,-64.76590862159334,-16.823859611879982,15
HORN3,H,8,7.8,8.8,110,-83.86444602262,-64.76590862159334,-19.09853740102666,15
HORN3,H,8,7.8,8.8,120,-84.40784949878665,-64.76590862159334,-19.641940877193306,15
HORN3,H,8,7.8,8.8,130,-84.62874197028002,-64.76590862159334,-19.862833348686678,15
HORN3,H,8,7.8,8.8,140,-86.11860947157331,-64.76590862159334,-21.352700849979968,15
HORN3,H,8,7.8,8.8,150,-84.55659172869332,-64.76590862159334,-19.79068310709998,15
HORN3,H,8,7.8,8.8,160,-86.65296092407998,-64.76590862159334,-21.887052302486637,15
HORN3,H,8,7.8,8.8,170,-87.18885533086,-64.76590862159334,-22.422946709266654,15
HORN3,H,8,7.8,8.8,180,-89.80696975020666,-64.76590862159334,-25.041061128613322,15
HORN4,H,8,7.8,8.8,0,-67.66531641476668,-67.66531641476668,0.0,15
HORN4,H,8,7.8,8.8,10,-67.53409791246,-67.66531641476668,0.1312185023066803,15
HORN4,H,8,7.8,8.8,20,-68.4151132832,-67.66531641476668,-0.7497968684333216,15
HORN4,H,8,7.8,8.8,30,-71.48118666062666,-67.66531641476668,-3.8158702458599834,15
HORN4,H,8,7.8,8.8,40,-72.82626100658666,-67.66531641476668,-5.160944591819984,15
HORN4,H,8,7.8,8.8,50,-76.88532804729999,-67.66531641476668,-9.220011632533314,15
HORN4,H,8,7.8,8.8,60,-78.38971086211333,-67.66531641476668,-10.724394447346654,15
HORN4,H,8,7.8,8.8,70,-81.83849097187333,-67.66531641476668,-14.173174557106648,15
HORN4,H,8,7.8,8.8,80,-84.74821574986001,-67.66531641476668,-17.08289933509333,15
HORN4,H,8,7.8,8.8,90,-84.54666367304667,-67.66531641476668,-16.881347258279987,15
HORN4,H,8,7.8,8.8,100,-85.01611310595332,-67.66531641476668,-17.350796691186645,15
HORN4,H,8,7.8,8.8,110,-86.58615599844,-67.66531641476668,-18.920839583673327,15
HORN4,H,8,7.8,8.8,120,-86.02005119537999,-67.66531641476668,-18.354734780613313,15
HORN4,H,8,7.8,8.8,130,-84.15368234010666,-67.66531641476668,-16.488365925339977,15
HORN4,H,8,7.8,8.8,140,-85.77535974828,-67.66531641476668,-18.110043333513318,15
HORN4,H,8,7.8,8.8,150,-86.00995097596666,-67.66531641476668,-18.34463456119998,15
HORN4,H,8,7.8,8.8,160,-86.69484375834668,-67.66531641476668,-19.02952734358,15
HORN4,H,8,7.8,8.8,170,-86.04816793638666,-67.66531641476668,-18.382851521619983,15
HORN4,H,8,7.8,8.8,180,-87.24450351295333,-67.66531641476668,-19.57918709818665,15
HORN5,H,8,7.8,8.8,0,-69.60510766237333,-69.60510766237333,0.0,15
HORN5,H,8,7.8,8.8,10,-69.65070998910667,-69.60510766237333,-0.04560232673334497,15
HORN5,H,8,7.8,8.8,20,-70.44233849258667,-69.60510766237333,-0.8372308302133433,15
HORN5,H,8,7.8,8.8,30,-72.65743472269334,-69.60510766237333,-3.0523270603200103,15
HORN5,H,8,7.8,8.8,40,-75.28580135101335,-69.60510766237333,-5.6806936886400194,15
HORN5,H,8,7.8,8.8,50,-77.81338315684665,-69.60510766237333,-8.208275494473327,15
HORN5,H,8,7.8,8.8,60,-84.44028634864002,-69.60510766237333,-14.835178686266687,15
HORN5,H,8,7.8,8.8,70,-84.81104717688667,-69.60510766237333,-15.205939514513346,15
HORN5,H,8,7.8,8.8,80,-85.61882865401334,-69.60510766237333,-16.013720991640014,15
HORN5,H,8,7.8,8.8,90,-83.52877040365999,-69.60510766237333,-13.923662741286662,15
HORN5,H,8,7.8,8.8,100,-88.30051258453334,-69.60510766237333,-18.69540492216001,15
HORN5,H,8,7.8,8.8,110,-84.95601751152,-69.60510766237333,-15.350909849146674,15
HORN5,H,8,7.8,8.8,120,-88.98956912058665,-69.60510766237333,-19.384461458213323,15
HORN5,H,8,7.8,8.8,130,-87.41420834793334,-69.60510766237333,-17.80910068556001,15
HORN5,H,8,7.8,8.8,140,-87.34214211345999,-69.60510766237333,-17.737034451086657,15
HORN5,H,8,7.8,8.8,150,-85.72632531827335,-69.60510766237333,-16.121217655900026,15
HORN5,H,8,7.8,8.8,160,-85.95455745753999,-69.60510766237333,-16.349449795166663,15
HORN5,H,8,7.8,8.8,170,-86.91634340417333,-69.60510766237333,-17.311235741800004,15
HORN5,H,8,7.8,8.8,180,-88.60675034766,-69.60510766237333,-19.00164268528667,15
HORN6,H,8,7.8,8.8,0,-70.94478191233333,-70.94478191233333,0.0,15
HORN6,H,8,7.8,8.8,10,-70.91333106595333,-70.94478191233333,0.03145084637999673,15
HORN6,H,8,7.8,8.8,20,-71.44101053243334,-70.94478191233333,-0.49622862010001256,15
HORN6,H,8,7.8,8.8,30,-74.12362991287999,-70.94478191233333,-3.1788480005466653,15
HORN6,H,8,7.8,8.8,40,-75.97932030025332,-70.94478191233333,-5.034538387919994,15
HORN6,H,8,7.8,8.8,50,-79.23957999217333,-70.94478191233333,-8.294798079840007,15
HORN6,H,8,7.8,8.8,60,-82.47633208090001,-70.94478191233333,-11.531550168566682,15
HORN6,H,8,7.8,8.8,70,-83.93541550746667,-70.94478191233333,-12.990633595133346,15
HORN6,H,8,7.8,8.8,80,-85.77655077713331,-70.94478191233333,-14.831768864799983,15
HORN6,H,8,7.8,8.8,90,-83.51874094245333,-70.94478191233333,-12.573959030120008,15
HORN6,H,8,7.8,8.8,100,-86.58083547094,-70.94478191233333,-15.636053558606676,15
HORN6,H,8,7.8,8.8,110,-85.79670489787334,-70.94478191233333,-14.851922985540014,15
HORN6,H,8,7.8,8.8,120,-86.75334786675332,-70.94478191233333,-15.80856595441999,15
HORN6,H,8,7.8,8.8,130,-89.05676109456665,-70.94478191233333,-18.111979182233327,15
HORN6,H,8,7.8,8.8,140,-87.51516127300668,-70.94478191233333,-16.570379360673357,15
HORN6,H,8,7.8,8.8,150,-84.78752816166667,-70.94478191233333,-13.842746249333345,15
HORN6,H,8,7.8,8.8,160,-83.20963609717334,-70.94478191233333,-12.264854184840019,15
HORN6,H,8,7.8,8.8,170,-84.78039535809334,-70.94478191233333,-13.835613445760018,15
HORN6,H,8,7.8,8.8,180,-88.63112440774002,-70.94478191233333,-17.68634249540669,15
HORN7,H,8,7.8,8.8,0,-70.50029088769332,-70.50029088769332,0.0,15
HORN7,H,8,7.8,8.8,10,-70.33922071757999,-70.50029088769332,0.1610701701133337,15
HORN7,H,8,7.8,8.8,20,-71.10862324023334,-70.50029088769332,-0.6083323525400175,15
HORN7,H,8,7.8,8.8,30,-74.9729982185,-70.50029088769332,-4.472707330806671,15
HORN7,H,8,7.8,8.8,40,-75.22422727345999,-70.50029088769332,-4.723936385766663,15
HORN7,H,8,7.8,8.8,50,-83.15230370668,-70.50029088769332,-12.652012818986677,15
HORN7,H,8,7.8,8.8,60,-80.24007486710667,-70.50029088769332,-9.739783979413346,15
HORN7,H,8,7.8,8.8,70,-84.47140560081334,-70.50029088769332,-13.971114713120016,15
HORN7,H,8,7.8,8.8,80,-87.64440124107333,-70.50029088769332,-17.14411035338,15
HORN7,H,8,7.8,8.8,90,-86.36841519757999,-70.50029088769332,-15.868124309886667,15
HORN7,H,8,7.8,8.8,100,-86.73595569488002,-70.50029088769332,-16.235664807186694,15
HORN7,H,8,7.8,8.8,110,-83.89290312592668,-70.50029088769332,-13.392612238233355,15
HORN7,H,8,7.8,8.8,120,-84.56198516133334,-70.50029088769332,-14.061694273640015,15
HORN7,H,8,7.8,8.8,130,-82.6430293043,-70.50029088769332,-12.142738416606676,15
HORN7,H,8,7.8,8.8,140,-81.32472394425334,-70.50029088769332,-10.82443305656001,15
HORN7,H,8,7.8,8.8,150,-81.86368618526,-70.50029088769332,-11.363395297566669,15
HORN7,H,8,7.8,8.8,160,-84.22708223763333,-70.50029088769332,-13.726791349940001,15
HORN7,H,8,7.8,8.8,170,-85.14120072659998,-70.50029088769332,-14.640909838906651,15
HORN7,H,8,7.8,8.8,180,-86.09699493097332,-70.50029088769332,-15.596704043279999,15
HORN8,H,8,7.8,8.8,0,-70.43495188085335,-70.43495188085335,0.0,15
HORN8,H,8,7.8,8.8,10,-71.67269818902668,-70.43495188085335,-1.2377463081733282,15
HORN8,H,8,7.8,8.8,20,-72.83345174872667,-70.43495188085335,-2.3984998678733263,15
HORN8,H,8,7.8,8.8,30,-74.58172565667334,-70.43495188085335,-4.1467737758199945,15
HORN8,H,8,7.8,8.8,40,-77.68595789257331,-70.43495188085335,-7.251006011719966,15
HORN8,H,8,7.8,8.8,50,-81.58661413931334,-70.43495188085335,-11.151662258459993,15
HORN8,H,8,7.8,8.8,60,-81.81347833251998,-70.43495188085335,-11.37852645166663,15
HORN8,H,8,7.8,8.8,70,-82.07062132406,-70.43495188085335,-11.635669443206652,15
HORN8,H,8,7.8,8.8,80,-83.08631196456666,-70.43495188085335,-12.651360083713314,15
HORN8,H,8,7.8,8.8,90,-84.77845395158668,-70.43495188085335,-14.343502070733336,15
HORN8,H,8,7.8,8.8,100,-85.69256838027334,-70.43495188085335,-15.257616499419996,15
HORN8,H,8,7.8,8.8,110,-84.56709861118667,-70.43495188085335,-14.132146730333318,15
HORN8,H,8,7.8,8.8,120,-88.05655245467332,-70.43495188085335,-17.621600573819975,15
HORN8,H,8,7.8,8.8,130,-87.40446621519335,-70.43495188085335,-16.969514334340005,15
HORN8,H,8,7.8,8.8,140,-86.99881977120666,-70.43495188085335,-16.563867890353308,15
HORN8,H,8,7.8,8.8,150,-86.42635668364666,-70.43495188085335,-15.991404802793312,15
HORN8,H,8,7.8,8.8,160,-89.79296807401998,-70.43495188085335,-19.358016193166634,15
HORN8,H,8,7.8,8.8,170,-87.23922510161334,-70.43495188085335,-16.804273220759995,15
HORN8,H,8,7.8,8.8,180,-87.63548481521333,-70.43495188085335,-17.200532934359984,15
HORN1,H,9,8.8,9.8,0,-59.09800702132,-59.09800702132,0.0,15
HORN1,H,9,8.8,9.8,10,-59.53260846751333,-59.09800702132,-0.4346014461933265,15
HORN1,H,9,8.8,9.8,20,-60.843190162806664,-59.09800702132,-1.7451831414866632,15
HORN1,H,9,8.8,9.8,30,-63.95573145844666,-59.09800702132,-4.857724437126656,15
HORN1,H,9,8.8,9.8,40,-66.49594787052666,-59.09800702132,-7.3979408492066625,15
HORN1,H,9,8.8,9.8,50,-69.73822861928667,-59.09800702132,-10.640221597966672,15
HORN1,H,9,8.8,9.8,60,-71.68139879663998,-59.09800702132,-12.583391775319981,15
HORN1,H,9,8.8,9.8,70,-74.26349520223334,-59.09800702132,-15.165488180913343,15
HORN1,H,9,8.8,9.8,80,-73.50778627096,-59.09800702132,-14.409779249639996,15
HORN1,H,9,8.8,9.8,90,-76.09961333905333,-59.09800702132,-17.001606317733334,15
HORN1,H,9,8.8,9.8,100,-76.48730232158667,-59.09800702132,-17.389295300266667,15
HORN1,H,9,8.8,9.8,110,-79.51349717015334,-59.09800702132,-20.415490148833342,15
HORN1,H,9,8.8,9.8,120,-79.78289743837334,-59.09800702132,-20.68489041705334,15
HORN1,H,9,8.8,9.8,130,-81.36361902094667,-59.09800702132,-22.26561199962667,15
HORN1,H,9,8.8,9.8,140,-80.34789632741334,-59.09800702132,-21.249889306093337,15
HORN1,H,9,8.8,9.8,150,-79.20944650476667,-59.09800702132,-20.111439483446674,15
HORN1,H,9,8.8,9.8,160,-81.10270797123333,-59.09800702132,-22.004700949913328,15
HORN1,H,9,8.8,9.8,170,-82.96111156622001,-59.09800702132,-23.86310454490001,15
HORN1,H,9,8.8,9.8,180,-83.73114908247334,-59.09800702132,-24.633142061153336,15
HORN2,H,9,8.8,9.8,0,-66.81440113837333,-66.81440113837333,0.0,15
HORN2,H,9,8.8,9.8,10,-67.19552550276666,-66.81440113837333,-0.38112436439332953,15
HORN2,H,9,8.8,9.8,20,-67.60872338868666,-66.81440113837333,-0.7943222503133285,15
HORN2,H,9,8.8,9.8,30,-69.67889249149333,-66.81440113837333,-2.864491353120002,15
HORN2,H,9,8.8,9.8,40,-73.85627379252,-66.81440113837333,-7.0418726541466725,15
HORN2,H,9,8.8,9.8,50,-78.3204554535,-66.81440113837333,-11.506054315126676,15
HORN2,H,9,8.8,9.8,60,-74.5147161061,-66.81440113837333,-7.700314967726669,15
HORN2,H,9,8.8,9.8,70,-74.02007130752001,-66.81440113837333,-7.205670169146686,15
HORN2,H,9,8.8,9.8,80,-74.87659225176,-66.81440113837333,-8.062191113386675,15
HORN2,H,9,8.8,9.8,90,-78.64379684444,-66.81440113837333,-11.829395706066677,15
HORN2,H,9,8.8,9.8,100,-82.02471630280667,-66.81440113837333,-15.21031516443334,15
HORN2,H,9,8.8,9.8,110,-81.26162317353332,-66.81440113837333,-14.447222035159996,15
HORN2,H,9,8.8,9.8,120,-79.11691997848001,-66.81440113837333,-12.302518840106686,15
HORN2,H,9,8.8,9.8,130,-79.74309153782664,-66.81440113837333,-12.928690399453316,15
HORN2,H,9,8.8,9.8,140,-80.07132085727334,-66.81440113837333,-13.256919718900008,15
HORN2,H,9,8.8,9.8,150,-78.66755343444001,-66.81440113837333,-11.853152296066682,15
HORN2,H,9,8.8,9.8,160,-79.29440518376667,-66.81440113837333,-12.480004045393343,15
HORN2,H,9,8.8,9.8,170,-80.78476890344,-66.81440113837333,-13.970367765066669,15
HORN2,H,9,8.8,9.8,180,-83.69331900534,-66.81440113837333,-16.878917866966674,15
HORN3,H,9,8.8,9.8,0,-64.96570931135999,-64.96570931135999,0.0,15
HORN3,H,9,8.8,9.8,10,-65.74283101049333,-64.96570931135999,-0.7771216991333461,15
HORN3,H,9,8.8,9.8,20,-67.6844416236,-64.96570931135999,-2.7187323122400073,15
HORN3,H,9,8.8,9.8,30,-69.57131868875334,-64.96570931135999,-4.60560937739335,15
HORN3,H,9,8.8,9.8,40,-72.61707932010668,-64.96570931135999,-7.651370008746696,15
HORN3,H,9,8.8,9.8,50,-76.12409006663333,-64.96570931135999,-11.158380755273342,15
HORN3,H,9,8.8,9.8,60,-78.62389648918,-64.96570931135999,-13.658187177820011,15
HORN3,H,9,8.8,9.8,70,-79.51261965213334,-64.96570931135999,-14.546910340773351,15
HORN3,H,9,8.8,9.8,80,-79.57501921854,-64.96570931135999,-14.60930990718002,15
HORN3,H,9,8.8,9.8,90,-80.76057424378665,-64.96570931135999,-15.794864932426663,15
HORN3,H,9,8.8,9.8,100,-82.48233906357332,-64.96570931135999,-17.516629752213333,15
HORN3,H,9,8.8,9.8,110,-83.76080419570667,-64.96570931135999,-18.795094884346682,15
HORN3,H,9,8.8,9.8,120,-84.67787634859333,-64.96570931135999,-19.712167037233343,15
HORN3,H,9,8.8,9.8,130,-85.18956160558,-64.96570931135999,-20.22385229422001,15
HORN3,H,9,8.8,9.8,140,-87.14345232138,-64.96570931135999,-22.17774301002001,15
HORN3,H,9,8.8,9.8,150,-85.14138809483332,-64.96570931135999,-20.17567878347333,15
HORN3,H,9,8.8,9.8,160,-85.76304347302667,-64.96570931135999,-20.797334161666683,15
HORN3,H,9,8.8,9.8,170,-87.77456050086667,-64.96570931135999,-22.808851189506683,15
HORN3,H,9,8.8,9.8,180,-88.32347454506,-64.96570931135999,-23.357765233700007,15
HORN4,H,9,8.8,9.8,0,-67.80634648356,-67.80634648356,0.0,15
HORN4,H,9,8.8,9.8,10,-68.52818378670666,-67.80634648356,-0.721837303146657,15
HORN4,H,9,8.8,9.8,20,-70.11767115712,-67.80634648356,-2.3113246735599944,15
HORN4,H,9,8.8,9.8,30,-72.71074710696665,-67.80634648356,-4.904400623406644,15
HORN4,H,9,8.8,9.8,40,-75.23184678022666,-67.80634648356,-7.425500296666655,15
HORN4,H,9,8.8,9.8,50,-81.29788376837999,-67.80634648356,-13.491537284819984,15
HORN4,H,9,8.8,9.8,60,-81.58800951615333,-67.80634648356,-13.781663032593329,15
HORN4,H,9,8.8,9.8,70,-81.57859953448666,-67.80634648356,-13.77225305092665,15
HORN4,H,9,8.8,9.8,80,-82.05197946946667,-67.80634648356,-14.245632985906667,15
HORN4,H,9,8.8,9.8,90,-82.41293144726,-67.80634648356,-14.606584963699987,15
HORN4,H,9,8.8,9.8,100,-83.61761775346666,-67.80634648356,-15.811271269906655,15
HORN4,H,9,8.8,9.8,110,-86.97091512352668,-67.80634648356,-19.164568639966674,15
HORN4,H,9,8.8,9.8,120,-85.51135789412666,-67.80634648356,-17.705011410566655,15
HORN4,H,9,8.8,9.8,130,-85.82244768054001,-67.80634648356,-18.016101196980003,15
HORN4,H,9,8.8,9.8,140,-86.93139687263334,-67.80634648356,-19.125050389073337,15
HORN4,H,9,8.8,9.8,150,-85.64293242008002,-67.80634648356,-17.83658593652001,15
HORN4,H,9,8.8,9.8,160,-86.42289836865334,-67.80634648356,-18.61655188509333,15
HORN4,H,9,8.8,9.8,170,-88.80812343119332,-67.80634648356,-21.001776947633317,15
HORN4,H,9,8.8,9.8,180,-87.40581374049336,-67.80634648356,-19.59946725693335,15
HORN5,H,9,8.8,9.8,0,-69.99202198844,-69.99202198844,0.0,15
HORN5,H,9,8.8,9.8,10,-70.70079986568666,-69.99202198844,-0.7087778772466606,15
HORN5,H,9,8.8,9.8,20,-72.07140646682001,-69.99202198844,-2.079384478380007,15
HORN5,H,9,8.8,9.8,30,-74.393700646,-69.99202198844,-4.401678657559998,15
HORN5,H,9,8.8,9.8,40,-77.57518282466667,-69.99202198844,-7.583160836226668,15
HORN5,H,9,8.8,9.8,50,-81.14824137885998,-69.99202198844,-11.156219390419977,15
HORN5,H,9,8.8,9.8,60,-80.51691126423333,-69.99202198844,-10.524889275793328,15
HORN5,H,9,8.8,9.8,70,-86.67842107876666,-69.99202198844,-16.68639909032666,15
HORN5,H,9,8.8,9.8,80,-83.38812967228,-69.99202198844,-13.39610768384,15
HORN5,H,9,8.8,9.8,90,-85.40671296546,-69.99202198844,-15.414690977020001,15
HORN5,H,9,8.8,9.8,100,-86.58133361625333,-69.99202198844,-16.58931162781333,15
HORN5,H,9,8.8,9.8,110,-86.42580588916,-69.99202198844,-16.43378390072,15
HORN5,H,9,8.8,9.8,120,-84.58206582264,-69.99202198844,-14.590043834200003,15
HORN5,H,9,8.8,9.8,130,-86.89824475792003,-69.99202198844,-16.906222769480024,15
HORN5,H,9,8.8,9.8,140,-88.79543470205333,-69.99202198844,-18.803412713613326,15
HORN5,H,9,8.8,9.8,150,-84.86284034269333,-69.99202198844,-14.87081835425333,15
HORN5,H,9,8.8,9.8,160,-89.79065589576666,-69.99202198844,-19.79863390732666,15
HORN5,H,9,8.8,9.8,170,-88.92172450392003,-69.99202198844,-18.92970251548003,15
HORN5,H,9,8.8,9.8,180,-88.58291864232666,-69.99202198844,-18.59089665388666,15
HORN6,H,9,8.8,9.8,0,-72.20796459733998,-72.20796459733998,0.0,15
HORN6,H,9,8.8,9.8,10,-72.59638788401334,-72.20796459733998,-0.38842328667335835,15
HORN6,H,9,8.8,9.8,20,-72.70601030793333,-72.20796459733998,-0.49804571059334535,15
HORN6,H,9,8.8,9.8,30,-77.30041411196,-72.20796459733998,-5.092449514620014,15
HORN6,H,9,8.8,9.8,40,-77.21038121512,-72.20796459733998,-5.002416617780014,15
HORN6,H,9,8.8,9.8,50,-82.39366433493333,-72.20796459733998,-10.185699737593353,15
HORN6,H,9,8.8,9.8,60,-82.04068426900001,-72.20796459733998,-9.83271967166003,15
HORN6,H,9,8.8,9.8,70,-84.90645361004665,-72.20796459733998,-12.698489012706673,15
HORN6,H,9,8.8,9.8,80,-83.46696323674,-72.20796459733998,-11.25899863940002,15
HORN6,H,9,8.8,9.8,90,-84.27736383104666,-72.20796459733998,-12.069399233706676,15
HORN6,H,9,8.8,9.8,100,-86.17669899578667,-72.20796459733998,-13.968734398446685,15
HORN6,H,9,8.8,9.8,110,-84.19325486172666,-72.20796459733998,-11.985290264386677,15
HORN6,H,9,8.8,9.8,120,-85.82596659621332,-72.20796459733998,-13.61800199887334,15
HORN6,H,9,8.8,9.8,130,-84.85301920257334,-72.20796459733998,-12.645054605233355,15
HORN6,H,9,8.8,9.8,140,-81.92279497527333,-72.20796459733998,-9.714830377933353,15
HORN6,H,9,8.8,9.8,150,-82.95171147951332,-72.20796459733998,-10.74374688217334,15
HORN6,H,9,8.8,9.8,160,-87.13913697153333,-72.20796459733998,-14.931172374193352,15
HORN6,H,9,8.8,9.8,170,-86.42176874726002,-72.20796459733998,-14.213804149920037,15
HORN6,H,9,8.8,9.8,180,-89.7411794946,-72.20796459733998,-17.533214897260024,15
HORN7,H,9,8.8,9.8,0,-71.87754199672668,-71.87754199672668,0.0,15
HORN7,H,9,8.8,9.8,10,-72.26108225607335,-71.87754199672668,-0.3835402593466739,15
HORN7,H,9,8.8,9.8,20,-72.63612235633333,-71.87754199672668,-0.758580359606654,15
HORN7,H,9,8.8,9.8,30,-76.56844239866665,-71.87754199672668,-4.69090040193997,15
HORN7,H,9,8.8,9.8,40,-77.19535254850668,-71.87754199672668,-5.317810551779999,15
HORN7,H,9,8.8,9.8,50,-81.65506821005333,-71.87754199672668,-9.777526213326652,15
HORN7,H,9,8.8,9.8,60,-81.61956898882666,-71.87754199672668,-9.74202699209998,15
HORN7,H,9,8.8,9.8,70,-83.31369728161334,-71.87754199672668,-11.436155284886667,15
HORN7,H,9,8.8,9.8,80,-83.45888774854669,-71.87754199672668,-11.58134575182001,15
HORN7,H,9,8.8,9.8,90,-82.66937420942666,-71.87754199672668,-10.791832212699987,15
HORN7,H,9,8.8,9.8,100,-84.29543355832666,-71.87754199672668,-12.417891561599987,15
HORN7,H,9,8.8,9.8,110,-85.08767934288667,-71.87754199672668,-13.210137346159996,15
HORN7,H,9,8.8,9.8,120,-82.98947729584002,-71.87754199672668,-11.111935299113341,15
HORN7,H,9,8.8,9.8,130,-82.35970681386,-71.87754199672668,-10.482164817133324,15
HORN7,H,9,8.8,9.8,140,-81.99590561669334,-71.87754199672668,-10.118363619966658,15
HORN7,H,9,8.8,9.8,150,-80.42616126196,-71.87754199672668,-8.548619265233327,15
HORN7,H,9,8.8,9.8,160,-83.77109310915334,-71.87754199672668,-11.893551112426664,15
HORN7,H,9,8.8,9.8,170,-85.42879729110001,-71.87754199672668,-13.551255294373334,15
HORN7,H,9,8.8,9.8,180,-87.06810828064002,-71.87754199672668,-15.190566283913341,15
HORN8,H,9,8.8,9.8,0,-71.78437538900667,-71.78437538900667,0.0,15
HORN8,H,9,8.8,9.8,10,-72.82867125448,-71.78437538900667,-1.0442958654733303,15
HORN8,H,9,8.8,9.8,20,-74.27705348494666,-71.78437538900667,-2.4926780959399935,15
HORN8,H,9,8.8,9.8,30,-75.71710505290001,-71.78437538900667,-3.9327296638933404,15
HORN8,H,9,8.8,9.8,40,-79.16393181346666,-71.78437538900667,-7.379556424459992,15
HORN8,H,9,8.8,9.8,50,-80.64711233945333,-71.78437538900667,-8.86273695044666,15
HORN8,H,9,8.8,9.8,60,-81.74647138645334,-71.78437538900667,-9.962095997446667,15
HORN8,H,9,8.8,9.8,70,-82.36381460169333,-71.78437538900667,-10.579439212686665,15
HORN8,H,9,8.8,9.8,80,-82.89599304526,-71.78437538900667,-11.11161765625333,15
HORN8,H,9,8.8,9.8,90,-84.86258100741333,-71.78437538900667,-13.078205618406656,15
HORN8,H,9,8.8,9.8,100,-83.17326346011333,-71.78437538900667,-11.388888071106663,15
HORN8,H,9,8.8,9.8,110,-86.07293597878665,-71.78437538900667,-14.288560589779976,15
HORN8,H,9,8.8,9.8,120,-88.37532555642666,-71.78437538900667,-16.59095016741999,15
HORN8,H,9,8.8,9.8,130,-87.22546603480667,-71.78437538900667,-15.441090645800003,15
HORN8,H,9,8.8,9.8,140,-88.84460409908667,-71.78437538900667,-17.060228710079997,15
HORN8,H,9,8.8,9.8,150,-90.55947378684667,-71.78437538900667,-18.775098397839997,15
HORN8,H,9,8.8,9.8,160,-89.65991956263333,-71.78437538900667,-17.875544173626665,15
HORN8,H,9,8.8,9.8,170,-90.82730543235334,-71.78437538900667,-19.042930043346672,15
HORN8,H,9,8.8,9.8,180,-88.07343732804665,-71.78437538900667,-16.289061939039982,15
HORN1,H,10,9.8,10.8,0,-55.360827622475,-55.360827622475,0.0,16
HORN1,H,10,9.8,10.8,10,-55.866081487256245,-55.360827622475,-0.5052538647812455,16
HORN1,H,10,9.8,10.8,20,-57.69200394389375,-55.360827622475,-2.331176321418752,16
HORN1,H,10,9.8,10.8,30,-60.194457851731244,-55.360827622475,-4.833630229256244,16
HORN1,H,10,9.8,10.8,40,-63.656752724175,-55.360827622475,-8.2959251017,16
HORN1,H,10,9.8,10.8,50,-66.29329562961249,-55.360827622475,-10.932468007137487,16
HORN1,H,10,9.8,10.8,60,-69.47087583171874,-55.360827622475,-14.110048209243743,16
HORN1,H,10,9.8,10.8,70,-73.70747300165625,-55.360827622475,-18.346645379181254,16
HORN1,H,10,9.8,10.8,80,-75.34428626938124,-55.360827622475,-19.983458646906243,16
HORN1,H,10,9.8,10.8,90,-76.1251909343125,-55.360827622475,-20.7643633118375,16
HORN1,H,10,9.8,10.8,100,-75.51573293628749,-55.360827622475,-20.154905313812492,16
HORN1,H,10,9.8,10.8,110,-75.17286311853749,-55.360827622475,-19.812035496062492,16
HORN1,H,10,9.8,10.8,120,-78.5478294527375,-55.360827622475,-23.187001830262503,16
HORN1,H,10,9.8,10.8,130,-79.16079984796875,-55.360827622475,-23.799972225493747,16
HORN1,H,10,9.8,10.8,140,-78.19012901996251,-55.360827622475,-22.829301397487512,16
HORN1,H,10,9.8,10.8,150,-77.46052049021876,-55.360827622475,-22.099692867743755,16
HORN1,H,10,9.8,10.8,160,-80.72623200164375,-55.360827622475,-25.36540437916875,16
HORN1,H,10,9.8,10.8,170,-80.25981058517499,-55.360827622475,-24.89898296269999,16
HORN1,H,10,9.8,10.8,180,-80.84252873165624,-55.360827622475,-25.481701109181245,16
HORN2,H,10,9.8,10.8,0,-63.314398404631255,-63.314398404631255,0.0,16
HORN2,H,10,9.8,10.8,10,-63.70138421535,-63.314398404631255,-0.38698581071874116,16
HORN2,H,10,9.8,10.8,20,-64.67468903240626,-63.314398404631255,-1.360290627775008,16
HORN2,H,10,9.8,10.8,30,-68.2071512243875,-63.314398404631255,-4.892752819756247,16
HORN2,H,10,9.8,10.8,40,-69.58901955820625,-63.314398404631255,-6.274621153574991,16
HORN2,H,10,9.8,10.8,50,-71.25725141438124,-63.314398404631255,-7.942853009749989,16
HORN2,H,10,9.8,10.8,60,-75.51257474020625,-63.314398404631255,-12.198176335574992,16
HORN2,H,10,9.8,10.8,70,-76.5937447362,-63.314398404631255,-13.279346331568739,16
HORN2,H,10,9.8,10.8,80,-80.64703570735,-63.314398404631255,-17.332637302718744,16
HORN2,H,10,9.8,10.8,90,-77.82620007245,-63.314398404631255,-14.511801667818752,16
HORN2,H,10,9.8,10.8,100,-78.33615527876876,-63.314398404631255,-15.021756874137502,16
HORN2,H,10,9.8,10.8,110,-79.671212835375,-63.314398404631255,-16.356814430743746,16
HORN2,H,10,9.8,10.8,120,-79.40054193550625,-63.314398404631255,-16.086143530875,16
HORN2,H,10,9.8,10.8,130,-81.37597138751875,-63.314398404631255,-18.06157298288749,16
HORN2,H,10,9.8,10.8,140,-82.9246507416,-63.314398404631255,-19.61025233696875,16
HORN2,H,10,9.8,10.8,150,-81.442965761975,-63.314398404631255,-18.128567357343748,16
HORN2,H,10,9.8,10.8,160,-82.858429125025,-63.314398404631255,-19.544030720393742,16
HORN2,H,10,9.8,10.8,170,-81.806882330875,-63.314398404631255,-18.492483926243743,16
HORN2,H,10,9.8,10.8,180,-81.69332240446249,-63.314398404631255,-18.378923999831237,16
HORN3,H,10,9.8,10.8,0,-61.706775439050006,-61.706775439050006,0.0,16
HORN3,H,10,9.8,10.8,10,-62.18406160820625,-61.706775439050006,-0.477286169156244,16
HORN3,H,10,9.8,10.8,20,-64.09579096556875,-61.706775439050006,-2.3890155265187474,16
HORN3,H,10,9.8,10.8,30,-66.16556281329375,-61.706775439050006,-4.458787374243741,16
HORN3,H,10,9.8,10.8,40,-69.66420672499376,-61.706775439050006,-7.9574312859437555,16
HORN3,H,10,9.8,10.8,50,-72.00464802128751,-61.706775439050006,-10.297872582237503,16
HORN3,H,10,9.8,10.8,60,-76.57886698035625,-61.706775439050006,-14.872091541306247,16
HORN3,H,10,9.8,10.8,70,-78.18552742573125,-61.706775439050006,-16.478751986681246,16
HORN3,H,10,9.8,10.8,80,-80.64638561716251,-61.706775439050006,-18.939610178112503,16
HORN3,H,10,9.8,10.8,90,-81.47340344415625,-61.706775439050006,-19.76662800510624,16
HORN3,H,10,9.8,10.8,100,-83.719591237475,-61.706775439050006,-22.012815798424995,16
HORN3,H,10,9.8,10.8,110,-82.99461471693125,-61.706775439050006,-21.287839277881247,16
HORN3,H,10,9.8,10.8,120,-84.00599577348126,-61.706775439050006,-22.299220334431254,16
HORN3,H,10,9.8,10.8,130,-84.72240780255001,-61.706775439050006,-23.015632363500004,16
HORN3,H,10,9.8,10.8,140,-86.1638746118125,-61.706775439050006,-24.457099172762497,16
HORN3,H,10,9.8,10.8,150,-85.64434623166875,-61.706775439050006,-23.937570792618743,16
HORN3,H,10,9.8,10.8,160,-85.031094719775,-61.706775439050006,-23.324319280724993,16
HORN3,H,10,9.8,10.8,170,-85.12353215215626,-61.706775439050006,-23.416756713106253,16
HORN3,H,10,9.8,10.8,180,-85.42546149294375,-61.706775439050006,-23.718686053893748,16
HORN4,H,10,9.8,10.8,0,-64.19232498620624,-64.19232498620624,0.0,16
HORN4,H,10,9.8,10.8,10,-64.9940823499375,-64.19232498620624,-0.8017573637312552,16
HORN4,H,10,9.8,10.8,20,-66.90929739645,-64.19232498620624,-2.7169724102437556,16
HORN4,H,10,9.8,10.8,30,-68.35798822394375,-64.19232498620624,-4.165663237737505,16
HORN4,H,10,9.8,10.8,40,-73.31519961882499,-64.19232498620624,-9.122874632618746,16
HORN4,H,10,9.8,10.8,50,-74.562557267325,-64.19232498620624,-10.37023228111876,16
HORN4,H,10,9.8,10.8,60,-78.63341389069375,-64.19232498620624,-14.4410889044875,16
HORN4,H,10,9.8,10.8,70,-83.32090974838749,-64.19232498620624,-19.128584762181248,16
HORN4,H,10,9.8,10.8,80,-83.80484105639376,-64.19232498620624,-19.61251607018751,16
HORN4,H,10,9.8,10.8,90,-82.26332648620625,-64.19232498620624,-18.07100150000001,16
HORN4,H,10,9.8,10.8,100,-81.9542032144375,-64.19232498620624,-17.761878228231254,16
HORN4,H,10,9.8,10.8,110,-82.6345230394875,-64.19232498620624,-18.44219805328126,16
HORN4,H,10,9.8,10.8,120,-86.169061995725,-64.19232498620624,-21.976737009518757,16
HORN4,H,10,9.8,10.8,130,-85.6226456330875,-64.19232498620624,-21.430320646881256,16
HORN4,H,10,9.8,10.8,140,-85.81376427496251,-64.19232498620624,-21.621439288756264,16
HORN4,H,10,9.8,10.8,150,-84.71963494585,-64.19232498620624,-20.52730995964376,16
HORN4,H,10,9.8,10.8,160,-86.97111849287501,-64.19232498620624,-22.778793506668762,16
HORN4,H,10,9.8,10.8,170,-88.742407473575,-64.19232498620624,-24.550082487368755,16
HORN4,H,10,9.8,10.8,180,-86.32522833395,-64.19232498620624,-22.13290334774375,16
HORN5,H,10,9.8,10.8,0,-66.10347541333125,-66.10347541333125,0.0,16
HORN5,H,10,9.8,10.8,10,-66.55275883756875,-66.10347541333125,-0.44928342423749257,16
HORN5,H,10,9.8,10.8,20,-67.92797321815624,-66.10347541333125,-1.8244978048249862,16
HORN5,H,10,9.8,10.8,30,-70.65548384760626,-66.10347541333125,-4.55200843427501,16
HORN5,H,10,9.8,10.8,40,-73.51414777111876,-66.10347541333125,-7.410672357787504,16
HORN5,H,10,9.8,10.8,50,-76.13899925695,-66.10347541333125,-10.035523843618748,16
HORN5,H,10,9.8,10.8,60,-80.80851298333124,-66.10347541333125,-14.705037569999988,16
HORN5,H,10,9.8,10.8,70,-81.93454754305625,-66.10347541333125,-15.831072129725001,16
HORN5,H,10,9.8,10.8,80,-83.06879286571251,-66.10347541333125,-16.965317452381257,16
HORN5,H,10,9.8,10.8,90,-84.08447760395,-66.10347541333125,-17.981002190618753,16
HORN5,H,10,9.8,10.8,100,-83.4287372296125,-66.10347541333125,-17.32526181628124,16
HORN5,H,10,9.8,10.8,110,-85.13682095669375,-66.10347541333125,-19.0333455433625,16
HORN5,H,10,9.8,10.8,120,-87.86325943816875,-66.10347541333125,-21.7597840248375,16
HORN5,H,10,9.8,10.8,130,-86.7012164129,-66.10347541333125,-20.597740999568742,16
HORN5,H,10,9.8,10.8,140,-84.87103627601874,-66.10347541333125,-18.76756086268749,16
HORN5,H,10,9.8,10.8,150,-86.515398496825,-66.10347541333125,-20.411923083493747,16
HORN5,H,10,9.8,10.8,160,-85.27160044175,-66.10347541333125,-19.168125028418743,16
HORN5,H,10,9.8,10.8,170,-89.34457983542501,-66.10347541333125,-23.241104422093755,16
HORN5,H,10,9.8,10.8,180,-90.72932938576875,-66.10347541333125,-24.625853972437497,16
HORN6,H,10,9.8,10.8,0,-68.45777309588125,-68.45777309588125,0.0,16
HORN6,H,10,9.8,10.8,10,-68.49065043883749,-68.45777309588125,-0.03287734295624034,16
HORN6,H,10,9.8,10.8,20,-69.30712652710625,-68.45777309588125,-0.8493534312249977,16
HORN6,H,10,9.8,10.8,30,-73.22493084203124,-68.45777309588125,-4.767157746149991,16
HORN6,H,10,9.8,10.8,40,-73.632207130875,-68.45777309588125,-5.174434034993752,16
HORN6,H,10,9.8,10.8,50,-77.89855435945626,-68.45777309588125,-9.440781263575005,16
HORN6,H,10,9.8,10.8,60,-83.92919842005,-68.45777309588125,-15.471425324168749,16
HORN6,H,10,9.8,10.8,70,-83.73874006470625,-68.45777309588125,-15.280966968824998,16
HORN6,H,10,9.8,10.8,80,-83.4108862653375,-68.45777309588125,-14.953113169456245,16
HORN6,H,10,9.8,10.8,90,-84.94718816541875,-68.45777309588125,-16.4894150695375,16
HORN6,H,10,9.8,10.8,100,-83.59873249530625,-68.45777309588125,-15.140959399425,16
HORN6,H,10,9.8,10.8,110,-86.67423869338751,-68.45777309588125,-18.216465597506257,16
HORN6,H,10,9.8,10.8,120,-86.36786653020624,-68.45777309588125,-17.910093434324992,16
HORN6,H,10,9.8,10.8,130,-85.91456411089374,-68.45777309588125,-17.456791015012485,16
HORN6,H,10,9.8,10.8,140,-86.36510370684375,-68.45777309588125,-17.907330610962504,16
HORN6,H,10,9.8,10.8,150,-87.03746012259376,-68.45777309588125,-18.579687026712506,16
HORN6,H,10,9.8,10.8,160,-85.26755000109375,-68.45777309588125,-16.8097769052125,16
HORN6,H,10,9.8,10.8,170,-88.083837683625,-68.45777309588125,-19.626064587743755,16
HORN6,H,10,9.8,10.8,180,-88.121003498475,-68.45777309588125,-19.663230402593754,16
HORN7,H,10,9.8,10.8,0,-68.0575241305875,-68.0575241305875,0.0,16
HORN7,H,10,9.8,10.8,10,-68.4994714054375,-68.0575241305875,-0.4419472748500084,16
HORN7,H,10,9.8,10.8,20,-70.06748119517499,-68.0575241305875,-2.0099570645874962,16
HORN7,H,10,9.8,10.8,30,-73.21288201648125,-68.0575241305875,-5.15535788589375,16
HORN7,H,10,9.8,10.8,40,-74.40817063426249,-68.0575241305875,-6.350646503674994,16
HORN7,H,10,9.8,10.8,50,-75.18435996335,-68.0575241305875,-7.126835832762509,16
HORN7,H,10,9.8,10.8,60,-80.33865475181875,-68.0575241305875,-12.281130621231256,16
HORN7,H,10,9.8,10.8,70,-82.180392210975,-68.0575241305875,-14.122868080387505,16
HORN7,H,10,9.8,10.8,80,-84.2526142280625,-68.0575241305875,-16.195090097475003,16
HORN7,H,10,9.8,10.8,90,-86.43240041088751,-68.0575241305875,-18.374876280300015,16
HORN7,H,10,9.8,10.8,100,-84.0697058710125,-68.0575241305875,-16.012181740425007,16
HORN7,H,10,9.8,10.8,110,-84.61398585140624,-68.0575241305875,-16.556461720818746,16
HORN7,H,10,9.8,10.8,120,-85.07439979029374,-68.0575241305875,-17.016875659706244,16
HORN7,H,10,9.8,10.8,130,-85.65748964559374,-68.0575241305875,-17.599965515006247,16
HORN7,H,10,9.8,10.8,140,-84.9935567247875,-68.0575241305875,-16.9360325942,16
HORN7,H,10,9.8,10.8,150,-85.23163272545,-68.0575241305875,-17.174108594862503,16
HORN7,H,10,9.8,10.8,160,-86.0144824182625,-68.0575241305875,-17.956958287675008,16
HORN7,H,10,9.8,10.8,170,-87.94357203673124,-68.0575241305875,-19.886047906143745,16
HORN7,H,10,9.8,10.8,180,-86.70296535776251,-68.0575241305875,-18.645441227175013,16
HORN8,H,10,9.8,10.8,0,-68.52115020113123,-68.52115020113123,0.0,16
HORN8,H,10,9.8,10.8,10,-69.274144252175,-68.52115020113123,-0.7529940510437712,16
HORN8,H,10,9.8,10.8,20,-70.31062648188126,-68.52115020113123,-1.7894762807500229,16
HORN8,H,10,9.8,10.8,30,-72.39868845781875,-68.52115020113123,-3.877538256687515,16
HORN8,H,10,9.8,10.8,40,-76.034165444275,-68.52115020113123,-7.513015243143769,16
HORN8,H,10,9.8,10.8,50,-78.67063949171876,-68.52115020113123,-10.149489290587525,16
HORN8,H,10,9.8,10.8,60,-81.39318353497501,-68.52115020113123,-12.872033333843774,16
HORN8,H,10,9.8,10.8,70,-81.19276820003125,-68.52115020113123,-12.671617998900018,16
HORN8,H,10,9.8,10.8,80,-84.565953064925,-68.52115020113123,-16.044802863793763,16
HORN8,H,10,9.8,10.8,90,-85.91447692705,-68.52115020113123,-17.39332672591877,16
HORN8,H,10,9.8,10.8,100,-84.9606237095,-68.52115020113123,-16.439473508368764,16
HORN8,H,10,9.8,10.8,110,-86.7900467197125,-68.52115020113123,-18.268896518581272,16
HORN8,H,10,9.8,10.8,120,-88.06571271324376,-68.52115020113123,-19.54456251211252,16
HORN8,H,10,9.8,10.8,130,-86.45235526313125,-68.52115020113123,-17.931205062000018,16
HORN8,H,10,9.8,10.8,140,-87.404169702525,-68.52115020113123,-18.88301950139376,16
HORN8,H,10,9.8,10.8,150,-89.44996539717499,-68.52115020113123,-20.928815196043757,16
HORN8,H,10,9.8,10.8,160,-87.4779417663625,-68.52115020113123,-18.95679156523127,16
HORN8,H,10,9.8,10.8,170,-88.41906842625625,-68.52115020113123,-19.89791822512501,16
HORN8,H,10,9.8,10.8,180,-87.3860746445875,-68.52115020113123,-18.86492444345626,16
HORN1,H,11,10.8,11.8,0,-57.85195379339333,-57.85195379339333,0.0,15
HORN1,H,11,10.8,11.8,10,-58.461112947640004,-57.85195379339333,-0.6091591542466759,15
HORN1,H,11,10.8,11.8,20,-59.99890888662001,-57.85195379339333,-2.14695509322668,15
HORN1,H,11,10.8,11.8,30,-62.420617231419996,-57.85195379339333,-4.568663438026668,15
HORN1,H,11,10.8,11.8,40,-66.56984601756001,-57.85195379339333,-8.717892224166683,15
HORN1,H,11,10.8,11.8,50,-69.3769646018,-57.85195379339333,-11.52501080840667,15
HORN1,H,11,10.8,11.8,60,-71.87256282168,-57.85195379339333,-14.020609028286678,15
HORN1,H,11,10.8,11.8,70,-75.73560473461333,-57.85195379339333,-17.883650941220004,15
HORN1,H,11,10.8,11.8,80,-77.04654745410667,-57.85195379339333,-19.194593660713345,15
HORN1,H,11,10.8,11.8,90,-79.02351131137333,-57.85195379339333,-21.17155751798,15
HORN1,H,11,10.8,11.8,100,-78.63320175992666,-57.85195379339333,-20.781247966533336,15
HORN1,H,11,10.8,11.8,110,-77.99281817275332,-57.85195379339333,-20.14086437935999,15
HORN1,H,11,10.8,11.8,120,-78.36348835686667,-57.85195379339333,-20.51153456347334,15
HORN1,H,11,10.8,11.8,130,-77.76476605507999,-57.85195379339333,-19.91281226168666,15
HORN1,H,11,10.8,11.8,140,-77.96691851171335,-57.85195379339333,-20.114964718320017,15
HORN1,H,11,10.8,11.8,150,-78.62834258446,-57.85195379339333,-20.776388791066672,15
HORN1,H,11,10.8,11.8,160,-79.46164742817335,-57.85195379339333,-21.609693634780022,15
HORN1,H,11,10.8,11.8,170,-80.593188629,-57.85195379339333,-22.74123483560667,15
HORN1,H,11,10.8,11.8,180,-79.19463158094,-57.85195379339333,-21.34267778754667,15
HORN2,H,11,10.8,11.8,0,-66.07886605975999,-66.07886605975999,0.0,15
HORN2,H,11,10.8,11.8,10,-66.16152934812666,-66.07886605975999,-0.08266328836667469,15
HORN2,H,11,10.8,11.8,20,-67.39688566407999,-66.07886605975999,-1.3180196043199999,15
HORN2,H,11,10.8,11.8,30,-70.47666443704,-66.07886605975999,-4.3977983772800116,15
HORN2,H,11,10.8,11.8,40,-73.07608402122666,-66.07886605975999,-6.997217961466674,15
HORN2,H,11,10.8,11.8,50,-76.71139078974669,-66.07886605975999,-10.632524729986699,15
HORN2,H,11,10.8,11.8,60,-79.10921596508666,-66.07886605975999,-13.030349905326673,15
HORN2,H,11,10.8,11.8,70,-81.81136546437334,-66.07886605975999,-15.73249940461335,15
HORN2,H,11,10.8,11.8,80,-85.4113234651,-66.07886605975999,-19.33245740534001,15
HORN2,H,11,10.8,11.8,90,-83.20870906921333,-66.07886605975999,-17.12984300945334,15
HORN2,H,11,10.8,11.8,100,-85.93542937971333,-66.07886605975999,-19.856563319953338,15
HORN2,H,11,10.8,11.8,110,-84.91216221976667,-66.07886605975999,-18.833296160006682,15
HORN2,H,11,10.8,11.8,120,-83.4743603169,-66.07886605975999,-17.395494257140015,15
HORN2,H,11,10.8,11.8,130,-84.91075765024668,-66.07886605975999,-18.83189159048669,15
HORN2,H,11,10.8,11.8,140,-83.03965762476668,-66.07886605975999,-16.960791565006687,15
HORN2,H,11,10.8,11.8,150,-84.08350663428,-66.07886605975999,-18.00464057452001,15
HORN2,H,11,10.8,11.8,160,-85.85629025994666,-66.07886605975999,-19.777424200186672,15
HORN2,H,11,10.8,11.8,170,-85.76337823848,-66.07886605975999,-19.684512178720013,15
HORN2,H,11,10.8,11.8,180,-84.86822457913333,-66.07886605975999,-18.789358519373337,15
HORN3,H,11,10.8,11.8,0,-64.47859134361333,-64.47859134361333,0.0,15
HORN3,H,11,10.8,11.8,10,-64.84091833104,-64.47859134361333,-0.3623269874266697,15
HORN3,H,11,10.8,11.8,20,-66.83104124082668,-64.47859134361333,-2.352449897213347,15
HORN3,H,11,10.8,11.8,30,-68.59708140548,-64.47859134361333,-4.118490061866666,15
HORN3,H,11,10.8,11.8,40,-72.55817069114,-64.47859134361333,-8.079579347526675,15
HORN3,H,11,10.8,11.8,50,-76.24200470830667,-64.47859134361333,-11.763413364693335,15
HORN3,H,11,10.8,11.8,60,-79.65032117867334,-64.47859134361333,-15.171729835060006,15
HORN3,H,11,10.8,11.8,70,-81.55354338566667,-64.47859134361333,-17.07495204205334,15
HORN3,H,11,10.8,11.8,80,-84.6492303678867,-64.47859134361333,-20.17063902427337,15
HORN3,H,11,10.8,11.8,90,-83.54702544382667,-64.47859134361333,-19.068434100213338,15
HORN3,H,11,10.8,11.8,100,-84.30418744014,-64.47859134361333,-19.825596096526667,15
HORN3,H,11,10.8,11.8,110,-82.44296322330665,-64.47859134361333,-17.964371879693317,15
HORN3,H,11,10.8,11.8,120,-84.90071879996,-64.47859134361333,-20.422127456346672,15
HORN3,H,11,10.8,11.8,130,-84.65684555661998,-64.47859134361333,-20.178254213006653,15
HORN3,H,11,10.8,11.8,140,-83.51849969107333,-64.47859134361333,-19.03990834746,15
HORN3,H,11,10.8,11.8,150,-84.74795952254,-64.47859134361333,-20.26936817892667,15
HORN3,H,11,10.8,11.8,160,-86.80700004452667,-64.47859134361333,-22.328408700913343,15
HORN3,H,11,10.8,11.8,170,-83.92630192147334,-64.47859134361333,-19.447710577860008,15
HORN3,H,11,10.8,11.8,180,-87.73163418638666,-64.47859134361333,-23.253042842773326,15
HORN4,H,11,10.8,11.8,0,-66.85762821372667,-66.85762821372667,0.0,15
HORN4,H,11,10.8,11.8,10,-66.96862499473333,-66.85762821372667,-0.1109967810066621,15
HORN4,H,11,10.8,11.8,20,-68.90127238165334,-66.85762821372667,-2.043644167926672,15
HORN4,H,11,10.8,11.8,30,-70.47162399010668,-66.85762821372667,-3.6139957763800084,15
HORN4,H,11,10.8,11.8,40,-74.33177747776668,-66.85762821372667,-7.474149264040008,15
HORN4,H,11,10.8,11.8,50,-77.66137498882668,-66.85762821372667,-10.80374677510001,15
HORN4,H,11,10.8,11.8,60,-81.17012527453335,-66.85762821372667,-14.312497060806677,15
HORN4,H,11,10.8,11.8,70,-83.32807826315333,-66.85762821372667,-16.47045004942666,15
HORN4,H,11,10.8,11.8,80,-89.62725105686667,-66.85762821372667,-22.76962284314,15
HORN4,H,11,10.8,11.8,90,-86.30327036245333,-66.85762821372667,-19.445642148726662,15
HORN4,H,11,10.8,11.8,100,-85.19844694615333,-66.85762821372667,-18.340818732426655,15
HORN4,H,11,10.8,11.8,110,-84.68751934539999,-66.85762821372667,-17.82989113167332,15
HORN4,H,11,10.8,11.8,120,-82.55576611018665,-66.85762821372667,-15.698137896459983,15
HORN4,H,11,10.8,11.8,130,-86.02348251165334,-66.85762821372667,-19.16585429792667,15
HORN4,H,11,10.8,11.8,140,-84.51637898286667,-66.85762821372667,-17.65875076914,15
HORN4,H,11,10.8,11.8,150,-87.77096176373999,-66.85762821372667,-20.91333355001332,15
HORN4,H,11,10.8,11.8,160,-87.13866581312,-66.85762821372667,-20.28103759939333,15
HORN4,H,11,10.8,11.8,170,-87.20979908376002,-66.85762821372667,-20.352170870033348,15
HORN4,H,11,10.8,11.8,180,-88.63447744836665,-66.85762821372667,-21.776849234639982,15
HORN5,H,11,10.8,11.8,0,-69.08751272491332,-69.08751272491332,0.0,15
HORN5,H,11,10.8,11.8,10,-69.63166148396,-69.08751272491332,-0.5441487590466778,15
HORN5,H,11,10.8,11.8,20,-70.95323005686667,-69.08751272491332,-1.8657173319533484,15
HORN5,H,11,10.8,11.8,30,-72.94496988271334,-69.08751272491332,-3.857457157800013,15
HORN5,H,11,10.8,11.8,40,-76.14897362094666,-69.08751272491332,-7.0614608960333385,15
HORN5,H,11,10.8,11.8,50,-79.99643227726666,-69.08751272491332,-10.908919552353339,15
HORN5,H,11,10.8,11.8,60,-82.9940055964,-69.08751272491332,-13.906492871486677,15
HORN5,H,11,10.8,11.8,70,-85.05219561018666,-69.08751272491332,-15.964682885273334,15
HORN5,H,11,10.8,11.8,80,-84.00766922358,-69.08751272491332,-14.920156498666671,15
HORN5,H,11,10.8,11.8,90,-88.03678451529332,-69.08751272491332,-18.949271790379996,15
HORN5,H,11,10.8,11.8,100,-87.85081227209334,-69.08751272491332,-18.76329954718001,15
HORN5,H,11,10.8,11.8,110,-86.28455224755335,-69.08751272491332,-17.197039522640026,15
HORN5,H,11,10.8,11.8,120,-86.33653043287335,-69.08751272491332,-17.24901770796002,15
HORN5,H,11,10.8,11.8,130,-85.80592331250666,-69.08751272491332,-16.71841058759334,15
HORN5,H,11,10.8,11.8,140,-88.47660598306668,-69.08751272491332,-19.389093258153352,15
HORN5,H,11,10.8,11.8,150,-89.69273004915334,-69.08751272491332,-20.605217324240016,15
HORN5,H,11,10.8,11.8,160,-88.09937010158669,-69.08751272491332,-19.011857376673362,15
HORN5,H,11,10.8,11.8,170,-90.41537413516667,-69.08751272491332,-21.327861410253348,15
HORN5,H,11,10.8,11.8,180,-93.42006638584002,-69.08751272491332,-24.332553660926692,15
HORN6,H,11,10.8,11.8,0,-71.17449015012667,-71.17449015012667,0.0,15
HORN6,H,11,10.8,11.8,10,-70.96961766685331,-71.17449015012667,0.2048724832733626,15
HORN6,H,11,10.8,11.8,20,-71.84829371112001,-71.17449015012667,-0.6738035609933348,15
HORN6,H,11,10.8,11.8,30,-74.55849445931334,-71.17449015012667,-3.3840043091866647,15
HORN6,H,11,10.8,11.8,40,-77.30785372516,-71.17449015012667,-6.133363575033329,15
HORN6,H,11,10.8,11.8,50,-81.53488259252667,-71.17449015012667,-10.360392442399998,15
HORN6,H,11,10.8,11.8,60,-85.10266083859331,-71.17449015012667,-13.928170688466636,15
HORN6,H,11,10.8,11.8,70,-86.10612189099999,-71.17449015012667,-14.931631740873314,15
HORN6,H,11,10.8,11.8,80,-85.00441394015333,-71.17449015012667,-13.829923790026655,15
HORN6,H,11,10.8,11.8,90,-89.04298503379333,-71.17449015012667,-17.868494883666656,15
HORN6,H,11,10.8,11.8,100,-89.13030946297333,-71.17449015012667,-17.955819312846657,15
HORN6,H,11,10.8,11.8,110,-85.54884182480667,-71.17449015012667,-14.37435167468,15
HORN6,H,11,10.8,11.8,120,-86.42302497038666,-71.17449015012667,-15.24853482025999,15
HORN6,H,11,10.8,11.8,130,-88.67858506269998,-71.17449015012667,-17.504094912573308,15
HORN6,H,11,10.8,11.8,140,-87.3682815006733,-71.17449015012667,-16.193791350546633,15
HORN6,H,11,10.8,11.8,150,-91.24613762050667,-71.17449015012667,-20.07164747038,15
HORN6,H,11,10.8,11.8,160,-88.93391595002666,-71.17449015012667,-17.759425799899986,15
HORN6,H,11,10.8,11.8,170,-88.75085645816002,-71.17449015012667,-17.576366308033343,15
HORN6,H,11,10.8,11.8,180,-90.11328577011334,-71.17449015012667,-18.938795619986664,15
HORN7,H,11,10.8,11.8,0,-70.77486471391332,-70.77486471391332,0.0,15
HORN7,H,11,10.8,11.8,10,-71.20818699401333,-70.77486471391332,-0.4333222801000147,15
HORN7,H,11,10.8,11.8,20,-72.71295995446,-70.77486471391332,-1.9380952405466871,15
HORN7,H,11,10.8,11.8,30,-74.93929885996666,-70.77486471391332,-4.164434146053338,15
HORN7,H,11,10.8,11.8,40,-78.33859560029332,-70.77486471391332,-7.56373088638,15
HORN7,H,11,10.8,11.8,50,-81.19854927750666,-70.77486471391332,-10.42368456359334,15
HORN7,H,11,10.8,11.8,60,-83.59646917920666,-70.77486471391332,-12.821604465293348,15
HORN7,H,11,10.8,11.8,70,-85.13585858847999,-70.77486471391332,-14.360993874566674,15
HORN7,H,11,10.8,11.8,80,-87.68486265432001,-70.77486471391332,-16.909997940406697,15
HORN7,H,11,10.8,11.8,90,-88.07090293873999,-70.77486471391332,-17.296038224826674,15
HORN7,H,11,10.8,11.8,100,-87.04894996644,-70.77486471391332,-16.27408525252669,15
HORN7,H,11,10.8,11.8,110,-87.17726226383334,-70.77486471391332,-16.402397549920025,15
HORN7,H,11,10.8,11.8,120,-85.78825819748667,-70.77486471391332,-15.013393483573353,15
HORN7,H,11,10.8,11.8,130,-86.67721736566666,-70.77486471391332,-15.902352651753347,15
HORN7,H,11,10.8,11.8,140,-86.54987654603333,-70.77486471391332,-15.775011832120015,15
HORN7,H,11,10.8,11.8,150,-86.94091180714666,-70.77486471391332,-16.166047093233345,15
HORN7,H,11,10.8,11.8,160,-88.08246628233334,-70.77486471391332,-17.307601568420026,15
HORN7,H,11,10.8,11.8,170,-87.96057769565333,-70.77486471391332,-17.18571298174001,15
HORN7,H,11,10.8,11.8,180,-88.40328253907333,-70.77486471391332,-17.628417825160014,15
HORN8,H,11,10.8,11.8,0,-70.96836674333333,-70.96836674333333,0.0,15
HORN8,H,11,10.8,11.8,10,-71.26624287311333,-70.96836674333333,-0.29787612977999345,15
HORN8,H,11,10.8,11.8,20,-72.92100486605334,-70.96836674333333,-1.9526381227200034,15
HORN8,H,11,10.8,11.8,30,-74.24543389193998,-70.96836674333333,-3.2770671486066476,15
HORN8,H,11,10.8,11.8,40,-77.7527836372,-70.96836674333333,-6.784416893866663,15
HORN8,H,11,10.8,11.8,50,-81.6252403382,-70.96836674333333,-10.656873594866667,15
HORN8,H,11,10.8,11.8,60,-87.67632183639999,-70.96836674333333,-16.70795509306666,15
HORN8,H,11,10.8,11.8,70,-87.06293194914666,-70.96836674333333,-16.094565205813325,15
HORN8,H,11,10.8,11.8,80,-87.77315172803999,-70.96836674333333,-16.804784984706657,15
HORN8,H,11,10.8,11.8,90,-88.27693525284002,-70.96836674333333,-17.308568509506685,15
HORN8,H,11,10.8,11.8,100,-88.0987678634,-70.96836674333333,-17.130401120066665,15
HORN8,H,11,10.8,11.8,110,-89.04842604716667,-70.96836674333333,-18.080059303833337,15
HORN8,H,11,10.8,11.8,120,-87.43358524082667,-70.96836674333333,-16.46521849749334,15
HORN8,H,11,10.8,11.8,130,-90.49965713705335,-70.96836674333333,-19.531290393720013,15
HORN8,H,11,10.8,11.8,140,-88.22114083335332,-70.96836674333333,-17.252774090019983,15
HORN8,H,11,10.8,11.8,150,-88.1130270046,-70.96836674333333,-17.144660261266665,15
HORN8,H,11,10.8,11.8,160,-87.88410972858668,-70.96836674333333,-16.915742985253345,15
HORN8,H,11,10.8,11.8,170,-89.82334991209333,-70.96836674333333,-18.85498316876,15
HORN8,H,11,10.8,11.8,180,-91.59602543921999,-70.96836674333333,-20.62765869588665,15
HORN1,H,12,11.8,12.8,0,-61.073939434253326,-61.073939434253326,0.0,15
HORN1,H,12,11.8,12.8,10,-61.54974269003333,-61.073939434253326,-0.4758032557800007,15
HORN1,H,12,11.8,12.8,20,-63.19194446969334,-61.073939434253326,-2.1180050354400137,15
HORN1,H,12,11.8,12.8,30,-65.87661496519334,-61.073939434253326,-4.802675530940014,15
HORN1,H,12,11.8,12.8,40,-69.70977173964,-61.073939434253326,-8.635832305386678,15
HORN1,H,12,11.8,12.8,50,-73.32659768058001,-61.073939434253326,-12.252658246326682,15
HORN1,H,12,11.8,12.8,60,-76.7934335911,-61.073939434253326,-15.719494156846672,15
HORN1,H,12,11.8,12.8,70,-79.81496907000665,-61.073939434253326,-18.74102963575333,15
HORN1,H,12,11.8,12.8,80,-78.88661671988667,-61.073939434253326,-17.81267728563335,15
HORN1,H,12,11.8,12.8,90,-81.28722162643334,-61.073939434253326,-20.21328219218001,15
HORN1,H,12,11.8,12.8,100,-82.22179930638667,-61.073939434253326,-21.147859872133346,15
HORN1,H,12,11.8,12.8,110,-81.6743992343,-61.073939434253326,-20.60045980004667,15
HORN1,H,12,11.8,12.8,120,-79.98412671503333,-61.073939434253326,-18.91018728078,15
HORN1,H,12,11.8,12.8,130,-81.16338379132,-61.073939434253326,-20.089444357066675,15
HORN1,H,12,11.8,12.8,140,-81.65911259053999,-61.073939434253326,-20.585173156286665,15
HORN1,H,12,11.8,12.8,150,-81.71328913608,-61.073939434253326,-20.639349701826667,15
HORN1,H,12,11.8,12.8,160,-81.37571609371335,-61.073939434253326,-20.301776659460025,15
HORN1,H,12,11.8,12.8,170,-82.29285732481331,-61.073939434253326,-21.218917890559986,15
HORN1,H,12,11.8,12.8,180,-85.19222367162666,-61.073939434253326,-24.118284237373338,15
HORN2,H,12,11.8,12.8,0,-69.20941213408665,-69.20941213408665,0.0,15
HORN2,H,12,11.8,12.8,10,-69.26450054374666,-69.20941213408665,-0.055088409660015714,15
HORN2,H,12,11.8,12.8,20,-70.49733588250668,-69.20941213408665,-1.2879237484200274,15
HORN2,H,12,11.8,12.8,30,-73.78337151094667,-69.20941213408665,-4.573959376860017,15
HORN2,H,12,11.8,12.8,40,-76.65701214534666,-69.20941213408665,-7.447600011260008,15
HORN2,H,12,11.8,12.8,50,-81.47601344640665,-69.20941213408665,-12.266601312320006,15
HORN2,H,12,11.8,12.8,60,-83.44251545822,-69.20941213408665,-14.233103324133353,15
HORN2,H,12,11.8,12.8,70,-87.50353958665333,-69.20941213408665,-18.294127452566684,15
HORN2,H,12,11.8,12.8,80,-86.21688544495332,-69.20941213408665,-17.007473310866672,15
HORN2,H,12,11.8,12.8,90,-86.84329317922,-69.20941213408665,-17.63388104513335,15
HORN2,H,12,11.8,12.8,100,-85.45045852575332,-69.20941213408665,-16.24104639166667,15
HORN2,H,12,11.8,12.8,110,-86.03114064008669,-69.20941213408665,-16.821728506000042,15
HORN2,H,12,11.8,12.8,120,-86.53496040742668,-69.20941213408665,-17.325548273340033,15
HORN2,H,12,11.8,12.8,130,-91.03372603427333,-69.20941213408665,-21.82431390018668,15
HORN2,H,12,11.8,12.8,140,-86.38438266592,-69.20941213408665,-17.174970531833353,15
HORN2,H,12,11.8,12.8,150,-88.11387550821333,-69.20941213408665,-18.904463374126678,15
HORN2,H,12,11.8,12.8,160,-89.43665591967998,-69.20941213408665,-20.22724378559333,15
HORN2,H,12,11.8,12.8,170,-91.05720351025333,-69.20941213408665,-21.847791376166683,15
HORN2,H,12,11.8,12.8,180,-91.73968495544666,-69.20941213408665,-22.530272821360015,15
HORN3,H,12,11.8,12.8,0,-67.66987594974,-67.66987594974,0.0,15
HORN3,H,12,11.8,12.8,10,-68.34239316393332,-67.66987594974,-0.67251721419332,15
HORN3,H,12,11.8,12.8,20,-69.65325690545335,-67.66987594974,-1.9833809557133435,15
HORN3,H,12,11.8,12.8,30,-72.68375846857334,-67.66987594974,-5.013882518833341,15
HORN3,H,12,11.8,12.8,40,-76.19715414925334,-67.66987594974,-8.527278199513333,15
HORN3,H,12,11.8,12.8,50,-80.77098051084664,-67.66987594974,-13.101104561106638,15
HORN3,H,12,11.8,12.8,60,-83.73970502972,-67.66987594974,-16.069829079979996,15
HORN3,H,12,11.8,12.8,70,-86.72338639525334,-67.66987594974,-19.05351044551334,15
HORN3,H,12,11.8,12.8,80,-86.99929342225333,-67.66987594974,-19.329417472513327,15
HORN3,H,12,11.8,12.8,90,-84.19846961097332,-67.66987594974,-16.528593661233316,15
HORN3,H,12,11.8,12.8,100,-86.84142601773333,-67.66987594974,-19.171550067993323,15
HORN3,H,12,11.8,12.8,110,-86.67680261585332,-67.66987594974,-19.006926666113316,15
HORN3,H,12,11.8,12.8,120,-86.06914383510001,-67.66987594974,-18.399267885360004,15
HORN3,H,12,11.8,12.8,130,-85.91762248669335,-67.66987594974,-18.247746536953343,15
HORN3,H,12,11.8,12.8,140,-88.70888220780002,-67.66987594974,-21.039006258060013,15
HORN3,H,12,11.8,12.8,150,-87.35853167879334,-67.66987594974,-19.688655729053337,15
HORN3,H,12,11.8,12.8,160,-86.77866973927333,-67.66987594974,-19.108793789533323,15
HORN3,H,12,11.8,12.8,170,-90.77715577492,-67.66987594974,-23.10727982518,15
HORN3,H,12,11.8,12.8,180,-93.1256001559,-67.66987594974,-25.45572420616,15
HORN4,H,12,11.8,12.8,0,-70.09400368279334,-70.09400368279334,0.0,15
HORN4,H,12,11.8,12.8,10,-70.03497448102,-70.09400368279334,0.05902920177334181,15
HORN4,H,12,11.8,12.8,20,-71.48965132793998,-70.09400368279334,-1.3956476451466386,15
HORN4,H,12,11.8,12.8,30,-74.41317654466,-70.09400368279334,-4.319172861866662,15
HORN4,H,12,11.8,12.8,40,-77.50390434326665,-70.09400368279334,-7.409900660473312,15
HORN4,H,12,11.8,12.8,50,-81.39379074392667,-70.09400368279334,-11.29978706113333,15
HORN4,H,12,11.8,12.8,60,-85.46996139584667,-70.09400368279334,-15.375957713053324,15
HORN4,H,12,11.8,12.8,70,-87.59041552952667,-70.09400368279334,-17.496411846733324,15
HORN4,H,12,11.8,12.8,80,-87.14360171164665,-70.09400368279334,-17.04959802885331,15
HORN4,H,12,11.8,12.8,90,-87.54643603636667,-70.09400368279334,-17.45243235357333,15
HORN4,H,12,11.8,12.8,100,-87.45007129975332,-70.09400368279334,-17.356067616959976,15
HORN4,H,12,11.8,12.8,110,-89.18827568685333,-70.09400368279334,-19.094272004059988,15
HORN4,H,12,11.8,12.8,120,-89.82329233527334,-70.09400368279334,-19.729288652479994,15
HORN4,H,12,11.8,12.8,130,-88.65251169738667,-70.09400368279334,-18.55850801459333,15
HORN4,H,12,11.8,12.8,140,-89.12663726219333,-70.09400368279334,-19.032633579399985,15
HORN4,H,12,11.8,12.8,150,-90.32666702785333,-70.09400368279334,-20.23266334505999,15
HORN4,H,12,11.8,12.8,160,-90.17770756204,-70.09400368279334,-20.083703879246656,15
HORN4,H,12,11.8,12.8,170,-93.27207331369999,-70.09400368279334,-23.17806963090665,15
HORN4,H,12,11.8,12.8,180,-92.05651120279335,-70.09400368279334,-21.962507520000003,15
HORN5,H,12,11.8,12.8,0,-72.43832252827998,-72.43832252827998,0.0,15
HORN5,H,12,11.8,12.8,10,-72.83467751723333,-72.43832252827998,-0.3963549889533482,15
HORN5,H,12,11.8,12.8,20,-73.80625406251998,-72.43832252827998,-1.3679315342400002,15
HORN5,H,12,11.8,12.8,30,-76.64133558523332,-72.43832252827998,-4.203013056953338,15
HORN5,H,12,11.8,12.8,40,-80.97435567895332,-72.43832252827998,-8.536033150673333,15
HORN5,H,12,11.8,12.8,50,-83.40175187992001,-72.43832252827998,-10.96342935164003,15
HORN5,H,12,11.8,12.8,60,-87.83262806588,-72.43832252827998,-15.394305537600019,15
HORN5,H,12,11.8,12.8,70,-88.86900799785332,-72.43832252827998,-16.430685469573334,15
HORN5,H,12,11.8,12.8,80,-91.41093464500668,-72.43832252827998,-18.972612116726694,15
HORN5,H,12,11.8,12.8,90,-91.86643098774,-72.43832252827998,-19.42810845946002,15
HORN5,H,12,11.8,12.8,100,-88.1840436631,-72.43832252827998,-15.745721134820016,15
HORN5,H,12,11.8,12.8,110,-87.92974447800667,-72.43832252827998,-15.491421949726686,15
HORN5,H,12,11.8,12.8,120,-91.78701075702666,-72.43832252827998,-19.34868822874668,15
HORN5,H,12,11.8,12.8,130,-89.96408647129333,-72.43832252827998,-17.525763943013345,15
HORN5,H,12,11.8,12.8,140,-88.09017274133333,-72.43832252827998,-15.65185021305335,15
HORN5,H,12,11.8,12.8,150,-91.21668481181335,-72.43832252827998,-18.77836228353337,15
HORN5,H,12,11.8,12.8,160,-91.89890246216001,-72.43832252827998,-19.460579933880027,15
HORN5,H,12,11.8,12.8,170,-93.22091770975999,-72.43832252827998,-20.782595181480005,15
HORN5,H,12,11.8,12.8,180,-94.48575697734002,-72.43832252827998,-22.047434449060034,15
HORN6,H,12,11.8,12.8,0,-73.79421065557999,-73.79421065557999,0.0,15
HORN6,H,12,11.8,12.8,10,-73.60994780025334,-73.79421065557999,0.18426285532665077,15
HORN6,H,12,11.8,12.8,20,-74.67696161343335,-73.79421065557999,-0.8827509578533608,15
HORN6,H,12,11.8,12.8,30,-76.9899663237,-73.79421065557999,-3.1957556681200145,15
HORN6,H,12,11.8,12.8,40,-80.99084259098,-73.79421065557999,-7.196631935400006,15
HORN6,H,12,11.8,12.8,50,-83.68657198875334,-73.79421065557999,-9.892361333173355,15
HORN6,H,12,11.8,12.8,60,-88.87530382982,-73.79421065557999,-15.08109317424001,15
HORN6,H,12,11.8,12.8,70,-89.91271834564,-73.79421065557999,-16.118507690060014,15
HORN6,H,12,11.8,12.8,80,-89.40283721416668,-73.79421065557999,-15.608626558586693,15
HORN6,H,12,11.8,12.8,90,-90.12490308823334,-73.79421065557999,-16.33069243265335,15
HORN6,H,12,11.8,12.8,100,-93.55055301952001,-73.79421065557999,-19.75634236394002,15
HORN6,H,12,11.8,12.8,110,-90.43931624774,-73.79421065557999,-16.645105592160007,15
HORN6,H,12,11.8,12.8,120,-90.57702715801334,-73.79421065557999,-16.78281650243335,15
HORN6,H,12,11.8,12.8,130,-89.57523480095333,-73.79421065557999,-15.781024145373337,15
HORN6,H,12,11.8,12.8,140,-89.71675901757334,-73.79421065557999,-15.92254836199335,15
HORN6,H,12,11.8,12.8,150,-90.35724297447334,-73.79421065557999,-16.56303231889335,15
HORN6,H,12,11.8,12.8,160,-91.98925448547332,-73.79421065557999,-18.195043829893336,15
HORN6,H,12,11.8,12.8,170,-94.49562132650665,-73.79421065557999,-20.701410670926663,15
HORN6,H,12,11.8,12.8,180,-91.90641773866666,-73.79421065557999,-18.112207083086673,15
HORN7,H,12,11.8,12.8,0,-73.74718536790002,-73.74718536790002,0.0,15
HORN7,H,12,11.8,12.8,10,-73.99809437166668,-73.74718536790002,-0.25090900376666525,15
HORN7,H,12,11.8,12.8,20,-75.17730539125334,-73.74718536790002,-1.430120023353325,15
HORN7,H,12,11.8,12.8,30,-78.33811128874,-73.74718536790002,-4.590925920839979,15
HORN7,H,12,11.8,12.8,40,-81.23547783745335,-73.74718536790002,-7.488292469553329,15
HORN7,H,12,11.8,12.8,50,-87.11240758934,-73.74718536790002,-13.365222221439979,15
HORN7,H,12,11.8,12.8,60,-88.65173043221999,-73.74718536790002,-14.904545064319976,15
HORN7,H,12,11.8,12.8,70,-89.82969844569334,-73.74718536790002,-16.082513077793323,15
HORN7,H,12,11.8,12.8,80,-90.48724679846002,-73.74718536790002,-16.740061430560004,15
HORN7,H,12,11.8,12.8,90,-90.03841575885333,-73.74718536790002,-16.291230390953316,15
HORN7,H,12,11.8,12.8,100,-89.45048403585332,-73.74718536790002,-15.703298667953305,15
HORN7,H,12,11.8,12.8,110,-90.65115316310666,-73.74718536790002,-16.90396779520664,15
HORN7,H,12,11.8,12.8,120,-90.94273264666002,-73.74718536790002,-17.195547278760003,15
HORN7,H,12,11.8,12.8,130,-88.8026395867,-73.74718536790002,-15.05545421879998,15
HORN7,H,12,11.8,12.8,140,-88.06145155221333,-73.74718536790002,-14.314266184313311,15
HORN7,H,12,11.8,12.8,150,-90.74133649020668,-73.74718536790002,-16.99415112230666,15
HORN7,H,12,11.8,12.8,160,-91.22256851309999,-73.74718536790002,-17.47538314519997,15
HORN7,H,12,11.8,12.8,170,-93.67553986176668,-73.74718536790002,-19.928354493866664,15
HORN7,H,12,11.8,12.8,180,-91.48041234355333,-73.74718536790002,-17.73322697565331,15
HORN8,H,12,11.8,12.8,0,-73.86919546409999,-73.86919546409999,0.0,15
HORN8,H,12,11.8,12.8,10,-74.07306431346001,-73.86919546409999,-0.20386884936002048,15
HORN8,H,12,11.8,12.8,20,-75.49048283339334,-73.86919546409999,-1.6212873692933556,15
HORN8,H,12,11.8,12.8,30,-78.83060347173334,-73.86919546409999,-4.961408007633352,15
HORN8,H,12,11.8,12.8,40,-81.46839659383335,-73.86919546409999,-7.599201129733359,15
HORN8,H,12,11.8,12.8,50,-85.00289641378666,-73.86919546409999,-11.13370094968667,15
HORN8,H,12,11.8,12.8,60,-86.57295854763333,-73.86919546409999,-12.703763083533346,15
HORN8,H,12,11.8,12.8,70,-90.00261037675999,-73.86919546409999,-16.13341491266,15
HORN8,H,12,11.8,12.8,80,-89.77908864158665,-73.86919546409999,-15.909893177486666,15
HORN8,H,12,11.8,12.8,90,-90.53522669988,-73.86919546409999,-16.66603123578001,15
HORN8,H,12,11.8,12.8,100,-90.33443443959332,-73.86919546409999,-16.465238975493335,15
HORN8,H,12,11.8,12.8,110,-88.7261659912,-73.86919546409999,-14.856970527100017,15
HORN8,H,12,11.8,12.8,120,-90.63316494648002,-73.86919546409999,-16.763969482380034,15
HORN8,H,12,11.8,12.8,130,-90.24452930531334,-73.86919546409999,-16.375333841213347,15
HORN8,H,12,11.8,12.8,140,-90.03167429940667,-73.86919546409999,-16.162478835306686,15
HORN8,H,12,11.8,12.8,150,-90.14054037950667,-73.86919546409999,-16.271344915406686,15
HORN8,H,12,11.8,12.8,160,-91.28534024848666,-73.86919546409999,-17.416144784386674,15
HORN8,H,12,11.8,12.8,170,-94.80269517224664,-73.86919546409999,-20.933499708146655,15
HORN8,H,12,11.8,12.8,180,-92.63901246200666,-73.86919546409999,-18.769816997906673,15
HORN1,H,13,12.8,13.8,0,-61.2769600732,-61.2769600732,0.0,16
HORN1,H,13,12.8,13.8,10,-61.9430250750375,-61.2769600732,-0.6660650018374952,16
HORN1,H,13,12.8,13.8,20,-63.638980270275,-61.2769600732,-2.3620201970749974,16
HORN1,H,13,12.8,13.8,30,-66.75408608908126,-61.2769600732,-5.477126015881254,16
HORN1,H,13,12.8,13.8,40,-71.21402441376875,-61.2769600732,-9.937064340568753,16
HORN1,H,13,12.8,13.8,50,-75.35405707115625,-61.2769600732,-14.077096997956247,16
HORN1,H,13,12.8,13.8,60,-79.4667768649375,-61.2769600732,-18.1898167917375,16
HORN1,H,13,12.8,13.8,70,-80.83999320734375,-61.2769600732,-19.56303313414375,16
HORN1,H,13,12.8,13.8,80,-78.855225611675,-61.2769600732,-17.578265538474994,16
HORN1,H,13,12.8,13.8,90,-80.61432868366875,-61.2769600732,-19.337368610468744,16
HORN1,H,13,12.8,13.8,100,-84.39104380795624,-61.2769600732,-23.114083734756235,16
HORN1,H,13,12.8,13.8,110,-83.63974957874376,-61.2769600732,-22.36278950554376,16
HORN1,H,13,12.8,13.8,120,-81.92005791446874,-61.2769600732,-20.64309784126874,16
HORN1,H,13,12.8,13.8,130,-82.86991053146875,-61.2769600732,-21.592950458268746,16
HORN1,H,13,12.8,13.8,140,-82.53824139245,-61.2769600732,-21.261281319250003,16
HORN1,H,13,12.8,13.8,150,-82.76440180585,-61.2769600732,-21.487441732649998,16
HORN1,H,13,12.8,13.8,160,-85.5704891561875,-61.2769600732,-24.293529082987504,16
HORN1,H,13,12.8,13.8,170,-87.2824141263625,-61.2769600732,-26.005454053162495,16
HORN1,H,13,12.8,13.8,180,-87.0702527592125,-61.2769600732,-25.793292686012492,16
HORN2,H,13,12.8,13.8,0,-69.40678120944375,-69.40678120944375,0.0,16
HORN2,H,13,12.8,13.8,10,-69.94073491379376,-69.40678120944375,-0.5339537043500115,16
HORN2,H,13,12.8,13.8,20,-71.4157867027375,-69.40678120944375,-2.009005493293756,16
HORN2,H,13,12.8,13.8,30,-75.5230976987875,-69.40678120944375,-6.116316489343745,16
HORN2,H,13,12.8,13.8,40,-78.4882979025625,-69.40678120944375,-9.081516693118743,16
HORN2,H,13,12.8,13.8,50,-83.61123163461875,-69.40678120944375,-14.204450425174997,16
HORN2,H,13,12.8,13.8,60,-86.68959379759376,-69.40678120944375,-17.28281258815001,16
HORN2,H,13,12.8,13.8,70,-87.4026696954125,-69.40678120944375,-17.99588848596875,16
HORN2,H,13,12.8,13.8,80,-86.33484990399374,-69.40678120944375,-16.928068694549992,16
HORN2,H,13,12.8,13.8,90,-90.05505839858125,-69.40678120944375,-20.648277189137502,16
HORN2,H,13,12.8,13.8,100,-85.91797277935626,-69.40678120944375,-16.511191569912512,16
HORN2,H,13,12.8,13.8,110,-87.7184665409,-69.40678120944375,-18.311685331456246,16
HORN2,H,13,12.8,13.8,120,-87.42155381475,-69.40678120944375,-18.01477260530625,16
HORN2,H,13,12.8,13.8,130,-89.63828832015,-69.40678120944375,-20.231507110706247,16
HORN2,H,13,12.8,13.8,140,-89.1903174124875,-69.40678120944375,-19.783536203043752,16
HORN2,H,13,12.8,13.8,150,-90.77064852798749,-69.40678120944375,-21.36386731854374,16
HORN2,H,13,12.8,13.8,160,-90.2766006051,-69.40678120944375,-20.86981939565625,16
HORN2,H,13,12.8,13.8,170,-91.30486646164375,-69.40678120944375,-21.898085252200005,16
HORN2,H,13,12.8,13.8,180,-91.4681523277125,-69.40678120944375,-22.061371118268752,16
HORN3,H,13,12.8,13.8,0,-68.23986534851875,-68.23986534851875,0.0,16
HORN3,H,13,12.8,13.8,10,-68.94893215516875,-68.23986534851875,-0.7090668066500001,16
HORN3,H,13,12.8,13.8,20,-70.64787451481874,-68.23986534851875,-2.4080091662999905,16
HORN3,H,13,12.8,13.8,30,-73.69890649631876,-68.23986534851875,-5.459041147800008,16
HORN3,H,13,12.8,13.8,40,-77.21503413931875,-68.23986534851875,-8.975168790799998,16
HORN3,H,13,12.8,13.8,50,-81.227164278375,-68.23986534851875,-12.987298929856252,16
HORN3,H,13,12.8,13.8,60,-87.14306172177501,-68.23986534851875,-18.903196373256264,16
HORN3,H,13,12.8,13.8,70,-88.65862574098125,-68.23986534851875,-20.418760392462502,16
HORN3,H,13,12.8,13.8,80,-89.45727226588124,-68.23986534851875,-21.217406917362496,16
HORN3,H,13,12.8,13.8,90,-87.42117117655,-68.23986534851875,-19.181305828031256,16
HORN3,H,13,12.8,13.8,100,-89.63877577766249,-68.23986534851875,-21.39891042914374,16
HORN3,H,13,12.8,13.8,110,-87.704309380925,-68.23986534851875,-19.46444403240625,16
HORN3,H,13,12.8,13.8,120,-88.78338850961876,-68.23986534851875,-20.543523161100012,16
HORN3,H,13,12.8,13.8,130,-88.38754622243749,-68.23986534851875,-20.147680873918745,16
HORN3,H,13,12.8,13.8,140,-88.88316431450625,-68.23986534851875,-20.643298965987498,16
HORN3,H,13,12.8,13.8,150,-89.24645910490001,-68.23986534851875,-21.006593756381264,16
HORN3,H,13,12.8,13.8,160,-91.7159618030875,-68.23986534851875,-23.476096454568747,16
HORN3,H,13,12.8,13.8,170,-91.10951046904376,-68.23986534851875,-22.869645120525007,16
HORN3,H,13,12.8,13.8,180,-92.6816998785,-68.23986534851875,-24.44183452998125,16
HORN4,H,13,12.8,13.8,0,-70.36906055735,-70.36906055735,0.0,16
HORN4,H,13,12.8,13.8,10,-70.99569102528125,-70.36906055735,-0.6266304679312498,16
HORN4,H,13,12.8,13.8,20,-72.69383824888125,-70.36906055735,-2.324777691531253,16
HORN4,H,13,12.8,13.8,30,-76.41541114894375,-70.36906055735,-6.04635059159375,16
HORN4,H,13,12.8,13.8,40,-80.48772040858125,-70.36906055735,-10.118659851231257,16
HORN4,H,13,12.8,13.8,50,-84.23611623500625,-70.36906055735,-13.867055677656253,16
HORN4,H,13,12.8,13.8,60,-88.554290135575,-70.36906055735,-18.185229578225005,16
HORN4,H,13,12.8,13.8,70,-89.41897365930001,-70.36906055735,-19.04991310195001,16
HORN4,H,13,12.8,13.8,80,-89.5780163984,-70.36906055735,-19.20895584105,16
HORN4,H,13,12.8,13.8,90,-87.5068837564375,-70.36906055735,-17.137823199087507,16
HORN4,H,13,12.8,13.8,100,-89.628718880175,-70.36906055735,-19.259658322825004,16
HORN4,H,13,12.8,13.8,110,-89.42911397269376,-70.36906055735,-19.06005341534376,16
HORN4,H,13,12.8,13.8,120,-90.5059027226375,-70.36906055735,-20.136842165287504,16
HORN4,H,13,12.8,13.8,130,-92.46091113045625,-70.36906055735,-22.091850573106257,16
HORN4,H,13,12.8,13.8,140,-92.95988687349376,-70.36906055735,-22.59082631614376,16
HORN4,H,13,12.8,13.8,150,-90.84262542890625,-70.36906055735,-20.47356487155625,16
HORN4,H,13,12.8,13.8,160,-90.70472481189375,-70.36906055735,-20.335664254543758,16
HORN4,H,13,12.8,13.8,170,-91.3203957927125,-70.36906055735,-20.951335235362507,16
HORN4,H,13,12.8,13.8,180,-96.66751441730625,-70.36906055735,-26.298453859956254,16
HORN5,H,13,12.8,13.8,0,-73.000489621725,-73.000489621725,0.0,16
HORN5,H,13,12.8,13.8,10,-73.99288893783125,-73.000489621725,-0.9923993161062583,16
HORN5,H,13,12.8,13.8,20,-75.56187978235624,-73.000489621725,-2.561390160631248,16
HORN5,H,13,12.8,13.8,30,-78.81504892213749,-73.000489621725,-5.814559300412498,16
HORN5,H,13,12.8,13.8,40,-82.1763990527875,-73.000489621725,-9.175909431062507,16
HORN5,H,13,12.8,13.8,50,-87.35644736924374,-73.000489621725,-14.355957747518744,16
HORN5,H,13,12.8,13.8,60,-90.34162089925,-73.000489621725,-17.341131277525008,16
HORN5,H,13,12.8,13.8,70,-89.68108836562499,-73.000489621725,-16.680598743899992,16
HORN5,H,13,12.8,13.8,80,-90.51024127296876,-73.000489621725,-17.50975165124376,16
HORN5,H,13,12.8,13.8,90,-92.46732393771251,-73.000489621725,-19.466834315987512,16
HORN5,H,13,12.8,13.8,100,-92.0329045727875,-73.000489621725,-19.032414951062506,16
HORN5,H,13,12.8,13.8,110,-93.3932083279625,-73.000489621725,-20.392718706237503,16
HORN5,H,13,12.8,13.8,120,-92.41375297105,-73.000489621725,-19.413263349325007,16
HORN5,H,13,12.8,13.8,130,-90.22920724541875,-73.000489621725,-17.228717623693754,16
HORN5,H,13,12.8,13.8,140,-90.8538498351625,-73.000489621725,-17.85336021343751,16
HORN5,H,13,12.8,13.8,150,-92.59729544153126,-73.000489621725,-19.596805819806264,16
HORN5,H,13,12.8,13.8,160,-91.6876540599625,-73.000489621725,-18.687164438237502,16
HORN5,H,13,12.8,13.8,170,-93.60847546045625,-73.000489621725,-20.607985838731253,16
HORN5,H,13,12.8,13.8,180,-94.67555422266875,-73.000489621725,-21.675064600943756,16
HORN6,H,13,12.8,13.8,0,-73.94061123843125,-73.94061123843125,0.0,16
HORN6,H,13,12.8,13.8,10,-74.243585585275,-73.94061123843125,-0.30297434684375446,16
HORN6,H,13,12.8,13.8,20,-75.601491458075,-73.94061123843125,-1.660880219643758,16
HORN6,H,13,12.8,13.8,30,-78.73257224499375,-73.94061123843125,-4.791961006562502,16
HORN6,H,13,12.8,13.8,40,-81.4377338195,-73.94061123843125,-7.497122581068751,16
HORN6,H,13,12.8,13.8,50,-86.99551919401875,-73.94061123843125,-13.05490795558751,16
HORN6,H,13,12.8,13.8,60,-89.8684113056625,-73.94061123843125,-15.92780006723126,16
HORN6,H,13,12.8,13.8,70,-92.5747839621875,-73.94061123843125,-18.63417272375625,16
HORN6,H,13,12.8,13.8,80,-91.2860493923375,-73.94061123843125,-17.345438153906258,16
HORN6,H,13,12.8,13.8,90,-93.5070141243,-73.94061123843125,-19.566402885868754,16
HORN6,H,13,12.8,13.8,100,-92.45017900959999,-73.94061123843125,-18.509567771168747,16
HORN6,H,13,12.8,13.8,110,-91.84806013021874,-73.94061123843125,-17.907448891787496,16
HORN6,H,13,12.8,13.8,120,-92.66743992020625,-73.94061123843125,-18.726828681775004,16
HORN6,H,13,12.8,13.8,130,-93.30235095052501,-73.94061123843125,-19.361739712093765,16
HORN6,H,13,12.8,13.8,140,-93.221314353925,-73.94061123843125,-19.28070311549375,16
HORN6,H,13,12.8,13.8,150,-92.70906646793125,-73.94061123843125,-18.768455229500006,16
HORN6,H,13,12.8,13.8,160,-94.8147805929875,-73.94061123843125,-20.87416935455626,16
HORN6,H,13,12.8,13.8,170,-92.503810462575,-73.94061123843125,-18.56319922414376,16
HORN6,H,13,12.8,13.8,180,-92.8033976048625,-73.94061123843125,-18.86278636643125,16
HORN7,H,13,12.8,13.8,0,-74.1774205524125,-74.1774205524125,0.0,16
HORN7,H,13,12.8,13.8,10,-75.0650206258875,-74.1774205524125,-0.8876000734749994,16
HORN7,H,13,12.8,13.8,20,-76.60187121082501,-74.1774205524125,-2.4244506584125105,16
HORN7,H,13,12.8,13.8,30,-81.09528376259375,-74.1774205524125,-6.9178632101812525,16
HORN7,H,13,12.8,13.8,40,-82.847738862875,-74.1774205524125,-8.670318310462505,16
HORN7,H,13,12.8,13.8,50,-88.30346040860624,-74.1774205524125,-14.126039856193742,16
HORN7,H,13,12.8,13.8,60,-89.9840242520875,-74.1774205524125,-15.806603699674994,16
HORN7,H,13,12.8,13.8,70,-91.372083503275,-74.1774205524125,-17.194662950862494,16
HORN7,H,13,12.8,13.8,80,-91.32707706603125,-74.1774205524125,-17.14965651361875,16
HORN7,H,13,12.8,13.8,90,-90.40624572066875,-74.1774205524125,-16.22882516825625,16
HORN7,H,13,12.8,13.8,100,-93.1791673498625,-74.1774205524125,-19.001746797449997,16
HORN7,H,13,12.8,13.8,110,-93.81145977180624,-74.1774205524125,-19.634039219393742,16
HORN7,H,13,12.8,13.8,120,-91.720523133625,-74.1774205524125,-17.543102581212494,16
HORN7,H,13,12.8,13.8,130,-90.45861891041875,-74.1774205524125,-16.28119835800625,16
HORN7,H,13,12.8,13.8,140,-91.82424720766875,-74.1774205524125,-17.64682665525625,16
HORN7,H,13,12.8,13.8,150,-93.6481060496875,-74.1774205524125,-19.470685497275,16
HORN7,H,13,12.8,13.8,160,-94.40182924588125,-74.1774205524125,-20.224408693468746,16
HORN7,H,13,12.8,13.8,170,-92.73028971425,-74.1774205524125,-18.552869161837506,16
HORN7,H,13,12.8,13.8,180,-94.176638257425,-74.1774205524125,-19.999217705012498,16
HORN8,H,13,12.8,13.8,0,-75.31511549596249,-75.31511549596249,0.0,16
HORN8,H,13,12.8,13.8,10,-76.074198262975,-75.31511549596249,-0.7590827670125151,16
HORN8,H,13,12.8,13.8,20,-77.92520623025625,-75.31511549596249,-2.610090734293763,16
HORN8,H,13,12.8,13.8,30,-80.57864930989999,-75.31511549596249,-5.263533813937499,16
HORN8,H,13,12.8,13.8,40,-84.3621404512875,-75.31511549596249,-9.047024955325014,16
HORN8,H,13,12.8,13.8,50,-90.7625443451875,-75.31511549596249,-15.447428849225005,16
HORN8,H,13,12.8,13.8,60,-88.26004666664376,-75.31511549596249,-12.944931170681272,16
HORN8,H,13,12.8,13.8,70,-88.23165826890624,-75.31511549596249,-12.916542772943757,16
HORN8,H,13,12.8,13.8,80,-89.34469530395626,-75.31511549596249,-14.02957980799377,16
HORN8,H,13,12.8,13.8,90,-88.5349119055,-75.31511549596249,-13.219796409537508,16
HORN8,H,13,12.8,13.8,100,-89.3672339550625,-75.31511549596249,-14.052118459100015,16
HORN8,H,13,12.8,13.8,110,-90.40300012976874,-75.31511549596249,-15.087884633806254,16
HORN8,H,13,12.8,13.8,120,-90.48199876494374,-75.31511549596249,-15.166883268981252,16
HORN8,H,13,12.8,13.8,130,-93.2777842503125,-75.31511549596249,-17.962668754350005,16
HORN8,H,13,12.8,13.8,140,-91.46731542711251,-75.31511549596249,-16.152199931150022,16
HORN8,H,13,12.8,13.8,150,-96.1947694899375,-75.31511549596249,-20.879653993975012,16
HORN8,H,13,12.8,13.8,160,-94.42319630003125,-75.31511549596249,-19.108080804068763,16
HORN8,H,13,12.8,13.8,170,-94.43009912871875,-75.31511549596249,-19.114983632756264,16
HORN8,H,13,12.8,13.8,180,-93.19889147545,-75.31511549596249,-17.88377597948751,16
HORN1,H,14,13.8,14.8,0,-62.73733374374665,-62.73733374374665,0.0,15
HORN1,H,14,13.8,14.8,10,-63.376792824453325,-62.73733374374665,-0.639459080706672,15
HORN1,H,14,13.8,14.8,20,-65.41698084186666,-62.73733374374665,-2.6796470981200073,15
HORN1,H,14,13.8,14.8,30,-69.63767663889999,-62.73733374374665,-6.9003428951533365,15
HORN1,H,14,13.8,14.8,40,-73.38753853079334,-62.73733374374665,-10.650204787046682,15
HORN1,H,14,13.8,14.8,50,-79.01088151334667,-62.73733374374665,-16.27354776960002,15
HORN1,H,14,13.8,14.8,60,-79.7205028838,-62.73733374374665,-16.98316914005334,15
HORN1,H,14,13.8,14.8,70,-83.84029829246667,-62.73733374374665,-21.102964548720017,15
HORN1,H,14,13.8,14.8,80,-84.77722978497334,-62.73733374374665,-22.03989604122669,15
HORN1,H,14,13.8,14.8,90,-84.35775227218,-62.73733374374665,-21.62041852843334,15
HORN1,H,14,13.8,14.8,100,-83.01748411766667,-62.73733374374665,-20.280150373920016,15
HORN1,H,14,13.8,14.8,110,-83.77079140512666,-62.73733374374665,-21.033457661380005,15
HORN1,H,14,13.8,14.8,120,-82.89628759015334,-62.73733374374665,-20.158953846406682,15
HORN1,H,14,13.8,14.8,130,-83.59398365842002,-62.73733374374665,-20.856649914673362,15
HORN1,H,14,13.8,14.8,140,-83.42380982164667,-62.73733374374665,-20.686476077900018,15
HORN1,H,14,13.8,14.8,150,-84.47165031994001,-62.73733374374665,-21.734316576193358,15
HORN1,H,14,13.8,14.8,160,-85.15985569568002,-62.73733374374665,-22.42252195193337,15
HORN1,H,14,13.8,14.8,170,-87.27651034344,-62.73733374374665,-24.53917659969334,15
HORN1,H,14,13.8,14.8,180,-88.97072747952666,-62.73733374374665,-26.233393735780005,15
HORN2,H,14,13.8,14.8,0,-71.29881949180002,-71.29881949180002,0.0,15
HORN2,H,14,13.8,14.8,10,-71.91443656807334,-71.29881949180002,-0.615617076273324,15
HORN2,H,14,13.8,14.8,20,-73.79189653184,-71.29881949180002,-2.493077040039978,15
HORN2,H,14,13.8,14.8,30,-77.54605352898001,-71.29881949180002,-6.247234037179993,15
HORN2,H,14,13.8,14.8,40,-80.59277327761998,-71.29881949180002,-9.293953785819966,15
HORN2,H,14,13.8,14.8,50,-84.70090948084665,-71.29881949180002,-13.40208998904663,15
HORN2,H,14,13.8,14.8,60,-86.14051845606666,-71.29881949180002,-14.84169896426664,15
HORN2,H,14,13.8,14.8,70,-89.37294738886668,-71.29881949180002,-18.07412789706666,15
HORN2,H,14,13.8,14.8,80,-91.99738545087334,-71.29881949180002,-20.69856595907332,15
HORN2,H,14,13.8,14.8,90,-90.27534441398,-71.29881949180002,-18.976524922179976,15
HORN2,H,14,13.8,14.8,100,-89.01543376080666,-71.29881949180002,-17.71661426900664,15
HORN2,H,14,13.8,14.8,110,-85.94537319987998,-71.29881949180002,-14.646553708079963,15
HORN2,H,14,13.8,14.8,120,-85.13221475300665,-71.29881949180002,-13.833395261206633,15
HORN2,H,14,13.8,14.8,130,-87.23425179882663,-71.29881949180002,-15.935432307026616,15
HORN2,H,14,13.8,14.8,140,-88.47378435284666,-71.29881949180002,-17.174964861046647,15
HORN2,H,14,13.8,14.8,150,-89.61502845574667,-71.29881949180002,-18.31620896394665,15
HORN2,H,14,13.8,14.8,160,-89.29416304983998,-71.29881949180002,-17.995343558039963,15
HORN2,H,14,13.8,14.8,170,-88.54249247389998,-71.29881949180002,-17.243672982099966,15
HORN2,H,14,13.8,14.8,180,-93.30066565261333,-71.29881949180002,-22.001846160813315,15
HORN3,H,14,13.8,14.8,0,-70.90777521456,-70.90777521456,0.0,15
HORN3,H,14,13.8,14.8,10,-71.63654619182002,-70.90777521456,-0.7287709772600124,15
HORN3,H,14,13.8,14.8,20,-73.75356973755332,-70.90777521456,-2.845794522993316,15
HORN3,H,14,13.8,14.8,30,-76.70631576844669,-70.90777521456,-5.798540553886681,15
HORN3,H,14,13.8,14.8,40,-80.80689706311334,-70.90777521456,-9.899121848553335,15
HORN3,H,14,13.8,14.8,50,-86.10413500936669,-70.90777521456,-15.196359794806682,15
HORN3,H,14,13.8,14.8,60,-89.75262814138,-70.90777521456,-18.844852926819996,15
HORN3,H,14,13.8,14.8,70,-88.64207038088001,-70.90777521456,-17.73429516632001,15
HORN3,H,14,13.8,14.8,80,-92.55941309053334,-70.90777521456,-21.651637875973336,15
HORN3,H,14,13.8,14.8,90,-89.36769813146,-70.90777521456,-18.4599229169,15
HORN3,H,14,13.8,14.8,100,-90.41532265660666,-70.90777521456,-19.507547442046658,15
HORN3,H,14,13.8,14.8,110,-93.20316645868002,-70.90777521456,-22.29539124412001,15
HORN3,H,14,13.8,14.8,120,-89.39354457957332,-70.90777521456,-18.48576936501331,15
HORN3,H,14,13.8,14.8,130,-88.94160270857333,-70.90777521456,-18.033827494013323,15
HORN3,H,14,13.8,14.8,140,-91.43910724478,-70.90777521456,-20.53133203022,15
HORN3,H,14,13.8,14.8,150,-93.12647706946667,-70.90777521456,-22.21870185490667,15
HORN3,H,14,13.8,14.8,160,-95.69859570426668,-70.90777521456,-24.790820489706675,15
HORN3,H,14,13.8,14.8,170,-94.57285212769999,-70.90777521456,-23.665076913139984,15
HORN3,H,14,13.8,14.8,180,-91.74878625198667,-70.90777521456,-20.841011037426668,15
HORN4,H,14,13.8,14.8,0,-72.10394405962667,-72.10394405962667,0.0,15
HORN4,H,14,13.8,14.8,10,-73.06963534333335,-72.10394405962667,-0.9656912837066756,15
HORN4,H,14,13.8,14.8,20,-74.35888175163333,-72.10394405962667,-2.2549376920066635,15
HORN4,H,14,13.8,14.8,30,-78.70275527035332,-72.10394405962667,-6.598811210726652,15
HORN4,H,14,13.8,14.8,40,-82.78365021823335,-72.10394405962667,-10.679706158606677,15
HORN4,H,14,13.8,14.8,50,-87.03898319096,-72.10394405962667,-14.935039131333326,15
HORN4,H,14,13.8,14.8,60,-90.01657465073332,-72.10394405962667,-17.912630591106648,15
HORN4,H,14,13.8,14.8,70,-92.87588459571334,-72.10394405962667,-20.771940536086674,15
HORN4,H,14,13.8,14.8,80,-89.89708982556,-72.10394405962667,-17.793145765933332,15
HORN4,H,14,13.8,14.8,90,-90.33266867814665,-72.10394405962667,-18.228724618519976,15
HORN4,H,14,13.8,14.8,100,-92.74349828215333,-72.10394405962667,-20.639554222526655,15
HORN4,H,14,13.8,14.8,110,-92.93763314461334,-72.10394405962667,-20.833689084986673,15
HORN4,H,14,13.8,14.8,120,-92.96696174082003,-72.10394405962667,-20.863017681193355,15
HORN4,H,14,13.8,14.8,130,-89.9339002945,-72.10394405962667,-17.829956234873336,15
HORN4,H,14,13.8,14.8,140,-93.77667908654,-72.10394405962667,-21.67273502691333,15
HORN4,H,14,13.8,14.8,150,-91.03665451781335,-72.10394405962667,-18.932710458186676,15
HORN4,H,14,13.8,14.8,160,-89.96420744068665,-72.10394405962667,-17.86026338105998,15
HORN4,H,14,13.8,14.8,170,-92.16623493148664,-72.10394405962667,-20.06229087185997,15
HORN4,H,14,13.8,14.8,180,-97.29703691331333,-72.10394405962667,-25.193092853686665,15
HORN5,H,14,13.8,14.8,0,-75.62447416134,-75.62447416134,0.0,15
HORN5,H,14,13.8,14.8,10,-75.79163116918667,-75.62447416134,-0.16715700784666865,15
HORN5,H,14,13.8,14.8,20,-78.01758223002,-75.62447416134,-2.393108068679993,15
HORN5,H,14,13.8,14.8,30,-80.68494554146667,-75.62447416134,-5.060471380126671,15
HORN5,H,14,13.8,14.8,40,-83.69893892404667,-75.62447416134,-8.074464762706668,15
HORN5,H,14,13.8,14.8,50,-89.14124435204,-75.62447416134,-13.5167701907,15
HORN5,H,14,13.8,14.8,60,-89.49204585488665,-75.62447416134,-13.867571693546651,15
HORN5,H,14,13.8,14.8,70,-92.59668077950666,-75.62447416134,-16.972206618166652,15
HORN5,H,14,13.8,14.8,80,-94.01030199224664,-75.62447416134,-18.385827830906635,15
HORN5,H,14,13.8,14.8,90,-93.19691336774,-75.62447416134,-17.57243920639999,15
HORN5,H,14,13.8,14.8,100,-93.84509186209334,-75.62447416134,-18.220617700753337,15
HORN5,H,14,13.8,14.8,110,-96.75011595317334,-75.62447416134,-21.12564179183333,15
HORN5,H,14,13.8,14.8,120,-94.10656799181999,-75.62447416134,-18.482093830479982,15
HORN5,H,14,13.8,14.8,130,-94.34759824198666,-75.62447416134,-18.723124080646656,15
HORN5,H,14,13.8,14.8,140,-95.10807123086668,-75.62447416134,-19.48359706952668,15
HORN5,H,14,13.8,14.8,150,-91.87239601415999,-75.62447416134,-16.247921852819985,15
HORN5,H,14,13.8,14.8,160,-94.16660421562001,-75.62447416134,-18.54213005428001,15
HORN5,H,14,13.8,14.8,170,-96.02554335256667,-75.62447416134,-20.401069191226668,15
HORN5,H,14,13.8,14.8,180,-96.41648777158,-75.62447416134,-20.79201361023999,15
HORN6,H,14,13.8,14.8,0,-75.68906943733333,-75.68906943733333,0.0,15
HORN6,H,14,13.8,14.8,10,-76.41634005920668,-75.68906943733333,-0.7272706218733447,15
HORN6,H,14,13.8,14.8,20,-78.73580511496,-75.68906943733333,-3.046735677626671,15
HORN6,H,14,13.8,14.8,30,-80.7166395181133,-75.68906943733333,-5.027570080779967,15
HORN6,H,14,13.8,14.8,40,-84.74762799607333,-75.68906943733333,-9.058558558740003,15
HORN6,H,14,13.8,14.8,50,-89.73351670768668,-75.68906943733333,-14.044447270353345,15
HORN6,H,14,13.8,14.8,60,-91.25607295110667,-75.68906943733333,-15.567003513773344,15
HORN6,H,14,13.8,14.8,70,-91.85089986659334,-75.68906943733333,-16.161830429260007,15
HORN6,H,14,13.8,14.8,80,-94.60263556549333,-75.68906943733333,-18.91356612816,15
HORN6,H,14,13.8,14.8,90,-92.44580158496666,-75.68906943733333,-16.75673214763333,15
HORN6,H,14,13.8,14.8,100,-93.48105270299334,-75.68906943733333,-17.791983265660008,15
HORN6,H,14,13.8,14.8,110,-92.46069227852,-75.68906943733333,-16.77162284118667,15
HORN6,H,14,13.8,14.8,120,-91.17012735839333,-75.68906943733333,-15.48105792106,15
HORN6,H,14,13.8,14.8,130,-93.29128175242,-75.68906943733333,-17.602212315086675,15
HORN6,H,14,13.8,14.8,140,-93.85020171778666,-75.68906943733333,-18.16113228045333,15
HORN6,H,14,13.8,14.8,150,-92.72314363037331,-75.68906943733333,-17.034074193039984,15
HORN6,H,14,13.8,14.8,160,-93.8402981083,-75.68906943733333,-18.151228670966674,15
HORN6,H,14,13.8,14.8,170,-93.46069623407999,-75.68906943733333,-17.77162679674666,15
HORN6,H,14,13.8,14.8,180,-98.77100938071999,-75.68906943733333,-23.081939943386658,15
HORN7,H,14,13.8,14.8,0,-75.03960954385998,-75.03960954385998,0.0,15
HORN7,H,14,13.8,14.8,10,-75.68998582205998,-75.03960954385998,-0.6503762781999995,15
HORN7,H,14,13.8,14.8,20,-77.42551806204668,-75.03960954385998,-2.385908518186696,15
HORN7,H,14,13.8,14.8,30,-82.45140308083334,-75.03960954385998,-7.411793536973363,15
HORN7,H,14,13.8,14.8,40,-82.44635318339334,-75.03960954385998,-7.40674363953336,15
HORN7,H,14,13.8,14.8,50,-87.2849537488333,-75.03960954385998,-12.245344204973321,15
HORN7,H,14,13.8,14.8,60,-90.49769190737334,-75.03960954385998,-15.458082363513356,15
HORN7,H,14,13.8,14.8,70,-90.34562476936,-75.03960954385998,-15.306015225500019,15
HORN7,H,14,13.8,14.8,80,-95.20764642484001,-75.03960954385998,-20.168036880980026,15
HORN7,H,14,13.8,14.8,90,-92.55694546756003,-75.03960954385998,-17.517335923700045,15
HORN7,H,14,13.8,14.8,100,-95.54695194141331,-75.03960954385998,-20.50734239755333,15
HORN7,H,14,13.8,14.8,110,-91.55051043642,-75.03960954385998,-16.510900892560016,15
HORN7,H,14,13.8,14.8,120,-95.21156381575332,-75.03960954385998,-20.17195427189334,15
HORN7,H,14,13.8,14.8,130,-91.77136013340001,-75.03960954385998,-16.731750589540027,15
HORN7,H,14,13.8,14.8,140,-92.55074910277999,-75.03960954385998,-17.511139558920007,15
HORN7,H,14,13.8,14.8,150,-92.67720207068001,-75.03960954385998,-17.63759252682003,15
HORN7,H,14,13.8,14.8,160,-90.59352663693333,-75.03960954385998,-15.553917093073352,15
HORN7,H,14,13.8,14.8,170,-91.76149509333332,-75.03960954385998,-16.721885549473342,15
HORN7,H,14,13.8,14.8,180,-94.72280547636669,-75.03960954385998,-19.683195932506706,15
HORN8,H,14,13.8,14.8,0,-77.71544616526667,-77.71544616526667,0.0,15
HORN8,H,14,13.8,14.8,10,-78.37922642955999,-77.71544616526667,-0.6637802642933224,15
HORN8,H,14,13.8,14.8,20,-79.71800116297332,-77.71544616526667,-2.0025549977066532,15
HORN8,H,14,13.8,14.8,30,-81.97422010456668,-77.71544616526667,-4.2587739393000135,15
HORN8,H,14,13.8,14.8,40,-85.87902810054668,-77.71544616526667,-8.163581935280007,15
HORN8,H,14,13.8,14.8,50,-88.42750396928666,-77.71544616526667,-10.712057804019992,15
HORN8,H,14,13.8,14.8,60,-88.75656005905998,-77.71544616526667,-11.041113893793309,15
HORN8,H,14,13.8,14.8,70,-90.18414608463333,-77.71544616526667,-12.468699919366657,15
HORN8,H,14,13.8,14.8,80,-89.27310069052668,-77.71544616526667,-11.557654525260006,15
HORN8,H,14,13.8,14.8,90,-91.98176577057332,-77.71544616526667,-14.266319605306649,15
HORN8,H,14,13.8,14.8,100,-91.63276678602666,-77.71544616526667,-13.917320620759995,15
HORN8,H,14,13.8,14.8,110,-91.76022790563334,-77.71544616526667,-14.044781740366673,15
HORN8,H,14,13.8,14.8,120,-90.74404054997999,-77.71544616526667,-13.028594384713315,15
HORN8,H,14,13.8,14.8,130,-92.21604224608667,-77.71544616526667,-14.500596080820003,15
HORN8,H,14,13.8,14.8,140,-92.43095214944667,-77.71544616526667,-14.715505984179998,15
HORN8,H,14,13.8,14.8,150,-93.06444043902002,-77.71544616526667,-15.348994273753348,15
HORN8,H,14,13.8,14.8,160,-93.78144910178,-77.71544616526667,-16.06600293651333,15
HORN8,H,14,13.8,14.8,170,-95.60570450256667,-77.71544616526667,-17.890258337299997,15
HORN8,H,14,13.8,14.8,180,-93.93226330750002,-77.71544616526667,-16.216817142233353,15
HORN1,H,15,14.8,15.8,0,-61.90023856536875,-61.90023856536875,0.0,16
HORN1,H,15,14.8,15.8,10,-63.0412278570375,-61.90023856536875,-1.1409892916687454,16
HORN1,H,15,14.8,15.8,20,-65.47384217236875,-61.90023856536875,-3.5736036069999955,16
HORN1,H,15,14.8,15.8,30,-69.08894793159375,-61.90023856536875,-7.188709366224998,16
HORN1,H,15,14.8,15.8,40,-74.27065977891876,-61.90023856536875,-12.370421213550003,16
HORN1,H,15,14.8,15.8,50,-79.96202114689999,-61.90023856536875,-18.061782581531233,16
HORN1,H,15,14.8,15.8,60,-83.9379087062875,-61.90023856536875,-22.03767014091875,16
HORN1,H,15,14.8,15.8,70,-86.050416225525,-61.90023856536875,-24.150177660156245,16
HORN1,H,15,14.8,15.8,80,-87.16967747250627,-61.90023856536875,-25.269438907137513,16
HORN1,H,15,14.8,15.8,90,-87.78167363942501,-61.90023856536875,-25.881435074056256,16
HORN1,H,15,14.8,15.8,100,-88.99091575610625,-61.90023856536875,-27.090677190737495,16
HORN1,H,15,14.8,15.8,110,-86.2077630829,-61.90023856536875,-24.30752451753125,16
HORN1,H,15,14.8,15.8,120,-84.06557390901875,-61.90023856536875,-22.16533534365,16
HORN1,H,15,14.8,15.8,130,-84.78265879501875,-61.90023856536875,-22.882420229649995,16
HORN1,H,15,14.8,15.8,140,-84.72943861343751,-61.90023856536875,-22.829200048068756,16
HORN1,H,15,14.8,15.8,150,-87.2504900491125,-61.90023856536875,-25.350251483743747,16
HORN1,H,15,14.8,15.8,160,-88.30600421005,-61.90023856536875,-26.405765644681253,16
HORN1,H,15,14.8,15.8,170,-91.95542063395,-61.90023856536875,-30.055182068581246,16
HORN1,H,15,14.8,15.8,180,-91.0815735306875,-61.90023856536875,-29.181334965318754,16
HORN2,H,15,14.8,15.8,0,-70.90386641769376,-70.90386641769376,0.0,16
HORN2,H,15,14.8,15.8,10,-71.71302576226874,-70.90386641769376,-0.8091593445749794,16
HORN2,H,15,14.8,15.8,20,-73.68410435739375,-70.90386641769376,-2.780237939699987,16
HORN2,H,15,14.8,15.8,30,-78.506308133625,-70.90386641769376,-7.602441715931235,16
HORN2,H,15,14.8,15.8,40,-83.1045825076375,-70.90386641769376,-12.20071608994374,16
HORN2,H,15,14.8,15.8,50,-91.31819930598125,-70.90386641769376,-20.41433288828749,16
HORN2,H,15,14.8,15.8,60,-90.527530487575,-70.90386641769376,-19.623664069881244,16
HORN2,H,15,14.8,15.8,70,-93.2626197300625,-70.90386641769376,-22.358753312368734,16
HORN2,H,15,14.8,15.8,80,-95.83184859751876,-70.90386641769376,-24.927982179824994,16
HORN2,H,15,14.8,15.8,90,-91.088451306425,-70.90386641769376,-20.184584888731237,16
HORN2,H,15,14.8,15.8,100,-91.6926243532,-70.90386641769376,-20.78875793550624,16
HORN2,H,15,14.8,15.8,110,-88.57254543524999,-70.90386641769376,-17.66867901755623,16
HORN2,H,15,14.8,15.8,120,-86.07898782793751,-70.90386641769376,-15.175121410243747,16
HORN2,H,15,14.8,15.8,130,-87.06061300025,-70.90386641769376,-16.156746582556238,16
HORN2,H,15,14.8,15.8,140,-86.22812363772499,-70.90386641769376,-15.324257220031228,16
HORN2,H,15,14.8,15.8,150,-89.87386705637499,-70.90386641769376,-18.970000638681228,16
HORN2,H,15,14.8,15.8,160,-87.285411601075,-70.90386641769376,-16.381545183381235,16
HORN2,H,15,14.8,15.8,170,-90.4212394689625,-70.90386641769376,-19.517373051268734,16
HORN2,H,15,14.8,15.8,180,-90.173461361475,-70.90386641769376,-19.269594943781243,16
HORN3,H,15,14.8,15.8,0,-70.43609117051875,-70.43609117051875,0.0,16
HORN3,H,15,14.8,15.8,10,-71.10478710465625,-70.43609117051875,-0.668695934137503,16
HORN3,H,15,14.8,15.8,20,-73.3321426524875,-70.43609117051875,-2.8960514819687546,16
HORN3,H,15,14.8,15.8,30,-77.31499730819999,-70.43609117051875,-6.878906137681241,16
HORN3,H,15,14.8,15.8,40,-81.75021416981251,-70.43609117051875,-11.314122999293758,16
HORN3,H,15,14.8,15.8,50,-87.85054245404375,-70.43609117051875,-17.414451283524997,16
HORN3,H,15,14.8,15.8,60,-94.02579950111874,-70.43609117051875,-23.58970833059999,16
HORN3,H,15,14.8,15.8,70,-94.36220054165625,-70.43609117051875,-23.9261093711375,16
HORN3,H,15,14.8,15.8,80,-91.18457116746876,-70.43609117051875,-20.74847999695001,16
HORN3,H,15,14.8,15.8,90,-95.00740075505,-70.43609117051875,-24.57130958453125,16
HORN3,H,15,14.8,15.8,100,-95.42890062714375,-70.43609117051875,-24.992809456624997,16
HORN3,H,15,14.8,15.8,110,-92.64231695728125,-70.43609117051875,-22.206225786762502,16
HORN3,H,15,14.8,15.8,120,-92.5620240485625,-70.43609117051875,-22.125932878043756,16
HORN3,H,15,14.8,15.8,130,-90.7062128241125,-70.43609117051875,-20.270121653593748,16
HORN3,H,15,14.8,15.8,140,-91.80703968443126,-70.43609117051875,-21.37094851391251,16
HORN3,H,15,14.8,15.8,150,-93.07997247633125,-70.43609117051875,-22.6438813058125,16
HORN3,H,15,14.8,15.8,160,-92.91482245883125,-70.43609117051875,-22.478731288312503,16
HORN3,H,15,14.8,15.8,170,-94.05149215325625,-70.43609117051875,-23.615400982737498,16
HORN3,H,15,14.8,15.8,180,-94.9234234173125,-70.43609117051875,-24.487332246793756,16
HORN4,H,15,14.8,15.8,0,-71.72101925295625,-71.72101925295625,0.0,16
HORN4,H,15,14.8,15.8,10,-72.61119226519375,-71.72101925295625,-0.8901730122374971,16
HORN4,H,15,14.8,15.8,20,-74.5658262514125,-71.72101925295625,-2.8448069984562494,16
HORN4,H,15,14.8,15.8,30,-79.35652016130625,-71.72101925295625,-7.6355009083499965,16
HORN4,H,15,14.8,15.8,40,-85.29093011825626,-71.72101925295625,-13.569910865300002,16
HORN4,H,15,14.8,15.8,50,-90.1464482816,-71.72101925295625,-18.425429028643748,16
HORN4,H,15,14.8,15.8,60,-91.22469148615,-71.72101925295625,-19.50367223319374,16
HORN4,H,15,14.8,15.8,70,-93.68066107310625,-71.72101925295625,-21.959641820149997,16
HORN4,H,15,14.8,15.8,80,-93.3882446718375,-71.72101925295625,-21.667225418881245,16
HORN4,H,15,14.8,15.8,90,-97.24230745598125,-71.72101925295625,-25.521288203024994,16
HORN4,H,15,14.8,15.8,100,-93.68850989457499,-71.72101925295625,-21.96749064161874,16
HORN4,H,15,14.8,15.8,110,-91.94076741841249,-71.72101925295625,-20.219748165456238,16
HORN4,H,15,14.8,15.8,120,-96.0694836526,-71.72101925295625,-24.348464399643746,16
HORN4,H,15,14.8,15.8,130,-94.796461256425,-71.72101925295625,-23.07544200346875,16
HORN4,H,15,14.8,15.8,140,-93.9256744299625,-71.72101925295625,-22.204655177006245,16
HORN4,H,15,14.8,15.8,150,-94.266297041775,-71.72101925295625,-22.54527778881875,16
HORN4,H,15,14.8,15.8,160,-94.58944568710625,-71.72101925295625,-22.868426434149995,16
HORN4,H,15,14.8,15.8,170,-95.5368395320875,-71.72101925295625,-23.815820279131245,16
HORN4,H,15,14.8,15.8,180,-97.20031185065,-71.72101925295625,-25.479292597693743,16
HORN5,H,15,14.8,15.8,0,-75.31837160975,-75.31837160975,0.0,16
HORN5,H,15,14.8,15.8,10,-76.437921345475,-75.31837160975,-1.119549735725002,16
HORN5,H,15,14.8,15.8,20,-78.9024233230125,-75.31837160975,-3.5840517132624967,16
HORN5,H,15,14.8,15.8,30,-82.7945192141375,-75.31837160975,-7.476147604387492,16
HORN5,H,15,14.8,15.8,40,-88.76964216321875,-75.31837160975,-13.451270553468746,16
HORN5,H,15,14.8,15.8,50,-95.36964823605,-75.31837160975,-20.051276626299995,16
HORN5,H,15,14.8,15.8,60,-94.72290207480626,-75.31837160975,-19.404530465056254,16
HORN5,H,15,14.8,15.8,70,-98.06702776244374,-75.31837160975,-22.74865615269374,16
HORN5,H,15,14.8,15.8,80,-95.74570213434376,-75.31837160975,-20.427330524593756,16
HORN5,H,15,14.8,15.8,90,-92.93055880485,-75.31837160975,-17.61218719509999,16
HORN5,H,15,14.8,15.8,100,-95.12350785283124,-75.31837160975,-19.805136243081236,16
HORN5,H,15,14.8,15.8,110,-93.18836593153125,-75.31837160975,-17.86999432178125,16
HORN5,H,15,14.8,15.8,120,-92.52725180421251,-75.31837160975,-17.20888019446251,16
HORN5,H,15,14.8,15.8,130,-96.006960509175,-75.31837160975,-20.688588899425,16
HORN5,H,15,14.8,15.8,140,-94.57698073398126,-75.31837160975,-19.258609124231256,16
HORN5,H,15,14.8,15.8,150,-94.72598192876251,-75.31837160975,-19.407610319012505,16
HORN5,H,15,14.8,15.8,160,-92.75441686643124,-75.31837160975,-17.43604525668124,16
HORN5,H,15,14.8,15.8,170,-98.90822297323125,-75.31837160975,-23.589851363481245,16
HORN5,H,15,14.8,15.8,180,-97.77235926396875,-75.31837160975,-22.45398765421875,16
HORN6,H,15,14.8,15.8,0,-74.85315063985625,-74.85315063985625,0.0,16
HORN6,H,15,14.8,15.8,10,-75.903890241775,-74.85315063985625,-1.0507396019187496,16
HORN6,H,15,14.8,15.8,20,-77.83374326176249,-74.85315063985625,-2.98059262190624,16
HORN6,H,15,14.8,15.8,30,-82.556305623,-74.85315063985625,-7.703154983143747,16
HORN6,H,15,14.8,15.8,40,-89.03337909954375,-74.85315063985625,-14.180228459687498,16
HORN6,H,15,14.8,15.8,50,-94.42437923579375,-74.85315063985625,-19.571228595937498,16
HORN6,H,15,14.8,15.8,60,-95.719138907575,-74.85315063985625,-20.86598826771875,16
HORN6,H,15,14.8,15.8,70,-97.2100625546625,-74.85315063985625,-22.356911914806247,16
HORN6,H,15,14.8,15.8,80,-96.7660779052,-74.85315063985625,-21.912927265343754,16
HORN6,H,15,14.8,15.8,90,-96.56870606804375,-74.85315063985625,-21.7155554281875,16
HORN6,H,15,14.8,15.8,100,-95.28388965346875,-74.85315063985625,-20.430739013612495,16
HORN6,H,15,14.8,15.8,110,-93.22550380180624,-74.85315063985625,-18.372353161949988,16
HORN6,H,15,14.8,15.8,120,-91.52973043206251,-74.85315063985625,-16.676579792206255,16
HORN6,H,15,14.8,15.8,130,-92.74947128513125,-74.85315063985625,-17.896320645274997,16
HORN6,H,15,14.8,15.8,140,-94.34136850686876,-74.85315063985625,-19.48821786701251,16
HORN6,H,15,14.8,15.8,150,-93.523341887425,-74.85315063985625,-18.670191247568752,16
HORN6,H,15,14.8,15.8,160,-94.613007366125,-74.85315063985625,-19.75985672626875,16
HORN6,H,15,14.8,15.8,170,-95.67550090833751,-74.85315063985625,-20.82235026848126,16
HORN6,H,15,14.8,15.8,180,-95.61006252330625,-74.85315063985625,-20.75691188345,16
HORN7,H,15,14.8,15.8,0,-74.52921729945626,-74.52921729945626,0.0,16
HORN7,H,15,14.8,15.8,10,-75.70036938784375,-74.52921729945626,-1.1711520883874869,16
HORN7,H,15,14.8,15.8,20,-77.75993080270625,-74.52921729945626,-3.230713503249987,16
HORN7,H,15,14.8,15.8,30,-82.88726382893125,-74.52921729945626,-8.35804652947499,16
HORN7,H,15,14.8,15.8,40,-91.03352831704998,-74.52921729945626,-16.50431101759372,16
HORN7,H,15,14.8,15.8,50,-92.0683788456875,-74.52921729945626,-17.53916154623124,16
HORN7,H,15,14.8,15.8,60,-92.85812955156874,-74.52921729945626,-18.328912252112474,16
HORN7,H,15,14.8,15.8,70,-95.43057144751249,-74.52921729945626,-20.901354148056228,16
HORN7,H,15,14.8,15.8,80,-93.77029307383751,-74.52921729945626,-19.241075774381244,16
HORN7,H,15,14.8,15.8,90,-92.3471496310375,-74.52921729945626,-17.817932331581233,16
HORN7,H,15,14.8,15.8,100,-95.16519787141875,-74.52921729945626,-20.63598057196249,16
HORN7,H,15,14.8,15.8,110,-95.02037748456875,-74.52921729945626,-20.49116018511249,16
HORN7,H,15,14.8,15.8,120,-92.49665250594376,-74.52921729945626,-17.967435206487494,16
HORN7,H,15,14.8,15.8,130,-91.93196266646875,-74.52921729945626,-17.402745367012486,16
HORN7,H,15,14.8,15.8,140,-91.74736658213749,-74.52921729945626,-17.218149282681225,16
HORN7,H,15,14.8,15.8,150,-93.98451832893124,-74.52921729945626,-19.45530102947498,16
HORN7,H,15,14.8,15.8,160,-92.04617300811874,-74.52921729945626,-17.51695570866248,16
HORN7,H,15,14.8,15.8,170,-93.53536431601874,-74.52921729945626,-19.00614701656248,16
HORN7,H,15,14.8,15.8,180,-94.206712873225,-74.52921729945626,-19.677495573768738,16
HORN8,H,15,14.8,15.8,0,-77.18796165084375,-77.18796165084375,0.0,16
HORN8,H,15,14.8,15.8,10,-77.81008953544999,-77.18796165084375,-0.6221278846062432,16
HORN8,H,15,14.8,15.8,20,-79.24805949499375,-77.18796165084375,-2.0600978441500075,16
HORN8,H,15,14.8,15.8,30,-82.05593363528126,-77.18796165084375,-4.867971984437517,16
HORN8,H,15,14.8,15.8,40,-85.453563747275,-77.18796165084375,-8.265602096431252,16
HORN8,H,15,14.8,15.8,50,-92.7775984484375,-77.18796165084375,-15.589636797593755,16
HORN8,H,15,14.8,15.8,60,-92.95065253068125,-77.18796165084375,-15.762690879837507,16
HORN8,H,15,14.8,15.8,70,-92.42951700348124,-77.18796165084375,-15.24155535263749,16
HORN8,H,15,14.8,15.8,80,-93.7655559293625,-77.18796165084375,-16.57759427851876,16
HORN8,H,15,14.8,15.8,90,-94.4663336660375,-77.18796165084375,-17.278372015193753,16
HORN8,H,15,14.8,15.8,100,-94.58898274719374,-77.18796165084375,-17.401021096349993,16
HORN8,H,15,14.8,15.8,110,-94.81267545540001,-77.18796165084375,-17.624713804556265,16
HORN8,H,15,14.8,15.8,120,-93.02998120739375,-77.18796165084375,-15.84201955655,16
HORN8,H,15,14.8,15.8,130,-93.69995013150626,-77.18796165084375,-16.51198848066251,16
HORN8,H,15,14.8,15.8,140,-93.54644336070625,-77.18796165084375,-16.358481709862502,16
HORN8,H,15,14.8,15.8,150,-94.43811507136252,-77.18796165084375,-17.25015342051877,16
HORN8,H,15,14.8,15.8,160,-95.61287801945625,-77.18796165084375,-18.4249163686125,16
HORN8,H,15,14.8,15.8,170,-96.57911190883125,-77.18796165084375,-19.391150257987505,16
HORN8,H,15,14.8,15.8,180,-96.7879000484125,-77.18796165084375,-19.59993839756875,16
HORN1,H,16,15.8,16.8,0,-61.9717439935,-61.9717439935,0.0,15
HORN1,H,16,15.8,16.8,10,-63.15416538343333,-61.9717439935,-1.1824213899333316,15
HORN1,H,16,15.8,16.8,20,-65.96835847529333,-61.9717439935,-3.99661448179333,15
HORN1,H,16,15.8,16.8,30,-70.12522230062,-61.9717439935,-8.153478307119997,15
HORN1,H,16,15.8,16.8,40,-76.10609146089999,-61.9717439935,-14.13434746739999,15
HORN1,H,16,15.8,16.8,50,-81.47760181175333,-61.9717439935,-19.505857818253332,15
HORN1,H,16,15.8,16.8,60,-86.38121517671334,-61.9717439935,-24.40947118321334,15
HORN1,H,16,15.8,16.8,70,-88.70192660996,-61.9717439935,-26.73018261646,15
HORN1,H,16,15.8,16.8,80,-86.92001431227332,-61.9717439935,-24.948270318773325,15
HORN1,H,16,15.8,16.8,90,-88.0407661389,-61.9717439935,-26.069022145399998,15
HORN1,H,16,15.8,16.8,100,-87.58998033284001,-61.9717439935,-25.618236339340015,15
HORN1,H,16,15.8,16.8,110,-87.59792312588,-61.9717439935,-25.626179132380003,15
HORN1,H,16,15.8,16.8,120,-88.04896635331333,-61.9717439935,-26.077222359813334,15
HORN1,H,16,15.8,16.8,130,-85.39048131750666,-61.9717439935,-23.418737324006656,15
HORN1,H,16,15.8,16.8,140,-86.53617404906667,-61.9717439935,-24.564430055566675,15
HORN1,H,16,15.8,16.8,150,-89.58021223228666,-61.9717439935,-27.608468238786656,15
HORN1,H,16,15.8,16.8,160,-87.47274567262666,-61.9717439935,-25.50100167912666,15
HORN1,H,16,15.8,16.8,170,-90.48187057571333,-61.9717439935,-28.51012658221333,15
HORN1,H,16,15.8,16.8,180,-91.87315864402666,-61.9717439935,-29.90141465052666,15
HORN2,H,16,15.8,16.8,0,-70.87442617329333,-70.87442617329333,0.0,15
HORN2,H,16,15.8,16.8,10,-71.89024842716667,-70.87442617329333,-1.0158222538733384,15
HORN2,H,16,15.8,16.8,20,-74.09020012526668,-70.87442617329333,-3.215773951973347,15
HORN2,H,16,15.8,16.8,30,-79.11766678006667,-70.87442617329333,-8.243240606773341,15
HORN2,H,16,15.8,16.8,40,-84.09229545746668,-70.87442617329333,-13.217869284173347,15
HORN2,H,16,15.8,16.8,50,-91.66592263016668,-70.87442617329333,-20.791496456873347,15
HORN2,H,16,15.8,16.8,60,-93.64528828574666,-70.87442617329333,-22.77086211245333,15
HORN2,H,16,15.8,16.8,70,-93.49716334771334,-70.87442617329333,-22.62273717442001,15
HORN2,H,16,15.8,16.8,80,-91.26337838748667,-70.87442617329333,-20.38895221419334,15
HORN2,H,16,15.8,16.8,90,-91.71834777139999,-70.87442617329333,-20.84392159810666,15
HORN2,H,16,15.8,16.8,100,-90.19973300518001,-70.87442617329333,-19.325306831886678,15
HORN2,H,16,15.8,16.8,110,-90.33362124983333,-70.87442617329333,-19.45919507654,15
HORN2,H,16,15.8,16.8,120,-88.47456551335333,-70.87442617329333,-17.600139340059997,15
HORN2,H,16,15.8,16.8,130,-88.56779714970666,-70.87442617329333,-17.693370976413334,15
HORN2,H,16,15.8,16.8,140,-89.74071231751999,-70.87442617329333,-18.866286144226663,15
HORN2,H,16,15.8,16.8,150,-88.32591538599998,-70.87442617329333,-17.451489212706647,15
HORN2,H,16,15.8,16.8,160,-90.05192675095334,-70.87442617329333,-19.177500577660012,15
HORN2,H,16,15.8,16.8,170,-91.24515436907998,-70.87442617329333,-20.370728195786654,15
HORN2,H,16,15.8,16.8,180,-90.45395754757334,-70.87442617329333,-19.57953137428001,15
HORN3,H,16,15.8,16.8,0,-70.63602766210667,-70.63602766210667,0.0,15
HORN3,H,16,15.8,16.8,10,-71.29139774389334,-70.63602766210667,-0.6553700817866712,15
HORN3,H,16,15.8,16.8,20,-73.18618600155332,-70.63602766210667,-2.5501583394466536,15
HORN3,H,16,15.8,16.8,30,-77.53243664688667,-70.63602766210667,-6.896408984779995,15
HORN3,H,16,15.8,16.8,40,-82.77993778358001,-70.63602766210667,-12.14391012147334,15
HORN3,H,16,15.8,16.8,50,-89.01439936248667,-70.63602766210667,-18.37837170038,15
HORN3,H,16,15.8,16.8,60,-92.01452528349334,-70.63602766210667,-21.37849762138667,15
HORN3,H,16,15.8,16.8,70,-93.69412758062666,-70.63602766210667,-23.058099918519986,15
HORN3,H,16,15.8,16.8,80,-93.48564640715334,-70.63602766210667,-22.84961874504667,15
HORN3,H,16,15.8,16.8,90,-95.45159478858668,-70.63602766210667,-24.815567126480005,15
HORN3,H,16,15.8,16.8,100,-95.46280894785333,-70.63602766210667,-24.826781285746662,15
HORN3,H,16,15.8,16.8,110,-93.62510680084667,-70.63602766210667,-22.989079138739996,15
HORN3,H,16,15.8,16.8,120,-94.22090033711335,-70.63602766210667,-23.58487267500668,15
HORN3,H,16,15.8,16.8,130,-93.32693686026666,-70.63602766210667,-22.690909198159986,15
HORN3,H,16,15.8,16.8,140,-92.80734893598667,-70.63602766210667,-22.171321273879997,15
HORN3,H,16,15.8,16.8,150,-93.50335663908,-70.63602766210667,-22.867328976973326,15
HORN3,H,16,15.8,16.8,160,-93.03596225105333,-70.63602766210667,-22.399934588946664,15
HORN3,H,16,15.8,16.8,170,-95.02599797336,-70.63602766210667,-24.389970311253336,15
HORN3,H,16,15.8,16.8,180,-93.52448497290668,-70.63602766210667,-22.888457310800007,15
HORN4,H,16,15.8,16.8,0,-71.91393251495333,-71.91393251495333,0.0,15
HORN4,H,16,15.8,16.8,10,-72.76309364410666,-71.91393251495333,-0.8491611291533303,15
HORN4,H,16,15.8,16.8,20,-75.27656794420665,-71.91393251495333,-3.3626354292533165,15
HORN4,H,16,15.8,16.8,30,-79.27436710235999,-71.91393251495333,-7.360434587406658,15
HORN4,H,16,15.8,16.8,40,-85.19409549458,-71.91393251495333,-13.280162979626667,15
HORN4,H,16,15.8,16.8,50,-89.34814760474,-71.91393251495333,-17.434215089786676,15
HORN4,H,16,15.8,16.8,60,-94.14553044876,-71.91393251495333,-22.23159793380667,15
HORN4,H,16,15.8,16.8,70,-99.25346183748,-71.91393251495333,-27.339529322526673,15
HORN4,H,16,15.8,16.8,80,-95.72343658141331,-71.91393251495333,-23.80950406645998,15
HORN4,H,16,15.8,16.8,90,-95.65553142918665,-71.91393251495333,-23.74159891423332,15
HORN4,H,16,15.8,16.8,100,-94.88060354180666,-71.91393251495333,-22.966671026853334,15
HORN4,H,16,15.8,16.8,110,-96.23473031648,-71.91393251495333,-24.320797801526666,15
HORN4,H,16,15.8,16.8,120,-94.69575381424667,-71.91393251495333,-22.78182129929334,15
HORN4,H,16,15.8,16.8,130,-95.81283679186001,-71.91393251495333,-23.898904276906677,15
HORN4,H,16,15.8,16.8,140,-93.39576649592665,-71.91393251495333,-21.48183398097332,15
HORN4,H,16,15.8,16.8,150,-96.02618899885334,-71.91393251495333,-24.112256483900012,15
HORN4,H,16,15.8,16.8,160,-94.19265434313334,-71.91393251495333,-22.27872182818001,15
HORN4,H,16,15.8,16.8,170,-96.40127357669333,-71.91393251495333,-24.487341061739997,15
HORN4,H,16,15.8,16.8,180,-97.98490250113333,-71.91393251495333,-26.070969986180003,15
HORN5,H,16,15.8,16.8,0,-75.53463293945333,-75.53463293945333,0.0,15
HORN5,H,16,15.8,16.8,10,-77.15593597282002,-75.53463293945333,-1.6213030333666865,15
HORN5,H,16,15.8,16.8,20,-78.91971895572001,-75.53463293945333,-3.3850860162666834,15
HORN5,H,16,15.8,16.8,30,-84.08681023147999,-75.53463293945333,-8.552177292026656,15
HORN5,H,16,15.8,16.8,40,-92.08914769830001,-75.53463293945333,-16.55451475884668,15
HORN5,H,16,15.8,16.8,50,-95.40093261124,-75.53463293945333,-19.866299671786663,15
HORN5,H,16,15.8,16.8,60,-96.40457314520668,-75.53463293945333,-20.869940205753352,15
HORN5,H,16,15.8,16.8,70,-95.17082353612001,-75.53463293945333,-19.63619059666668,15
HORN5,H,16,15.8,16.8,80,-96.16639239364667,-75.53463293945333,-20.631759454193343,15
HORN5,H,16,15.8,16.8,90,-95.43678405937334,-75.53463293945333,-19.902151119920006,15
HORN5,H,16,15.8,16.8,100,-95.71258905018665,-75.53463293945333,-20.17795611073332,15
HORN5,H,16,15.8,16.8,110,-94.28266372058667,-75.53463293945333,-18.748030781133338,15
HORN5,H,16,15.8,16.8,120,-94.52576836230666,-75.53463293945333,-18.991135422853333,15
HORN5,H,16,15.8,16.8,130,-96.02406763953334,-75.53463293945333,-20.48943470008001,15
HORN5,H,16,15.8,16.8,140,-92.92802942740667,-75.53463293945333,-17.39339648795334,15
HORN5,H,16,15.8,16.8,150,-95.45912193530002,-75.53463293945333,-19.924488995846687,15
HORN5,H,16,15.8,16.8,160,-94.42751758576667,-75.53463293945333,-18.892884646313334,15
HORN5,H,16,15.8,16.8,170,-95.82096767132667,-75.53463293945333,-20.28633473187334,15
HORN5,H,16,15.8,16.8,180,-98.53953941746664,-75.53463293945333,-23.00490647801331,15
HORN6,H,16,15.8,16.8,0,-74.94917571625334,-74.94917571625334,0.0,15
HORN6,H,16,15.8,16.8,10,-75.56481371154,-74.94917571625334,-0.6156379952866615,15
HORN6,H,16,15.8,16.8,20,-77.99801287739334,-74.94917571625334,-3.04883716114,15
HORN6,H,16,15.8,16.8,30,-81.65050533355334,-74.94917571625334,-6.701329617300004,15
HORN6,H,16,15.8,16.8,40,-86.69545799037333,-74.94917571625334,-11.746282274119991,15
HORN6,H,16,15.8,16.8,50,-90.99069358484667,-74.94917571625334,-16.04151786859333,15
HORN6,H,16,15.8,16.8,60,-94.11043948614,-74.94917571625334,-19.16126376988666,15
HORN6,H,16,15.8,16.8,70,-95.22325926474,-74.94917571625334,-20.274083548486658,15
HORN6,H,16,15.8,16.8,80,-96.94801308418666,-74.94917571625334,-21.99883736793332,15
HORN6,H,16,15.8,16.8,90,-94.85310979376666,-74.94917571625334,-19.903934077513327,15
HORN6,H,16,15.8,16.8,100,-93.31640524688001,-74.94917571625334,-18.367229530626673,15
HORN6,H,16,15.8,16.8,110,-93.52767868354667,-74.94917571625334,-18.578502967293332,15
HORN6,H,16,15.8,16.8,120,-94.24402391819332,-74.94917571625334,-19.294848201939985,15
HORN6,H,16,15.8,16.8,130,-90.78734713287335,-74.94917571625334,-15.838171416620014,15
HORN6,H,16,15.8,16.8,140,-95.40135819556001,-74.94917571625334,-20.45218247930667,15
HORN6,H,16,15.8,16.8,150,-95.52738118954667,-74.94917571625334,-20.578205473293337,15
HORN6,H,16,15.8,16.8,160,-95.82965815318667,-74.94917571625334,-20.880482436933335,15
HORN6,H,16,15.8,16.8,170,-92.57966591309999,-74.94917571625334,-17.63049019684665,15
HORN6,H,16,15.8,16.8,180,-94.11024549087333,-74.94917571625334,-19.16106977461999,15
HORN7,H,16,15.8,16.8,0,-74.93618398218001,-74.93618398218001,0.0,15
HORN7,H,16,15.8,16.8,10,-75.90387802390667,-74.93618398218001,-0.9676940417266593,15
HORN7,H,16,15.8,16.8,20,-79.01649359872667,-74.93618398218001,-4.080309616546657,15
HORN7,H,16,15.8,16.8,30,-81.47026413089334,-74.93618398218001,-6.534080148713329,15
HORN7,H,16,15.8,16.8,40,-87.27911152129334,-74.93618398218001,-12.342927539113333,15
HORN7,H,16,15.8,16.8,50,-89.93555037958002,-74.93618398218001,-14.99936639740001,15
HORN7,H,16,15.8,16.8,60,-92.94898428917332,-74.93618398218001,-18.012800306993313,15
HORN7,H,16,15.8,16.8,70,-96.74472447799998,-74.93618398218001,-21.80854049581997,15
HORN7,H,16,15.8,16.8,80,-91.06786205086001,-74.93618398218001,-16.131678068680003,15
HORN7,H,16,15.8,16.8,90,-92.68609721984667,-74.93618398218001,-17.74991323766666,15
HORN7,H,16,15.8,16.8,100,-94.36041141044667,-74.93618398218001,-19.42422742826666,15
HORN7,H,16,15.8,16.8,110,-93.58744770406,-74.93618398218001,-18.651263721879985,15
HORN7,H,16,15.8,16.8,120,-93.98504634286665,-74.93618398218001,-19.04886236068664,15
HORN7,H,16,15.8,16.8,130,-92.10302414110667,-74.93618398218001,-17.16684015892666,15
HORN7,H,16,15.8,16.8,140,-94.39884365648,-74.93618398218001,-19.462659674299985,15
HORN7,H,16,15.8,16.8,150,-95.65112253546664,-74.93618398218001,-20.71493855328663,15
HORN7,H,16,15.8,16.8,160,-94.46474863976002,-74.93618398218001,-19.528564657580006,15
HORN7,H,16,15.8,16.8,170,-94.7143999306,-74.93618398218001,-19.778215948419984,15
HORN7,H,16,15.8,16.8,180,-92.97984279775334,-74.93618398218001,-18.043658815573323,15
HORN8,H,16,15.8,16.8,0,-77.01048690383331,-77.01048690383331,0.0,15
HORN8,H,16,15.8,16.8,10,-78.75129269634667,-77.01048690383331,-1.7408057925133562,15
HORN8,H,16,15.8,16.8,20,-82.49736507652003,-77.01048690383331,-5.4868781726867155,15
HORN8,H,16,15.8,16.8,30,-84.79941582930665,-77.01048690383331,-7.788928925473343,15
HORN8,H,16,15.8,16.8,40,-88.66445492160668,-77.01048690383331,-11.653968017773366,15
HORN8,H,16,15.8,16.8,50,-95.56634939636,-77.01048690383331,-18.555862492526686,15
HORN8,H,16,15.8,16.8,60,-95.40613775675334,-77.01048690383331,-18.395650852920028,15
HORN8,H,16,15.8,16.8,70,-91.68728178209999,-77.01048690383331,-14.676794878266676,15
HORN8,H,16,15.8,16.8,80,-93.93628438890664,-77.01048690383331,-16.925797485073332,15
HORN8,H,16,15.8,16.8,90,-93.14378978660667,-77.01048690383331,-16.133302882773364,15
HORN8,H,16,15.8,16.8,100,-97.98948194969334,-77.01048690383331,-20.97899504586003,15
HORN8,H,16,15.8,16.8,110,-93.85457569702,-77.01048690383331,-16.844088793186685,15
HORN8,H,16,15.8,16.8,120,-93.88866279028001,-77.01048690383331,-16.878175886446698,15
HORN8,H,16,15.8,16.8,130,-94.02161116813333,-77.01048690383331,-17.011124264300022,15
HORN8,H,16,15.8,16.8,140,-96.16606113870002,-77.01048690383331,-19.155574234866705,15
HORN8,H,16,15.8,16.8,150,-95.99806492748002,-77.01048690383331,-18.987578023646705,15
HORN8,H,16,15.8,16.8,160,-91.43402999416,-77.01048690383331,-14.423543090326689,15
HORN8,H,16,15.8,16.8,170,-94.91002129651334,-77.01048690383331,-17.899534392680025,15
HORN8,H,16,15.8,16.8,180,-96.76434255895333,-77.01048690383331,-19.75385565512002,15
HORN1,H,17,16.8,17.8,0,-68.20706182696667,-68.20706182696667,0.0,15
HORN1,H,17,16.8,17.8,10,-69.68439076238668,-68.20706182696667,-1.4773289354200188,15
HORN1,H,17,16.8,17.8,20,-71.72197664652002,-68.20706182696667,-3.514914819553354,15
HORN1,H,17,16.8,17.8,30,-74.78564509462,-68.20706182696667,-6.578583267653329,15
HORN1,H,17,16.8,17.8,40,-80.81788716333335,-68.20706182696667,-12.610825336366688,15
HORN1,H,17,16.8,17.8,50,-80.63967768700668,-68.20706182696667,-12.432615860040016,15
HORN1,H,17,16.8,17.8,60,-81.58937663846667,-68.20706182696667,-13.38231481150001,15
HORN1,H,17,16.8,17.8,70,-86.93020641204,-68.20706182696667,-18.723144585073328,15
HORN1,H,17,16.8,17.8,80,-87.38271369800002,-68.20706182696667,-19.175651871033352,15
HORN1,H,17,16.8,17.8,90,-88.48444245466,-68.20706182696667,-20.277380627693333,15
HORN1,H,17,16.8,17.8,100,-89.21841661376668,-68.20706182696667,-21.011354786800013,15
HORN1,H,17,16.8,17.8,110,-88.28183023845999,-68.20706182696667,-20.074768411493324,15
HORN1,H,17,16.8,17.8,120,-92.20567136941334,-68.20706182696667,-23.998609542446673,15
HORN1,H,17,16.8,17.8,130,-89.80398566524,-68.20706182696667,-21.59692383827334,15
HORN1,H,17,16.8,17.8,140,-88.45328718259334,-68.20706182696667,-20.246225355626677,15
HORN1,H,17,16.8,17.8,150,-87.3193572788933,-68.20706182696667,-19.11229545192664,15
HORN1,H,17,16.8,17.8,160,-90.07564511306667,-68.20706182696667,-21.868583286100005,15
HORN1,H,17,16.8,17.8,170,-91.02635597171333,-68.20706182696667,-22.819294144746664,15
HORN1,H,17,16.8,17.8,180,-93.65699977683336,-68.20706182696667,-25.449937949866694,15
HORN2,H,17,16.8,17.8,0,-77.56079441738667,-77.56079441738667,0.0,15
HORN2,H,17,16.8,17.8,10,-78.36701287698669,-77.56079441738667,-0.8062184596000179,15
HORN2,H,17,16.8,17.8,20,-79.66207676470665,-77.56079441738667,-2.10128234731998,15
HORN2,H,17,16.8,17.8,30,-83.85107664456001,-77.56079441738667,-6.290282227173336,15
HORN2,H,17,16.8,17.8,40,-88.94906977908667,-77.56079441738667,-11.388275361699996,15
HORN2,H,17,16.8,17.8,50,-92.67418656240001,-77.56079441738667,-15.113392145013336,15
HORN2,H,17,16.8,17.8,60,-94.43721615782667,-77.56079441738667,-16.876421740439994,15
HORN2,H,17,16.8,17.8,70,-93.52322887828,-77.56079441738667,-15.96243446089332,15
HORN2,H,17,16.8,17.8,80,-95.93501961142003,-77.56079441738667,-18.374225194033357,15
HORN2,H,17,16.8,17.8,90,-95.01209768864666,-77.56079441738667,-17.451303271259988,15
HORN2,H,17,16.8,17.8,100,-95.69969928985334,-77.56079441738667,-18.138904872466668,15
HORN2,H,17,16.8,17.8,110,-95.36548933878,-77.56079441738667,-17.80469492139332,15
HORN2,H,17,16.8,17.8,120,-93.57821734678001,-77.56079441738667,-16.017422929393334,15
HORN2,H,17,16.8,17.8,130,-92.57155879292002,-77.56079441738667,-15.010764375533341,15
HORN2,H,17,16.8,17.8,140,-92.24587158899332,-77.56079441738667,-14.68507717160665,15
HORN2,H,17,16.8,17.8,150,-94.38308235320667,-77.56079441738667,-16.82228793582,15
HORN2,H,17,16.8,17.8,160,-94.23601332949332,-77.56079441738667,-16.675218912106644,15
HORN2,H,17,16.8,17.8,170,-94.94915712849335,-77.56079441738667,-17.38836271110668,15
HORN2,H,17,16.8,17.8,180,-92.08798159934001,-77.56079441738667,-14.527187181953337,15
HORN3,H,17,16.8,17.8,0,-77.09428760764668,-77.09428760764668,0.0,15
HORN3,H,17,16.8,17.8,10,-77.43646169333333,-77.09428760764668,-0.34217408568665064,15
HORN3,H,17,16.8,17.8,20,-79.63487017154667,-77.09428760764668,-2.5405825638999886,15
HORN3,H,17,16.8,17.8,30,-82.22992082943334,-77.09428760764668,-5.135633221786662,15
HORN3,H,17,16.8,17.8,40,-86.35106878986001,-77.09428760764668,-9.25678118221333,15
HORN3,H,17,16.8,17.8,50,-91.92366353519333,-77.09428760764668,-14.82937592754665,15
HORN3,H,17,16.8,17.8,60,-93.84760058694,-77.09428760764668,-16.753312979293327,15
HORN3,H,17,16.8,17.8,70,-95.15889866425333,-77.09428760764668,-18.06461105660665,15
HORN3,H,17,16.8,17.8,80,-94.65871256353336,-77.09428760764668,-17.56442495588668,15
HORN3,H,17,16.8,17.8,90,-92.26173771107337,-77.09428760764668,-15.167450103426688,15
HORN3,H,17,16.8,17.8,100,-94.97353830933335,-77.09428760764668,-17.879250701686672,15
HORN3,H,17,16.8,17.8,110,-95.62614231085334,-77.09428760764668,-18.531854703206662,15
HORN3,H,17,16.8,17.8,120,-98.12450459463335,-77.09428760764668,-21.030216986986673,15
HORN3,H,17,16.8,17.8,130,-94.59767099412666,-77.09428760764668,-17.50338338647998,15
HORN3,H,17,16.8,17.8,140,-93.09203917482667,-77.09428760764668,-15.99775156717999,15
HORN3,H,17,16.8,17.8,150,-96.91627328670002,-77.09428760764668,-19.82198567905334,15
HORN3,H,17,16.8,17.8,160,-95.97945827855999,-77.09428760764668,-18.88517067091331,15
HORN3,H,17,16.8,17.8,170,-95.64885863423333,-77.09428760764668,-18.554571026586657,15
HORN3,H,17,16.8,17.8,180,-95.18315475036665,-77.09428760764668,-18.088867142719977,15
HORN4,H,17,16.8,17.8,0,-77.78311687201334,-77.78311687201334,0.0,15
HORN4,H,17,16.8,17.8,10,-78.35823745421999,-77.78311687201334,-0.575120582206651,15
HORN4,H,17,16.8,17.8,20,-80.28728469870666,-77.78311687201334,-2.504167826693319,15
HORN4,H,17,16.8,17.8,30,-83.32624024832667,-77.78311687201334,-5.543123376313332,15
HORN4,H,17,16.8,17.8,40,-89.25792357878666,-77.78311687201334,-11.474806706773322,15
HORN4,H,17,16.8,17.8,50,-92.17488271424668,-77.78311687201334,-14.39176584223334,15
HORN4,H,17,16.8,17.8,60,-95.77678285293999,-77.78311687201334,-17.99366598092665,15
HORN4,H,17,16.8,17.8,70,-95.66150125003998,-77.78311687201334,-17.878384378026638,15
HORN4,H,17,16.8,17.8,80,-95.92292279479332,-77.78311687201334,-18.139805922779985,15
HORN4,H,17,16.8,17.8,90,-96.40511045110665,-77.78311687201334,-18.621993579093314,15
HORN4,H,17,16.8,17.8,100,-95.91612914537333,-77.78311687201334,-18.133012273359995,15
HORN4,H,17,16.8,17.8,110,-98.74655930295333,-77.78311687201334,-20.963442430939992,15
HORN4,H,17,16.8,17.8,120,-95.67494385826667,-77.78311687201334,-17.891826986253335,15
HORN4,H,17,16.8,17.8,130,-96.63829208627334,-77.78311687201334,-18.85517521426,15
HORN4,H,17,16.8,17.8,140,-97.84305581400668,-77.78311687201334,-20.059938941993337,15
HORN4,H,17,16.8,17.8,150,-93.43204414552,-77.78311687201334,-15.648927273506658,15
HORN4,H,17,16.8,17.8,160,-93.64424457157999,-77.78311687201334,-15.861127699566651,15
HORN4,H,17,16.8,17.8,170,-97.27440747884667,-77.78311687201334,-19.49129060683333,15
HORN4,H,17,16.8,17.8,180,-98.09408171068667,-77.78311687201334,-20.31096483867333,15
HORN5,H,17,16.8,17.8,0,-80.59530416667333,-80.59530416667333,0.0,15
HORN5,H,17,16.8,17.8,10,-81.69930817788668,-80.59530416667333,-1.1040040112133482,15
HORN5,H,17,16.8,17.8,20,-83.61495520903333,-80.59530416667333,-3.019651042359996,15
HORN5,H,17,16.8,17.8,30,-87.77568310549333,-80.59530416667333,-7.180378938819999,15
HORN5,H,17,16.8,17.8,40,-91.75017728914668,-80.59530416667333,-11.154873122473347,15
HORN5,H,17,16.8,17.8,50,-95.48199046890001,-80.59530416667333,-14.886686302226678,15
HORN5,H,17,16.8,17.8,60,-97.28827744296665,-80.59530416667333,-16.692973276293316,15
HORN5,H,17,16.8,17.8,70,-95.15822434975334,-80.59530416667333,-14.56292018308001,15
HORN5,H,17,16.8,17.8,80,-96.79288114062665,-80.59530416667333,-16.197576973953318,15
HORN5,H,17,16.8,17.8,90,-93.91598881776001,-80.59530416667333,-13.32068465108668,15
HORN5,H,17,16.8,17.8,100,-97.19445660573336,-80.59530416667333,-16.599152439060035,15
HORN5,H,17,16.8,17.8,110,-96.11852002020667,-80.59530416667333,-15.523215853533344,15
HORN5,H,17,16.8,17.8,120,-96.60938448162001,-80.59530416667333,-16.014080314946682,15
HORN5,H,17,16.8,17.8,130,-95.43569085077334,-80.59530416667333,-14.840386684100011,15
HORN5,H,17,16.8,17.8,140,-96.68771675088668,-80.59530416667333,-16.09241258421335,15
HORN5,H,17,16.8,17.8,150,-94.88944844612666,-80.59530416667333,-14.294144279453334,15
HORN5,H,17,16.8,17.8,160,-95.84898985667334,-80.59530416667333,-15.253685690000012,15
HORN5,H,17,16.8,17.8,170,-97.79706334920665,-80.59530416667333,-17.201759182533323,15
HORN5,H,17,16.8,17.8,180,-95.10036467798666,-80.59530416667333,-14.505060511313332,15
HORN6,H,17,16.8,17.8,0,-81.50606295272668,-81.50606295272668,0.0,15
HORN6,H,17,16.8,17.8,10,-80.91523611091334,-81.50606295272668,0.5908268418133389,15
HORN6,H,17,16.8,17.8,20,-83.88261326869332,-81.50606295272668,-2.3765503159666395,15
HORN6,H,17,16.8,17.8,30,-86.66504839486667,-81.50606295272668,-5.158985442139993,15
HORN6,H,17,16.8,17.8,40,-91.93401146280668,-81.50606295272668,-10.42794851008,15
HORN6,H,17,16.8,17.8,50,-95.26006548793333,-81.50606295272668,-13.754002535206652,15
HORN6,H,17,16.8,17.8,60,-97.22572303474,-81.50606295272668,-15.71966008201332,15
HORN6,H,17,16.8,17.8,70,-96.23658842487332,-81.50606295272668,-14.730525472146638,15
HORN6,H,17,16.8,17.8,80,-99.42784025058667,-81.50606295272668,-17.92177729785999,15
HORN6,H,17,16.8,17.8,90,-96.44450679655333,-81.50606295272668,-14.938443843826647,15
HORN6,H,17,16.8,17.8,100,-94.91169732015334,-81.50606295272668,-13.405634367426657,15
HORN6,H,17,16.8,17.8,110,-96.74780354693333,-81.50606295272668,-15.241740594206647,15
HORN6,H,17,16.8,17.8,120,-95.20985877243334,-81.50606295272668,-13.703795819706656,15
HORN6,H,17,16.8,17.8,130,-98.02900078896667,-81.50606295272668,-16.52293783623999,15
HORN6,H,17,16.8,17.8,140,-98.14257878535999,-81.50606295272668,-16.636515832633307,15
HORN6,H,17,16.8,17.8,150,-96.02574756165998,-81.50606295272668,-14.519684608933304,15
HORN6,H,17,16.8,17.8,160,-96.06421635851332,-81.50606295272668,-14.55815340578664,15
HORN6,H,17,16.8,17.8,170,-94.82288027096,-81.50606295272668,-13.31681731823332,15
HORN6,H,17,16.8,17.8,180,-94.97997233789333,-81.50606295272668,-13.47390938516665,15
HORN7,H,17,16.8,17.8,0,-80.3320656443,-80.3320656443,0.0,15
HORN7,H,17,16.8,17.8,10,-80.68197635380001,-80.3320656443,-0.34991070950000847,15
HORN7,H,17,16.8,17.8,20,-84.85863357796667,-80.3320656443,-4.526567933666669,15
HORN7,H,17,16.8,17.8,30,-86.75204893999334,-80.3320656443,-6.419983295693342,15
HORN7,H,17,16.8,17.8,40,-90.70054441836001,-80.3320656443,-10.368478774060009,15
HORN7,H,17,16.8,17.8,50,-94.62154684663332,-80.3320656443,-14.28948120233332,15
HORN7,H,17,16.8,17.8,60,-94.79061245708,-80.3320656443,-14.45854681278,15
HORN7,H,17,16.8,17.8,70,-96.03095470312668,-80.3320656443,-15.69888905882668,15
HORN7,H,17,16.8,17.8,80,-95.89548302563334,-80.3320656443,-15.563417381333338,15
HORN7,H,17,16.8,17.8,90,-94.46147499087333,-80.3320656443,-14.129409346573325,15
HORN7,H,17,16.8,17.8,100,-97.63094941877334,-80.3320656443,-17.29888377447334,15
HORN7,H,17,16.8,17.8,110,-95.85798741404,-80.3320656443,-15.525921769739995,15
HORN7,H,17,16.8,17.8,120,-94.33105488517334,-80.3320656443,-13.998989240873343,15
HORN7,H,17,16.8,17.8,130,-96.23792062286665,-80.3320656443,-15.905854978566651,15
HORN7,H,17,16.8,17.8,140,-93.38794807768,-80.3320656443,-13.055882433379992,15
HORN7,H,17,16.8,17.8,150,-96.59183429645334,-80.3320656443,-16.25976865215334,15
HORN7,H,17,16.8,17.8,160,-93.41986228510665,-80.3320656443,-13.087796640806644,15
HORN7,H,17,16.8,17.8,170,-95.62435281914667,-80.3320656443,-15.292287174846663,15
HORN7,H,17,16.8,17.8,180,-94.87844270407335,-80.3320656443,-14.546377059773349,15
HORN8,H,17,16.8,17.8,0,-83.69923058343333,-83.69923058343333,0.0,15
HORN8,H,17,16.8,17.8,10,-85.59054826510001,-83.69923058343333,-1.8913176816666777,15
HORN8,H,17,16.8,17.8,20,-89.40167405620669,-83.69923058343333,-5.7024434727733535,15
HORN8,H,17,16.8,17.8,30,-90.36062393208665,-83.69923058343333,-6.66139334865332,15
HORN8,H,17,16.8,17.8,40,-91.88556007592666,-83.69923058343333,-8.186329492493329,15
HORN8,H,17,16.8,17.8,50,-94.31019239676668,-83.69923058343333,-10.610961813333347,15
HORN8,H,17,16.8,17.8,60,-93.85947404196669,-83.69923058343333,-10.160243458533358,15
HORN8,H,17,16.8,17.8,70,-94.71989959899334,-83.69923058343333,-11.020669015560003,15
HORN8,H,17,16.8,17.8,80,-92.98544273334,-83.69923058343333,-9.28621214990666,15
HORN8,H,17,16.8,17.8,90,-93.82192965616666,-83.69923058343333,-10.122699072733326,15
HORN8,H,17,16.8,17.8,100,-93.87416699678668,-83.69923058343333,-10.17493641335335,15
HORN8,H,17,16.8,17.8,110,-94.21081581336001,-83.69923058343333,-10.51158522992668,15
HORN8,H,17,16.8,17.8,120,-94.94653980036,-83.69923058343333,-11.247309216926666,15
HORN8,H,17,16.8,17.8,130,-95.17150013100667,-83.69923058343333,-11.472269547573333,15
HORN8,H,17,16.8,17.8,140,-93.97912258543334,-83.69923058343333,-10.279892002000011,15
HORN8,H,17,16.8,17.8,150,-94.87575424550666,-83.69923058343333,-11.176523662073322,15
HORN8,H,17,16.8,17.8,160,-93.20831146024001,-83.69923058343333,-9.509080876806678,15
HORN8,H,17,16.8,17.8,170,-95.40524930386,-83.69923058343333,-11.70601872042667,15
HORN8,H,17,16.8,17.8,180,-96.54207372366,-83.69923058343333,-12.842843140226663,15
HORN1,H,18,17.8,18.8,0,-68.04821039954999,-68.04821039954999,0.0,4
HORN1,H,18,17.8,18.8,10,-69.8798353081,-68.04821039954999,-1.8316249085500118,4
HORN1,H,18,17.8,18.8,20,-72.90689126997499,-68.04821039954999,-4.858680870425005,4
HORN1,H,18,17.8,18.8,30,-76.15165407367499,-68.04821039954999,-8.103443674125003,4
HORN1,H,18,17.8,18.8,40,-75.4154681865,-68.04821039954999,-7.367257786950006,4
HORN1,H,18,17.8,18.8,50,-78.646285781925,-68.04821039954999,-10.598075382375015,4
HORN1,H,18,17.8,18.8,60,-79.91929656055001,-68.04821039954999,-11.871086161000022,4
HORN1,H,18,17.8,18.8,70,-83.86602090085,-68.04821039954999,-15.817810501300016,4
HORN1,H,18,17.8,18.8,80,-84.917665135625,-68.04821039954999,-16.869454736075014,4
HORN1,H,18,17.8,18.8,90,-86.988681145025,-68.04821039954999,-18.94047074547501,4
HORN1,H,18,17.8,18.8,100,-93.530944886375,-68.04821039954999,-25.48273448682501,4
HORN1,H,18,17.8,18.8,110,-88.98861811647501,-68.04821039954999,-20.940407716925023,4
HORN1,H,18,17.8,18.8,120,-97.104106727675,-68.04821039954999,-29.055896328125016,4
HORN1,H,18,17.8,18.8,130,-93.63685973017499,-68.04821039954999,-25.588649330625003,4
HORN1,H,18,17.8,18.8,140,-86.444753571125,-68.04821039954999,-18.39654317157502,4
HORN1,H,18,17.8,18.8,150,-87.686935889,-68.04821039954999,-19.63872548945001,4
HORN1,H,18,17.8,18.8,160,-88.847558094475,-68.04821039954999,-20.799347694925018,4
HORN1,H,18,17.8,18.8,170,-90.378877851425,-68.04821039954999,-22.330667451875016,4
HORN1,H,18,17.8,18.8,180,-95.09770120222501,-68.04821039954999,-27.049490802675024,4
HORN2,H,18,17.8,18.8,0,-77.485667773225,-77.485667773225,0.0,4
HORN2,H,18,17.8,18.8,10,-79.0802398016,-77.485667773225,-1.5945720283749978,4
HORN2,H,18,17.8,18.8,20,-82.076683903175,-77.485667773225,-4.591016129949992,4
HORN2,H,18,17.8,18.8,30,-85.89360968972501,-77.485667773225,-8.407941916500008,4
HORN2,H,18,17.8,18.8,40,-86.8705439499,-77.485667773225,-9.384876176674993,4
HORN2,H,18,17.8,18.8,50,-89.65498450215,-77.485667773225,-12.169316728924997,4
HORN2,H,18,17.8,18.8,60,-91.82906699567499,-77.485667773225,-14.343399222449989,4
HORN2,H,18,17.8,18.8,70,-94.516676699525,-77.485667773225,-17.03100892629999,4
HORN2,H,18,17.8,18.8,80,-94.481295544175,-77.485667773225,-16.995627770949994,4
HORN2,H,18,17.8,18.8,90,-91.88901755307499,-77.485667773225,-14.40334977984999,4
HORN2,H,18,17.8,18.8,100,-94.52933634070001,-77.485667773225,-17.04366856747501,4
HORN2,H,18,17.8,18.8,110,-94.64314394105,-77.485667773225,-17.157476167824996,4
HORN2,H,18,17.8,18.8,120,-105.442205389775,-77.485667773225,-27.956537616549994,4
HORN2,H,18,17.8,18.8,130,-93.576310858325,-77.485667773225,-16.090643085099998,4
HORN2,H,18,17.8,18.8,140,-94.57535311055,-77.485667773225,-17.089685337324994,4
HORN2,H,18,17.8,18.8,150,-94.280145370475,-77.485667773225,-16.794477597249994,4
HORN2,H,18,17.8,18.8,160,-97.956879510275,-77.485667773225,-20.471211737049998,4
HORN2,H,18,17.8,18.8,170,-102.95970387234999,-77.485667773225,-25.474036099124987,4
HORN2,H,18,17.8,18.8,180,-94.29131824345,-77.485667773225,-16.80565047022499,4
HORN3,H,18,17.8,18.8,0,-79.17099710385,-79.17099710385,0.0,4
HORN3,H,18,17.8,18.8,10,-79.46472859869999,-79.17099710385,-0.29373149484999317,4
HORN3,H,18,17.8,18.8,20,-84.58764421585,-79.17099710385,-5.416647112000007,4
HORN3,H,18,17.8,18.8,30,-89.2415539406,-79.17099710385,-10.07055683675,4
HORN3,H,18,17.8,18.8,40,-88.14954284075,-79.17099710385,-8.978545736900003,4
HORN3,H,18,17.8,18.8,50,-90.916694775075,-79.17099710385,-11.745697671225003,4
HORN3,H,18,17.8,18.8,60,-100.74545410537499,-79.17099710385,-21.57445700152499,4
HORN3,H,18,17.8,18.8,70,-96.38919466085001,-79.17099710385,-17.21819755700001,4
HORN3,H,18,17.8,18.8,80,-93.37507791792501,-79.17099710385,-14.204080814075013,4
HORN3,H,18,17.8,18.8,90,-95.490295267025,-79.17099710385,-16.319298163175006,4
HORN3,H,18,17.8,18.8,100,-92.34860590562499,-79.17099710385,-13.177608801774994,4
HORN3,H,18,17.8,18.8,110,-93.26620351047501,-79.17099710385,-14.09520640662501,4
HORN3,H,18,17.8,18.8,120,-96.0039859186,-79.17099710385,-16.832988814749996,4
HORN3,H,18,17.8,18.8,130,-94.13322535465001,-79.17099710385,-14.96222825080001,4
HORN3,H,18,17.8,18.8,140,-94.47080975589999,-79.17099710385,-15.299812652049994,4
HORN3,H,18,17.8,18.8,150,-98.645996229075,-79.17099710385,-19.474999125224997,4
HORN3,H,18,17.8,18.8,160,-101.8342357129,-79.17099710385,-22.663238609049998,4
HORN3,H,18,17.8,18.8,170,-98.08258191305,-79.17099710385,-18.911584809200008,4
HORN3,H,18,17.8,18.8,180,-97.1641493487,-79.17099710385,-17.993152244849995,4
HORN4,H,18,17.8,18.8,0,-79.279198461525,-79.279198461525,0.0,4
HORN4,H,18,17.8,18.8,10,-80.1706631415,-79.279198461525,-0.8914646799750017,4
HORN4,H,18,17.8,18.8,20,-81.606330095375,-79.279198461525,-2.3271316338500014,4
HORN4,H,18,17.8,18.8,30,-85.3064021576,-79.279198461525,-6.027203696075006,4
HORN4,H,18,17.8,18.8,40,-87.53516863795,-79.279198461525,-8.255970176424995,4
HORN4,H,18,17.8,18.8,50,-90.988113525775,-79.279198461525,-11.708915064250007,4
HORN4,H,18,17.8,18.8,60,-91.65552939977499,-79.279198461525,-12.376330938249993,4
HORN4,H,18,17.8,18.8,70,-95.09636455264999,-79.279198461525,-15.817166091124989,4
HORN4,H,18,17.8,18.8,80,-99.49367293855,-79.279198461525,-20.214474477025007,4
HORN4,H,18,17.8,18.8,90,-94.070653992225,-79.279198461525,-14.791455530700006,4
HORN4,H,18,17.8,18.8,100,-98.02656083369999,-79.279198461525,-18.74736237217499,4
HORN4,H,18,17.8,18.8,110,-98.13053597205,-79.279198461525,-18.851337510525,4
HORN4,H,18,17.8,18.8,120,-97.2971961741,-79.279198461525,-18.017997712574996,4
HORN4,H,18,17.8,18.8,130,-96.31935932415,-79.279198461525,-17.040160862625,4
HORN4,H,18,17.8,18.8,140,-94.59236296185,-79.279198461525,-15.313164500325001,4
HORN4,H,18,17.8,18.8,150,-95.649850525,-79.279198461525,-16.370652063475006,4
HORN4,H,18,17.8,18.8,160,-94.917996983575,-79.279198461525,-15.638798522049996,4
HORN4,H,18,17.8,18.8,170,-98.013368819775,-79.279198461525,-18.734170358249997,4
HORN4,H,18,17.8,18.8,180,-99.95762157647499,-79.279198461525,-20.678423114949993,4
HORN5,H,18,17.8,18.8,0,-83.47896327852501,-83.47896327852501,0.0,4
HORN5,H,18,17.8,18.8,10,-83.753905725975,-83.47896327852501,-0.2749424474499875,4
HORN5,H,18,17.8,18.8,20,-83.56585295935,-83.47896327852501,-0.0868896808249815,4
HORN5,H,18,17.8,18.8,30,-88.537026671975,-83.47896327852501,-5.058063393449984,4
HORN5,H,18,17.8,18.8,40,-92.6564408963,-83.47896327852501,-9.177477617774983,4
HORN5,H,18,17.8,18.8,50,-94.797510388225,-83.47896327852501,-11.318547109699992,4
HORN5,H,18,17.8,18.8,60,-93.659008551525,-83.47896327852501,-10.18004527299999,4
HORN5,H,18,17.8,18.8,70,-92.91847783985,-83.47896327852501,-9.439514561324984,4
HORN5,H,18,17.8,18.8,80,-93.43090595947498,-83.47896327852501,-9.95194268094997,4
HORN5,H,18,17.8,18.8,90,-93.1103820189,-83.47896327852501,-9.631418740374983,4
HORN5,H,18,17.8,18.8,100,-96.047681363275,-83.47896327852501,-12.568718084749989,4
HORN5,H,18,17.8,18.8,110,-100.24910106742499,-83.47896327852501,-16.770137788899973,4
HORN5,H,18,17.8,18.8,120,-101.0778020544,-83.47896327852501,-17.59883877587498,4
HORN5,H,18,17.8,18.8,130,-96.14734707349999,-83.47896327852501,-12.668383794974972,4
HORN5,H,18,17.8,18.8,140,-94.83393073444999,-83.47896327852501,-11.354967455924978,4
HORN5,H,18,17.8,18.8,150,-95.7748503921,-83.47896327852501,-12.295887113574992,4
HORN5,H,18,17.8,18.8,160,-97.347004875225,-83.47896327852501,-13.868041596699982,4
HORN5,H,18,17.8,18.8,170,-95.704873651425,-83.47896327852501,-12.225910372899989,4
HORN5,H,18,17.8,18.8,180,-96.57645107535,-83.47896327852501,-13.097487796824979,4
HORN6,H,18,17.8,18.8,0,-84.1080009642,-84.1080009642,0.0,4
HORN6,H,18,17.8,18.8,10,-82.64920396262501,-84.1080009642,1.4587970015749931,4
HORN6,H,18,17.8,18.8,20,-85.9748315233,-84.1080009642,-1.866830559099995,4
HORN6,H,18,17.8,18.8,30,-84.568818906925,-84.1080009642,-0.46081794272500076,4
HORN6,H,18,17.8,18.8,40,-89.04077952622501,-84.1080009642,-4.932778562025007,4
HORN6,H,18,17.8,18.8,50,-104.67394522354999,-84.1080009642,-20.56594425934999,4
HORN6,H,18,17.8,18.8,60,-90.34701902799999,-84.1080009642,-6.239018063799989,4
HORN6,H,18,17.8,18.8,70,-95.319799431125,-84.1080009642,-11.211798466925003,4
HORN6,H,18,17.8,18.8,80,-99.210237980975,-84.1080009642,-15.102237016774993,4
HORN6,H,18,17.8,18.8,90,-97.876822269275,-84.1080009642,-13.768821305074994,4
HORN6,H,18,17.8,18.8,100,-97.73338666555,-84.1080009642,-13.625385701349998,4
HORN6,H,18,17.8,18.8,110,-94.04072879739999,-84.1080009642,-9.93272783319999,4
HORN6,H,18,17.8,18.8,120,-99.2193414657,-84.1080009642,-15.111340501499996,4
HORN6,H,18,17.8,18.8,130,-99.1390368477,-84.1080009642,-15.031035883499996,4
HORN6,H,18,17.8,18.8,140,-97.478137824975,-84.1080009642,-13.370136860774991,4
HORN6,H,18,17.8,18.8,150,-98.310501665,-84.1080009642,-14.202500700800002,4
HORN6,H,18,17.8,18.8,160,-101.12717242307501,-84.1080009642,-17.019171458875007,4
HORN6,H,18,17.8,18.8,170,-99.22072106725,-84.1080009642,-15.112720103049995,4
HORN6,H,18,17.8,18.8,180,-97.185916601175,-84.1080009642,-13.077915636974993,4
HORN7,H,18,17.8,18.8,0,-81.996801033625,-81.996801033625,0.0,4
HORN7,H,18,17.8,18.8,10,-81.9467989627,-81.996801033625,0.05000207092500375,4
HORN7,H,18,17.8,18.8,20,-89.00867212865,-81.996801033625,-7.0118710950250005,4
HORN7,H,18,17.8,18.8,30,-91.68560816325,-81.996801033625,-9.68880712962499,4
HORN7,H,18,17.8,18.8,40,-88.75353128692501,-81.996801033625,-6.756730253300006,4
HORN7,H,18,17.8,18.8,50,-98.82550171325,-81.996801033625,-16.828700679625,4
HORN7,H,18,17.8,18.8,60,-90.48928330172501,-81.996801033625,-8.492482268100005,4
HORN7,H,18,17.8,18.8,70,-91.20627673540001,-81.996801033625,-9.209475701775006,4
HORN7,H,18,17.8,18.8,80,-94.261352558,-81.996801033625,-12.264551524374994,4
HORN7,H,18,17.8,18.8,90,-96.283646753125,-81.996801033625,-14.286845719499993,4
HORN7,H,18,17.8,18.8,100,-98.486540983725,-81.996801033625,-16.489739950100002,4
HORN7,H,18,17.8,18.8,110,-93.72089886145,-81.996801033625,-11.724097827824991,4
HORN7,H,18,17.8,18.8,120,-95.42574075475,-81.996801033625,-13.42893972112499,4
HORN7,H,18,17.8,18.8,130,-94.62576410785,-81.996801033625,-12.628963074224998,4
HORN7,H,18,17.8,18.8,140,-96.45953074875,-81.996801033625,-14.462729715124993,4
HORN7,H,18,17.8,18.8,150,-95.499727246475,-81.996801033625,-13.50292621285,4
HORN7,H,18,17.8,18.8,160,-92.020297692475,-81.996801033625,-10.023496658849993,4
HORN7,H,18,17.8,18.8,170,-97.40722168994999,-81.996801033625,-15.410420656324987,4
HORN7,H,18,17.8,18.8,180,-99.19671261085,-81.996801033625,-17.199911577224995,4
HORN8,H,18,17.8,18.8,0,-86.414469494425,-86.414469494425,0.0,4
HORN8,H,18,17.8,18.8,10,-85.39773603674999,-86.414469494425,1.0167334576750164,4
HORN8,H,18,17.8,18.8,20,-89.44734121085,-86.414469494425,-3.0328717164249923,4
HORN8,H,18,17.8,18.8,30,-87.2336021708,-86.414469494425,-0.8191326763749913,4
HORN8,H,18,17.8,18.8,40,-89.89666124837501,-86.414469494425,-3.482191753950005,4
HORN8,H,18,17.8,18.8,50,-90.602079170575,-86.414469494425,-4.1876096761499895,4
HORN8,H,18,17.8,18.8,60,-90.0785547797,-86.414469494425,-3.664085285274993,4
HORN8,H,18,17.8,18.8,70,-94.28232930255,-86.414469494425,-7.86785980812499,4
HORN8,H,18,17.8,18.8,80,-91.25477027385,-86.414469494425,-4.840300779424993,4
HORN8,H,18,17.8,18.8,90,-96.36691788115,-86.414469494425,-9.952448386724996,4
HORN8,H,18,17.8,18.8,100,-98.51042966867499,-86.414469494425,-12.095960174249981,4
HORN8,H,18,17.8,18.8,110,-96.26625246317501,-86.414469494425,-9.851782968750001,4
HORN8,H,18,17.8,18.8,120,-94.44291604222501,-86.414469494425,-8.028446547800002,4
HORN8,H,18,17.8,18.8,130,-96.05008184527499,-86.414469494425,-9.635612350849982,4
HORN8,H,18,17.8,18.8,140,-98.2060206886,-86.414469494425,-11.791551194175,4
HORN8,H,18,17.8,18.8,150,-95.327335353275,-86.414469494425,-8.912865858849997,4
HORN8,H,18,17.8,18.8,160,-90.725768941025,-86.414469494425,-4.311299446599989,4
HORN8,H,18,17.8,18.8,170,-93.4925346629,-86.414469494425,-7.078065168474993,4
HORN8,H,18,17.8,18.8,180,-96.207367366775,-86.414469494425,-9.792897872349997,4
