0.000000000000000000e+00 9.910453149622512337e-01 4.446912958167660008e+02
1.758671226184660430e-02 9.915355322508216940e-01 4.705615514778693864e+02
3.517342452369320860e-02 9.927544772255393335e-01 5.500632468282802847e+02
5.276013678553980596e-02 9.941823612030128432e-01 6.855627129238641828e+02
7.034684904738641720e-02 9.954009098388415522e-01 8.677360912120153671e+02
8.793356130923302150e-02 9.962166877635146855e-01 1.055273670483021760e+03
1.055202735710796119e-01 9.965967729306327572e-01 1.173354161812521397e+03
1.231069858329262301e-01 9.965822299410618257e-01 1.168352892597294840e+03
1.406936980947728344e-01 9.962377904007270191e-01 1.061204042524798979e+03
1.582804103566194109e-01 9.956319703263393217e-01 9.137436003132559108e+02
1.758671226184660430e-01 9.948325926106835748e-01 7.720812763169601567e+02
1.934538348803126473e-01 9.939083310403712401e-01 6.546329721849335783e+02
2.110405471421592238e-01 9.929318085083547185e-01 5.639138508852007590e+02
2.286272594040058559e-01 9.919821266900042955e-01 4.968833957610115704e+02
2.462139716658524602e-01 9.911454813375081274e-01 4.497445232860133615e+02
2.638006839276990645e-01 9.905126449913873588e-01 4.196114382260296338e+02
2.813873961895456688e-01 9.901722016776676183e-01 4.050062900170391913e+02
2.989741084513922731e-01 9.901989992757772585e-01 4.061191277539184057e+02
3.165608207132388219e-01 9.906387178458929688e-01 4.252895445945820825e+02
3.341475329750854817e-01 9.914916946498001371e-01 4.681267361882275964e+02
3.517342452369320860e-01 9.927013531075017383e-01 5.460449585424814813e+02
3.693209574987786903e-01 9.941531320147704021e-01 6.821254905295929802e+02
3.869076697606252946e-01 9.956872977876694009e-01 9.254916614134665451e+02
4.044943820224718434e-01 9.971238440510976631e-01 1.388744451975535640e+03
4.220810942843184477e-01 9.982925608439346954e-01 2.340689199981738057e+03
4.396678065461651075e-01 9.990595282699056279e-01 4.251184493246531019e+03
4.572545188080117118e-01 9.993437553426842701e-01 6.093287554281509983e+03
4.748412310698583161e-01 9.991224394046185342e-01 4.556089582005962257e+03
4.924279433317049204e-01 9.984273245199207780e-01 2.541435967466640705e+03
5.100146555935515247e-01 9.973361819008127460e-01 1.499603365812406992e+03
5.276013678553981290e-01 9.959627440992669944e-01 9.887709630614619982e+02
5.451880801172446223e-01 9.944466936761071629e-01 7.182902262937216165e+02
5.627747923790913376e-01 9.929436351502699543e-01 5.648623424379896960e+02
5.803615046409379419e-01 9.916139664807970266e-01 4.749814400745259491e+02
5.979482169027845462e-01 9.906094309066081349e-01 4.239569159653394195e+02
6.155349291646311505e-01 9.900569042324405267e-01 4.002866975811321595e+02
6.331216414264776438e-01 9.900405295933079053e-01 3.996252787185609350e+02
6.507083536883243591e-01 9.905852258243728059e-01 4.228617822327240106e+02
6.682950659501709634e-01 9.916460423862424323e-01 4.768128770250922344e+02
6.858817782120175677e-01 9.931078024975081853e-01 5.783646923721461235e+02
7.034684904738641720e-01 9.947973839533176266e-01 7.668426706189976585e+02
7.210552027357106653e-01 9.965073342400849743e-01 1.143256151015510568e+03
7.386419149975573806e-01 9.980259057624976116e-01 2.024245226183239311e+03
7.562286272594039849e-01 9.991668215505489226e-01 4.798892088623263589e+03
7.738153395212505892e-01 9.997929071569755521e-01 1.931300833567309382e+04
7.914020517830971935e-01 9.998304218485600803e-01 2.358594431267063192e+04
8.089887640449436867e-01 9.992739201681594130e-01 5.507035911402076636e+03
8.265754763067904021e-01 9.981834510924340043e-01 2.199977143377369430e+03
8.441621885686368953e-01 9.966764156425264032e-01 1.201519093731879593e+03
8.617489008304836107e-01 9.949158082761596633e-01 7.847511176874335206e+02
8.793356130923302150e-01 9.930955608072739027e-01 5.773356895767142305e+02
8.969223253541767082e-01 9.914229475136749903e-01 4.643585230033829134e+02
9.145090376160234236e-01 9.900979362251751681e-01 4.019537066336926614e+02
9.320957498778699168e-01 9.892901470685816490e-01 3.714851632218820896e+02
9.496824621397166322e-01 9.891155445882992003e-01 3.654938312086486576e+02
9.672691744015632365e-01 9.896165985726684822e-01 3.832276090245575801e+02
9.848558866634098408e-01 9.907505617441564327e-01 4.304563721431102863e+02
1.002442598925256334e+00 9.923899174373229659e-01 5.236165663595124897e+02
1.020029311187103049e+00 9.943366890718877693e-01 7.042991966564939048e+02
1.037616023448949543e+00 9.963488354643751377e-01 1.093539963242596968e+03
1.055202735710796258e+00 9.981737713820917346e-01 2.188305817264992584e+03
1.072789447972642973e+00 9.995825096515370545e-01 9.579059708668150051e+03
1.090376160234489245e+00 1.000398531502318944e+00 -1.003884761938594238e+04
1.107962872496335960e+00 1.000517680005992283e+00 -7.728780804202161562e+03
1.125549584758182675e+00 9.999179472409212011e-01 4.874712243322456925e+04
1.143136297020029168e+00 9.986599313094248753e-01 2.982921279696620786e+03
1.160723009281875884e+00 9.968795271667031388e-01 1.279856236393073459e+03
1.178309721543722377e+00 9.947742674239135052e-01 7.634416097252016016e+02
1.195896433805569092e+00 9.925841878831747067e-01 5.373861302313025590e+02
1.213483146067415586e+00 9.905677535771200137e-01 4.220747615500538927e+02
1.231069858329262301e+00 9.889736751651860835e-01 3.607654269421428808e+02
1.248656570591109016e+00 9.880104976995714994e-01 3.316221759391994510e+02
1.266243282852955288e+00 9.878173855004285242e-01 3.263336814416142033e+02
1.283829995114802003e+00 9.884409019081413783e-01 3.440448532025748705e+02
1.301416707376648718e+00 9.898229407089702558e-01 3.910382893405753180e+02
1.319003419638495433e+00 9.918036714934171938e-01 4.860213296299869512e+02
1.336590131900341927e+00 9.941404488026629460e-01 6.806446696109294408e+02
1.354176844162188420e+00 9.965399796463928483e-01 1.154061697066495071e+03
1.371763556424035135e+00 9.986980106202836271e-01 3.070221354678672924e+03
1.389350268685881629e+00 1.000339513622952925e+00 -1.178355956275135031e+04
1.406936980947728344e+00 1.001253100334465573e+00 -3.194082467511181676e+03
1.424523693209575059e+00 1.001315545678902463e+00 -3.042563039176587154e+03
1.442110405471421331e+00 1.000504765550450648e+00 -7.926470940518030147e+03
1.459697117733268046e+00 9.989014593105008943e-01 3.639193936985640448e+03
1.477283829995114761e+00 9.966805223488315324e-01 1.203008034706140961e+03
1.494870542256961254e+00 9.940934426609870922e-01 6.752119565946690045e+02
1.512457254518807970e+00 9.914427304608154357e-01 4.654366743058648126e+02
1.530043966780654463e+00 9.890495488560585580e-01 3.632790012080129145e+02
1.547630679042501178e+00 9.872164801614016216e-01 3.108996499140815786e+02
1.565217391304347672e+00 9.861887770782542528e-01 2.876160610115765053e+02
1.582804103566194387e+00 9.861190743432743933e-01 2.861617257842225968e+02
1.600390815828041102e+00 9.870415885416663482e-01 3.066765502495215401e+02
1.617977528089887373e+00 9.888614813684180049e-01 3.571113811182593736e+02
1.635564240351734089e+00 9.913628881592884134e-01 4.611156042512267845e+02
1.653150952613580804e+00 9.942354831532974613e-01 6.918988600308734931e+02
1.670737664875427519e+00 9.971154887294952918e-01 1.384715995113266899e+03
1.688324377137273791e+00 9.996341193834719085e-01 1.093052767660248173e+04
1.705911089399120506e+00 1.001465516046039506e+00 -2.731413624824355793e+03
1.723497801660967221e+00 1.002367309672967721e+00 -1.691681179565704952e+03
1.741084513922813715e+00 1.002209285367029690e+00 -1.812539661740790280e+03
1.758671226184660430e+00 1.000988131906813017e+00 -4.050042299252275370e+03
1.776257938446506923e+00 9.988281447694455917e-01 3.411390623852818408e+03
1.793844650708353416e+00 9.959687408310544665e-01 9.902447953337626814e+02
1.811431362970200132e+00 9.927399937478821323e-01 5.489618912325404381e+02
1.829018075232046847e+00 9.895276431627566538e-01 3.799553229603907312e+02
1.846604787493893340e+00 9.867296863108389049e-01 2.994213359101212859e+02
1.864191499755739834e+00 9.847079744382207789e-01 2.595703898095803766e+02
1.881778212017586771e+00 9.837400177430332127e-01 2.439986300809468105e+02
1.899364924279433264e+00 9.839778042671715186e-01 2.476496341493757711e+02
1.916951636541279536e+00 9.854209562842592973e-01 2.723627462782282578e+02
1.934538348803126473e+00 9.879102356683280295e-01 3.288553522713332882e+02
1.952125061064972966e+00 9.911441491099517442e-01 4.496765645491517489e+02
1.969711773326819682e+00 9.947169405790191599e-01 7.551357210071628288e+02
1.987298485588666175e+00 9.981719724711271002e-01 2.186150397428893484e+03
2.004885197850512668e+00 1.001061768061831447e+00 -3.769300846677049776e+03
2.022471910112359605e+00 1.003005526521028035e+00 -1.332880867995778772e+03
2.040058622374206099e+00 1.003736488286797179e+00 -1.072522964116704316e+03
2.057645334636052592e+00 1.003134183804121005e+00 -1.278248554026959710e+03
2.075232046897899085e+00 1.001239265100097642e+00 -3.229719086076450822e+03
2.092818759159745579e+00 9.982505886953981777e-01 2.284483014999339048e+03
2.110405471421592516e+00 9.945053621416205525e-01 7.259810852922657887e+02
2.127992183683439009e+00 9.904438419090322299e-01 4.165758567558318077e+02
2.145578895945285947e+00 9.865608406177640566e-01 2.956342810961669443e+02
2.163165608207132440e+00 9.833476146108226512e-01 2.382016286398856550e+02
2.180752320468978489e+00 9.812296247351630640e-01 2.110970225861860285e+02
2.198339032730825426e+00 9.805077454220881839e-01 2.032047935155631535e+02
2.215925744992671920e+00 9.813118577488058047e-01 2.120347504352492365e+02
2.233512457254518857e+00 9.835754231215954047e-01 2.415333359470324694e+02
2.251099169516365350e+00 9.870370314169514270e-01 3.065680328718090095e+02
2.268685881778211844e+00 9.912703333153892737e-01 4.562054514941633556e+02
2.286272594040058337e+00 9.957383819753672372e-01 9.366095672657651221e+02
2.303859306301904830e+00 9.998638496044263135e-01 2.937727560555604214e+04
2.321446018563751768e+00 1.003104174707655227e+00 -1.290586491247423282e+03
2.339032730825598261e+00 1.005020866782830868e+00 -7.986739382877957496e+02
2.356619443087444754e+00 1.005334393104543755e+00 -7.518496692278838509e+02
2.374206155349291691e+00 1.003959172204926587e+00 -1.012311217077101787e+03
2.391792867611138185e+00 1.001016117839868214e+00 -3.938551042668887476e+03
2.409379579872984678e+00 9.968223312005640713e-01 1.256783631666236261e+03
2.426966292134831171e+00 9.918589636722277003e-01 4.893358941104751239e+02
2.444553004396677665e+00 9.867194438363799947e-01 2.991888630401974183e+02
2.462139716658524602e+00 9.820417567884701660e-01 2.207344064835834558e+02
2.479726428920371095e+00 9.784305987798510573e-01 1.834424412561242264e+02
2.497313141182218033e+00 9.763778048559234035e-01 1.673262967802371861e+02
2.514899853444064526e+00 9.761916858032509969e-01 1.660025114561259727e+02
2.532486565705910575e+00 9.779466905926771370e-01 1.793730982293934630e+02
2.550073277967757512e+00 9.814631586132160912e-01 2.137818156491881894e+02
2.567659990229604006e+00 9.863225959148371746e-01 2.904497137509939648e+02
2.585246702491450943e+00 9.919177101329262891e-01 4.929072191919830175e+02
2.602833414753297436e+00 9.975300413409192712e-01 1.617459685381306372e+03
2.620420127015143930e+00 1.002423274042802070e+00 -1.652658762921733341e+03
2.638006839276990867e+00 1.005938403010633531e+00 -6.755802879595732975e+02
2.655593551538836916e+00 1.007577928484679086e+00 -5.298468523391446752e+02
2.673180263800683854e+00 1.007069260874728256e+00 -5.678282557732688929e+02
2.690766976062530347e+00 1.004401202857180042e+00 -9.108413549162626168e+02
2.708353688324376840e+00 9.998306807018046971e-01 2.362200526973393062e+04
2.725940400586223777e+00 9.938593946453015970e-01 6.494000351978955905e+02
2.743527112848070271e+00 9.871819845633513779e-01 3.100575629674374909e+02
2.761113825109916764e+00 9.806092644112190948e-01 2.042791820849909641e+02
2.778700537371763257e+00 9.749726121459380002e-01 1.578185731582559015e+02
2.796287249633609751e+00 9.710188012640295074e-01 1.360131636380535269e+02
2.813873961895456688e+00 9.693078367225732572e-01 1.283186346539650913e+02
2.831460674157303181e+00 9.701285213063980395e-01 1.318994152038045797e+02
2.849047386419150119e+00 9.734461699996567186e-01 1.486306752543878815e+02
2.866634098680996612e+00 9.788932594665911147e-01 1.875075854530831521e+02
2.884220810942842661e+00 9.858071069439856560e-01 2.798276206326975739e+02
2.901807523204689598e+00 9.933104251005472340e-01 5.959436414033913252e+02
2.919394235466536092e+00 1.000423038982958257e+00 -9.457393276758617503e+03
2.936980947728383029e+00 1.006188206244927885e+00 -6.483893247435897820e+02
2.954567659990229522e+00 1.009795809855144721e+00 -4.103354195784330614e+02
2.972154372252076016e+00 1.010686798926538010e+00 -3.762909010575787647e+02
2.989741084513922509e+00 1.008627291433363160e+00 -4.656427902305676980e+02
3.007327796775769002e+00 1.003745198856224041e+00 -1.070033141491318020e+03
3.024914509037615939e+00 9.965260828382866976e-01 1.149437064132578826e+03
3.042501221299462433e+00 9.877680275187149528e-01 3.250087772268946651e+02
3.060087933561308926e+00 9.784981138036116244e-01 1.840247571357615755e+02
3.077674645823155863e+00 9.698563583935754240e-01 1.306903166788966928e+02
3.095261358085002357e+00 9.629571657233593207e-01 1.059736615879699855e+02
3.112848070346848850e+00 9.587431166770474800e-01 9.494298585083845410e+01
3.130434782608695343e+00 9.578500761096844229e-01 9.288857540414976199e+01
3.148021494870541837e+00 9.605043614811994424e-01 9.926693166460567852e+01
3.165608207132388774e+00 9.664704767919820583e-01 1.172893231728260872e+02
3.183194919394235267e+00 9.750611606855880131e-01 1.583860746509870978e+02
3.200781631656082205e+00 9.852113424732276137e-01 2.684738350044202662e+02
3.218368343917928698e+00 9.956065809545818768e-01 9.084515463894397271e+02
3.235955056179774747e+00 1.004847636854508286e+00 -8.271431077352735883e+02
3.253541768441621684e+00 1.011628116635176822e+00 -3.459909073273976219e+02
3.271128480703468178e+00 1.014902079962797687e+00 -2.704152079335629537e+02
3.288715192965315115e+00 1.014021982912347353e+00 -2.872628770574281702e+02
3.306301905227161608e+00 1.008832406589716735e+00 -4.548755036550934392e+02
3.323888617489008102e+00 9.997100233875564346e-01 1.379221583440375798e+04
3.341475329750855039e+00 9.875444843861783673e-01 3.191397340431058751e+02
3.359062042012701088e+00 9.736587793366278110e-01 1.498465777717565004e+02
3.376648754274547581e+00 9.596721964374586022e-01 9.717686193624129487e+01
3.394235466536394519e+00 9.473152373068750576e-01 7.390975018119917195e+01
3.411822178798241012e+00 9.382137177037767062e-01 6.272334620268253502e+01
3.429408891060087949e+00 9.336673683366679688e-01 5.828498833370995413e+01
3.446995603321934443e+00 9.344538810802796025e-01 5.900878709787897236e+01
3.464582315583780492e+00 9.406896654242989930e-01 6.542658781637625509e+01
3.482169027845627429e+00 9.517720291750900730e-01 8.092706468748994553e+01
3.499755740107473923e+00 9.664149755152193766e-01 1.170921619323580956e+02
3.517342452369320860e+00 9.827756545356011175e-01 2.302250905282406848e+02
3.534929164631167353e+00 9.986550943314298490e-01 2.972185952949236707e+03
3.552515876893013846e+00 1.011748492056363080e+00 -3.424663062518022230e+02
3.570102589154860784e+00 1.019917813549162888e+00 -2.028203252781070773e+02
3.587689301416706833e+00 1.021460781472217194e+00 -1.883811941367065117e+02
3.605276013678553770e+00 1.015352212700871615e+00 -2.625449522704093965e+02
3.622862725940400264e+00 1.001433481020473693e+00 -2.792409799307335561e+03
3.640449438202246757e+00 9.805235645687537804e-01 2.033714729440812334e+02
3.658036150464093694e+00 9.544239416640130091e-01 8.575371696979568981e+01
3.675622862725940188e+00 9.257950574155724421e-01 5.188549189944345130e+01
3.693209574987786681e+00 8.978988497723546791e-01 3.714991786496452875e+01
3.710796287249633174e+00 8.742293035379251620e-01 2.977032020631025233e+01
3.728382999511479667e+00 8.580825472968397483e-01 2.614715371156150781e+01
3.745969711773326605e+00 8.521350566840157903e-01 2.501173169871215407e+01
3.763556424035173542e+00 8.580903003610341750e-01 2.614869584213407450e+01
3.781143136297020035e+00 8.764184735794519066e-01 3.033433129948711482e+01
3.798729848558866529e+00 9.061624817549517319e-01 4.060224410862215194e+01
3.816316560820713022e+00 9.447376626568132485e-01 7.036781607262113880e+01
3.833903273082559071e+00 9.876401691645118053e-01 3.216259155992713659e+02
3.851489985344406453e+00 1.028037790395103235e+00 -1.446576817212267940e+02
3.869076697606252946e+00 1.056408984604489065e+00 -7.289697164553010111e+01
3.886663409868099439e+00 1.060782493014183370e+00 -6.779367217532788459e+01
3.904250122129945932e+00 1.028598074136689355e+00 -1.418625093006457405e+02
3.921836834391792426e+00 9.510882292281911399e-01 7.976736921806825364e+01
3.939423546653639363e+00 8.291952244625220292e-01 2.137175824657062861e+01
3.957010258915485856e+00 6.767714721828633762e-01 1.027784868371756133e+01
3.974596971177332350e+00 5.165783472893011874e-01 6.110702801454106492e+00
3.992183683439178843e+00 3.706936316877764703e-01 4.113077600381833676e+00
4.009770395701025336e+00 2.526690876465009228e-01 3.021409998049943368e+00
4.027357107962872718e+00 1.660997884778843414e-01 2.375831780579250374e+00
4.044943820224719211e+00 1.078307793918903412e-01 1.977856536478935112e+00
4.062530532486565704e+00 7.190342130394027087e-02 1.732793466207984245e+00
4.080117244748412197e+00 5.217522406518288608e-02 1.592080302751564647e+00
4.097703957010258691e+00 4.348422475816732941e-02 1.526939431111062007e+00
4.115290669272105184e+00 4.191583196312807791e-02 1.514880432313789882e+00
4.132877381533951677e+00 4.467333895873169813e-02 1.536013562512448694e+00
4.150464093795798171e+00 4.983492662557890973e-02 1.574789184704110223e+00
4.168050806057644664e+00 5.611879967494839277e-02 1.620868109336754959e+00
4.185637518319491157e+00 6.269436555579190051e-02 1.668048464465474057e+00
4.203224230581338539e+00 6.904236581988723587e-02 1.712817627686446631e+00
4.220810942843185032e+00 7.485551229642450899e-02 1.753293936802142516e+00
4.238397655105031525e+00 7.996946196873427892e-02 1.788578574672886168e+00
4.255984367366878018e+00 8.431544491669157315e-02 1.818374978581992929e+00
4.273571079628724512e+00 8.788796343724279703e-02 1.842762708491079149e+00
4.291157791890571893e+00 9.072283824493454496e-02 1.862058733781976061e+00
4.308744504152418386e+00 9.288229240606510340e-02 1.876729122163048213e+00
4.326331216414264880e+00 9.444476728419154421e-02 1.887330615734102324e+00
4.343917928676111373e+00 9.549784566008164000e-02 1.894470180898025991e+00
4.361504640937956978e+00 9.613310172048888935e-02 1.898775002754624852e+00
4.379091353199804360e+00 9.644197690209926899e-02 1.900867575329961312e+00
4.396678065461650853e+00 9.651195461368433648e-02 1.901341615019195741e+00
4.414264777723497346e+00 9.642243557700343193e-02 1.900735196372701941e+00
4.431851489985343839e+00 9.623987184219540136e-02 1.899498388774415014e+00
4.449438202247190333e+00 9.601199517998880439e-02 1.897954435780892180e+00
4.467024914509037714e+00 9.576147622536469728e-02 1.896256856551428616e+00
4.484611626770884207e+00 9.548012551117752988e-02 1.894350078722297326e+00
4.502198339032730701e+00 9.512567539314553677e-02 1.891947466284041202e+00
4.519785051294577194e+00 9.462382893227980207e-02 1.888544908961287128e+00
4.537371763556423687e+00 9.387789020861514455e-02 1.883485517882627969e+00
4.554958475818271069e+00 9.278626324624947297e-02 1.876077210904423920e+00
4.572545188080116674e+00 9.126468289849180848e-02 1.865741932033549322e+00
4.590131900341963167e+00 8.926689229314779817e-02 1.852154257850977093e+00
4.607718612603809660e+00 8.679692154947088456e-02 1.835323715580227555e+00
4.625305324865656154e+00 8.390913418595601081e-02 1.815595662423834078e+00
4.642892037127503535e+00 8.069717777459495256e-02 1.793578907378987841e+00
4.660478749389350028e+00 7.727685591763908124e-02 1.770033804462545435e+00
4.678065461651196522e+00 7.376878616689033774e-02 1.745759545183241501e+00
4.695652173913043015e+00 7.028491445016400718e-02 1.721506925495020157e+00
4.713238886174889508e+00 6.692028151598411467e-02 1.697924993240715219e+00
4.730825598436736890e+00 6.374938351663905767e-02 1.675536615060567058e+00
4.748412310698583383e+00 6.082554707129793348e-02 1.654732258353832641e+00
4.765999022960429876e+00 5.818171693079456780e-02 1.635771439337476485e+00
4.783585735222276369e+00 5.583149029231106869e-02 1.618784398391937662e+00
4.801172447484122863e+00 5.376980111589968470e-02 1.603770549899402376e+00
4.818759159745969356e+00 5.197321590577220346e-02 1.590594211148063764e+00
4.836345872007815849e+00 5.040031161990592840e-02 1.578981758780712896e+00
4.853932584269662343e+00 4.899303123199146015e-02 1.568527329283109006e+00
4.871519296531508836e+00 4.768013716295800564e-02 1.558715546418099063e+00
4.889106008793355329e+00 4.638369382151295156e-02 1.548968031101095155e+00
4.906692721055202711e+00 4.502870143659685326e-02 1.538714357867793758e+00
4.924279433317049204e+00 4.355461578688337582e-02 1.527478194474369166e+00
4.941866145578895697e+00 4.192604275675308745e-02 1.514959287873085092e+00
4.959452857840742190e+00 4.013929738697959854e-02 1.501087788139952695e+00
4.977039570102588684e+00 3.822245600372438379e-02 1.486033593390864826e+00
4.994626282364436065e+00 3.622877610251704766e-02 1.470168341376323795e+00
5.012212994626282558e+00 3.422571579884380738e-02 1.453993555153590522e+00
5.029799706888129052e+00 3.228295545220780799e-02 1.438056844704185933e+00
5.047386419149974657e+00 3.046238648332652912e-02 1.422876132261165383e+00
5.064973131411821150e+00 2.881158812686477819e-02 1.408883284843158279e+00
5.082559843673668531e+00 2.736082540334438054e-02 1.396389350723810763e+00
5.100146555935515025e+00 2.612269986423679594e-02 1.385567839191501172e+00
5.117733268197361518e+00 2.509336690630503686e-02 1.376450873578018541e+00
5.135319980459208011e+00 2.425447611726725891e-02 1.368934231352167963e+00
5.152906692721054505e+00 2.357541798928712573e-02 1.362789523604083675e+00
5.170493404982901886e+00 2.301587622590858459e-02 1.357683843969267778e+00
5.188080117244748379e+00 2.252897783893110725e-02 1.353208505707236942e+00
5.205666829506594873e+00 2.206542639512212162e-02 1.348918607321208940e+00
5.223253541768441366e+00 2.157882708897863183e-02 1.344383721354116545e+00
5.240840254030287859e+00 2.103193307857792460e-02 1.339246690237282822e+00
5.258426966292135241e+00 2.040285211388164280e-02 1.333282727667612022e+00
5.276013678553981734e+00 1.968964208112715733e-02 1.326446468417167512e+00
5.293600390815827339e+00 1.891162362074770564e-02 1.318893111849668731e+00
5.311187103077673832e+00 1.810644663120179743e-02 1.310963735654194995e+00
5.328773815339520326e+00 1.732330639225681049e-02 1.303133959583931967e+00
5.346360527601367707e+00 1.661405683525822227e-02 1.295935862558828644e+00
5.363947239863214200e+00 1.602457274710542695e-02 1.289870600932095268e+00
5.381533952125060694e+00 1.558829852799908759e-02 1.285330631728008655e+00
5.399120664386907187e+00 1.532285083681694283e-02 1.282546120408589285e+00
5.416707376648753680e+00 1.522946387179018382e-02 1.281562400120240142e+00
5.434294088910601062e+00 1.529444172897975393e-02 1.282247092667235799e+00
5.451880801172447555e+00 1.549169580423225868e-02 1.284319261232802711e+00
5.469467513434294048e+00 1.578571531788737839e-02 1.287390528984277527e+00
5.487054225696140541e+00 1.613470484031058125e-02 1.291009681020649724e+00
5.504640937957987035e+00 1.649394591994134476e-02 1.294706277543882011e+00
5.522227650219833528e+00 1.681960093233395362e-02 1.298032803004819602e+00
5.539814362481680021e+00 1.707312500600840360e-02 1.300606886546966656e+00
5.557401074743526515e+00 1.722616895827554576e-02 1.302154300518488572e+00
5.574987787005373008e+00 1.726538624488756918e-02 1.302550049438196300e+00
5.592574499267219501e+00 1.719605676258373697e-02 1.301850219376555096e+00
5.610161211529066883e+00 1.704319173470332516e-02 1.300303668009404445e+00
5.627747923790913376e+00 1.684908476281232748e-02 1.298332853964959899e+00
5.645334636052759869e+00 1.666720740232338280e-02 1.296478969513530588e+00
5.662921348314606362e+00 1.655359332671139938e-02 1.295317285714628452e+00
5.680508060576452856e+00 1.655778629771641544e-02 1.295360207897853000e+00
5.698094772838300237e+00 1.671551925986742085e-02 1.296972104875961929e+00
5.715681485100146730e+00 1.704451951371139043e-02 1.300317122113008095e+00
5.733268197361993224e+00 1.754367660551643671e-02 1.305349393686032755e+00
5.750854909623839717e+00 1.819486778908832245e-02 1.311840335355326070e+00
5.768441621885685322e+00 1.896634568133544543e-02 1.319427781833740987e+00
5.786028334147532703e+00 1.981672072181861824e-02 1.327670546664091011e+00
5.803615046409379197e+00 2.069897318601431405e-02 1.336097575535628357e+00
5.821201758671225690e+00 2.156435198961141955e-02 1.344248310710187022e+00
5.838788470933072183e+00 2.236629735709249125e-02 1.351706282941532056e+00
5.856375183194918677e+00 2.306458913996924792e-02 1.358129904752541917e+00
5.873961895456766058e+00 2.362975696904253894e-02 1.363283279814966109e+00
5.891548607718612551e+00 2.404742433338147647e-02 1.367066491727673361e+00
5.909135319980459045e+00 2.432180042196164724e-02 1.369540453791334933e+00
5.926722032242305538e+00 2.447718586033492336e-02 1.370937609235667543e+00
5.944308744504152031e+00 2.455639100653760412e-02 1.371648711805607546e+00
5.961895456765999413e+00 2.461556693057455336e-02 1.372179522051221845e+00
5.979482169027845018e+00 2.471602645645920582e-02 1.373079731706745799e+00
5.997068881289691511e+00 2.491473767984110632e-02 1.374856998337387504e+00
6.014655593551538004e+00 2.525571678642291387e-02 1.377896424957450572e+00
6.032242305813384498e+00 2.576420817883857267e-02 1.382405450598755081e+00
6.049829018075231879e+00 2.644451269197584109e-02 1.388395328051249988e+00
6.067415730337078372e+00 2.728117253144858589e-02 1.395697706628477475e+00
6.085002442598924866e+00 2.824247110162856136e-02 1.404004969942544756e+00
6.102589154860771359e+00 2.928504920502391501e-02 1.412919981125723368e+00
6.120175867122617852e+00 3.035873529539555651e-02 1.422004148636011100e+00
6.137762579384465234e+00 3.141115579713568695e-02 1.430818677336424205e+00
6.155349291646311727e+00 3.239209117613764399e-02 1.438959043107215008e+00
6.172936003908158220e+00 3.325774162272254753e-02 1.446085379355806833e+00
6.190522716170004713e+00 3.397502220828942099e-02 1.451951395422091506e+00
6.208109428431851207e+00 3.452574250818035706e-02 1.456432226109271699e+00
6.225696140693697700e+00 3.491012081732147027e-02 1.459548127705575293e+00
6.243282852955544193e+00 3.514869810224161700e-02 1.461477448781458799e+00
6.260869565217390686e+00 3.528158514626692638e-02 1.462550546170212629e+00
6.278456277479237180e+00 3.536431883984340885e-02 1.463218093434779821e+00
6.296042989741083673e+00 3.546046164325242223e-02 1.463993307527761356e+00
6.313629702002931054e+00 3.563217748435060922e-02 1.465376479368005747e+00
6.331216414264777548e+00 3.593083318775334295e-02 1.467777919619158489e+00
6.348803126526624041e+00 3.638974317294665917e-02 1.471457624620476912e+00
6.366389838788470534e+00 3.702043393906379043e-02 1.476494810078150088e+00
6.383976551050317028e+00 3.781265194945961083e-02 1.482790400337743453e+00
6.401563263312164409e+00 3.873734597913855437e-02 1.490095808829351887e+00
6.419149975574010902e+00 3.975139717446638660e-02 1.498056275670350823e+00
6.436736687835857396e+00 4.080296623240899090e-02 1.506257627657260789e+00
6.454323400097703001e+00 4.183674640095844111e-02 1.514269515132198096e+00
6.471910112359549494e+00 4.279887318871258839e-02 1.521682959848446703e+00
6.489496824621396875e+00 4.364154989239957955e-02 1.528143292501446648e+00
6.507083536883243369e+00 4.432751619869200466e-02 1.533380481017630359e+00
6.524670249145089862e+00 4.483431423351289663e-02 1.537237606383150990e+00
6.542256961406936355e+00 4.515795721015849334e-02 1.539695494313255031e+00
6.559843673668782849e+00 4.531521561835197970e-02 1.540888318290552839e+00
6.577430385930630230e+00 4.534351247022119780e-02 1.541102852296579284e+00
6.595017098192476723e+00 4.529758950909865828e-02 1.540754669513945574e+00
6.612603810454323217e+00 4.524278366124689227e-02 1.540339031557831362e+00
6.630190522716169710e+00 4.524578605741915588e-02 1.540361804198726592e+00
6.647777234978016203e+00 4.536470879876303153e-02 1.541263533203608427e+00
6.665363947239863585e+00 4.564065093117936067e-02 1.543353774937250344e+00
6.682950659501710078e+00 4.609250028322207232e-02 1.546770290315231167e+00
6.700537371763555683e+00 4.671565603486486917e-02 1.551469676928658448e+00
6.718124084025402176e+00 4.748423959774228376e-02 1.557246479198429068e+00
6.735710796287248670e+00 4.835565881011267414e-02 1.563771250825600312e+00
6.753297508549095163e+00 4.927627045933201388e-02 1.570636563436505817e+00
6.770884220810942544e+00 5.018720460508990788e-02 1.577402652012529716e+00
6.788470933072789038e+00 5.102989040982951890e-02 1.583638730471947920e+00
6.806057645334635531e+00 5.175121185165675042e-02 1.588959653244480741e+00
6.823644357596482024e+00 5.230838662090135649e-02 1.593059283221528011e+00
6.841231069858328517e+00 5.267357011393604405e-02 1.595741434972066664e+00
6.858817782120175899e+00 5.283788558061587592e-02 1.596947049019527887e+00
6.876404494382022392e+00 5.281419096521818013e-02 1.596773243815182486e+00
6.893991206643868885e+00 5.263760639700514055e-02 1.595477461039297662e+00
6.911577918905715379e+00 5.236287469919494175e-02 1.593459720717426586e+00
6.929164631167560984e+00 5.205816948278810946e-02 1.591219323507832240e+00
6.946751343429408365e+00 5.179593633756954252e-02 1.589289063504640831e+00
6.964338055691254858e+00 5.164239322135273647e-02 1.588157924346936145e+00
6.981924767953101352e+00 5.164791248549770175e-02 1.588198596276291896e+00
6.999511480214947845e+00 5.184030854275614719e-02 1.589615821386007433e+00
7.017098192476794338e+00 5.222213522502380106e-02 1.592425240817970433e+00
7.034684904738641720e+00 5.277191630887050067e-02 1.596463110875181668e+00
7.052271617000488213e+00 5.344832844627240426e-02 1.601419409711814845e+00
7.069858329262334706e+00 5.419602105019034194e-02 1.606883490217579480e+00
7.087445041524181200e+00 5.495194730107819114e-02 1.612392699780198058e+00
7.105031753786027693e+00 5.565153871280249798e-02 1.617478259807562546e+00
7.122618466047875074e+00 5.623450483212010659e-02 1.621706688610037084e+00
7.140205178309721568e+00 5.665029442950711425e-02 1.624717463552650676e+00
7.157791890571568061e+00 5.686324405324075237e-02 1.626257844602398528e+00
7.175378602833413666e+00 5.685718762449511188e-02 1.626214050074197504e+00
7.192965315095260159e+00 5.663891144335175820e-02 1.624635093671245256e+00
7.210552027357107541e+00 5.623949614768774391e-02 1.621742856082382112e+00
7.228138739618954034e+00 5.571252696544395228e-02 1.617921019725147236e+00
7.245725451880800527e+00 5.512857198498654493e-02 1.613677814274986577e+00
7.263312164142647021e+00 5.456623186515310864e-02 1.609583457191142486e+00
7.280898876404493514e+00 5.410116629770830160e-02 1.606191127875812086e+00
7.298485588666340895e+00 5.379529936736234669e-02 1.603956915700531560e+00
7.316072300928187389e+00 5.368846200143205516e-02 1.603175928137435369e+00
7.333659013190033882e+00 5.379398038678757932e-02 1.603947275748192958e+00
7.351245725451880375e+00 5.409853325548062697e-02 1.606171905408808165e+00
7.368832437713726868e+00 5.456553380629948491e-02 1.609578369590777491e+00
7.386419149975573362e+00 5.514074093540580201e-02 1.613766325755354947e+00
7.404005862237419855e+00 5.575883184564055933e-02 1.618257120076588951e+00
7.421592574499266348e+00 5.635006844238479168e-02 1.622543916318657242e+00
7.439179286761112841e+00 5.684667340320121581e-02 1.626138018815239672e+00
7.456765999022959335e+00 5.718887055860046725e-02 1.628611198508427060e+00
7.474352711284806716e+00 5.733062442129806258e-02 1.629634897057684384e+00
7.491939423546653209e+00 5.724492738026197569e-02 1.629016078140544721e+00
7.509526135808499703e+00 5.692811226887692366e-02 1.626726857316847186e+00
7.527112848070347084e+00 5.640228017200900335e-02 1.622922070108257842e+00
7.544699560332192689e+00 5.571476264767998704e-02 1.617937248475208589e+00
7.562286272594040071e+00 5.493380890254584425e-02 1.612260680238070565e+00
7.579872984855885676e+00 5.414047674003116123e-02 1.606478091003390674e+00
7.597459697117733057e+00 5.341780788939411162e-02 1.601196046898007541e+00
7.615046409379580439e+00 5.283932230894133192e-02 1.596957587231912612e+00
7.632633121641426044e+00 5.245918661225042884e-02 1.594167318078913986e+00
7.650219833903272537e+00 5.230590610405184970e-02 1.593041051674814801e+00
7.667806546165118142e+00 5.238030293591650760e-02 1.593587784417336284e+00
7.685393258426965524e+00 5.265739533883250639e-02 1.595622716520836981e+00
7.702979970688812905e+00 5.309104931840797487e-02 1.598803083246985723e+00
7.720566682950658510e+00 5.362010661239419163e-02 1.602676084431214010e+00
7.738153395212505892e+00 5.417497612918906191e-02 1.606729900044891579e+00
7.755740107474351497e+00 5.468414267461132322e-02 1.610442634043047549e+00
7.773326819736198878e+00 5.508044587482789634e-02 1.613327729567852753e+00
7.790913531998046260e+00 5.530716016596048945e-02 1.614976406747699711e+00
7.808500244259891865e+00 5.532381599552806117e-02 1.615097477310252438e+00
7.826086956521739246e+00 5.511138877423514548e-02 1.613552824889322057e+00
7.843673668783584851e+00 5.467607974088264239e-02 1.610383893637640895e+00
7.861260381045431345e+00 5.405063426981080582e-02 1.605822187735893580e+00
7.878847093307278726e+00 5.329222454034183293e-02 1.600276704758895940e+00
7.896433805569124331e+00 5.247650391759862976e-02 1.594294519209725314e+00
7.914020517830971713e+00 5.168842320130493523e-02 1.588497095827564154e+00
7.931607230092817318e+00 5.101141613129119012e-02 1.583502248552925762e+00
7.949193942354664699e+00 5.051713402455346169e-02 1.579846806936054282e+00
7.966780654616512081e+00 5.025773757342925918e-02 1.577925452258724714e+00
7.984367366878357686e+00 5.026192167871719463e-02 1.577956460564631458e+00
8.001954079140205067e+00 5.053476630981397488e-02 1.579977334182865567e+00
8.019540791402050672e+00 5.106063821781834516e-02 1.583865862404397751e+00
8.037127503663898054e+00 5.180797770509859568e-02 1.589377742075524846e+00
8.054714215925745435e+00 5.273487646560533898e-02 1.596191340072884213e+00
8.072300928187591040e+00 5.379469170193494632e-02 1.603952474499348746e+00
8.089887640449438422e+00 5.494132130233003730e-02 1.612315359936969283e+00
8.107474352711284027e+00 5.613402319837970667e-02 1.620978461327011066e+00
8.125061064973131408e+00 5.734173009839723528e-02 1.629715078679300655e+00
8.142647777234978790e+00 5.854670163891084050e-02 1.638398015296089527e+00
8.160234489496824395e+00 5.974714884786214153e-02 1.647016273515031548e+00
8.177821201758671776e+00 6.095829017860476123e-02 1.655680390250956924e+00
8.195407914020517381e+00 6.221130016813228303e-02 1.664612896775294004e+00
8.212994626282362987e+00 6.354988690808537066e-02 1.674122222864468545e+00
8.230581338544210368e+00 6.502475093854105659e-02 1.684561998627271073e+00
8.248168050806055973e+00 6.668674833823115544e-02 1.696281816568147471e+00
8.265754763067903355e+00 6.857993921967391049e-02 1.709578140305975102e+00
8.283341475329748960e+00 7.073566379621967770e-02 1.724653733032910585e+00
8.300928187591596341e+00 7.316837080867755194e-02 1.741590783937317699e+00
8.318514899853443723e+00 7.587334024192841919e-02 1.760338410684817445e+00
8.336101612115289328e+00 7.882596367287526828e-02 1.780711501873645908e+00
8.353688324377136709e+00 8.198204857798699341e-02 1.802396343154002878e+00
8.371275036638982314e+00 8.527872165222194489e-02 1.824959335272726024e+00
8.388861748900829696e+00 8.863582690550579624e-02 1.847857607251093937e+00
8.406448461162677077e+00 9.195810458033763790e-02 1.870453343435927396e+00
8.424035173424522682e+00 9.513875178468726712e-02 1.892036112098568923e+00
8.441621885686370064e+00 9.806507039809898851e-02 1.911858464256208867e+00
8.459208597948215669e+00 1.006266855141454697e-01 1.929188745155515639e+00
8.476795310210063050e+00 1.027262072351137479e-01 1.943380948316177026e+00
8.494382022471910432e+00 1.042912796033489270e-01 1.953954949614616243e+00
8.511968734733756037e+00 1.052859820985231759e-01 1.960673440485241059e+00
8.529555446995603418e+00 1.057189645301789688e-01 1.963597518275148612e+00
8.547142159257449023e+00 1.056459348314405799e-01 1.963104339638774176e+00
8.564728871519296405e+00 1.051653063322822157e-01 1.959858434604089483e+00
8.582315583781143786e+00 1.044075816053042505e-01 1.954740556706319410e+00
8.599902296042989391e+00 1.035206747820956868e-01 1.948749072690545425e+00
8.617489008304836773e+00 1.026541701900830772e-01 1.942894146102289499e+00
8.635075720566682378e+00 1.019452441790407865e-01 1.938102927091187588e+00
8.652662432828529759e+00 1.015079325658403697e-01 1.935146883217868430e+00
8.670249145090377141e+00 1.014261829245822616e-01 1.934594244586544720e+00
8.687835857352222746e+00 1.017501962581856823e-01 1.936784534305425076e+00
8.705422569614068351e+00 1.024951732028165363e-01 1.941819663083506287e+00
8.723009281875913956e+00 1.036417040848440912e-01 1.949566757931725736e+00
8.740595994137761338e+00 1.051374905131845089e-01 1.959670572729866889e+00
8.758182706399608719e+00 1.069006173201547810e-01 1.971576566417558407e+00
8.775769418661454324e+00 1.088249696349504747e-01 1.984568132470837076e+00
8.793356130923301706e+00 1.107884066353461011e-01 1.997821743638539482e+00
8.810942843185147311e+00 1.126638419519158385e-01 2.010481060216416704e+00
8.828529555446994692e+00 1.143324912636318885e-01 2.021745442160679307e+00
8.846116267708842074e+00 1.156975159689615368e-01 2.030961463542441336e+00
8.863702979970687679e+00 1.166955880863105727e-01 2.037701026818657279e+00
8.881289692232535060e+00 1.173039634431917166e-01 2.041809652122975827e+00
8.898876404494380665e+00 1.175415967148528973e-01 2.043414612397798980e+00
8.916463116756228047e+00 1.174643263497899409e-01 2.042892725569837697e+00
8.934049829018075428e+00 1.171555706429398269e-01 2.040807451048255228e+00
8.951636541279921033e+00 1.167147542190565962e-01 2.037830457730551270e+00
8.969223253541768415e+00 1.162456446091990198e-01 2.034662623454657648e+00
8.986809965803614020e+00 1.158461361832798381e-01 2.031964972068785347e+00
9.004396678065461401e+00 1.156001810992573348e-01 2.030304253087421351e+00
9.021983390327308783e+00 1.155718935108441259e-01 2.030113255297024466e+00
9.039570102589154388e+00 1.158015259767986582e-01 2.031663754365875985e+00
9.057156814851001769e+00 1.163030392661336399e-01 2.035050189591563363e+00
9.074743527112847374e+00 1.170632434528108834e-01 2.040183913627653389e+00
9.092330239374694756e+00 1.180428042311082587e-01 2.046799970588257356e+00
9.109916951636542137e+00 1.191795903674857660e-01 2.054479566094235210e+00
9.127503663898387742e+00 1.203947205536678305e-01 2.062690630203393827e+00
9.145090376160233347e+00 1.216011829703708830e-01 2.070845692256286341e+00
9.162677088422078953e+00 1.227141532654409811e-01 2.078371330557444718e+00
9.180263800683926334e+00 1.236614163179183823e-01 2.084778594146359687e+00
9.197850512945773716e+00 1.243919691626736573e-01 2.089721449033580480e+00
9.215437225207619321e+00 1.248811793024486583e-01 2.093032124987996401e+00
9.233023937469466702e+00 1.251317258536693566e-01 2.094727903696833149e+00
9.250610649731312307e+00 1.251706075352685410e-01 2.094991081629376417e+00
9.268197361993159689e+00 1.250433311167895856e-01 2.094129601787850792e+00
9.285784074255007070e+00 1.248067312089648634e-01 2.092528267237905304e+00
9.303370786516852675e+00 1.245217215536796734e-01 2.090599476401775902e+00
9.320957498778700057e+00 1.242468421588399374e-01 2.088739431156384718e+00
9.338544211040545662e+00 1.240329949727036057e-01 2.087292503187287540e+00
9.356130923302393043e+00 1.239194300274648608e-01 2.086524147003314678e+00
9.373717635564240425e+00 1.239309184854794216e-01 2.086601874069508256e+00
9.391304347826086030e+00 1.240760983763042474e-01 2.087584139643265502e+00
9.408891060087933411e+00 1.243471130766195948e-01 2.089417919915658395e+00
9.426477772349779016e+00 1.247207650653060079e-01 2.091946473692568365e+00
9.444064484611626398e+00 1.251613687014986598e-01 2.094928546504063682e+00
9.461651196873473779e+00 1.256252476450264166e-01 2.098068688903712786e+00
9.479237909135319384e+00 1.260664238748591126e-01 2.101055676794725269e+00
9.496824621397166766e+00 1.264426342735745501e-01 2.103603229633148164e+00
9.514411333659012371e+00 1.267205898364217875e-01 2.105485690083707340e+00
9.531998045920859752e+00 1.268795055190886090e-01 2.106562047838442364e+00
9.549584758182707134e+00 1.269123618698611289e-01 2.106784597356833988e+00
9.567171470444552739e+00 1.268249383088596027e-01 2.106192448560108677e+00
9.584758182706400120e+00 1.266331495736264523e-01 2.104893475572361172e+00
9.602344894968245725e+00 1.263594621407471974e-01 2.103039986270752060e+00
9.619931607230093107e+00 1.260291464048267918e-01 2.100803269090269154e+00
9.637518319491938712e+00 1.256669247454078042e-01 2.098350841895515018e+00
9.655105031753784317e+00 1.252943314691393750e-01 2.095828556093416672e+00
9.672691744015631699e+00 1.249279025723575021e-01 2.093348350851026662e+00
9.690278456277477304e+00 1.245781986161346999e-01 2.090981666534699634e+00
9.707865168539324685e+00 1.242496205256771596e-01 2.088758230802564064e+00
9.725451880801172067e+00 1.239409661549224773e-01 2.086669853497651772e+00
9.743038593063017672e+00 1.236466510418301190e-01 2.084678706594058184e+00
9.760625305324865053e+00 1.233584519395152373e-01 2.082729131162180281e+00
9.778212017586710658e+00 1.230675298408711732e-01 2.080761326584509519e+00
9.795798729848558040e+00 1.227663892834096881e-01 2.078724601878326972e+00
9.813385442110405421e+00 1.224503918855653906e-01 2.076587606230874350e+00
9.830972154372251026e+00 1.221185097106456952e-01 2.074343413860494589e+00
9.848558866634098408e+00 1.217731758782281126e-01 2.072008501752410581e+00
9.866145578895944013e+00 1.214193088393307335e-01 2.069616141151297217e+00
9.883732291157791394e+00 1.210627713289026963e-01 2.067205971919329865e+00
9.901319003419638776e+00 1.207086159312689838e-01 2.064812141741573459e+00
9.918905715681484381e+00 1.203594583967894094e-01 2.062452316273205355e+00
9.936492427943331762e+00 1.200142438890963031e-01 2.060119350425123397e+00
9.954079140205177367e+00 1.196675807228856220e-01 2.057776797485838749e+00
9.971665852467024749e+00 1.193097453042149120e-01 2.055358954327684895e+00
9.989252564728872130e+00 1.189274158533710074e-01 2.052775830049666794e+00
1.000683927699071774e+01 1.185051504471151679e-01 2.049923141569465201e+00
1.002442598925256512e+01 1.180275552647394588e-01 2.046696968059788180e+00
1.004201270151441072e+01 1.174819681485047007e-01 2.043011878261941305e+00
1.005959941377625810e+01 1.168613152596293531e-01 2.038820213252201974e+00
1.007718612603810371e+01 1.161666307501828116e-01 2.034129075790836794e+00
1.009477283829994931e+01 1.154086428834098649e-01 2.029011000717634960e+00
1.011235955056179669e+01 1.146079081438187708e-01 2.023604818610158951e+00
1.012994626282364230e+01 1.137932470085075420e-01 2.018105068833545790e+00
1.014753297508548968e+01 1.129986358027189469e-01 2.012741019539293408e+00
1.016511968734733706e+01 1.122590920359325811e-01 2.007748922675422154e+00
1.018270639960918267e+01 1.116063031432747016e-01 2.003342550357331220e+00
1.020029311187103005e+01 1.110647199576433874e-01 1.999686859710680276e+00
1.021787982413287565e+01 1.106486142463458250e-01 1.996878142775165621e+00
1.023546653639472304e+01 1.103603112506913314e-01 1.994932086430622142e+00
1.025305324865657042e+01 1.101895812079036197e-01 1.993779646299560504e+00
1.027063996091841602e+01 1.101140762259030792e-01 1.993269980503054040e+00
1.028822667318026340e+01 1.101007238362616686e-01 1.993179850485570670e+00
1.030581338544210901e+01 1.101080753997545764e-01 1.993229474307604887e+00
1.032340009770395639e+01 1.100896732554026564e-01 1.993105257888374560e+00
1.034098680996580377e+01 1.099984675109311610e-01 1.992489608392107758e+00
1.035857352222764938e+01 1.097921345854578762e-01 1.991096829570711879e+00
1.037616023448949676e+01 1.094388352081705762e-01 1.988711976633019907e+00
1.039374694675134236e+01 1.089225884087206553e-01 1.985227109981292593e+00
1.041133365901318975e+01 1.082471905522032068e-01 1.980667722981439338e+00
1.042892037127503713e+01 1.074376478595532869e-01 1.975202400406547598e+00
1.044650708353688273e+01 1.065385015473452046e-01 1.969131548986814417e+00
1.046409379579873011e+01 1.056091180643864841e-01 1.962855709053937359e+00
1.048168050806057572e+01 1.047167414567455601e-01 1.956828801821908437e+00
1.049926722032242310e+01 1.039285718299696459e-01 1.951504767726995215e+00
1.051685393258427048e+01 1.033041803873435971e-01 1.947286355017016968e+00
1.053444064484611609e+01 1.028892438890322558e-01 1.944482659850435891e+00
1.055202735710796347e+01 1.027110843688507219e-01 1.943278753857423657e+00
1.056961406936980907e+01 1.027760658099781815e-01 1.943717870195263542e+00
1.058720078163165468e+01 1.030686746701597323e-01 1.945695097856106726e+00
1.060478749389350206e+01 1.035521172578457993e-01 1.948961503323556332e+00
1.062237420615534766e+01 1.041704253694781257e-01 1.953138571327790896e+00
1.063996091841719505e+01 1.048522409872653799e-01 1.957744001965456171e+00
1.065754763067904065e+01 1.055165104787530589e-01 1.962230305386503781e+00
1.067513434294088803e+01 1.060801474452027077e-01 1.966036541947328020e+00
1.069272105520273541e+01 1.064672848742116429e-01 1.968650676942109268e+00
1.071030776746458102e+01 1.066191175452890494e-01 1.969675881542938045e+00
1.072789447972642840e+01 1.065027581647644828e-01 1.968890201726601896e+00
1.074548119198827401e+01 1.061172933580746686e-01 1.966287375537190130e+00
1.076306790425012139e+01 1.054955516450900022e-01 1.962088763373921241e+00
1.078065461651196877e+01 1.047009720564293228e-01 1.956722289416309657e+00
1.079824132877381437e+01 1.038200931677875083e-01 1.950771927411094842e+00
1.081582804103566176e+01 1.029521257563242448e-01 1.944907567724280861e+00
1.083341475329750736e+01 1.021974842571364978e-01 1.939807784909553190e+00
1.085100146555935474e+01 1.016469667603064481e-01 1.936086740104421278e+00
1.086858817782120212e+01 1.013726977574397059e-01 1.934232669748409794e+00
1.088617489008304773e+01 1.014213074277694054e-01 1.934561285109742679e+00
1.090376160234489511e+01 1.018093823437731804e-01 1.937184600803197654e+00
1.092134831460674071e+01 1.025210969521085091e-01 1.941994856027838168e+00
1.093893502686858810e+01 1.035080789863530720e-01 1.948663972921188980e+00
1.095652173913043548e+01 1.046918233136425319e-01 1.956660495239540776e+00
1.097410845139228108e+01 1.059691445900126372e-01 1.965286968862051564e+00
1.099169516365412846e+01 1.072210523484234401e-01 1.973740055609090271e+00
1.100928187591597407e+01 1.083249227354932953e-01 1.981192479925346417e+00
1.102686858817781967e+01 1.091689705142672162e-01 1.986890298425665335e+00
1.104445530043966706e+01 1.096670500855884550e-01 1.990252484500065089e+00
1.106204201270151266e+01 1.097711579868236587e-01 1.990955233698354254e+00
1.107962872496336004e+01 1.094790719911996335e-01 1.988983586291655614e+00
1.109721543722520565e+01 1.088354717523499909e-01 1.984639027442581805e+00
1.111480214948705303e+01 1.079263641031363019e-01 1.978501837721332146e+00
1.113238886174890041e+01 1.068681120574249827e-01 1.971357094795505249e+00
1.114997557401074602e+01 1.057932904878804009e-01 1.964099444343116785e+00
1.116756228627259340e+01 1.048357248413246262e-01 1.957632448838144024e+00
1.118514899853443900e+01 1.041165591033716836e-01 1.952774694037149983e+00
1.120273571079628638e+01 1.037324268096893737e-01 1.950179673298040983e+00
1.122032242305813377e+01 1.037461490480045545e-01 1.950272378459522393e+00
1.123790913531997937e+01 1.041800830744926271e-01 1.953203810569818843e+00
1.125549584758182675e+01 1.050123193027136942e-01 1.958825181656270509e+00
1.127308255984367236e+01 1.061762305798375494e-01 1.966685355318138928e+00
1.129066927210551974e+01 1.075641677530465024e-01 1.976056582531676487e+00
1.130825598436736712e+01 1.090360879367104768e-01 1.985993285373822692e+00
1.132584269662921272e+01 1.104333782292859362e-01 1.995425292377468240e+00
1.134342940889106011e+01 1.115970668133199617e-01 2.003280204902922357e+00
1.136101612115290571e+01 1.123882521582318383e-01 2.008620772846947844e+00
1.137860283341475309e+01 1.127074518547312026e-01 2.010775438041358498e+00
1.139618954567660047e+01 1.125092514821062623e-01 2.009437540316572068e+00
1.141377625793844608e+01 1.118094199191700666e-01 2.004713596054208846e+00
1.143136297020029346e+01 1.106833409300869847e-01 1.997112548598067638e+00
1.144894968246213907e+01 1.092565421806266507e-01 1.987481439906568781e+00
1.146653639472398645e+01 1.076895472572312884e-01 1.976903053603737082e+00
1.148412310698583383e+01 1.061598061053223296e-01 1.966574447700509598e+00
1.150170981924767943e+01 1.048431203555770519e-01 1.957682399565456421e+00
1.151929653150952504e+01 1.038961699141009720e-01 1.951285874743118320e+00
1.153688324377137064e+01 1.034409515642021465e-01 1.948210441848401198e+00
1.155446995603321803e+01 1.035515114397679293e-01 1.948957410330719009e+00
1.157205666829506541e+01 1.042434142398465935e-01 1.953631618568387074e+00
1.158964338055691101e+01 1.054668408508869365e-01 1.961894868913829137e+00
1.160723009281875839e+01 1.071047622513791875e-01 1.972954907048861894e+00
1.162481680508060400e+01 1.089779123658408955e-01 1.985600573525448942e+00
1.164240351734245138e+01 1.108578938498212957e-01 1.998290782930844944e+00
1.165999022960429876e+01 1.124885014880232237e-01 2.009297473793397959e+00
1.167757694186614437e+01 1.136134151117668689e-01 2.016891081488752846e+00
1.169516365412799175e+01 1.140064121873167052e-01 2.019544101038954320e+00
1.171275036638983735e+01 1.134990327587656611e-01 2.016118931496765576e+00
1.173033707865168473e+01 1.120008527750215588e-01 2.006005780204743516e+00
1.174792379091353212e+01 1.095092269420381015e-01 1.989187140372100204e+00
1.176551050317537772e+01 1.061078929018679368e-01 1.966223897625855477e+00
1.178309721543722510e+01 1.019561831757274939e-01 1.938176865024156426e+00
1.180068392769907071e+01 9.727196461149278939e-02 1.906488966508880001e+00
1.181827063996091809e+01 9.231156685372549076e-02 1.872854029625353744e+00
1.183585735222276547e+01 8.734916814104087823e-02 1.839090003731986389e+00
1.185344406448461108e+01 8.265695080446539000e-02 1.807022345494125437e+00
1.187103077674645846e+01 7.848636712099157919e-02 1.778372752990594163e+00
1.188861748900830406e+01 7.505041383195802662e-02 1.754643766502900881e+00
1.190620420127015144e+01 7.250700263626622122e-02 1.736993696382745256e+00
1.192379091353199883e+01 7.094421812717202624e-02 1.726108772392891844e+00
1.194137762579384443e+01 7.036917585469382175e-02 1.722095390065792708e+00
1.195896433805569004e+01 7.070290109406146550e-02 1.724425101044916975e+00
1.197655105031753564e+01 7.178368622486869244e-02 1.731959691635579057e+00
1.199413776257938302e+01 7.338045137414139774e-02 1.743063786033334006e+00
1.201172447484123040e+01 7.521579205534148493e-02 1.755788789228544866e+00
1.202931118710307601e+01 7.699616175672209517e-02 1.768096446535068811e+00
1.204689789936492339e+01 7.844481029700055286e-02 1.778086480896468924e+00
1.206448461162676900e+01 7.933239407963470213e-02 1.784197163160559096e+00
1.208207132388861638e+01 7.950083280662822993e-02 1.785355959272966198e+00
1.209965803615046376e+01 7.887765372367430694e-02 1.781067385976706552e+00
1.211724474841230936e+01 7.748001350891242645e-02 1.771435497872570597e+00
1.213483146067415674e+01 7.540913122000783564e-02 1.757127014469370918e+00
1.215241817293600235e+01 7.283667424820815250e-02 1.739285882735762012e+00
1.217000488519784973e+01 6.998481798038921897e-02 1.719410312172155786e+00
1.218759159745969711e+01 6.710163672818085512e-02 1.699200439722908573e+00
1.220517830972154272e+01 6.443359678421395342e-02 1.680382136011545180e+00
1.222276502198339010e+01 6.219742719709017709e-02 1.664514166301234610e+00
1.224035173424523570e+01 6.055441498365872477e-02 1.652794556113317048e+00
1.225793844650708309e+01 5.959076025629521378e-02 1.645895287434220533e+00
1.227552515876893047e+01 5.930746137134498136e-02 1.643863285358936110e+00
1.229311187103077607e+01 5.962192230034061430e-02 1.646118696962290517e+00
1.231069858329262345e+01 6.038123687883734103e-02 1.651556114986971746e+00
1.232828529555446906e+01 6.138460449333953128e-02 1.658722991949094894e+00
1.234587200781631644e+01 6.241048956221837557e-02 1.666030071940501234e+00
1.236345872007816382e+01 6.324360196320066851e-02 1.671949311729233445e+00
1.238104543234000943e+01 6.369759473390733395e-02 1.675169511875719497e+00
1.239863214460185681e+01 6.363104161847105145e-02 1.674697680980382852e+00
1.241621885686370241e+01 6.295605131732893989e-02 1.669907738209522652e+00
1.243380556912554979e+01 6.164023662497082612e-02 1.660545704109582354e+00
1.245139228138739540e+01 5.970346365718362525e-02 1.646703192371484548e+00
1.246897899364924100e+01 5.721094065430359227e-02 1.628770612198857215e+00
1.248656570591108839e+01 5.426400092639648703e-02 1.607379541330480555e+00
1.250415241817293399e+01 5.098962817232208927e-02 1.583341273018692874e+00
1.252173913043478137e+01 4.752952185512848010e-02 1.557586176969607994e+00
1.253932584269662875e+01 4.402936205156867538e-02 1.531106498421998863e+00
1.255691255495847436e+01 4.062888405676715747e-02 1.504903595007292871e+00
1.257449926722032174e+01 3.745334846042151083e-02 1.479939386124139000e+00
1.259208597948216735e+01 3.460692569485825099e-02 1.457091104952596528e+00
1.260967269174401473e+01 3.216836616985989383e-02 1.437108640272905635e+00
1.262725940400586211e+01 3.018910061182373400e-02 1.420575207836416221e+00
1.264484611626770771e+01 2.869364991726522721e-02 1.407874715630066387e+00
1.266243282852955510e+01 2.768197814762411377e-02 1.399171862168175684e+00
1.268001954079140070e+01 2.713324963919462249e-02 1.394411636597248316e+00
1.269760625305324808e+01 2.701038162048217256e-02 1.393341783892386276e+00
1.271519296531509546e+01 2.726481736923409838e-02 1.395555615576848263e+00
1.273277967757694107e+01 2.784105737408218775e-02 1.400546549127936746e+00
1.275036638983878845e+01 2.868064025611618065e-02 1.407763386190214128e+00
1.276795310210063406e+01 2.972542424180406317e-02 1.416657420725947913e+00
1.278553981436248144e+01 3.092015456148167543e-02 1.426717018518951052e+00
1.280312652662432882e+01 3.221439379028923078e-02 1.437489624000990895e+00
1.282071323888617442e+01 3.356393241324745480e-02 1.448593670408207412e+00
1.283829995114802180e+01 3.493178629912173372e-02 1.459723478173789113e+00
1.285588666340986741e+01 3.628883645397101149e-02 1.470649578217625875e+00
1.287347337567171479e+01 3.761409610584425661e-02 1.481215765146127072e+00
1.289106008793356040e+01 3.889453330073074783e-02 1.491333181622748416e+00
1.290864680019540600e+01 4.012436803384535761e-02 1.500971248374546985e+00
1.292623351245725338e+01 4.130381984903869902e-02 1.510145418638074943e+00
1.294382022471909899e+01 4.243739024644760383e-02 1.518902392538768131e+00
1.296140693698094637e+01 4.353187658525764503e-02 1.527304174237463785e+00
1.297899364924279375e+01 4.459437427214361233e-02 1.535412747187764548e+00
1.299658036150463936e+01 4.563050192614886980e-02 1.543276948244931335e+00
1.301416707376648674e+01 4.664299460173351036e-02 1.550922447578175989e+00
1.303175378602833234e+01 4.763070016887774316e-02 1.558344936496121047e+00
1.304934049829017972e+01 4.858793249496478478e-02 1.565506045544456937e+00
1.306692721055202711e+01 4.950410829817526726e-02 1.572331343686355076e+00
1.308451392281387271e+01 5.036362106030461278e-02 1.578709984993084570e+00
1.310210063507572009e+01 5.114596645221859000e-02 1.584496027227160431e+00
1.311968734733756570e+01 5.182620574686008785e-02 1.589511974316996978e+00
1.313727405959941308e+01 5.237591482294411127e-02 1.593555541123088171e+00
1.315486077186126046e+01 5.276479667799132550e-02 1.596410875312266109e+00
1.317244748412310607e+01 5.296311481897629514e-02 1.597865372461010791e+00
1.319003419638495345e+01 5.294501380663985818e-02 1.597732662255582303e+00
1.320762090864679905e+01 5.269261869447404434e-02 1.595881236925574154e+00
1.322520762090864643e+01 5.220055368788849293e-02 1.592266559483074273e+00
1.324279433317049381e+01 5.148023288402853864e-02 1.586962550603677302e+00
1.326038104543233942e+01 5.056303468664016115e-02 1.580186577709132401e+00
1.327796775769418680e+01 4.950138686569013902e-02 1.572311110078715046e+00
1.329555446995603241e+01 4.836695936961454140e-02 1.563855693850519257e+00
1.331314118221787979e+01 4.724561545304555715e-02 1.555455184016972359e+00
1.333072789447972717e+01 4.622942505525871187e-02 1.547804099849289905e+00
1.334831460674157277e+01 4.540671150870491390e-02 1.541581888130382882e+00
1.336590131900342016e+01 4.485156658311004879e-02 1.537368731516568054e+00
1.338348803126526576e+01 4.461438243075287191e-02 1.535565005778638525e+00
1.340107474352711137e+01 4.471470301922206986e-02 1.536328189151416446e+00
1.341866145578895875e+01 4.513721403500970536e-02 1.539538083573724681e+00
1.343624816805080435e+01 4.583114983730546960e-02 1.544795105873793428e+00
1.345383488031265173e+01 4.671295180690251958e-02 1.551449314211750696e+00
1.347142159257449734e+01 4.767173769942302519e-02 1.558652584889044235e+00
1.348900830483634472e+01 4.857702919146816845e-02 1.565424651885456875e+00
1.350659501709819033e+01 4.928817977859303867e-02 1.570725192901402334e+00
1.352418172936003771e+01 4.966498300891047241e-02 1.573527011123927455e+00
1.354176844162188509e+01 4.957897192392982794e-02 1.572887854889114534e+00
1.355935515388373069e+01 4.892491610290912452e-02 1.568019696094981930e+00
1.357694186614557808e+01 4.763197098931442469e-02 1.558354464405877327e+00
1.359452857840742368e+01 4.567383277468083785e-02 1.543604930107115081e+00
1.361211529066927106e+01 4.307710571868283989e-02 1.523819329386122856e+00
1.362970200293111844e+01 3.992691483895816074e-02 1.499428891624003501e+00
1.364728871519296405e+01 3.636863766604056525e-02 1.471288663830628396e+00
1.366487542745481143e+01 3.260456333763632475e-02 1.440713058309222028e+00
1.368246213971665703e+01 2.888443229165271048e-02 1.409505614693403741e+00
1.370004885197850442e+01 2.548929459957896895e-02 1.379971126787064239e+00
1.371763556424035180e+01 2.270903294305621004e-02 1.354867085472572841e+00
1.373522227650219740e+01 2.081518098082293239e-02 1.337198554909355686e+00
1.375280898876404478e+01 2.003208310286259258e-02 1.329739008795263855e+00
1.377039570102589039e+01 2.051054710908433928e-02 1.334308010412891266e+00
1.378798241328773777e+01 2.230843449913921459e-02 1.351171113486984598e+00
1.380556912554958515e+01 2.538178574631325818e-02 1.379016940389946377e+00
1.382315583781143076e+01 2.958816246767834515e-02 1.415494235419626268e+00
1.384074255007327636e+01 3.470143225546024751e-02 1.457857587438846192e+00
1.385832926233512197e+01 4.043501195595052000e-02 1.503393942091573843e+00
1.387591597459696935e+01 4.646931128880173872e-02 1.549613623200368995e+00
1.389350268685881673e+01 5.247906939973891183e-02 1.594313362769962161e+00
1.391108939912066234e+01 5.815726248612072130e-02 1.635595348536347249e+00
1.392867611138250972e+01 6.323377549262809705e-02 1.671879570237383650e+00
1.394626282364435532e+01 6.748851910096505258e-02 1.701919603135989112e+00
1.396384953590620270e+01 7.075973611666486196e-02 1.724821710570923372e+00
1.398143624816805008e+01 7.294871047687839782e-02 1.740064554954471987e+00
1.399902296042989569e+01 7.402199162251250908e-02 1.747516284554169852e+00
1.401660967269174307e+01 7.401171673029698084e-02 1.747445012174976497e+00
1.403419638495358868e+01 7.301385289103186349e-02 1.740517235111864069e+00
1.405178309721543606e+01 7.118343406736804546e-02 1.727777010471482910e+00
1.406936980947728344e+01 6.872542096377384779e-02 1.710597638723805991e+00
1.408695652173912904e+01 6.587996441798028846e-02 1.690598378048995709e+00
1.410454323400097643e+01 6.290180449429733089e-02 1.669522420484155889e+00
1.412212994626282203e+01 6.003521342976705921e-02 1.649079754126751007e+00
1.413971665852466941e+01 5.748780629619224675e-02 1.630769463714939027e+00
1.415730337078651679e+01 5.540787824144104839e-02 1.615708415488773309e+00
1.417489008304836240e+01 5.386989429441140648e-02 1.604502026965709316e+00
1.419247679531020978e+01 5.287110586114850824e-02 1.597190700624546933e+00
1.421006350757205539e+01 5.233954641637258987e-02 1.593288289572698746e+00
1.422765021983390277e+01 5.215097002444221003e-02 1.591901937829536484e+00
1.424523693209575015e+01 5.215067010088594163e-02 1.591899732077047824e+00
1.426282364435759575e+01 5.217596444762837016e-02 1.592085747279564201e+00
1.428041035661944314e+01 5.207615325427390751e-02 1.591351626405544506e+00
1.429799706888128874e+01 5.172825370511794502e-02 1.588790536371833095e+00
1.431558378114313612e+01 5.104812700377404922e-02 1.583773446366765869e+00
1.433317049340498173e+01 4.999737137291135336e-02 1.575994808882103637e+00
1.435075720566682733e+01 4.858650647117238042e-02 1.565495400437243445e+00
1.436834391792867471e+01 4.687468581841944953e-02 1.552666700324058846e+00
1.438593063019052032e+01 4.496571401508758781e-02 1.538236006607126782e+00
1.440351734245236770e+01 4.299981684607381838e-02 1.523226208652209701e+00
1.442110405471421508e+01 4.114069650083668206e-02 1.508880480422975623e+00
1.443869076697606069e+01 3.955808424111993682e-02 1.496542732172240209e+00
1.445627747923790807e+01 3.840724393023160765e-02 1.487493077012335574e+00
1.447386419149975367e+01 3.780832566765201380e-02 1.482756113866826375e+00
1.449145090376160105e+01 3.782947777581507909e-02 1.482923738042778661e+00
1.450903761602344844e+01 3.847753679513965519e-02 1.488047787918030052e+00
1.452662432828529404e+01 3.969866265582826931e-02 1.497643574611917883e+00
1.454421104054714142e+01 4.138887490969912070e-02 1.510804491499302182e+00
1.456179775280898703e+01 4.341201620904129588e-02 1.526386542301981564e+00
1.457938446507083441e+01 4.562117618103567196e-02 1.543206350086468559e+00
1.459697117733268179e+01 4.787948775909274535e-02 1.560209141982227710e+00
1.461455788959452740e+01 5.007721237576751028e-02 1.576587064152022100e+00
1.463214460185637478e+01 5.214349822148507674e-02 1.591846986563182798e+00
1.464973131411822038e+01 5.405247593300176873e-02 1.605835635123292970e+00
1.466731802638006776e+01 5.582409486159248951e-02 1.618730736146144711e+00
1.468490473864191515e+01 5.752028915779981710e-02 1.631003859265952149e+00
1.470249145090376075e+01 5.923691490017281291e-02 1.643357012484025104e+00
1.472007816316560813e+01 6.109172149670998031e-02 1.656633079617264359e+00
1.473766487542745374e+01 6.320869033466428033e-02 1.671701525070888650e+00
1.475525158768930112e+01 6.569956008777734502e-02 1.689326046652831259e+00
1.477283829995114672e+01 6.864424673849821301e-02 1.710028829381665672e+00
1.479042501221299233e+01 7.207290305797876828e-02 1.733973334624581586e+00
1.480801172447483971e+01 7.595307399679641913e-02 1.760889770318029734e+00
1.482559843673668531e+01 8.018526380643013762e-02 1.790061902314643794e+00
1.484318514899853270e+01 8.460894994771393784e-02 1.820381903977327243e+00
1.486077186126038008e+01 8.901887694496637971e-02 1.850465901211243658e+00
1.487835857352222568e+01 9.318907876136968416e-02 1.878811519581764955e+00
1.489594528578407306e+01 9.690043084338999246e-02 1.903972906516780750e+00
1.491353199804591867e+01 9.996721928474415486e-02 1.924728874565604597e+00
1.493111871030776605e+01 1.022591898843115271e-01 1.940224825774037543e+00
1.494870542256961343e+01 1.037172036519629081e-01 1.950076827817002201e+00
1.496629213483145904e+01 1.043622070482956160e-01 1.954434058994982681e+00
1.498387884709330642e+01 1.042981742496794789e-01 1.954001522742772945e+00
1.500146555935515380e+01 1.037098375797871203e-01 1.950027063549405471e+00
1.501905227161699941e+01 1.028555734688923751e-01 1.944255137778473141e+00
1.503663898387884501e+01 1.020551219548914285e-01 1.938845592477820290e+00
1.505422569614069417e+01 1.016712981877904154e-01 1.936251213814805139e+00
1.507181240840253977e+01 1.020848654769686836e-01 1.939046625131060297e+00
1.508939912066438538e+01 1.036625174792479148e-01 1.949707372724667653e+00
1.510698583292623454e+01 1.067194809398768346e-01 1.970353543081295733e+00
1.512457254518808014e+01 1.114803019132113715e-01 2.002492039630903609e+00
1.514215925744992575e+01 1.180432748654920844e-01 2.046803149597629101e+00
1.515974596971177135e+01 1.263548741203956161e-01 2.103008916661033734e+00
1.517733268197362051e+01 1.361997606435333963e-01 2.169835929843933808e+00
1.519491939423546611e+01 1.472093449030097145e-01 2.245060653093029046e+00
1.521250610649731172e+01 1.588881566374340248e-01 2.325616644120024556e+00
1.523009281875916088e+01 1.706536530663567697e-01 2.407749917907005877e+00
1.524767953102100648e+01 1.818828378704714643e-01 2.487219943414496814e+00
1.526526624328285209e+01 1.919588085013388401e-01 2.559548833552679703e+00
1.528285295554469947e+01 2.003118862292584124e-01 2.620316806365841966e+00
1.530043966780654507e+01 2.064524617150822472e-01 2.665490298400224667e+00
1.531802638006839068e+01 2.099951061869592683e-01 2.691754927841736311e+00
1.533561309233023628e+01 2.106751262369504496e-01 2.696813948267107630e+00
1.535319980459208544e+01 2.083593022310498699e-01 2.679608477199401317e+00
1.537078651685393105e+01 2.030521646201327579e-01 2.640421704383527413e+00
1.538837322911577665e+01 1.948981808671064742e-01 2.580845817364609829e+00
1.540595994137762581e+01 1.841790846040497476e-01 2.503614287449455578e+00
1.542354665363947142e+01 1.713047043883030862e-01 2.412327142195337171e+00
1.544113336590131702e+01 1.567953982122920475e-01 2.311115674244960339e+00
1.545872007816316618e+01 1.412547939601179470e-01 2.204300361779213624e+00
1.547630679042501178e+01 1.253329834119049357e-01 2.096090195189988847e+00
1.549389350268685739e+01 1.096823467707084138e-01 1.990355740388416228e+00
1.551148021494870299e+01 9.491025645475487105e-02 1.890487030318107609e+00
1.552906692721055215e+01 8.153435177406342937e-02 1.799325612504359073e+00
1.554665363947239776e+01 6.994633038613173870e-02 1.719141329008048613e+00
1.556424035173424336e+01 6.038906760685326669e-02 1.651612127864654056e+00
1.558182706399609252e+01 5.294962368255572149e-02 1.597766461097405610e+00
1.559941377625793812e+01 4.756797963080854758e-02 1.557874622725419655e+00
1.561700048851978373e+01 4.405890867331726385e-02 1.531332007138034745e+00
1.563458720078163289e+01 4.214281056372137790e-02 1.516632239194654508e+00
1.565217391304347849e+01 4.148081941715288379e-02 1.511516576669575951e+00
1.566976062530532410e+01 4.170989972920836203e-02 1.513289068475435650e+00
1.568734733756716970e+01 4.247461724955788748e-02 1.519189008670218000e+00
1.570493404982901708e+01 4.345342369502492447e-02 1.526703619106206666e+00
1.572252076209086269e+01 4.437833381407738781e-02 1.533767703345577660e+00
1.574010747435270829e+01 4.504765243879983727e-02 1.538858249018197677e+00
1.575769418661455745e+01 4.533191220454556997e-02 1.541014908015954532e+00
1.577528089887640306e+01 4.517347918864079298e-02 1.539813272825471868e+00
1.579286761113824866e+01 4.458047671141198570e-02 1.535306979840068031e+00
1.581045432340009782e+01 4.361586076153521618e-02 1.527946787831731879e+00
1.582804103566194343e+01 4.238271019359114711e-02 1.518481293129842813e+00
1.584562774792378903e+01 4.100707478535481343e-02 1.507843394627046640e+00
1.586321446018563464e+01 3.962000442948179768e-02 1.497027738240497508e+00
1.588080117244748379e+01 3.834057294552093570e-02 1.486966707466993221e+00
1.589838788470932940e+01 3.726170854859222475e-02 1.478415850884431615e+00
1.591597459697117500e+01 3.644037578357028906e-02 1.471862860027211450e+00
1.593356130923302416e+01 3.589311126113797767e-02 1.467474898373883230e+00
1.595114802149486977e+01 3.559717158604244064e-02 1.465094651713386043e+00
1.596873473375671537e+01 3.549675097085382841e-02 1.464285767383344039e+00
1.598632144601856453e+01 3.551304034006200899e-02 1.464417019231154748e+00
1.600390815828041013e+01 3.555647165454231540e-02 1.464766888972893977e+00
1.602149487054225574e+01 3.553938677078060521e-02 1.464629271892390117e+00
1.603908158280410134e+01 3.538756342583700143e-02 1.463405569838359233e+00
1.605666829506595050e+01 3.504942357667954062e-02 1.460675068366255491e+00
1.607425500732779611e+01 3.450221321623785781e-02 1.456241184855094239e+00
1.609184171958964171e+01 3.375486528995087082e-02 1.450154581588244174e+00
1.610942843185149087e+01 3.284757222308115621e-02 1.442715249591903115e+00
1.612701514411333648e+01 3.184829177954983520e-02 1.434455028182244130e+00
1.614460185637518208e+01 3.084652640238706375e-02 1.426100352823097772e+00
1.616218856863703124e+01 2.994481415564525378e-02 1.418513331476323192e+00
1.617977528089887684e+01 2.924850925669507037e-02 1.412609131477688740e+00
1.619736199316072245e+01 2.885464236116629805e-02 1.409251166353595597e+00
1.621494870542256805e+01 2.884091329743729629e-02 1.409133874523523122e+00
1.623253541768441721e+01 2.925610014595284025e-02 1.412673717446931709e+00
1.625012212994626282e+01 3.011324528076307627e-02 1.419935478209135349e+00
1.626770884220810842e+01 3.138678467265812455e-02 1.430615522711411680e+00
1.628529555446995758e+01 3.301427598506953554e-02 1.444086362405436974e+00
1.630288226673180318e+01 3.490262819126749294e-02 1.459487478985975972e+00
1.632046897899364879e+01 3.693793120750327869e-02 1.475837168517615039e+00
1.633805569125549795e+01 3.899736679843130577e-02 1.492141994683554129e+00
1.635564240351734355e+01 4.096143445267840660e-02 1.507488973378447339e+00
1.637322911577918916e+01 4.272489405068754381e-02 1.521114363674603842e+00
1.639081582804103476e+01 4.420530826922448864e-02 1.532448851074201368e+00
1.640840254030288037e+01 4.534866912697077534e-02 1.541141944439187617e+00
1.642598925256472597e+01 4.613212145912525680e-02 1.547069509549909405e+00
1.644357596482657158e+01 4.656412766855560353e-02 1.550328266539373168e+00
1.646116267708842074e+01 4.668252420958819010e-02 1.551220177519891719e+00
1.647874938935026634e+01 4.655085260862157348e-02 1.550228230415950925e+00
1.649633610161211195e+01 4.625320427439908594e-02 1.547983567083510481e+00
1.651392281387396110e+01 4.588770752452354246e-02 1.545222763253527143e+00
1.653150952613580671e+01 4.555879620100675848e-02 1.542734033637781943e+00
1.654909623839765231e+01 4.536857437076995819e-02 1.541292834705247250e+00
1.656668295065949792e+01 4.540790322753151392e-02 1.541590919647130020e+00
1.658426966292134708e+01 4.574817737099375059e-02 1.544167497330001249e+00
1.660185637518319268e+01 4.643496464851778333e-02 1.549354667155058429e+00
1.661944308744503829e+01 4.748460129650119987e-02 1.557249192868819465e+00
1.663702979970688745e+01 4.888440122894363582e-02 1.567717683526679506e+00
1.665461651196873305e+01 5.059644601576977763e-02 1.580433857891694327e+00
1.667220322423057866e+01 5.256419257014752905e-02 1.594938489735786113e+00
1.668978993649242781e+01 5.472062042480474453e-02 1.610708362127217574e+00
1.670737664875427342e+01 5.699649701044740696e-02 1.627221187370179400e+00
1.672496336101611902e+01 5.932756354495706541e-02 1.644007527860572138e+00
1.674255007327796463e+01 6.165989626865506917e-02 1.660685828326361468e+00
1.676013678553981379e+01 6.395319031046040048e-02 1.676980824354487476e+00
1.677772349780165939e+01 6.618209889133462587e-02 1.692728026402963826e+00
1.679531021006350500e+01 6.833597441062218281e-02 1.707867792098787474e+00
1.681289692232535415e+01 7.041741314790668504e-02 1.722432225456795196e+00
1.683048363458719976e+01 7.243995998276087089e-02 1.736527385823836589e+00
1.684807034684904536e+01 7.442525259627423562e-02 1.750312546528794311e+00
1.686565705911089452e+01 7.639983111856255005e-02 1.763977826620752420e+00
1.688324377137274013e+01 7.839183623031163728e-02 1.777721534550529947e+00
1.690083048363458573e+01 8.042785948946173935e-02 1.791728899114797269e+00
1.691841719589643134e+01 8.253025622761853142e-02 1.806154220492651064e+00
1.693600390815828050e+01 8.471523008915861352e-02 1.821108470469974039e+00
1.695359062042012610e+01 8.699190734578339523e-02 1.836653729229924314e+00
1.697117733268197171e+01 8.936243716060068842e-02 1.852804583726740173e+00
1.698876404494382086e+01 9.182293042913711179e-02 1.869535094627782223e+00
1.700635075720566647e+01 9.436486448064536348e-02 1.886788719071053499e+00
1.702393746946751207e+01 9.697650232940825676e-02 1.904488106697784566e+00
1.704152418172936123e+01 9.964392562988100277e-02 1.922542088367962920e+00
1.705911089399120684e+01 1.023514309634572378e-01 1.940848228157424193e+00
1.707669760625305244e+01 1.050812332725353793e-01 1.959290620732739185e+00
1.709428431851489805e+01 1.078126067413524986e-01 1.977733850520602799e+00
1.711187103077674720e+01 1.105207440576751327e-01 1.996015015339260401e+00
1.712945774303859281e+01 1.131757225009081685e-01 2.013936424860336416e+00
1.714704445530043841e+01 1.157420274648365416e-01 2.031262010480363145e+00
1.716463116756228757e+01 1.181790872596130554e-01 2.047720538459853135e+00
1.718221787982413318e+01 1.204431866711122845e-01 2.063018184666834287e+00
1.719980459208597878e+01 1.224909149441264222e-01 2.076861639608321930e+00
1.721739130434782794e+01 1.242839556164533898e-01 2.088990558597038305e+00
1.723497801660967355e+01 1.257945915301563466e-01 2.099215171720867801e+00
1.725256472887151915e+01 1.270109076864745501e-01 2.107452106999647246e+00
1.727015144113336476e+01 1.279405031366303014e-01 2.113750202192310912e+00
1.728773815339521391e+01 1.286117058582837980e-01 2.118299273766939272e+00
1.730532486565705952e+01 1.290718177071259187e-01 2.121418486992202812e+00
1.732291157791890512e+01 1.293826242893900691e-01 2.123525903620762989e+00
1.734049829018075428e+01 1.296140161076507757e-01 2.125095053134703260e+00
1.735808500244259989e+01 1.298368624695954987e-01 2.126606418510608609e+00
1.737567171470444549e+01 1.301162020334025449e-01 2.128501158338888199e+00
1.739325842696629110e+01 1.305054766700636526e-01 2.131142016358071434e+00
1.741084513922813670e+01 1.310421334655757497e-01 2.134783570891678028e+00
1.742843185148998231e+01 1.317446229371866673e-01 2.139551927305401779e+00
1.744601856375182791e+01 1.326107122198453281e-01 2.145433214032276048e+00
1.746360527601367707e+01 1.336170993422148567e-01 2.152270726313354920e+00
1.748119198827552268e+01 1.347204807683676786e-01 2.159771741825817326e+00
1.749877870053736828e+01 1.358603743775345096e-01 2.167526132432173291e+00
1.751636541279921744e+01 1.369640104931811320e-01 2.175039064918844023e+00
1.753395212506106304e+01 1.379533774856779305e-01 2.181778617319554581e+00
1.755153883732290865e+01 1.387540255775195908e-01 2.187235830289695926e+00
1.756912554958475781e+01 1.393045988148544911e-01 2.190990241228087054e+00
1.758671226184660341e+01 1.395655187006736020e-01 2.192769972166942694e+00
1.760429897410844902e+01 1.395250719848546705e-01 2.192494064732628090e+00
1.762188568637029462e+01 1.392015404967461012e-01 2.190287369688280972e+00
1.763947239863214378e+01 1.386408857036476039e-01 2.186464492261551040e+00
1.765705911089398938e+01 1.379105457216471264e-01 2.181486757981079716e+00
1.767464582315583499e+01 1.370907103866115806e-01 2.175901901951025064e+00
1.769223253541768415e+01 1.362647400323518387e-01 2.170278222603447382e+00
1.770981924767952975e+01 1.355101778950876523e-01 2.165143269306417650e+00
1.772740595994137536e+01 1.348912852102379378e-01 2.160933339720839896e+00
1.774499267220322452e+01 1.344534804779241033e-01 2.157956175661367215e+00
1.776257938446507012e+01 1.342196962202905353e-01 2.156366707954103568e+00
1.778016609672691573e+01 1.341885518296777602e-01 2.156154977811228335e+00
1.779775280898876133e+01 1.343343347251301501e-01 2.157146092561881279e+00
1.781533952125061049e+01 1.346089634321663286e-01 2.159013404094743738e+00
1.783292623351245609e+01 1.349462229647103440e-01 2.161306982644592090e+00
1.785051294577430170e+01 1.352684723738965533e-01 2.163498914720034527e+00
1.786809965803615086e+01 1.354956452354017793e-01 2.165044394879773737e+00
1.788568637029799646e+01 1.355557363105627799e-01 2.165453236291482231e+00
1.790327308255984207e+01 1.353952881111863682e-01 2.164361628853785025e+00
1.792085979482169122e+01 1.349879687973289943e-01 2.161590912807145770e+00
1.793844650708353683e+01 1.343394460016599234e-01 2.157180843447636942e+00
1.795603321934538243e+01 1.334874770786416975e-01 2.151389840541097609e+00
1.797361993160722804e+01 1.324972260757220632e-01 2.144662415304534608e+00
1.799120664386907720e+01 1.314528574207554645e-01 2.137571269538792063e+00
1.800879335613092280e+01 1.304470617845314984e-01 2.130745694218139530e+00
1.802638006839276841e+01 1.295701988401966043e-01 2.124797899402148360e+00
1.804396678065461757e+01 1.289003302669594619e-01 2.120255852661399043e+00
1.806155349291646317e+01 1.284948534883262050e-01 2.117507208035001032e+00
1.807914020517830878e+01 1.283840060695416729e-01 2.116755885053339892e+00
1.809672691744015438e+01 1.285663418156506588e-01 2.117991775572935165e+00
1.811431362970200354e+01 1.290063846714742668e-01 2.120974859262073409e+00
1.813190034196384914e+01 1.296349303506547368e-01 2.125236888597421547e+00
1.814948705422569475e+01 1.303526992620666625e-01 2.130105505923325815e+00
1.816707376648754391e+01 1.310380334429114280e-01 2.134755745873628818e+00
1.818466047874938951e+01 1.315589030973709495e-01 2.138291128188165136e+00
1.820224719101123512e+01 1.317886102411379434e-01 2.139850562718593974e+00
1.821983390327308427e+01 1.316234367153512885e-01 2.138729214547299584e+00
1.823742061553492988e+01 1.309994946301916985e-01 2.134494203073012297e+00
1.825500732779677548e+01 1.299056855705320868e-01 2.127073216485750429e+00
1.827259404005862109e+01 1.283902523959362663e-01 2.116798221598445107e+00
1.829018075232046669e+01 1.265597908791027959e-01 2.104396649109823603e+00
1.830776746458231230e+01 1.245712518945722297e-01 2.090934656433646399e+00
1.832535417684415791e+01 1.226187543356970500e-01 2.077726164372734718e+00
1.834294088910600706e+01 1.209175154630115490e-01 2.066224121004740955e+00
1.836052760136785267e+01 1.196868755635942388e-01 2.057907175849061687e+00
1.837811431362969827e+01 1.191335832476331930e-01 2.054168726538400769e+00
1.839570102589154743e+01 1.194356792663257005e-01 2.056209848934869022e+00
1.841328773815339304e+01 1.207268516554623056e-01 2.064935396209528484e+00
1.843087445041523864e+01 1.230812288319021591e-01 2.080853982666578617e+00
1.844846116267708425e+01 1.264992242291322344e-01 2.103986468920569841e+00
1.846604787493893340e+01 1.308960520008246586e-01 2.133792217514064227e+00
1.848363458720077901e+01 1.360955281219046187e-01 2.169126491671010459e+00
1.850122129946262461e+01 1.418322520519187668e-01 2.208245084320811014e+00
1.851880801172447377e+01 1.477647329566499912e-01 2.248872322879710062e+00
1.853639472398631938e+01 1.535002406261867236e-01 2.288343681509616534e+00
1.855398143624816498e+01 1.586294099481604936e-01 2.323822092643229364e+00
1.857156814851001414e+01 1.627657905399322036e-01 2.352568276480191400e+00
1.858915486077185975e+01 1.655837814872604397e-01 2.372225610851381727e+00
1.860674157303370535e+01 1.668485807144378386e-01 2.381068543834762075e+00
1.862432828529555096e+01 1.664339190505918498e-01 2.378168009960898832e+00
1.864191499755740011e+01 1.643265560423521898e-01 2.363448080387806183e+00
1.865950170981924572e+01 1.606195034508199337e-01 2.337636833214042031e+00
1.867708842208109132e+01 1.554977068999162382e-01 2.302138992137589213e+00
1.869467513434294048e+01 1.492201364217805026e-01 2.258869379481144968e+00
1.871226184660478609e+01 1.421012401712514472e-01 2.210083161159895671e+00
1.872984855886663169e+01 1.344931537765108320e-01 2.158225930693854266e+00
1.874743527112848085e+01 1.267685750366011888e-01 2.105810692905915271e+00
1.876502198339032645e+01 1.193032702225447633e-01 2.055315204992905986e+00
1.878260869565217206e+01 1.124570180696738697e-01 2.009084954783469268e+00
1.880019540791401766e+01 1.065524659682807185e-01 1.969225839519351373e+00
1.881778212017586682e+01 1.018527083576024894e-01 1.937477457007434234e+00
1.883536883243771243e+01 9.854000084370799495e-02 1.915072921557545937e+00
1.885295554469955803e+01 9.669928343219630351e-02 1.902610525816916143e+00
1.887054225696140719e+01 9.631044777704159121e-02 1.899976530766191107e+00
1.888812896922325280e+01 9.725215972991549385e-02 1.906354857534739766e+00
1.890571568148509840e+01 9.931771469659537999e-02 1.920335290885631707e+00
1.892330239374694756e+01 1.022406335050657367e-01 1.940099412260909206e+00
1.894088910600879316e+01 1.057255421900262365e-01 1.963641937724272202e+00
1.895847581827063877e+01 1.094790960107325656e-01 1.988983748430126930e+00
1.897606253053248437e+01 1.132364341525853163e-01 2.014346255489577242e+00
1.899364924279433353e+01 1.167803819662708159e-01 2.038273651868769853e+00
1.901123595505617914e+01 1.199525658383494703e-01 2.059702550497567675e+00
1.902882266731802474e+01 1.226571158647870446e-01 2.077985594294402993e+00
1.904640937957987390e+01 1.248584079401296454e-01 2.092878009052432819e+00
1.906399609184171950e+01 1.265743991189815232e-01 2.104495583150455484e+00
1.908158280410356511e+01 1.278668081105636678e-01 2.113250818229867267e+00
1.909916951636541427e+01 1.288290056636725855e-01 2.119772320289302403e+00
1.911675622862725987e+01 1.295722612282426967e-01 2.124811885672297507e+00
1.913434294088910548e+01 1.302110673709488131e-01 2.129144682271218780e+00
1.915192965315095108e+01 1.308485991493648637e-01 2.133470203937868792e+00
1.916951636541280024e+01 1.315637791508452725e-01 2.138324228749685751e+00
1.918710307767464585e+01 1.324016391061684228e-01 2.144013224959761654e+00
1.920468978993649145e+01 1.333684580044880164e-01 2.150581068850173860e+00
1.922227650219834061e+01 1.344324480807495559e-01 2.157813170315014073e+00
1.923986321446018621e+01 1.355297288218578755e-01 2.165276287404371836e+00
1.925744992672203182e+01 1.365743261510972972e-01 2.172385718036340840e+00
1.927503663898387742e+01 1.374703085030449801e-01 2.178487418347004656e+00
1.929262335124572303e+01 1.381240931291350948e-01 2.182941970396111042e+00
1.931021006350756863e+01 1.384553501162201494e-01 2.185199718948146685e+00
1.932779677576941424e+01 1.384055547428965915e-01 2.184860296751664599e+00
1.934538348803126340e+01 1.379438226330031714e-01 2.181713509015061447e+00
1.936297020029310900e+01 1.370700318122527739e-01 2.175761074321938882e+00
1.938055691255495461e+01 1.358153531823174109e-01 2.167219763294426116e+00
1.939814362481680377e+01 1.342402531301587765e-01 2.156506462911915278e+00
1.941573033707864937e+01 1.324299391968778161e-01 2.144205424890644807e+00
1.943331704934049498e+01 1.304872391124875242e-01 2.131018280418989441e+00
1.945090376160234413e+01 1.285231362849231229e-01 2.117698914709747804e+00
1.946849047386418974e+01 1.266456389453985698e-01 2.104978062145521189e+00
1.948607718612603534e+01 1.249482220352215178e-01 2.093485875902685756e+00
1.950366389838788095e+01 1.234995329720293133e-01 2.083683475769732674e+00
1.952125061064973011e+01 1.223361542096892268e-01 2.075815103334608391e+00
1.953883732291157571e+01 1.214598271380373518e-01 2.069890057527406846e+00
1.955642403517342132e+01 1.208397214645617473e-01 2.065698291837938072e+00
1.957401074743527047e+01 1.204193351182186733e-01 2.062856985294638790e+00
1.959159745969711608e+01 1.201267626649308445e-01 2.060879731824263761e+00
1.960918417195896168e+01 1.198866199357486451e-01 2.059256916910318758e+00
1.962677088422081084e+01 1.196319125066187677e-01 2.057535783170499677e+00
1.964435759648265645e+01 1.193144577102594195e-01 2.055390794064646975e+00
1.966194430874450205e+01 1.189129026931039640e-01 2.052677779475998943e+00
1.967953102100634766e+01 1.184377441801910125e-01 2.049467790472015327e+00
1.969711773326819682e+01 1.179329696240057762e-01 2.046058075268173848e+00
1.971470444553004242e+01 1.174740360927194333e-01 2.042958305116997053e+00
1.973229115779188803e+01 1.171619917159354290e-01 2.040850816535293877e+00
1.974987787005373718e+01 1.171137550587177251e-01 2.040525045666150561e+00
1.976746458231558279e+01 1.174489888804579607e-01 2.042789136628146984e+00
1.978505129457742839e+01 1.182746262010490046e-01 2.048365902269797090e+00
1.980263800683927755e+01 1.196687903922373786e-01 2.057784971399682750e+00
1.982022471910112316e+01 1.216663564144979393e-01 2.071286309915844726e+00
1.983781143136296876e+01 1.242484760498207552e-01 2.088750486775695414e+00
1.985539814362481437e+01 1.273379045917498453e-01 2.109667252438497620e+00
1.987298485588666352e+01 1.308010055939858030e-01 2.133147243377139457e+00
1.989057156814850913e+01 1.344561679906559060e-01 2.157974448964344205e+00
1.990815828041035473e+01 1.380874203273249612e-01 2.182692050086437519e+00
1.992574499267220389e+01 1.414615450155639054e-01 2.205712525693600767e+00
1.994333170493404950e+01 1.443470326355279221e-01 2.225443847772713646e+00
1.996091841719589510e+01 1.465335942836902827e-01 2.240425299580294016e+00
1.997850512945774426e+01 1.478513611498460945e-01 2.249467018866970314e+00
1.999609184171958987e+01 1.481890476156234593e-01 2.251785626572074150e+00
2.001367855398143547e+01 1.475100713971748134e-01 2.247124341469509901e+00
2.003126526624328108e+01 1.458649554413390115e-01 2.235841258430070422e+00
2.004885197850513023e+01 1.433975642095650371e-01 2.218946504970879197e+00
2.006643869076697584e+01 1.403423331282766251e-01 2.198070520921236781e+00
2.008402540302882144e+01 1.370101639689816353e-01 2.175353365904614922e+00
2.010161211529067060e+01 1.337623862122371832e-01 2.153258142820675847e+00
2.011919882755251621e+01 1.309749075018916131e-01 2.134327345774372109e+00
2.013678553981436181e+01 1.289975454802693433e-01 2.120914931704815487e+00
2.015437225207620742e+01 1.281153481444401998e-01 2.114935080325930361e+00
2.017195896433805302e+01 1.285185429386741240e-01 2.117667779885240353e+00
2.018954567659989863e+01 1.302855392778231036e-01 2.129649887515399520e+00
2.020713238886174423e+01 1.333800382135419682e-01 2.150659757588378795e+00
2.022471910112359339e+01 1.376601317019340576e-01 2.179780579494363657e+00
2.024230581338543900e+01 1.428953864895530779e-01 2.215511944452436044e+00
2.025989252564728460e+01 1.487876546060687422e-01 2.255897393017835650e+00
2.027747923790913376e+01 1.549923808265026015e-01 2.298646510631056294e+00
2.029506595017097936e+01 1.611387883481830707e-01 2.341246304048583138e+00
2.031265266243282497e+01 1.668488464415344430e-01 2.381070403019771575e+00
2.033023937469467413e+01 1.717559122549127126e-01 2.415501467770217126e+00
2.034782608695651973e+01 1.755241913897734873e-01 2.442080552329145782e+00
2.036541279921836534e+01 1.778696624826924810e-01 2.458687520107091018e+00
2.038299951148021094e+01 1.785819902188270636e-01 2.463741011152638105e+00
2.040058622374206010e+01 1.775454925568714093e-01 2.456389288571771967e+00
2.041817293600390570e+01 1.747558820017228731e-01 2.436651297959629314e+00
2.043575964826575131e+01 1.703288284366696048e-01 2.405467566886401620e+00
2.045334636052760047e+01 1.644968828193301424e-01 2.364636526377660974e+00
2.047093307278944607e+01 1.575931096613584215e-01 2.316639506386290126e+00
2.048851978505129168e+01 1.500225151145704594e-01 2.264386233960084649e+00
2.050610649731314084e+01 1.422251510148374865e-01 2.210930004089578294e+00
2.052369320957498644e+01 1.346366165382558155e-01 2.159201445472144876e+00
2.054127992183683205e+01 1.276519211089548189e-01 2.111794759550336131e+00
2.055886663409867765e+01 1.215973418982595200e-01 2.070819724207739743e+00
2.057645334636052681e+01 1.167126442704910505e-01 2.037816209006121593e+00
2.059404005862237241e+01 1.131437095574646945e-01 2.013720323885125563e+00
2.061162677088421802e+01 1.109439275110898904e-01 1.998871510540056518e+00
2.062921348314606718e+01 1.100819491960565305e-01 1.993053119650208371e+00
2.064680019540791278e+01 1.104534606508245503e-01 1.995560849644443024e+00
2.066438690766975839e+01 1.118952096657143264e-01 2.005292681659058385e+00
2.068197361993160754e+01 1.142002416401046577e-01 2.020852624697065725e+00
2.069956033219345315e+01 1.171338990967144555e-01 2.040661090017879875e+00
2.071714704445529875e+01 1.204504571229374071e-01 2.063067321804507692e+00
2.073473375671714436e+01 1.239102631768258939e-01 2.086462127380109166e+00
2.075232046897899352e+01 1.272969766331418784e-01 2.109389980921303476e+00
2.076990718124083912e+01 1.304340805914600832e-01 2.130657623479484286e+00
2.078749389350268473e+01 1.331994226756653410e-01 2.149432514456747434e+00
2.080508060576453389e+01 1.355362889938814819e-01 2.165320921019985967e+00
2.082266731802637949e+01 1.374595376499808119e-01 2.178414047229893846e+00
2.084025403028822510e+01 1.390556455194319752e-01 2.189292431009752793e+00
2.085784074255007425e+01 1.404760921635097859e-01 2.198983509583047891e+00
2.087542745481191986e+01 1.419241873157869038e-01 2.208873264716153972e+00
2.089301416707376546e+01 1.436360979726024889e-01 2.220578377078981092e+00
2.091060087933561107e+01 1.458573461269113136e-01 2.235789104968678220e+00
2.092818759159746023e+01 1.488164067279874880e-01 2.256094941297078549e+00
2.094577430385930583e+01 1.526972914274747628e-01 2.282805528332097822e+00
2.096336101612115144e+01 1.576132442723749416e-01 2.316778987553123503e+00
2.098094772838300059e+01 1.635839581229298900e-01 2.358269251246976506e+00
2.099853444064484620e+01 1.705190149752880691e-01 2.406803788193083715e+00
2.101612115290669180e+01 1.782104149640799662e-01 2.461104351010970248e+00
2.103370786516854096e+01 1.863368534392910447e-01 2.519066907618831674e+00
2.105129457743038657e+01 1.944815937740865253e-01 2.577821840134580267e+00
2.106888128969223217e+01 2.021642494388410094e-01 2.633897799236653903e+00
2.108646800195407778e+01 2.088846642496290928e-01 2.683505937649654172e+00
2.110405471421592694e+01 2.141747916497702686e-01 2.722940441955204349e+00
2.112164142647777254e+01 2.176526529998622506e-01 2.749057476237261710e+00
2.113922813873961815e+01 2.190717068427612824e-01 2.759758684472106260e+00
2.115681485100146375e+01 2.183595952366860216e-01 2.754385310111071128e+00
2.117440156326330936e+01 2.156420943342324814e-01 2.733940299811887353e+00
2.119198827552515496e+01 2.112506069540095455e-01 2.701099692547315634e+00
2.120957498778700412e+01 2.057139338787537797e-01 2.660033939275494586e+00
2.122716170004884972e+01 1.997367092230083463e-01 2.616107716532157124e+00
2.124474841231069533e+01 1.941674837961551714e-01 2.575542974776025673e+00
2.126233512457254093e+01 1.899590730527656313e-01 2.545112098986640259e+00
2.127992183683439009e+01 1.881228167940998675e-01 2.531892020652106723e+00
2.129750854909623570e+01 1.896773052665770565e-01 2.543081269072846151e+00
2.131509526135808130e+01 1.955913633671907681e-01 2.585881746939979298e+00
2.133268197361993046e+01 2.067209949797780000e-01 2.667475873209400827e+00
2.135026868588177607e+01 2.237407717870003032e-01 2.795156025331286376e+00
2.136785539814362167e+01 2.470718361867922097e-01 2.976642881514698580e+00
2.138544211040547083e+01 2.768111037545047393e-01 3.220552660227864905e+00
2.140302882266731643e+01 3.126689752904991404e-01 3.536876858434451432e+00
2.142061553492916204e+01 3.539252112932832484e-01 3.937249265604763515e+00
2.143820224719100764e+01 3.994136905996080733e-01 4.434662156736498773e+00
2.145578895945285680e+01 4.475456831997508544e-01 5.042087106984065592e+00
2.147337567171470241e+01 4.963774758025082945e-01 5.769119852316472397e+00
2.149096238397654801e+01 5.437218801512936350e-01 6.615421022047083710e+00
2.150854909623839717e+01 5.872954416639887265e-01 7.559886240157048576e+00
2.152613580850024277e+01 6.248859387213900884e-01 8.546415119501432400e+00
2.154372252076208838e+01 6.545201119738128792e-01 9.472529576243861271e+00
2.156130923302393754e+01 6.746109814590135478e-01 1.019488949663374200e+01
2.157889594528578314e+01 6.840678490544471746e-01 1.056630585209281392e+01
2.159648265754762875e+01 6.823590228464294638e-01 1.049757358634938242e+01
2.161406936980947435e+01 6.695254048211661813e-01 1.000384324368419975e+01
2.163165608207132351e+01 6.461502176436630940e-01 9.195482859757289518e+00
2.164924279433316912e+01 6.132948130054217684e-01 8.222174798117567462e+00
2.166682950659501472e+01 5.724122028311143806e-01 7.216227352252827743e+00
2.168441621885686388e+01 5.252490950469429487e-01 6.265876445284488838e+00
2.170200293111870948e+01 4.737447463406208037e-01 5.416244462041800212e+00
2.171958964338055509e+01 4.199319328892614500e-01 4.682166098214982419e+00
2.173717635564240425e+01 3.658426693385188888e-01 4.061360066779008626e+00
2.175476306790424985e+01 3.134195381897961763e-01 3.543790384259740467e+00
2.177234978016609546e+01 2.644328584042946462e-01 3.117177806786948224e+00
2.178993649242794106e+01 2.204043769053802004e-01 2.769832466418762351e+00
2.180752320468979022e+01 1.825394416587505786e-01 2.491902656778814062e+00
2.182510991695163582e+01 1.516712668285823129e-01 2.275734747327166740e+00
2.184269662921348143e+01 1.282223609552241572e-01 2.115660323485911487e+00
2.186028334147533059e+01 1.121888488667135697e-01 2.007274772421136166e+00
2.187787005373717619e+01 1.031527628916666245e-01 1.946263273511753988e+00
2.189545676599902180e+01 1.003251632806968913e-01 1.927149728554423458e+00
2.191304347826087096e+01 1.026193467487433592e-01 1.942658817461769827e+00
2.193063019052271656e+01 1.087490578596423674e-01 1.984055685351046483e+00
2.194821690278456217e+01 1.173425153440589425e-01 2.042070024569715869e+00
2.196580361504640777e+01 1.270602446046459333e-01 2.107786305841321539e+00
2.198339032730825693e+01 1.367039140197501002e-01 2.173268004423340560e+00
2.200097703957010253e+01 1.453047957598159190e-01 2.232002835124892393e+00
2.201856375183194814e+01 1.521836958282795083e-01 2.279265285998029800e+00
2.203615046409379374e+01 1.569783825806793098e-01 2.312382379317603931e+00
2.205373717635563935e+01 1.596387401238993642e-01 2.330825055341661844e+00
2.207132388861748495e+01 1.603933312903329800e-01 2.336065361341343127e+00
2.208891060087933411e+01 1.596933912494684638e-01 2.331204445376506396e+00
2.210649731314117972e+01 1.581414754562005254e-01 2.320439284720940076e+00
2.212408402540302532e+01 1.564122906349506570e-01 2.308464364692893067e+00
2.214167073766487093e+01 1.551729603774686383e-01 2.299894361758223926e+00
2.215925744992672008e+01 1.550093729655659391e-01 2.298763921418070844e+00
2.217684416218856569e+01 1.563644533973135853e-01 2.308133375856510572e+00
2.219443087445041130e+01 1.594931944519617784e-01 2.329814776913384122e+00
2.221201758671226045e+01 1.644380074921093227e-01 2.364225701579167449e+00
2.222960429897410606e+01 1.710263617841076556e-01 2.410369813746300771e+00
2.224719101123595166e+01 1.788908019322326681e-01 2.465933275520842738e+00
2.226477772349780082e+01 1.875094050839236359e-01 2.527483446031830727e+00
2.228236443575964643e+01 1.962627866123167475e-01 2.590764583750090555e+00
2.229995114802149203e+01 2.045021326240095139e-01 2.651094942427616008e+00
2.231753786028333764e+01 2.116216291063581778e-01 2.703864954190725367e+00
2.233512457254518679e+01 2.171281713569486738e-01 2.745108934434946413e+00
2.235271128480703240e+01 2.207013695531246100e-01 2.772080653210404311e+00
2.237029799706887800e+01 2.222375480556682270e-01 2.783727981039700428e+00
2.238788470933072716e+01 2.218725962787797545e-01 2.780958062826470290e+00
2.240547142159257277e+01 2.199801439959165328e-01 2.766623112541799934e+00
2.242305813385441837e+01 2.171436293132104622e-01 2.745225258257226297e+00
2.244064484611626753e+01 2.141034174906986942e-01 2.722406070981418402e+00
2.245823155837811314e+01 2.116831107446800198e-01 2.704323347115927589e+00
2.247581827063995874e+01 2.107022444484777379e-01 2.697015812487340014e+00
2.249340498290180435e+01 2.118851361835016323e-01 2.705829932512886948e+00
2.251099169516365350e+01 2.157770520832969496e-01 2.734953407681261606e+00
2.252857840742549911e+01 2.226784935795787790e-01 2.787077057128058311e+00
2.254616511968734471e+01 2.326060776412265385e-01 2.863185463704591704e+00
2.256375183194919387e+01 2.452845281591702065e-01 2.962452436886599649e+00
2.258133854421103948e+01 2.601695712337427913e-01 3.082200849861555625e+00
2.259892525647288508e+01 2.764971331353879291e-01 3.217896063320504929e+00
2.261651196873473424e+01 2.933511395595684301e-01 3.363182578574552384e+00
2.263409868099657984e+01 3.097409184189110487e-01 3.510027515922063301e+00
2.265168539325842545e+01 3.246796610676779826e-01 3.649072734685253394e+00
2.266927210552027105e+01 3.372570922225650580e-01 3.770291417749705332e+00
2.268685881778212021e+01 3.467017280972249926e-01 3.863976838066073505e+00
2.270444553004396582e+01 3.524302101631878181e-01 3.921966258490804158e+00
2.272203224230581142e+01 3.540827552284674384e-01 3.938863437189522809e+00
2.273961895456766058e+01 3.515446028492008601e-01 3.912942280643393556e+00
2.275720566682950619e+01 3.449535487602227724e-01 3.846457712936135032e+00
2.277479237909135179e+01 3.346934675030119877e-01 3.745262232332062347e+00
2.279237909135320095e+01 3.213734618863455239e-01 3.617850960376526537e+00
2.280996580361504655e+01 3.057922437127852944e-01 3.474121285386040814e+00
2.282755251587689216e+01 2.888877987401956005e-01 3.324163846547798951e+00
2.284513922813873776e+01 2.716734516855631165e-01 3.177310405649920622e+00
2.286272594040058692e+01 2.551630956693541896e-01 3.041520233838460374e+00
2.288031265266243253e+01 2.402903711999494762e-01 2.923062605353158094e+00
2.289789936492427813e+01 2.278285870995832574e-01 2.826388557293300074e+00
2.291548607718612729e+01 2.183196758670777338e-01 2.754084286712838558e+00
2.293307278944797289e+01 2.120209780030148650e-01 2.706843244937203519e+00
2.295065950170981850e+01 2.088777998718783224e-01 2.683454991869721251e+00
2.296824621397166766e+01 2.085273856972520989e-01 2.680855060556993408e+00
2.298583292623351326e+01 2.103363909061924664e-01 2.694293211440877300e+00
2.300341963849535887e+01 2.134696273571524416e-01 2.717663767999040303e+00
2.302100635075720447e+01 2.169834447416221779e-01 2.744019990982025980e+00
2.303859306301905008e+01 2.199333496098351270e-01 2.766269254841042802e+00
2.305617977528089568e+01 2.214830084348061445e-01 2.778003123844246414e+00
2.307376648754274129e+01 2.210011206809587847e-01 2.774350905791617361e+00
2.309135319980459045e+01 2.181340016625387124e-01 2.752684430032187102e+00
2.310893991206643605e+01 2.128449666140024565e-01 2.712994716365828562e+00
2.312652662432828166e+01 2.054162749173703006e-01 2.657836617202707252e+00
2.314411333659013081e+01 1.964146757710818481e-01 2.591869861251264950e+00
2.316170004885197642e+01 1.866265218353198030e-01 2.521144854666843571e+00
2.317928676111382202e+01 1.769720758796203275e-01 2.452326342292836081e+00
2.319687347337566763e+01 1.684104261290031435e-01 2.392005956189933169e+00
2.321446018563751679e+01 1.618462186440737804e-01 2.346166742571725639e+00
2.323204689789936239e+01 1.580475581344004676e-01 2.319788356276310637e+00
2.324963361016120800e+01 1.575816007325392676e-01 2.316559780321408191e+00
2.326722032242305715e+01 1.607713343554305896e-01 2.338691982443318107e+00
2.328480703468490276e+01 1.676744467005421568e-01 2.386849528072389148e+00
2.330239374694674837e+01 1.780833645901261364e-01 2.460203105476516772e+00
2.331998045920859752e+01 1.915445385729989958e-01 2.556554650542957052e+00
2.333756717147044313e+01 2.073946132779364016e-01 2.672460499743007034e+00
2.335515388373228873e+01 2.248108999096554983e-01 2.803310128993067085e+00
2.337274059599413434e+01 2.428731895710554978e-01 2.943386076038714272e+00
2.339032730825598350e+01 2.606331888887731818e-01 3.085989373300364491e+00
2.340791402051782910e+01 2.771867331066398821e-01 3.223733386808065315e+00
2.342550073277967471e+01 2.917427189508934315e-01 3.349075321132052530e+00
2.344308744504152386e+01 3.036818965146973470e-01 3.455071313419723289e+00
2.346067415730336947e+01 3.125988125545404173e-01 3.536231232940242108e+00
2.347826086956521507e+01 3.183216704652014895e-01 3.589261413271119583e+00
2.349584758182706423e+01 3.209076355043739559e-01 3.613472872956239090e+00
2.351343429408890984e+01 3.206146725976583567e-01 3.610722075030285971e+00
2.353102100635075544e+01 3.178545288376551370e-01 3.584904409068773390e+00
2.354860771861260105e+01 3.131340962670946526e-01 3.541159639545241600e+00
2.356619443087445021e+01 3.069935308857127954e-01 3.485008549173507664e+00
2.358378114313629581e+01 2.999490558404436791e-01 3.421609778546811587e+00
2.360136785539814142e+01 2.924466885960843587e-01 3.355243280837993947e+00
2.361895456765999057e+01 2.848308054959309832e-01 3.289042189428765806e+00
2.363654127992183618e+01 2.773290924078227748e-01 3.224939535581590189e+00
2.365412799218368178e+01 2.700534338301914805e-01 3.163775067613881387e+00
2.367171470444553094e+01 2.630148130568104592e-01 3.105509106865580460e+00
2.368930141670737655e+01 2.561492734901858470e-01 3.049500428710805622e+00
2.370688812896922215e+01 2.493512756778255013e-01 2.994813567801804854e+00
2.372447484123106776e+01 2.425102578266174480e-01 2.940524134207945117e+00
2.374206155349291691e+01 2.355458664279880820e-01 2.885990309090533223e+00
2.375964826575476252e+01 2.284372961171007577e-01 2.831059061386553832e+00
2.377723497801660812e+01 2.212426630406124084e-01 2.776181164808351642e+00
2.379482169027845728e+01 2.141054871631191958e-01 2.722421565499576257e+00
2.381240840254030289e+01 2.072471579926911944e-01 2.671368898581055973e+00
2.382999511480214849e+01 2.009464473076499058e-01 2.624964814850784478e+00
2.384758182706399765e+01 1.955092551527930211e-01 2.585284963163458016e+00
2.386516853932584326e+01 1.912333262696328806e-01 2.554306513630183684e+00
2.388275525158768886e+01 1.883732912791191150e-01 2.533693272936565322e+00
2.390034196384953447e+01 1.871109883942640162e-01 2.524622073367691844e+00
2.391792867611138007e+01 1.875348163387503542e-01 2.527666000439279692e+00
2.393551538837322568e+01 1.896302460101803034e-01 2.542742171263274287e+00
2.395310210063507128e+01 1.932819790709611463e-01 2.569124345060779468e+00
2.397068881289692044e+01 1.982868662461726161e-01 2.605514425744858809e+00
2.398827552515876604e+01 2.043756937971984711e-01 2.650163246700265152e+00
2.400586223742061165e+01 2.112412800903321064e-01 2.701030200539295656e+00
2.402344894968246081e+01 2.185699012467726965e-01 2.755971525482239670e+00
2.404103566194430641e+01 2.260728114326094607e-01 2.812945632583828903e+00
2.405862237420615202e+01 2.335145335965586322e-01 2.870219280716446164e+00
2.407620908646799762e+01 2.407347347287247530e-01 2.926551968551784011e+00
2.409379579872984678e+01 2.476609611064385374e-01 2.981331253157206262e+00
2.411138251099169239e+01 2.543103581873389363e-01 3.034632783160205793e+00
2.412896922325353799e+01 2.607797155421973656e-01 3.087187499453059480e+00
2.414655593551538715e+01 2.672246287129819153e-01 3.140253073619128532e+00
2.416414264777723275e+01 2.738300386507235840e-01 3.195402734324789495e+00
2.418172936003907836e+01 2.807756489544997458e-01 3.254257166023230674e+00
2.419931607230092752e+01 2.882005279781391094e-01 3.318191213705282916e+00
2.421690278456277312e+01 2.961714660130470578e-01 3.388047097743704494e+00
2.423448949682461873e+01 3.046593664768594278e-01 3.463882864834281428e+00
2.425207620908646433e+01 3.135271630779886132e-01 3.544782777572745847e+00
2.426966292134831349e+01 3.225315559358692408e-01 3.628757637615770193e+00
2.428724963361015909e+01 3.313393303069866458e-01 3.712766558752923274e+00
2.430483634587200470e+01 3.395572516993957124e-01 3.792892090478907186e+00
2.432242305813385386e+01 3.467726600729871267e-01 3.864689409596374858e+00
2.434000977039569946e+01 3.526001444674592977e-01 3.923700311633179449e+00
2.435759648265754507e+01 3.567283915857747956e-01 3.966074722857157120e+00
2.437518319491939423e+01 3.589608165957297037e-01 3.989190768310004742e+00
2.439276990718123983e+01 3.592441487890855045e-01 3.992134804546909610e+00
2.441035661944308544e+01 3.576807711442426818e-01 3.975918872371388080e+00
2.442794333170493104e+01 3.545230161137349900e-01 3.943377978420495200e+00
2.444553004396678020e+01 3.501502766985501447e-01 3.898778639419968162e+00
2.446311675622862580e+01 3.450321111345855396e-01 3.847243253864997659e+00
2.448070346849047141e+01 3.396820494329297335e-01 3.794122237608704484e+00
2.449829018075232057e+01 3.346073824284900855e-01 3.744424672286266187e+00
2.451587689301416617e+01 3.302599643452275302e-01 3.702369296137108634e+00
2.453346360527601178e+01 3.269923260785868591e-01 3.671068367353418793e+00
2.455105031753786093e+01 3.250225542775649901e-01 3.652325803081881705e+00
2.456863702979970654e+01 3.244106989933588925e-01 3.646523041532925724e+00
2.458622374206155214e+01 3.250489762960520057e-01 3.652576589537285923e+00
2.460381045432339775e+01 3.266675564306939505e-01 3.667971668495717541e+00
2.462139716658524691e+01 3.288569528828939603e-01 3.688897586228026437e+00
2.463898387884709251e+01 3.311066405249932787e-01 3.710522665873914328e+00
2.465657059110893812e+01 3.328574196848561040e-01 3.727439126784482415e+00
2.467415730337078728e+01 3.335624612397627420e-01 3.734273128204102399e+00
2.469174401563263288e+01 3.327495719577303612e-01 3.726394856275185852e+00
2.470933072789447849e+01 3.300758929634957095e-01 3.700599069848071299e+00
2.472691744015632764e+01 3.253667272024283741e-01 3.655593864761785827e+00
2.474450415241817325e+01 3.186326742483572283e-01 3.592164946596776431e+00
2.476209086468001885e+01 3.100631772668561714e-01 3.512973121468894622e+00
2.477967757694186446e+01 2.999988311800575458e-01 3.422054017799767589e+00
2.479726428920371362e+01 2.888881462569284353e-01 3.324166868973164046e+00
2.481485100146555922e+01 2.772361157943959431e-01 3.224151742014168320e+00
2.483243771372740483e+01 2.655518003300860741e-01 3.126409962960916111e+00
2.485002442598925398e+01 2.543007179697842624e-01 3.034554988715232771e+00
2.486761113825109959e+01 2.438659001409097804e-01 2.951224536540669963e+00
2.488519785051294519e+01 2.345197307294548672e-01 2.878016016992528847e+00
2.490278456277479080e+01 2.264075196381462596e-01 2.815505009118081770e+00
2.492037127503663640e+01 2.195431889506897216e-01 2.763319993957337406e+00
2.493795798729848201e+01 2.138172014045230940e-01 2.720263846625848192e+00
2.495554469956032762e+01 2.090165266418248513e-01 2.684484700077388375e+00
2.497313141182217677e+01 2.048556511870525398e-01 2.653700927152116584e+00
2.499071812408402238e+01 2.010162470419794567e-01 2.625476360949308141e+00
2.500830483634586798e+01 1.971913313757449326e-01 2.597525443293562386e+00
2.502589154860771714e+01 1.931281457029351556e-01 2.568010129877168701e+00
2.504347826086956275e+01 1.886632952628206628e-01 2.535779594706385254e+00
2.506106497313140835e+01 1.837444728762087642e-01 2.500507403617978408e+00
2.507865168539325751e+01 1.784353763995936981e-01 2.462700502746043796e+00
2.509623839765510311e+01 1.729036154445301732e-01 2.423583590950392441e+00
2.511382510991694872e+01 1.673945033827843876e-01 2.384889336876751642e+00
2.513141182217879432e+01 1.621957324891967755e-01 2.348599112192056193e+00
2.514899853444064348e+01 1.575986007408396172e-01 2.316677545191124121e+00
2.516658524670248909e+01 1.538608612844614421e-01 2.290832333605359761e+00
2.518417195896433469e+01 1.511749688395357949e-01 2.272316915711732666e+00
2.520175867122618385e+01 1.496441457492541094e-01 2.261784226057994562e+00
2.521934538348802946e+01 1.492677268879908647e-01 2.259196485944585220e+00
2.523693209574987506e+01 1.499367843603273964e-01 2.263796596437049224e+00
2.525451880801172422e+01 1.514408918733209652e-01 2.274148044253134771e+00
2.527210552027356982e+01 1.534866822816989829e-01 2.288250131512024055e+00
2.528969223253541543e+01 1.557281616813777081e-01 2.303732312535872406e+00
2.530727894479726103e+01 1.578073018730047627e-01 2.318123453381352395e+00
2.532486565705911019e+01 1.594013067486475810e-01 2.329177033680999376e+00
2.534245236932095580e+01 1.602706427021065028e-01 2.335213061844311877e+00
2.536003908158280140e+01 1.603002994431162731e-01 2.335419072813614605e+00
2.537762579384465056e+01 1.595266937363423732e-01 2.330047292534294101e+00
2.539521250610649616e+01 1.581445873970805938e-01 2.320460854228233671e+00
2.541279921836834177e+01 1.564920113242161126e-01 2.309015991820109637e+00
2.543038593063019093e+01 1.550153746860399862e-01 2.298805392037433393e+00
2.544797264289203653e+01 1.542203441324937474e-01 2.293313977972782247e+00
2.546555935515388214e+01 1.546157517787268842e-01 2.296044604780877130e+00
2.548314606741572774e+01 1.566575895858358103e-01 2.310161849036163062e+00
2.550073277967757690e+01 1.606986812925576547e-01 2.338187058779612304e+00
2.551831949193942251e+01 1.669478373823009010e-01 2.381763041860553543e+00
2.553590620420126811e+01 1.754409886332771451e-01 2.441492347553417375e+00
2.555349291646311727e+01 1.860262869318924372e-01 2.516839978203150974e+00
2.557107962872496287e+01 1.983652483977321745e-01 2.606086524078273570e+00
2.558866634098680848e+01 2.119520758407866801e-01 2.706329240405525471e+00
2.560625305324865764e+01 2.261525689499325475e-01 2.813555365776074346e+00
2.562383976551050324e+01 2.402619390660455378e-01 2.922839443530425463e+00
2.564142647777234885e+01 2.535773721788092683e-01 3.028722092010348366e+00
2.565901319003419445e+01 2.654770938033362837e-01 3.125792893186838839e+00
2.567659990229604361e+01 2.754944253520232866e-01 3.209424141978799216e+00
2.569418661455788921e+01 2.833744522085642759e-01 3.276513097255171925e+00
2.571177332681973482e+01 2.891033240797335480e-01 3.326038777666877611e+00
2.572936003908158398e+01 2.929054471074785115e-01 3.359268194597771373e+00
2.574694675134342958e+01 2.952102288061432267e-01 3.379554257098140280e+00
2.576453346360527519e+01 2.965954673616698067e-01 3.391799367559340084e+00
2.578212017586712079e+01 2.977173801438815492e-01 3.401745957237050533e+00
2.579970688812896640e+01 2.992373035759210986e-01 3.415263195156150289e+00
2.581729360039081200e+01 3.017530730807787553e-01 3.437744001787881754e+00
2.583488031265265761e+01 3.057403574733251195e-01 3.473651751087818873e+00
2.585246702491450677e+01 3.115069852077158585e-01 3.526198740622576100e+00
2.587005373717635237e+01 3.191621911748054874e-01 3.597113714747703472e+00
2.588764044943819798e+01 3.286026775834726688e-01 3.686461232070583627e+00
2.590522716170004713e+01 3.395178071077160076e-01 3.792503364416607958e+00
2.592281387396189274e+01 3.514162145333800669e-01 3.911635860781565999e+00
2.594040058622373834e+01 3.636747619383899344e-01 4.038475391573175699e+00
2.595798729848558750e+01 3.756076571618706672e-01 4.166201678674064546e+00
2.597557401074743311e+01 3.865491217775059440e-01 4.287239140349635491e+00
2.599316072300927871e+01 3.959385766823462771e-01 4.394274290954423456e+00
2.601074743527112432e+01 4.033947735594743955e-01 4.481459408780173348e+00
2.602833414753297347e+01 4.087661384279365206e-01 4.545515303853195022e+00
2.604592085979481908e+01 4.121490333922555593e-01 4.586410287399497854e+00
2.606350757205666469e+01 4.138723258997468735e-01 4.607410019092169406e+00
2.608109428431851384e+01 4.144532477985187757e-01 4.614514736129160077e+00
2.609868099658035945e+01 4.145338973314846021e-01 4.615502114903390130e+00
2.611626770884220505e+01 4.148089375111167487e-01 4.618871276059957509e+00
2.613385442110405421e+01 4.159535334580461430e-01 4.632923719031815324e+00
2.615144113336589982e+01 4.185577081914783060e-01 4.665086230587796479e+00
2.616902784562774542e+01 4.230705592648493774e-01 4.721457866893649324e+00
2.618661455788959103e+01 4.297561699844424377e-01 4.806491259633769886e+00
2.620420127015144018e+01 4.386628581377636782e-01 4.922701915075432311e+00
2.622178798241328579e+01 4.496082492898492156e-01 5.070324759693987993e+00
2.623937469467513139e+01 4.621836651342132174e-01 5.246894349370459842e+00
2.625696140693698055e+01 4.757813761003842901e-01 5.446810538335001617e+00
2.627454811919882616e+01 4.896464292105167648e-01 5.661058141444264002e+00
2.629213483146067176e+01 5.029507182882814176e-01 5.877346966338853562e+00
2.630972154372252092e+01 5.148814766219441674e-01 6.080959963590673922e+00
2.632730825598436653e+01 5.247312957966852043e-01 6.256456715162191706e+00
2.634489496824621213e+01 5.319743947584026911e-01 6.390047591021970064e+00
2.636248168050805774e+01 5.363157225165743336e-01 6.472048905411971198e+00
2.638006839276990689e+01 5.377053672185770905e-01 6.498611655545641241e+00
2.639765510503175250e+01 5.363186319851267481e-01 6.472104358464424223e+00
2.641524181729359810e+01 5.325091940222445031e-01 6.400069706019736238e+00
2.643282852955544726e+01 5.267468080027025712e-01 6.293234477951865635e+00
2.645041524181729287e+01 5.195514321283583037e-01 6.163302285419494098e+00
2.646800195407913847e+01 5.114333166888336279e-01 6.021132302943470016e+00
2.648558866634098763e+01 5.028450725226789597e-01 5.875585871109040959e+00
2.650317537860283323e+01 4.941484442645087127e-01 5.733030312386373062e+00
2.652076209086467884e+01 4.855962202320614485e-01 5.597336218366793403e+00
2.653834880312652444e+01 4.773284982155298617e-01 5.470181124475758772e+00
2.655593551538837360e+01 4.693820104389988535e-01 5.351517022513061050e+00
2.657352222765021921e+01 4.617108428985033930e-01 5.240114836910640506e+00
2.659110893991206481e+01 4.542162208749456753e-01 5.134134857186738010e+00
2.660869565217391397e+01 4.467819363497306240e-01 5.031681162250039918e+00
2.662628236443575958e+01 4.393107253258928258e-01 4.931289465333353661e+00
2.664386907669760518e+01 4.317560479432744902e-01 4.832288953307188883e+00
2.666145578895945434e+01 4.241439198310599235e-01 4.734986163713357676e+00
2.667904250122129994e+01 4.165810066848229520e-01 4.640648960263806799e+00
2.669662921348314555e+01 4.092478570123386228e-01 4.551312334958942607e+00
2.671421592574499115e+01 4.023791074894502717e-01 4.469466056837254619e+00
2.673180263800684031e+01 3.962347950083038306e-01 4.397700379769288404e+00
2.674938935026868592e+01 3.910679163170694972e-01 4.338376072545216289e+00
2.676697606253053152e+01 3.870930475574060337e-01 4.293358202257278045e+00
2.678456277479237713e+01 3.844596390326569524e-01 4.263824102720924714e+00
2.680214948705422273e+01 3.832321936551746910e-01 4.250136234948120872e+00
2.681973619931606834e+01 3.833784422924475521e-01 4.251764537995618376e+00
2.683732291157791749e+01 3.847660534533042798e-01 4.267248802661931961e+00
2.685490962383976310e+01 3.871682505166101906e-01 4.294204997089479114e+00
2.687249633610160870e+01 3.902786421997823108e-01 4.329394588285069290e+00
2.689008304836345431e+01 3.937352297982134597e-01 4.368886105884087101e+00
2.690766976062530347e+01 3.971526655783985671e-01 4.408336085278101280e+00
2.692525647288714907e+01 4.001603689093436445e-01 4.443395926058199663e+00
2.694284318514899468e+01 4.024423587344664877e-01 4.470211858569467012e+00
2.696042989741084384e+01 4.037732329890539318e-01 4.485937979897822281e+00
2.697801660967268944e+01 4.040443214922813109e-01 4.489149165406324471e+00
2.699560332193453505e+01 4.032751348993300899e-01 4.480044726461513527e+00
2.701319003419638065e+01 4.016077701155560398e-01 4.460382771222963783e+00
2.703077674645822981e+01 3.992852443454314448e-01 4.433161746271116144e+00
2.704836345872007541e+01 3.966177934408589012e-01 4.402134729850286199e+00
2.706595017098192102e+01 3.939430722013479436e-01 4.371273786344391787e+00
2.708353688324377018e+01 3.915865270604584336e-01 4.344289109883213484e+00
2.710112359550561578e+01 3.898271770133867054e-01 4.324266680471579249e+00
2.711871030776746139e+01 3.888722431160091531e-01 4.313442892164069953e+00
2.713629702002931054e+01 3.888421792909868002e-01 4.313102630213351496e+00
2.715388373229115615e+01 3.897661359716881879e-01 4.323573883506224291e+00
2.717147044455300176e+01 3.915868839879993457e-01 4.344293182619765048e+00
2.718905715681484736e+01 3.941736427899012463e-01 4.373924314888799181e+00
2.720664386907669652e+01 3.973408895593381618e-01 4.410520763676756495e+00
2.722423058133854212e+01 4.008708979070088607e-01 4.451725370120333203e+00
2.724181729360038773e+01 4.045374109400771134e-01 4.494996948574607742e+00
2.725940400586223689e+01 4.081275840580880221e-01 4.537844289593707892e+00
2.727699071812408249e+01 4.114593325038993221e-01 4.578037506740332496e+00
2.729457743038592810e+01 4.143916885434353881e-01 4.613761245453277482e+00
2.731216414264777725e+01 4.168268025387391051e-01 4.643679306007957308e+00
2.732975085490962286e+01 4.187037042783142704e-01 4.666897226820620581e+00
2.734733756717146846e+01 4.199855723106974414e-01 4.682834287784488403e+00
2.736492427943331407e+01 4.206436358069836068e-01 4.691041153374274408e+00
2.738251099169516323e+01 4.206416012340175037e-01 4.691015753114629483e+00
2.740009770395700883e+01 4.199244767716123761e-01 4.682073225960338370e+00
2.741768441621885444e+01 4.184149009142980602e-01 4.663315603868578130e+00
2.743527112848070360e+01 4.160187740828822922e-01 4.633726225038172331e+00
2.745285784074254920e+01 4.126404141034429318e-01 4.592386576467486492e+00
2.747044455300439481e+01 4.082058541435684695e-01 4.538783736348701581e+00
2.748803126526624396e+01 4.026914573855321922e-01 4.473150413977053930e+00
2.750561797752808957e+01 3.961538660368377207e-01 4.396764042940260353e+00
2.752320468978993517e+01 3.887565439175687532e-01 4.312133577000649254e+00
2.754079140205178078e+01 3.807879265200131425e-01 4.223025297496977082e+00
2.755837811431362994e+01 3.726665716818912677e-01 4.134316628690612561e+00
2.757596482657547554e+01 3.649297801641824823e-01 4.051706508768388559e+00
2.759355153883732115e+01 3.582039146079565861e-01 3.981337303333210897e+00
2.761113825109917030e+01 3.531569544328080901e-01 3.929387780171312627e+00
2.762872496336101591e+01 3.504364297990825161e-01 3.901681026868367486e+00
2.764631167562286151e+01 3.505984392890583168e-01 3.903325252457679806e+00
2.766389838788470712e+01 3.540355990821863474e-01 3.938380209370154539e+00
2.768148510014655272e+01 3.609131396763265442e-01 4.009523954203907614e+00
2.769907181240839833e+01 3.711226585018050916e-01 4.117685969898255749e+00
2.771665852467024393e+01 3.842620350919768724e-01 4.261617182349073829e+00
2.773424523693209309e+01 3.996476227383413127e-01 4.437396281872790560e+00
2.775183194919393870e+01 4.163611334745171422e-01 4.637940206991903125e+00
2.776941866145578430e+01 4.333289785147917406e-01 4.852698366426801968e+00
2.778700537371763346e+01 4.494268628942114652e-01 5.067833511623867082e+00
2.780459208597947907e+01 4.635980567630036964e-01 5.267241852543132374e+00
2.782217879824132467e+01 4.749709298085723619e-01 5.434620265626347368e+00
2.783976551050317383e+01 4.829607623283838080e-01 5.556383581037430019e+00
2.785735222276501943e+01 4.873427544158061564e-01 5.624696722153259110e+00
2.787493893502686504e+01 4.882871354435112110e-01 5.639565162032504020e+00
2.789252564728871064e+01 4.863524107812516872e-01 5.609160630355852106e+00
2.791011235955055980e+01 4.824379599966610588e-01 5.548306906953111017e+00
2.792769907181240541e+01 4.777014964437668598e-01 5.475835250805729082e+00
2.794528578407425101e+01 4.734498473351869685e-01 5.411837167238126689e+00
2.796287249633610017e+01 4.710131669568000112e-01 5.375599107045147207e+00
2.798045920859794577e+01 4.716134599198824606e-01 5.384497183439734158e+00
2.799804592085979138e+01 4.762386410210111554e-01 5.453704261382866569e+00
2.801563263312164054e+01 4.855335493386037093e-01 5.596357731329099749e+00
2.803321934538348614e+01 4.997192303192182217e-01 5.823801043767657504e+00
2.805080605764533175e+01 5.185508865073874540e-01 6.145530966689652708e+00
2.806839276990717735e+01 5.413225028960091390e-01 6.568482137280589050e+00
2.808597948216902651e+01 5.669218163573799263e-01 7.095268582524976608e+00
2.810356619443087212e+01 5.939331530904826684e-01 7.721079300623453712e+00
2.812115290669271772e+01 6.207786252323700404e-01 8.429294753650195204e+00
2.813873961895456688e+01 6.458818149111333895e-01 9.186812214853857128e+00
2.815632633121641248e+01 6.678340587381925708e-01 9.941586244939427885e+00
2.817391304347825809e+01 6.855429021538402834e-01 1.062622942594478737e+01
2.819149975574010725e+01 6.983452985690878911e-01 1.117067434719512775e+01
2.820908646800195285e+01 7.060736804794616184e-01 1.152206272894732209e+01
2.822667318026379846e+01 7.090695058918923266e-01 1.166324903665521617e+01
2.824425989252564406e+01 7.081447519644439303e-01 1.161936101844995939e+01
2.826184660478749322e+01 7.044962508607071072e-01 1.144886235583877898e+01
2.827943331704933883e+01 6.995808153291627196e-01 1.122564717546716295e+01
2.829702002931118443e+01 6.949615365226790020e-01 1.102237586659692603e+01
2.831460674157303359e+01 6.921383180100657562e-01 1.090111413011723762e+01
2.833219345383487919e+01 6.923789486180209618e-01 1.091136370361450325e+01
2.834978016609672480e+01 6.965701018192942406e-01 1.109246527300317631e+01
2.836736687835857396e+01 7.051088689908020513e-01 1.147719863889618530e+01
2.838495359062041956e+01 7.178527584362088820e-01 1.209431138295159514e+01
2.840254030288226517e+01 7.341383701960021435e-01 1.296830938919716480e+01
2.842012701514411077e+01 7.528670317987000704e-01 1.411477096771088569e+01
2.843771372740595993e+01 7.726426188687529617e-01 1.552905141243726383e+01
2.845530043966780553e+01 7.919367812535254014e-01 1.716667367482869722e+01
2.847288715192965114e+01 8.092532057681985913e-01 1.891734672442539988e+01
2.849047386419150030e+01 8.232662342045568016e-01 2.058433267155863433e+01
2.850806057645334590e+01 8.329182004633238767e-01 2.189469623282973387e+01
2.852564728871519151e+01 8.374707166473898123e-01 2.256663638744701217e+01
2.854323400097704067e+01 8.365144236616380846e-01 2.242239196114179123e+01
2.856082071323888627e+01 8.299474367148654830e-01 2.147557428937932400e+01
2.857840742550073188e+01 8.179345668263067193e-01 1.991992221565944376e+01
2.859599413776257748e+01 8.008582866785647347e-01 1.803073773560619841e+01
2.861358085002442664e+01 7.792696638045097934e-01 1.605939066466173770e+01
2.863116756228627224e+01 7.538442738625338313e-01 1.417935080205165121e+01
2.864875427454811785e+01 7.253451673482985695e-01 1.248362936523702338e+01
2.866634098680996345e+01 6.945925946345435920e-01 1.100640316179051759e+01
2.868392769907180906e+01 6.624383919783419783e-01 9.747094102608121702e+00
2.870151441133365466e+01 6.297415476563342773e-01 8.688165418464251388e+00
2.871910112359550382e+01 5.973403640565654316e-01 7.805839059221312937e+00
2.873668783585734943e+01 5.660158286483566448e-01 7.075595149822243357e+00
2.875427454811919503e+01 5.364406680680062767e-01 6.474430912710738006e+00
2.877186126038104064e+01 5.091100359825476707e-01 5.981277259438718019e+00
2.878944797264288979e+01 4.842546530670227556e-01 5.576439672325648189e+00
2.880703468490473540e+01 4.617480020692554255e-01 5.240647232517782861e+00
2.882462139716658100e+01 4.410380101580633760e-01 4.954275807630957651e+00
2.884220810942843016e+01 4.211588982493726929e-01 4.697479181554267136e+00
2.885979482169027577e+01 4.008993656585965737e-01 4.452059471105517474e+00
2.887738153395212137e+01 3.791941650994227753e-01 4.205451831022664066e+00
2.889496824621397053e+01 3.557379800102267731e-01 3.955864826441650717e+00
2.891255495847581614e+01 3.316921487209286146e-01 3.716171461447402624e+00
2.893014167073766174e+01 3.102311221666567143e-01 3.514509139163050744e+00
2.894772838299950735e+01 2.966692149483868834e-01 3.392452390033020126e+00
2.896531509526135650e+01 2.980728363092439159e-01 3.404902819976592276e+00
2.898290180752320211e+01 3.225012647905282082e-01 3.628471956276450694e+00
2.900048851978504771e+01 3.781513084095014521e-01 4.193996890429287028e+00
2.901807523204689687e+01 4.726262821019240334e-01 5.399553665833963123e+00
2.903566194430874248e+01 6.123879111897470029e-01 8.197608791850294452e+00
2.905324865657058808e+01 8.023146735489719017e-01 1.817916956489293767e+01
2.907083536883243724e+01 1.045249630848465117e+00 -9.038744773118311571e+01
2.908842208109428285e+01 1.341463615721925962e+00 -1.364097024737874797e+01
2.910600879335612845e+01 1.688044628993547125e+00 -7.683426102536508040e+00
2.912359550561797406e+01 2.078316389769834682e+00 -5.528609095365172088e+00
2.914118221787982321e+01 2.501462509906962062e+00 -4.438782162953267552e+00
2.915876893014166882e+01 2.942562960973793107e+00 -3.795677757979291300e+00
2.917635564240351442e+01 3.383212198005443039e+00 -3.382793297794585818e+00
2.919394235466536358e+01 3.802773322583328230e+00 -3.105107864188778155e+00
2.921152906692720919e+01 4.180151878353720818e+00 -2.914714824456936082e+00
2.922911577918905479e+01 4.495804999703574723e+00 -2.785186154391293023e+00
2.924670249145090395e+01 4.733610347844844135e+00 -2.701134228136396143e+00
2.926428920371274955e+01 4.882251780876413427e+00 -2.653464016487072641e+00
2.928187591597459516e+01 4.935923754677362219e+00 -2.637071291983391852e+00
2.929946262823644076e+01 4.894348705499147911e+00 -2.649732851094931618e+00
2.931704934049828992e+01 4.762260694170994846e+00 -2.691674614730459325e+00
2.933463605276013553e+01 4.548582426856937921e+00 -2.765629321108805883e+00
2.935222276502198113e+01 4.265506534393608717e+00 -2.877387316968706088e+00
2.936980947728383029e+01 3.927616777675159820e+00 -3.037029985225382145e+00
2.938739618954567590e+01 3.551093362570120870e+00 -3.261331973517699101e+00
2.940498290180752150e+01 3.152973850783748588e+00 -3.578444251727265435e+00
2.942256961406937066e+01 2.750407082192393826e+00 -4.037504998214726193e+00
2.944015632633121626e+01 2.359847126710294951e+00 -4.730094865715722463e+00
2.945774303859306187e+01 1.996180162192996876e+00 -5.844228969571903853e+00
2.947532975085490747e+01 1.671841314251416799e+00 -7.826007806593290539e+00
2.949291646311675663e+01 1.396035432255857245e+00 -1.201689018477254756e+01
2.951050317537860224e+01 1.174199923548979951e+00 -2.492199739693475991e+01
2.952808988764044784e+01 1.007824251764495305e+00 -5.132290446742820222e+02
2.954567659990229345e+01 8.946741256365161599e-01 3.594955608102187483e+01
2.956326331216413905e+01 8.293825487990871270e-01 2.139752629111068316e+01
2.958085002442598466e+01 8.042966147992617332e-01 1.838470153074192126e+01
2.959843673668783381e+01 8.104324442440962173e-01 1.904815863313471525e+01
2.961602344894967942e+01 8.383972405933735050e-01 2.270801527892104943e+01
2.963361016121152502e+01 8.791759012892990111e-01 3.107379692740698829e+01
2.965119687347337063e+01 9.247302238811889730e-01 5.112261930562668510e+01
2.966878358573521979e+01 9.684034879548109043e-01 1.245882255215503420e+02
2.968637029799706539e+01 1.005151875744146439e+00 -7.784149564605443175e+02
2.970395701025891100e+01 1.031635101920123532e+00 -1.284340382432573335e+02
2.972154372252076016e+01 1.046195874086548461e+00 -8.857652967499846852e+01
2.973913043478260576e+01 1.048748029175810670e+00 -8.404270057261959437e+01
2.975671714704445137e+01 1.040583031844059425e+00 -1.005534155904713600e+02
2.977430385930630052e+01 1.024099155679604412e+00 -1.679749654487230259e+02
2.979189057156814613e+01 1.002459907419060103e+00 -1.628076842599110023e+03
2.980947728382999173e+01 9.791979368459844402e-01 1.902833638607523596e+02
2.982706399609183734e+01 9.577945325379494390e-01 9.276367073023718035e+01
2.984465070835368650e+01 9.412772789538872420e-01 6.610160629816542155e+01
2.986223742061553210e+01 9.318836771934829732e-01 5.670544099317665854e+01
2.987982413287737771e+01 9.308328988752265776e-01 5.581304508803489739e+01
2.989741084513922686e+01 9.382318440232273460e-01 6.274234925176207156e+01
2.991499755740107247e+01 9.531198440798317462e-01 8.331194521871569236e+01
2.993258426966291808e+01 9.736351636134328302e-01 1.497105524933278389e+02
2.995017098192476723e+01 9.972713741642269536e-01 1.463938672743427560e+03
2.996775769418661284e+01 1.021185047623524689e+00 -1.908071739328366618e+02
2.998534440644845844e+01 1.042517001428604262e+00 -9.606960277188673558e+01
3.000293111871030760e+01 1.058694444309859817e+00 -7.013529240168342938e+01
3.002051783097215321e+01 1.067687648198716310e+00 -6.107860445548564599e+01
3.003810454323399881e+01 1.068200423126386189e+00 -6.063417016184669706e+01
3.005569125549584442e+01 1.059778751568779098e+00 -6.889889408846879348e+01
3.007327796775769002e+01 1.042827784374053879e+00 -9.538682978616488128e+01
3.009086468001953563e+01 1.018535454087373449e+00 -2.177980526017351224e+02
3.010845139228138834e+01 9.887115466139013709e-01 3.523415404046734238e+02
3.012603810454323394e+01 9.555627356389739813e-01 8.800317879231869256e+01
3.014362481680507955e+01 9.214339121061877469e-01 4.889209834756895390e+01
3.016121152906692515e+01 8.885509901618364736e-01 3.386132051794648135e+01
3.017879824132877076e+01 8.587984058523012720e-01 2.629025516430587217e+01
3.019638495359061636e+01 8.335561920128569113e-01 2.198665247900471442e+01
3.021397166585246907e+01 8.136093836821215453e-01 1.940878475399250647e+01
3.023155837811431468e+01 7.991301147302701802e-01 1.785738895649535607e+01
3.024914509037616028e+01 7.897231310780853386e-01 1.696358949825363638e+01
3.026673180263800589e+01 7.845200796458112746e-01 1.650261813817526146e+01
3.028431851489985149e+01 7.823066582991636819e-01 1.631317086670975414e+01
3.030190522716169710e+01 7.816681744602618220e-01 1.625923369510007177e+01
3.031949193942354270e+01 7.811415051270249599e-01 1.621497812070101219e+01
3.033707865168539541e+01 7.793634164589797741e-01 1.606712085902452358e+01
3.035466536394724102e+01 7.752059376220612474e-01 1.573049350264295221e+01
3.037225207620908662e+01 7.678890970776712788e-01 1.516720964907075597e+01
3.038983878847093223e+01 7.570606817608368511e-01 1.439555107418264690e+01
3.040742550073277783e+01 7.428330695867380040e-01 1.347991496337561834e+01
3.042501221299462344e+01 7.257698345410059648e-01 1.250632785174393291e+01
3.044259892525646904e+01 7.068202684059688989e-01 1.155698016002880379e+01
3.046018563751832176e+01 6.872075966038683204e-01 1.069452859529874189e+01
3.047777234978016736e+01 6.682847149518267305e-01 9.958113240676638611e+00
3.049535906204201297e+01 6.513773708275150121e-01 9.366966345237365488e+00
3.051294577430385857e+01 6.376368705105561752e-01 8.926626258615247167e+00
3.053053248656570418e+01 6.279219071091022286e-01 8.634618488924866497e+00
3.054811919882754978e+01 6.227228470791312809e-01 8.484422202685754755e+00
3.056570591108939894e+01 6.221337948033307530e-01 8.467661092989562377e+00
3.058329262335124454e+01 6.258701915584150566e-01 8.574856323448905471e+00
3.060087933561309015e+01 6.333241685318868885e-01 8.795118813660897317e+00
3.061846604787493575e+01 6.436468957468070018e-01 9.115113635975495399e+00
3.063605276013678136e+01 6.558463828717392419e-01 9.517648753409044815e+00
3.065363947239862696e+01 6.688897845550152432e-01 9.980372934443261457e+00
3.067122618466047257e+01 6.818004710348501973e-01 1.047526588301894179e+01
3.068881289692232528e+01 6.937415104827587831e-01 1.096970225421291012e+01
3.070639960918417088e+01 7.040787296374689808e-01 1.142961677661054765e+01
3.072398632144601649e+01 7.124183760164756185e-01 1.182452455760869370e+01
3.074157303370786209e+01 7.186168063177711396e-01 1.213307071913838264e+01
3.075915974596970770e+01 7.227625693065272694e-01 1.234707534891798275e+01
3.077674645823155331e+01 7.251344302464602931e-01 1.247239129627191367e+01
3.079433317049339891e+01 7.261417542220075516e-01 1.252626436674214716e+01
3.081191988275525162e+01 7.262556457577139524e-01 1.253238020212047310e+01
3.082950659501709723e+01 7.259399400974444472e-01 1.251543958651927646e+01
3.084709330727894283e+01 7.255904990503706520e-01 1.249673385427709604e+01
3.086468001954078844e+01 7.254895497023758910e-01 1.249133879063800912e+01
3.088226673180263404e+01 7.257794706991382849e-01 1.250684371452005372e+01
3.089985344406447965e+01 7.264579226832713621e-01 1.254325468444942437e+01
3.091744015632633236e+01 7.273938253709391066e-01 1.259377765409686489e+01
3.093502686858817796e+01 7.283614995833704864e-01 1.264637908983318759e+01
3.095261358085002357e+01 7.290883011913736889e-01 1.268613230529238933e+01
3.097020029311186917e+01 7.293092937080352112e-01 1.269826174668014929e+01
3.098778700537371478e+01 7.288211265981205944e-01 1.267149430966442303e+01
3.100537371763556038e+01 7.275267026213508847e-01 1.260097871239706180e+01
3.102296042989740599e+01 7.254629085049875137e-01 1.248991565452898911e+01
3.104054714215925870e+01 7.228059513020645976e-01 1.234934830669191541e+01
3.105813385442110430e+01 7.198525363406491628e-01 1.219620185051724981e+01
3.107572056668294991e+01 7.169795210049624279e-01 1.205026716857449465e+01
3.109330727894479551e+01 7.145886673914167986e-01 1.193104550780611817e+01
3.111089399120664112e+01 7.130456151939169596e-01 1.185514619162186989e+01
3.112848070346848672e+01 7.126226167640150599e-01 1.183448097980827818e+01
3.114606741573033233e+01 7.134530563896838151e-01 1.187510856537553217e+01
3.116365412799218504e+01 7.155030547157530396e-01 1.197640742403173242e+01
3.118124084025403064e+01 7.185624982105475178e-01 1.213030883522796621e+01
3.119882755251587625e+01 7.222554062178194734e-01 1.232055529099637958e+01
3.121641426477772185e+01 7.260679965862019136e-01 1.252230636516863882e+01
3.123400097703956746e+01 7.293920295672383647e-01 1.270280786388566874e+01
3.125158768930141306e+01 7.315805956821040956e-01 1.282407395440793429e+01
3.126917440156326577e+01 7.320129817672151873e-01 1.284826462319115592e+01
3.128676111382511138e+01 7.301642391928037101e-01 1.274537220193805709e+01
3.130434782608695699e+01 7.256735131379070669e-01 1.250117335151250764e+01
3.132193453834880259e+01 7.184033790859082336e-01 1.212222278362877148e+01
3.133952125061064820e+01 7.084810630877703685e-01 1.163529011881066566e+01
3.135710796287249380e+01 6.963124182905127135e-01 1.108118787493483559e+01
3.137469467513433941e+01 6.825617145602916880e-01 1.050568798007504334e+01
3.139228138739618856e+01 6.680949489292250520e-01 9.951148515463000166e+00
3.140986809965803417e+01 6.538908735612170009e-01 9.451242418820228863e+00
3.142745481191987977e+01 6.409307103527464022e-01 9.029158909206914885e+00
3.144504152418172538e+01 6.300825655220678723e-01 8.698258237203765120e+00
3.146262823644357098e+01 6.219982226900065969e-01 8.463810736955842629e+00
3.148021494870541659e+01 6.170377397681803266e-01 8.324770002064257213e+00
3.149780166096726219e+01 6.152319195830942000e-01 8.275027220149393514e+00
3.151538837322911490e+01 6.162860277521899910e-01 8.304007668840235112e+00
3.153297508549096051e+01 6.196219927532590210e-01 8.396761547269836257e+00
3.155056179775280611e+01 6.244520383522759177e-01 8.533923549033566758e+00
3.156814851001465172e+01 6.298746330446438613e-01 8.692102059288433935e+00
3.158573522227649732e+01 6.349833617156943610e-01 8.845350837237480945e+00
3.160332193453834293e+01 6.389799963037703368e-01 8.968213534203602677e+00
3.162090864680019564e+01 6.412838414541613963e-01 9.040261393339662277e+00
3.163849535906204125e+01 6.416298205739620064e-01 9.051159909863192965e+00
3.165608207132388685e+01 6.401476006778701322e-01 9.004614383543692924e+00
3.167366878358573246e+01 6.374135558675735336e-01 8.919741154062402089e+00
3.169125549584757806e+01 6.344670501533854479e-01 8.829671446087171915e+00
3.170884220810942367e+01 6.327830574506441152e-01 8.778833244204831132e+00
3.172642892037126927e+01 6.341952195929767555e-01 8.821433969740800407e+00
3.174401563263312198e+01 6.407675778724553073e-01 9.024037261177252134e+00
3.176160234489496759e+01 6.546194870713476499e-01 9.475898432413799810e+00
3.177918905715681319e+01 6.777160761868521455e-01 1.031446524888932359e+01
3.179677576941865880e+01 7.116447391002346246e-01 1.178693775239872465e+01
3.181436248168050440e+01 7.574045612137342287e-01 1.441900324883705053e+01
3.183194919394235001e+01 8.152381539110579167e-01 1.959846701212308417e+01
3.184953590620419561e+01 8.845324363987240313e-01 3.261109883170767887e+01
3.186712261846604832e+01 9.638061197310016093e-01 1.085067046344882442e+02
3.188470933072789393e+01 1.050788392643677183e+00 -8.074576848051103184e+01
3.190229604298973953e+01 1.142578515385546556e+00 -3.002140814195301743e+01
3.191988275525158514e+01 1.235863308746699918e+00 -1.890608215306988171e+01
3.193746946751343074e+01 1.327161942585624699e+00 -1.415571812179195454e+01
3.195505617977527635e+01 1.413066450590786838e+00 -1.159744606678908774e+01
3.197264289203712906e+01 1.490451522556634600e+00 -1.005630993592440348e+01
3.199022960429897466e+01 1.556636275779533340e+00 -9.075838400925649196e+00
3.200781631656082027e+01 1.609491139183874209e+00 -8.444430519478347108e+00
3.202540302882266587e+01 1.647492233868537825e+00 -8.053510824051404171e+00
3.204298974108451148e+01 1.669732132268579861e+00 -7.845068476181570105e+00
3.206057645334635708e+01 1.675899097306391194e+00 -7.789667939170749733e+00
3.207816316560820269e+01 1.666237140905414638e+00 -7.876914968418442520e+00
3.209574987787005540e+01 1.641497250475969949e+00 -8.112140513554523480e+00
3.211333659013190100e+01 1.602886779765413161e+00 -8.517337336885615784e+00
3.213092330239374661e+01 1.552020063636396996e+00 -9.136664301396788090e+00
3.214851001465559222e+01 1.490869424389774656e+00 -1.004929714253368367e+01
3.216609672691743782e+01 1.421712421007639060e+00 -1.139739746316680424e+01
3.218368343917928343e+01 1.347068969079775247e+00 -1.345074147275961174e+01
3.220127015144112903e+01 1.269621375733432922e+00 -1.677601005333500339e+01
3.221885686370298174e+01 1.192111905137484440e+00 -2.277729455136512726e+01
3.223644357596482735e+01 1.117216490950769137e+00 -3.609718820660304317e+01
3.225403028822667295e+01 1.047399365125538440e+00 -8.637773890555843082e+01
3.227161700048851856e+01 9.847605728209376519e-01 2.604732180747805614e+02
3.228920371275036416e+01 9.308946485729403530e-01 5.586473703410233327e+01
3.230679042501220977e+01 8.867818137449091642e-01 3.329998302329968141e+01
3.232437713727406248e+01 8.527311070587688668e-01 2.512139427715710482e+01
3.234196384953590808e+01 8.283875557160720327e-01 2.126129919543825153e+01
3.235955056179775369e+01 8.128044755473822214e-01 1.931626238129944184e+01
3.237713727405959929e+01 8.045704090762000327e-01 1.841342127023044384e+01
3.239472398632144490e+01 8.019714720597843627e-01 1.814399525116851564e+01
3.241231069858329050e+01 8.031662120473811450e-01 1.826697066844975836e+01
3.242989741084513611e+01 8.063517503366207650e-01 1.860225213073509565e+01
3.244748412310698882e+01 8.099054654340787085e-01 1.898950136680950607e+01
3.246507083536883442e+01 8.124934027693423433e-01 1.928071745160494288e+01
3.248265754763068003e+01 8.131427726494439012e-01 1.935505205184835020e+01
3.250024425989252563e+01 8.112800158978989984e-01 1.914318566492623219e+01
3.251783097215437124e+01 8.067377095028398504e-01 1.864362300551180240e+01
3.253541768441621684e+01 7.997336107605782507e-01 1.791758541893408108e+01
3.255300439667806245e+01 7.908243943224819716e-01 1.706408613209938352e+01
3.257059110893991516e+01 7.808361764935395355e-01 1.618941859484212031e+01
3.258817782120176076e+01 7.707745400199086383e-01 1.538507051624694455e+01
3.260576453346360637e+01 7.617187616278598972e-01 1.471894641971132422e+01
3.262335124572545197e+01 7.547079484188041754e-01 1.423685153878786380e+01
3.264093795798729758e+01 7.506298400818242067e-01 1.396882358679165392e+01
3.265852467024914318e+01 7.501248352515124118e-01 1.393623807175848484e+01
3.267611138251099590e+01 7.535172344794132115e-01 1.415768212751510191e+01
3.269369809477284150e+01 7.607823636876807072e-01 1.465292942859805869e+01
3.271128480703468711e+01 7.715527671453108471e-01 1.544476705502494340e+01
3.272887151929653271e+01 7.851604934457120377e-01 1.655815636189048590e+01
3.274645823155837832e+01 8.007073465911946908e-01 1.801547789131444688e+01
3.276404494382022392e+01 8.171520913380282414e-01 1.982566506262277528e+01
3.278163165608206953e+01 8.334033489945310569e-01 2.196455860284992667e+01
3.279921836834391513e+01 8.484087709852577985e-01 2.434567585295189573e+01
3.281680508060576074e+01 8.612339879754263849e-01 2.678817240123840548e+01
3.283439179286760634e+01 8.711277200994264058e-01 2.900400446790929720e+01
3.285197850512945195e+01 8.775715411419930945e-01 3.063950445646643672e+01
3.286956521739129755e+01 8.803138268834097557e-01 3.138887762677607540e+01
3.288715192965314316e+01 8.793875215992442707e-01 3.113194304190288264e+01
3.290473864191498876e+01 8.751109479667154023e-01 2.999508912087200940e+01
3.292232535417684147e+01 8.680705041126876020e-01 2.828386862749659869e+01
3.293991206643868708e+01 8.590842395040838575e-01 2.634779937019872875e+01
3.295749877870053268e+01 8.491463063081047258e-01 2.447489957970429941e+01
3.297508549096237829e+01 8.393541891371812946e-01 2.285574503618810382e+01
3.299267220322422389e+01 8.308231335033680054e-01 2.159759314318975498e+01
3.301025891548606950e+01 8.245947396918297256e-01 2.075615471299104797e+01
3.302784562774792221e+01 8.215485454767187390e-01 2.036595811794590460e+01
3.304543234000976781e+01 8.223259695772290323e-01 2.046427254078660951e+01
3.306301905227161342e+01 8.272749408137339833e-01 2.111082244580501310e+01
3.308060576453345902e+01 8.364210601298167624e-01 2.240839945047674675e+01
3.309819247679530463e+01 8.494677951851616893e-01 2.453162327376081109e+01
3.311577918905715023e+01 8.658247384160797644e-01 2.777575218533058887e+01
3.313336590131899584e+01 8.846600399189870068e-01 3.264945992088875215e+01
3.315095261358084855e+01 9.049711493894720959e-01 4.006752219605927934e+01
3.316853932584269415e+01 9.256670231463607346e-01 5.179260948412635202e+01
3.318612603810453976e+01 9.456547726392499076e-01 7.158955094830322707e+01
3.320371275036638536e+01 9.639240484770825734e-01 1.088680009211549020e+02
3.322129946262823097e+01 9.796230177771682035e-01 1.942947741536852959e+02
3.323888617489007657e+01 9.921204886862813321e-01 5.056437176892851539e+02
3.325647288715192218e+01 1.001049591399433725e+00 -3.813006575408688605e+03
3.327405959941377489e+01 1.006329544708491674e+00 -6.339554091185027573e+02
3.329164631167562050e+01 1.008163511541423141e+00 -4.919831875821191716e+02
3.330923302393746610e+01 1.007012374382933340e+00 -5.724184533132399793e+02
3.332681973619931171e+01 1.003546316351484391e+00 -1.129930073073806852e+03
3.334440644846115731e+01 9.985781515978198186e-01 2.811239082375961971e+03
3.336199316072300292e+01 9.929841523434413952e-01 5.681360472635240058e+02
3.337957987298485563e+01 9.876194524256782792e-01 3.210843722734039147e+02
3.339716658524670123e+01 9.832358360486664894e-01 2.365999777352803619e+02
3.341475329750854684e+01 9.804097925399472002e-01 2.021787006416628003e+02
3.343234000977039244e+01 9.794881165082311991e-01 1.930037267161821433e+02
3.344992672203223805e+01 9.805570314991336467e-01 2.037249932023608494e+02
3.346751343429408365e+01 9.834387736527672175e-01 2.395238324653457198e+02
3.348510014655592926e+01 9.877167970942470898e-01 3.236448727560804741e+02
3.350268685881778197e+01 9.927874185200639134e-01 5.525846461049682148e+02
3.352027357107962757e+01 9.979322167787773035e-01 1.932438237484156616e+03
3.353786028334147318e+01 1.002402495863331522e+00 -1.666934628935085811e+03
3.355544699560331878e+01 1.005505339795394359e+00 -7.285659509229382138e+02
3.357303370786516439e+01 1.006680778672693233e+00 -6.007309376474615874e+02
3.359062042012700999e+01 1.005561439205359342e+00 -7.212368991772783602e+02
3.360820713238885560e+01 1.002009310118652907e+00 -1.992732517866507578e+03
3.362579384465070831e+01 9.961280332216513322e-01 1.031065745052808097e+03
3.364338055691255391e+01 9.882524522353436369e-01 3.384936395885146112e+02
3.366096726917439952e+01 9.789192765682754871e-01 1.877414824042190560e+02
3.367855398143624512e+01 9.688233811128669215e-01 1.262933584216934264e+02
3.369614069369809073e+01 9.587637088295206667e-01 9.499140686478119733e+01
3.371372740595993633e+01 9.495815979852491040e-01 7.732317948357761850e+01
3.373131411822178904e+01 9.420934278223569436e-01 6.706187622331916032e+01
3.374890083048363465e+01 9.370195220669973457e-01 6.149548277829293141e+01
3.376648754274548025e+01 9.349127253900670897e-01 5.943912154560935335e+01
3.378407425500732586e+01 9.360928543814399649e-01 6.057430120730195000e+01
3.380166096726917146e+01 9.405963970136703711e-01 6.532067389724760176e+01
3.381924767953101707e+01 9.481526851673809375e-01 7.513629856060752843e+01
3.383683439179286268e+01 9.581963418314126679e-01 9.367473066328419407e+01
3.385442110405471539e+01 9.699200072788057847e-01 1.309711203116394245e+02
3.387200781631656099e+01 9.823620761936311396e-01 2.247796128546752925e+02
3.388959452857840660e+01 9.945145789625992050e-01 7.272042724821270667e+02
3.390718124084025220e+01 1.005430511202251020e+00 -7.385775519769943003e+02
3.392476795310209781e+01 1.014310584919012159e+00 -2.815098304870648462e+02
3.394235466536394341e+01 1.020556202223578346e+00 -1.965833860337158683e+02
3.395994137762578902e+01 1.023785283878976715e+00 -1.701653346186180045e+02
3.397752808988764173e+01 1.023816426207057928e+00 -1.699454265561309967e+02
3.399511480214948733e+01 1.020632009749358637e+00 -1.958683973354254704e+02
3.401270151441133294e+01 1.014331830673586676e+00 -2.810954697600562895e+02
3.403028822667317854e+01 1.005086744707465396e+00 -7.883562607706693370e+02
3.404787493893502415e+01 9.930984422219654162e-01 5.775775648776212847e+02
3.406546165119686975e+01 9.785682217426492358e-01 1.846333196642667360e+02
3.408304836345872246e+01 9.616752371234980057e-01 1.023613917837466261e+02
3.410063507572056807e+01 9.425633181668111593e-01 6.762711908179471720e+01
3.411822178798241367e+01 9.213349322237140981e-01 4.882801106869656849e+01
3.413580850024425928e+01 8.980508861431458767e-01 3.720838444548379442e+01
3.415339521250610488e+01 8.727347096479173283e-01 2.939639021776164896e+01
3.417098192476795049e+01 8.453811293987698594e-01 2.382809623135221599e+01
3.418856863702979609e+01 8.159685198573393139e-01 1.968461066612692179e+01
3.420615534929164880e+01 7.844756227175087027e-01 1.649877492703329906e+01
3.422374206155349441e+01 7.509030851724149969e-01 1.398650952528310398e+01
3.424132877381534001e+01 7.153003730834485152e-01 1.196632764807196203e+01
3.425891548607718562e+01 6.777982051789884776e-01 1.031765891923379819e+01
3.427650219833903122e+01 6.386455968243583969e-01 8.957831059347569180e+00
3.429408891060087683e+01 5.982486268631735937e-01 7.828670940015106439e+00
3.431167562286272243e+01 5.572049602528486023e-01 6.888352262373168777e+00
3.432926233512457515e+01 5.163241301776989589e-01 6.106234091499837646e+00
3.434684904738642075e+01 4.766195328336378934e-01 5.459455315829434774e+00
3.436443575964826636e+01 4.392561478842719191e-01 4.930565319590972884e+00
3.438202247191011196e+01 4.054414896608645735e-01 4.505741982206983742e+00
3.439960918417195757e+01 3.762595117889249163e-01 4.173305216498260251e+00
3.441719589643380317e+01 3.524685203398484901e-01 3.922357115178860987e+00
3.443478260869565588e+01 3.343086706928908858e-01 3.741519829584794454e+00
3.445236932095750149e+01 3.213795935201946841e-01 3.617908622999233437e+00
3.446995603321934709e+01 3.126406006240353697e-01 3.536615746200980848e+00
3.448754274548119270e+01 3.065514292943502528e-01 3.480998109829080533e+00
3.450512945774303830e+01 3.013241287451007833e-01 3.433901467079579550e+00
3.452271617000488391e+01 2.952202759778013164e-01 3.379642928392948775e+00
3.454030288226672951e+01 2.868197344787732361e-01 3.306219934622034895e+00
3.455788959452858222e+01 2.752071500778373592e-01 3.207000377880869557e+00
3.457547630679042783e+01 2.600551415347573947e-01 3.081266332056154411e+00
3.459306301905227343e+01 2.416117789955339323e-01 2.933447724147166369e+00
3.461064973131411904e+01 2.206157883559420607e-01 2.771432697544557122e+00
3.462823644357596464e+01 1.981665808072805013e-01 2.604636615395319765e+00
3.464582315583781025e+01 1.755728562717850383e-01 2.442424618965778560e+00
3.466340986809965585e+01 1.541981527272794084e-01 2.293160757897480639e+00
3.468099658036150856e+01 1.353170296290097940e-01 2.163829236796551037e+00
3.469858329262335417e+01 1.199922170576377817e-01 2.059970499624856899e+00
3.471617000488519977e+01 1.089806097920349853e-01 1.985618782425390139e+00
3.473375671714704538e+01 1.026738315205133617e-01 1.943027011749704380e+00
3.475134342940889098e+01 1.010768495807467665e-01 1.932232538148050294e+00
3.476893014167073659e+01 1.038256289484187495e-01 1.950809325479754053e+00
3.478651685393258219e+01 1.102420201857374354e-01 1.994133613733664268e+00
3.480410356619442780e+01 1.194209465976948242e-01 2.056110303814290496e+00
3.482169027845627340e+01 1.303415492128213171e-01 2.130029862090758286e+00
3.483927699071811901e+01 1.419905843362408437e-01 2.209326972402736011e+00
3.485686370297996461e+01 1.534837455220246505e-01 2.288229868585904381e+00
3.487445041524181022e+01 1.641696678507915674e-01 2.362353599462897247e+00
3.489203712750365582e+01 1.737030145727085639e-01 2.429219666090622010e+00
3.490962383976550854e+01 1.820774501667042078e-01 2.488607433027046678e+00
3.492721055202735414e+01 1.896157009843556784e-01 2.542637367886603883e+00
3.494479726428919975e+01 1.969206882704941097e-01 2.595553874958698160e+00
3.496238397655104535e+01 2.047970604228401270e-01 2.653268920045771306e+00
3.497997068881289096e+01 2.141550834618126120e-01 2.722792882350764554e+00
3.499755740107473656e+01 2.259085709659199581e-01 2.811690316386043609e+00
3.501514411333658217e+01 2.408761991437649297e-01 2.927663443469623594e+00
3.503273082559843488e+01 2.596925956032831162e-01 3.078306980131486181e+00
3.505031753786028048e+01 2.827334046069623352e-01 3.271011151852612375e+00
3.506790425012212609e+01 3.100579527180237216e-01 3.512925348038083762e+00
3.508549096238397169e+01 3.413741641647838332e-01 3.810841759091617931e+00
3.510307767464581730e+01 3.760321139305351501e-01 4.170825647121722213e+00
3.512066438690766290e+01 4.130534610273315366e-01 4.597417291884939416e+00
3.513825109916951561e+01 4.512021594776763345e-01 5.092282836953857306e+00
3.515583781143136122e+01 4.890961136207930826e-01 5.652343480477532545e+00
3.517342452369320682e+01 5.253502688502972306e-01 6.267719298184233345e+00
3.519101123595505243e+01 5.587316278925270607e-01 6.920275463367429047e+00
3.520859794821689803e+01 5.883000175585121339e-01 7.583955586925673842e+00
3.522618466047874364e+01 6.135088290257014743e-01 8.227988518752313851e+00
3.524377137274058924e+01 6.342483826604266017e-01 8.823044060843061587e+00
3.526135808500244195e+01 6.508282439643066075e-01 9.348713692771751127e+00
3.527894479726428756e+01 6.639085277750697012e-01 9.799475572020968528e+00
3.529653150952613316e+01 6.743991489548166740e-01 1.018681405591947353e+01
3.531411822178797877e+01 6.833480145594141852e-01 1.053726329542815954e+01
3.533170493404982437e+01 6.918353759992682539e-01 1.088823295388904278e+01
3.534929164631166998e+01 7.008849058901475138e-01 1.128415902844476371e+01
3.536687835857351558e+01 7.113955421185690353e-01 1.177487316879764911e+01
3.538446507083536829e+01 7.240936595962644828e-01 1.241713951000300575e+01
3.540205178309721390e+01 7.395032406960713178e-01 1.327997605590668151e+01
3.541963849535905950e+01 7.579319482490755044e-01 1.445509916047431176e+01
3.543722520762090511e+01 7.794723443383126948e-01 1.607611051549646675e+01
3.545481191988275071e+01 8.040187696278138230e-01 1.835563863542332896e+01
3.547239863214459632e+01 8.313005692383339529e-01 2.166465097110646099e+01
3.548998534440644903e+01 8.609308305596412580e-01 2.672524768477519785e+01
3.550757205666829464e+01 8.924667275759838869e-01 3.516935535855482442e+01
3.552515876893014024e+01 9.254739394262494478e-01 5.165314027875933789e+01
3.554274548119198585e+01 9.595849961859066468e-01 9.696283096145553770e+01
3.556033219345383145e+01 9.945412364091783530e-01 7.307652981342571366e+02
3.557791890571567706e+01 1.030210834522713670e+00 -1.343953896833552335e+02
3.559550561797752266e+01 1.066580270919406104e+00 -6.206174408454979385e+01
3.561309233023937537e+01 1.103721972535103957e+00 -4.053996786633739191e+01
3.563067904250122098e+01 1.141744953316680578e+00 -3.018657227090635331e+01
3.564826575476306658e+01 1.180737248462799149e+00 -2.409006427828053631e+01
3.566585246702491219e+01 1.220708907816386191e+00 -2.007360227033450784e+01
3.568343917928675779e+01 1.261543095736120668e+00 -1.723582797481934392e+01
3.570102589154860340e+01 1.302961303101354940e+00 -1.513694278309715990e+01
3.571861260381044900e+01 1.344507291521881198e+00 -1.353691264279796691e+01
3.573619931607230171e+01 1.385553119781291143e+00 -1.229336059035392026e+01
3.575378602833414732e+01 1.425329034167876374e+00 -1.131611421597882483e+01
3.577137274059599292e+01 1.462976661243538867e+00 -1.054491189868754120e+01
3.578895945285783853e+01 1.497621636130472611e+00 -9.937607860102707136e+00
3.580654616511968413e+01 1.528457898581398355e+00 -9.463524450991853243e+00
3.582413287738152974e+01 1.554832359096434802e+00 -9.099488556518455340e+00
3.584171958964338245e+01 1.576316768972549243e+00 -8.827343103460489004e+00
3.585930630190522805e+01 1.592754485430471600e+00 -8.632312631225209643e+00
3.587689301416707366e+01 1.604273655638932983e+00 -8.501896622788004620e+00
3.589447972642891926e+01 1.611264313115475355e+00 -8.425121397547636448e+00
3.591206643869076487e+01 1.614323324176345498e+00 -8.392069130120269449e+00
3.592965315095261047e+01 1.614176257012424953e+00 -8.393650725207592700e+00
3.594723986321445608e+01 1.611587915792580761e+00 -8.421609445550267026e+00
3.596482657547630879e+01 1.607273340720863475e+00 -8.468738350257439151e+00
3.598241328773815439e+01 1.601819242580503122e+00 -8.529270645537609497e+00
3.600000000000000000e+01 1.595623201154849458e+00 -8.599367496926211274e+00
