Frequency_GHz,Angle_Deg,Sim_dB
10.0,0.0,-0.1433777653414836
10.0,0.5,-0.20183112513671375
10.0,1.0,-0.26011317788404753
10.0,1.5,-0.3740367449087003
10.0,2.0,-0.486968137613367
10.0,2.5,-0.6553199670546235
10.0,3.0,-0.8207224167877882
10.0,3.5,-0.9866029189449925
10.0,4.0,-1.2060416388534527
10.0,4.5,-1.371862323571392
10.0,5.0,-1.6455754509742349
10.0,5.5,-1.921470074400336
10.0,6.0,-2.135729412498897
10.0,6.5,-2.4134795544328007
10.0,7.0,-2.6828202071435996
10.0,7.5,-3.008798797006264
10.0,8.0,-3.2729894417461374
10.0,8.5,-3.6021537200028924
10.0,9.0,-3.8116284382278742
10.0,9.5,-4.186500550480442
10.0,10.0,-4.450823267646111
10.0,10.5,-4.713290130797255
10.0,11.0,-4.973847446830167
10.0,11.5,-5.232439845035895
10.0,12.0,-5.48901023543694
10.0,12.5,-5.685230255113762
10.0,13.0,-5.866366610966736
10.0,13.5,-6.058210322439336
10.0,14.0,-6.175867537515085
10.0,14.5,-6.26250711324376
10.0,15.0,-6.375724756365617
10.0,15.5,-6.444322330248575
10.0,16.0,-6.495043346313896
10.0,16.5,-6.543092533843524
10.0,17.0,-6.605885903114395
10.0,17.5,-6.627847877474274
10.0,18.0,-6.669739128163773
10.0,18.5,-6.727678989131999
10.0,19.0,-6.783932050192227
10.0,19.5,-6.875039434901879
10.0,20.0,-6.947457999053402
10.0,20.5,-7.054355714213763
10.0,21.0,-7.214884126859371
10.0,21.5,-7.317357140888955
10.0,22.0,-7.495207046412123
10.0,22.5,-7.616272681203842
10.0,23.0,-7.791056479821499
10.0,23.5,-8.01895902376464
10.0,24.0,-8.24472556104569
10.0,24.5,-8.492808019807914
10.0,25.0,-8.793751215229094
10.0,25.5,-9.09292119405162
10.0,26.0,-9.390248152665613
10.0,26.5,-9.685659040029378
10.0,27.0,-10.059162489302867
10.0,27.5,-10.431072425855731
10.0,28.0,-10.80130572350446
10.0,28.5,-11.250508406948633
10.0,29.0,-11.750563573577736
10.0,29.5,-12.063391301548755
10.0,30.0,-12.45604077749956
10.0,30.5,-13.032036128858046
10.0,31.0,-13.421844079991065
10.0,31.5,-13.810249292703656
10.0,32.0,-14.279237101117534
10.0,32.5,-14.664738635133965
10.0,33.0,-14.99843015229635
10.0,33.5,-15.330925171113098
10.0,34.0,-15.579447936799845
10.0,34.5,-15.777077183110677
10.0,35.0,-15.890632304489678
10.0,35.5,-15.995213621230597
10.0,36.0,-15.995213621230597
10.0,36.5,-15.937041959525327
10.0,37.0,-15.901322094735399
10.0,37.5,-15.804280334560243
10.0,38.0,-15.694336161960628
10.0,38.5,-15.629707369303443
10.0,39.0,-15.517076547646198
10.0,39.5,-15.479276200873922
10.0,40.0,-15.372407638874243
10.0,40.5,-15.34052143999602
10.0,41.0,-15.307642656519796
10.0,41.5,-15.273777076192378
10.0,42.0,-15.24323006372883
10.0,42.5,-15.24323006372883
10.0,43.0,-15.294277628360994
10.0,43.5,-15.297118127244104
10.0,44.0,-15.34453029120132
10.0,44.5,-15.38858500066403
10.0,45.0,-15.516010576158976
10.0,45.5,-15.558168400061152
10.0,46.0,-15.72528832966481
10.0,46.5,-15.849465764742877
10.0,47.0,-15.972621310670807
10.0,47.5,-16.2194444974658
10.0,48.0,-16.34009215429009
10.0,48.5,-16.54380674633135
10.0,49.0,-16.74629559722339
10.0,49.5,-16.992702879103646
10.0,50.0,-17.19295673510197
10.0,50.5,-17.475788874823635
10.0,51.0,-17.71938780455878
10.0,51.5,-17.96216071393209
10.0,52.0,-18.240966824198896
10.0,52.5,-18.565189739479493
10.0,53.0,-18.804713436485073
10.0,53.5,-19.09100337310415
10.0,54.0,-19.32871144546388
10.0,54.5,-19.69687869018082
10.0,55.0,-20.015493235134997
10.0,55.5,-20.29864893184189
10.0,56.0,-20.663873835725717
10.0,56.5,-21.077624038229818
10.0,57.0,-21.275802781645947
10.0,57.5,-21.770683018656484
10.0,58.0,-22.182241552290638
10.0,58.5,-22.510867182179467
10.0,59.0,-22.920776366281324
10.0,59.5,-23.247922202502302
10.0,60.0,-23.49277423856335
10.0,60.5,-23.951611582901357
10.0,61.0,-24.328507370271208
10.0,61.5,-24.57169519570992
10.0,62.0,-24.94748529971338
10.0,62.5,-25.32261700635115
10.0,63.0,-25.48341300165686
10.0,63.5,-25.85717403551626
10.0,64.0,-26.016922535873196
10.0,64.5,-26.122340616578704
10.0,65.0,-26.122340616578704
10.0,65.5,-26.039132961164746
10.0,66.0,-25.93028826232585
10.0,66.5,-25.76632898632351
10.0,67.0,-25.71150064027561
10.0,67.5,-25.67948042815273
10.0,68.0,-25.513693909124306
10.0,68.5,-25.513693909124306
10.0,69.0,-25.4243084583065
10.0,69.5,-25.38945819113543
10.0,70.0,-25.333495923415555
10.0,70.5,-25.317184005677493
10.0,71.0,-25.317184005677493
10.0,71.5,-25.336348017310677
10.0,72.0,-25.355045658780824
10.0,72.5,-25.373273092272484
10.0,73.0,-25.391026535845775
10.0,73.5,-25.408302266820034
10.0,74.0,-25.42509662517
10.0,74.5,-25.498801952322804
10.0,75.0,-25.514758891668755
10.0,75.5,-25.559642631451545
10.0,76.0,-25.559642631451545
10.0,76.5,-25.559642631451545
10.0,77.0,-25.399397158787686
10.0,77.5,-25.2960104341698
10.0,78.0,-25.2960104341698
10.0,78.5,-25.133187768297347
10.0,79.0,-25.08624444771757
10.0,79.5,-24.979952252915083
10.0,80.0,-24.979952252915083
10.0,80.5,-24.94135263529295
10.0,81.0,-24.94135263529295
10.0,81.5,-24.900518787341156
10.0,82.0,-24.900518787341156
10.0,82.5,-24.975762705377115
10.0,83.0,-24.98315766797139
10.0,83.5,-25.04931022863659
10.0,84.0,-25.115076456958562
10.0,84.5,-25.180445478278994
10.0,85.0,-25.245406075403118
10.0,85.5,-25.369363112805395
10.0,86.0,-25.616178259514324
10.0,86.5,-25.738994321600856
10.0,87.0,-25.861385405545693
10.0,87.5,-25.983326369183036
10.0,88.0,-25.983326369183036
10.0,88.5,-25.868129433212793
10.0,89.0,-25.750024661183417
10.0,89.5,-25.631336736373743
10.0,90.0,-25.57171675052487
10.0,90.5,-25.571179655280304
10.0,91.0,-25.51049998034903
10.0,91.5,-25.508903588566756
10.0,92.0,-25.508903588566756
10.0,92.5,-25.50677565938866
10.0,93.0,-25.50677565938866
10.0,93.5,-25.556694523058745
10.0,94.0,-25.56044688855344
10.0,94.5,-25.611853682292065
10.0,95.0,-25.785171898888613
10.0,95.5,-25.957606404810164
10.0,96.0,-25.957606404810164
10.0,96.5,-26.24754213944382
10.0,97.0,-26.365970638358846
10.0,97.5,-26.595094298082664
10.0,98.0,-26.654177842416537
10.0,98.5,-26.69575263313208
10.0,99.0,-26.69575263313208
10.0,99.5,-26.627272933603166
10.0,100.0,-26.499650161255445
10.0,100.5,-26.430416141173435
10.0,101.0,-26.360784796341974
10.0,101.5,-26.29077019695597
10.0,102.0,-26.27873069187299
10.0,102.5,-26.266115547369957
10.0,103.0,-26.266115547369957
10.0,103.5,-26.297100784292816
10.0,104.0,-26.297100784292816
10.0,104.5,-26.340391245097347
10.0,105.0,-26.455777208572314
10.0,105.5,-26.497776338133292
10.0,106.0,-26.612594293605664
10.0,106.5,-26.784462082401767
10.0,107.0,-26.955861166189816
10.0,107.5,-27.258340306064788
10.0,108.0,-27.428880530785392
10.0,108.5,-27.54222642978625
10.0,109.0,-27.843802979508823
10.0,109.5,-27.93639757721313
10.0,110.0,-27.93639757721313
10.0,110.5,-27.727176972465948
10.0,111.0,-27.727176972465948
10.0,111.5,-27.705721599942372
10.0,112.0,-27.705721599942372
10.0,112.5,-27.683579486166817
10.0,113.0,-27.660760703687536
10.0,113.5,-27.660760703687536
10.0,114.0,-27.66743703919531
10.0,114.5,-27.691870005038425
10.0,115.0,-27.696218762380067
10.0,115.5,-27.721604575579224
10.0,116.0,-27.749936793949693
10.0,116.5,-27.803502300526336
10.0,117.0,-28.043465880829462
10.0,117.5,-28.09653050815793
10.0,118.0,-28.28270096577759
10.0,118.5,-28.468633117775582
10.0,119.0,-28.654289365163507
10.0,119.5,-28.83962383654586
10.0,120.0,-28.89148692416137
10.0,120.5,-29.209087447072186
10.0,121.0,-29.342045341444244
10.0,121.5,-29.525856792152073
10.0,122.0,-29.525856792152073
10.0,122.5,-29.57637616818234
10.0,123.0,-29.57637616818234
10.0,123.5,-29.543932637650958
10.0,124.0,-29.510555041567375
10.0,124.5,-29.461254138083916
10.0,125.0,-29.476277849697297
10.0,125.5,-29.427588698432825
10.0,126.0,-29.441134718615565
10.0,126.5,-29.441134718615565
10.0,127.0,-29.441134718615565
10.0,127.5,-29.535883728403014
10.0,128.0,-29.45214963821642
10.0,128.5,-29.498640450236586
10.0,129.0,-29.498640450236586
10.0,129.5,-29.544604485663747
10.0,130.0,-29.67409772304073
10.0,130.5,-29.59001380283298
10.0,131.0,-29.67409772304073
10.0,131.5,-29.719009539547606
10.0,132.0,-29.719009539547606
10.0,132.5,-30.015969850219182
10.0,133.0,-29.67904824974588
10.0,133.5,-29.216849394161336
10.0,134.0,-29.216849394161336
10.0,134.5,-29.17529022413052
10.0,135.0,-29.15421166847102
10.0,135.5,-29.133133112811517
10.0,136.0,-29.133133112811517
10.0,136.5,-29.13138917754798
10.0,137.0,-29.13138917754798
10.0,137.5,-29.087536482518306
10.0,138.0,-29.087536482518306
10.0,138.5,-29.087536482518306
10.0,139.0,-29.082384384065048
10.0,139.5,-29.082384384065048
10.0,140.0,-29.20491629781907
10.0,140.5,-29.20491629781907
10.0,141.0,-29.24266917001598
10.0,141.5,-29.326484434732684
10.0,142.0,-29.44696063617824
10.0,142.5,-29.494021219928158
10.0,143.0,-29.530531323941567
10.0,143.5,-29.697522016307854
10.0,144.0,-29.864275733521676
10.0,144.5,-29.898927587104343
10.0,145.0,-29.981895965572406
10.0,145.5,-29.981895965572406
10.0,146.0,-30.064758229149387
10.0,146.5,-30.147501460760992
10.0,147.0,-30.230110581823332
10.0,147.5,-30.312567886097042
10.0,148.0,-30.394852449211935
10.0,148.5,-30.476939374024276
10.0,149.0,-30.55879881697242
10.0,149.5,-30.55879881697242
10.0,150.0,-30.50730192133819
10.0,150.5,-30.50730192133819
10.0,151.0,-30.588493494593404
10.0,151.5,-30.588493494593404
10.0,152.0,-30.802610000354957
10.0,152.5,-30.536071579037937
10.0,153.0,-30.523170388502276
10.0,153.5,-30.523170388502276
10.0,154.0,-30.523170388502276
10.0,154.5,-30.509416114002534
10.0,155.0,-30.509416114002534
10.0,155.5,-30.509416114002534
10.0,156.0,-30.533923350148598
10.0,156.5,-30.588493494593404
10.0,157.0,-30.533923350148598
10.0,157.5,-30.611975707878628
10.0,158.0,-30.556620690789913
10.0,158.5,-30.611975707878628
10.0,159.0,-30.556620690789913
10.0,159.5,-30.633526822771543
10.0,160.0,-30.577431694149652
10.0,160.5,-30.633526822771543
10.0,161.0,-30.709625544041458
10.0,161.5,-30.709625544041458
10.0,162.0,-30.653065585265434
10.0,162.5,-30.653065585265434
10.0,163.0,-30.727749221794728
10.0,163.5,-30.727749221794728
10.0,164.0,-30.727749221794728
10.0,164.5,-30.80132924286233
10.0,165.0,-30.858848079432754
10.0,165.5,-30.93161897826715
10.0,166.0,-30.93161897826715
10.0,166.5,-30.93161897826715
10.0,167.0,-30.93161897826715
10.0,167.5,-31.06120163825564
10.0,168.0,-31.06120163825564
10.0,168.5,-31.002860738130362
10.0,169.0,-31.002860738130362
10.0,169.5,-31.131089636022647
10.0,170.0,-31.131089636022647
10.0,170.5,-31.072280839254663
10.0,171.0,-31.01339030661221
10.0,171.5,-31.01339030661221
10.0,172.0,-31.25788960491829
10.0,172.5,-31.25788960491829
10.0,173.0,-31.19872984429186
10.0,173.5,-31.19872984429186
10.0,174.0,-31.560821141966834
10.0,174.5,-31.560821141966834
10.0,175.0,-31.501445894903107
10.0,175.5,-31.38258687110515
10.0,176.0,-31.323117980515747
10.0,176.5,-31.204125203216304
10.0,177.0,-31.16179692431811
10.0,177.5,-31.119468645419914
10.0,178.0,-31.07714036652172
10.0,178.5,-31.034812087623525
10.0,179.0,-30.992483808725332
10.0,179.5,-30.95015552982714
10.0,180.0,-30.907827250928943
10.0,180.5,-30.895638281985622
10.0,181.0,-30.8834493130423
10.0,181.5,-30.871260344098978
10.0,182.0,-30.859071375155654
10.0,182.5,-30.859071375155654
10.0,183.0,-30.965994550281184
10.0,183.5,-31.144607578449055
10.0,184.0,-31.323117980515747
10.0,184.5,-31.323117980515747
10.0,185.0,-30.90229309538108
10.0,185.5,-30.90229309538108
10.0,186.0,-31.02096950771464
10.0,186.5,-31.02096950771464
10.0,187.0,-30.777215487836223
10.0,187.5,-30.777215487836223
10.0,188.0,-30.89540867744918
10.0,188.5,-30.954429728402616
10.0,189.0,-31.01339030661221
10.0,189.5,-31.01339030661221
10.0,190.0,-30.885831559791168
10.0,190.5,-30.885831559791168
10.0,191.0,-30.944398609648402
10.0,191.5,-31.002860738130362
10.0,192.0,-31.002860738130362
10.0,192.5,-30.87362052680382
10.0,193.0,-30.87362052680382
10.0,193.5,-30.93161897826715
10.0,194.0,-30.93161897826715
10.0,194.5,-30.989458451302
10.0,195.0,-31.047114801801005
10.0,195.5,-31.104558839247566
10.0,196.0,-31.104558839247566
10.0,196.5,-30.9732783978442
10.0,197.0,-30.9732783978442
10.0,197.5,-31.030129940757973
10.0,198.0,-31.0584094901524
10.0,198.5,-31.0584094901524
10.0,199.0,-31.08668903954683
10.0,199.5,-31.142908288723664
10.0,200.0,-31.33136123175405
10.0,200.5,-31.19872984429186
10.0,201.0,-31.19872984429186
10.0,201.5,-31.13233316800423
10.0,202.0,-31.065936491716595
10.0,202.5,-30.800049665792105
10.0,203.0,-30.800049665792105
10.0,203.5,-30.854847603505533
10.0,204.0,-30.854847603505533
10.0,204.5,-30.854847603505533
10.0,205.0,-30.9092145271129
10.0,205.5,-30.77595773640132
10.0,206.0,-30.72313668679281
10.0,206.5,-30.72313668679281
10.0,207.0,-30.74979872590925
10.0,207.5,-30.802610000354957
10.0,208.0,-30.802610000354957
10.0,208.5,-30.802610000354957
10.0,209.0,-30.802610000354957
10.0,209.5,-30.854847603505533
10.0,210.0,-30.854847603505533
10.0,210.5,-30.773445584561284
10.0,211.0,-30.773445584561284
10.0,211.5,-30.824566713688743
10.0,212.0,-30.824566713688743
10.0,212.5,-30.874971707388568
10.0,213.0,-30.792396810843982
10.0,213.5,-30.792396810843982
10.0,214.0,-30.75101117744272
10.0,214.5,-30.75101117744272
10.0,215.0,-30.75846527016216
10.0,215.5,-30.84159842057073
10.0,216.0,-30.889927397690418
10.0,216.5,-30.889927397690418
10.0,217.0,-30.889927397690418
10.0,217.5,-30.93728271481187
10.0,218.0,-30.93728271481187
10.0,218.5,-30.93728271481187
10.0,219.0,-31.06751921585086
10.0,219.5,-31.06751921585086
10.0,220.0,-31.06751921585086
10.0,220.5,-30.98354968146779
10.0,221.0,-30.563163819788116
10.0,221.5,-30.31067516851687
10.0,222.0,-30.31067516851687
10.0,222.5,-30.14228629514986
10.0,223.0,-30.101884820101578
10.0,223.5,-30.101884820101578
10.0,224.0,-30.101884820101578
10.0,224.5,-30.060580262393874
10.0,225.0,-30.03950221150731
10.0,225.5,-30.03950221150731
10.0,226.0,-30.05974565248061
10.0,226.5,-30.05974565248061
10.0,227.0,-30.05974565248061
10.0,227.5,-30.100182936591537
10.0,228.0,-30.352765402332274
10.0,228.5,-30.100182936591537
10.0,229.0,-30.055577498950083
10.0,229.5,-29.29254462671967
10.0,230.0,-28.994957291770696
10.0,230.5,-28.781243440899374
10.0,231.0,-28.735146533417065
10.0,231.5,-28.688641239122838
10.0,232.0,-28.6417436170637
10.0,232.5,-28.59446902037265
10.0,233.0,-28.59446902037265
10.0,233.5,-28.630240583161566
10.0,234.0,-28.66536656614382
10.0,234.5,-28.66536656614382
10.0,235.0,-28.66536656614382
10.0,235.5,-28.733603416811246
10.0,236.0,-28.766674113275
10.0,236.5,-28.766674113275
10.0,237.0,-28.766674113275
10.0,237.5,-28.931607683083843
10.0,238.0,-29.04542543240565
10.0,238.5,-29.04542543240565
10.0,239.0,-28.99440101233455
10.0,239.5,-28.861446740491886
10.0,240.0,-28.810044612368973
10.0,240.5,-28.75837655768753
10.0,241.0,-28.735146533417065
10.0,241.5,-28.706454410240788
10.0,242.0,-28.735146533417065
10.0,242.5,-28.710027987264546
10.0,243.0,-28.710027987264546
10.0,243.5,-28.710027987264546
10.0,244.0,-28.736690339632673
10.0,244.5,-28.76252282430181
10.0,245.0,-28.76252282430181
10.0,245.5,-28.76252282430181
10.0,246.0,-28.412221825028972
10.0,246.5,-27.90351310579487
10.0,247.0,-27.527716855125774
10.0,247.5,-27.096643670577706
10.0,248.0,-26.986171740723833
10.0,248.5,-26.875320745361712
10.0,249.0,-26.708383834186463
10.0,249.5,-26.67315378817981
10.0,250.0,-26.65257270052032
10.0,250.5,-26.636866864570806
10.0,251.0,-26.636866864570806
10.0,251.5,-26.656104627296468
10.0,252.0,-26.674764920305638
10.0,252.5,-26.74971946072168
10.0,253.0,-26.76739071581699
10.0,253.5,-26.800927859188942
10.0,254.0,-26.800927859188942
10.0,254.5,-26.628551168103883
10.0,255.0,-26.209973932642313
10.0,255.5,-26.036821652307744
10.0,256.0,-25.80546221836873
10.0,256.5,-25.573596927243358
10.0,257.0,-25.283131577434506
10.0,257.5,-25.224961054826625
10.0,258.0,-25.17943128382762
10.0,258.5,-25.144783260291987
10.0,259.0,-25.144783260291987
10.0,259.5,-25.155892487510087
10.0,260.0,-25.166513142430894
10.0,260.5,-25.176643005345912
10.0,261.0,-25.24515014115345
10.0,261.5,-25.313305919033926
10.0,262.0,-25.448520827349668
10.0,262.5,-25.574671553874953
10.0,263.0,-25.574671553874953
10.0,263.5,-25.29291731521881
10.0,264.0,-25.29291731521881
10.0,264.5,-24.94306925818262
10.0,265.0,-24.71084907806611
10.0,265.5,-24.537244031274213
10.0,266.0,-24.422442585671416
10.0,266.5,-24.366582214881024
10.0,267.0,-24.310215593548023
10.0,267.5,-24.255593286208818
10.0,268.0,-24.255593286208818
10.0,268.5,-24.257385563809095
10.0,269.0,-24.3183400242734
10.0,269.5,-24.319243256491767
10.0,270.0,-24.37931507670141
10.0,270.5,-24.438935235297716
10.0,271.0,-24.61638745106294
10.0,271.5,-24.67457728283452
10.0,272.0,-24.67457728283452
10.0,272.5,-24.6107571929372
10.0,273.0,-24.366582214881024
10.0,273.5,-24.243953336017416
10.0,274.0,-24.12098545605011
10.0,274.5,-23.87409289041991
10.0,275.0,-23.809582222984414
10.0,275.5,-23.744722510671302
10.0,276.0,-23.673258668320297
10.0,276.5,-23.607358244291596
10.0,277.0,-23.60032008292707
10.0,277.5,-23.58502163169329
10.0,278.0,-23.58502163169329
10.0,278.5,-23.627054359720034
10.0,279.0,-23.676807173224777
10.0,279.5,-23.726012464766924
10.0,280.0,-23.833369729025605
10.0,280.5,-23.939969658867575
10.0,281.0,-24.045782514708687
10.0,281.5,-24.104262091623045
10.0,282.0,-24.150777216631475
10.0,282.5,-24.17047824481398
10.0,283.0,-24.17047824481398
10.0,283.5,-24.0987685402502
10.0,284.0,-24.012460235127193
10.0,284.5,-23.997693840968786
10.0,285.0,-23.90943382498046
10.0,285.5,-23.893565332247448
10.0,286.0,-23.877299493734178
10.0,286.5,-23.877299493734178
10.0,287.0,-23.883074499076884
10.0,287.5,-23.90063806930675
10.0,288.0,-23.92189258298537
10.0,288.5,-24.016590907946807
10.0,289.0,-24.11019932257407
10.0,289.5,-24.16648986462068
10.0,290.0,-24.31472813138012
10.0,290.5,-24.370672659203038
10.0,291.0,-24.538173104294568
10.0,291.5,-24.705147760513228
10.0,292.0,-24.84925112484739
10.0,292.5,-24.84925112484739
10.0,293.0,-24.725121423239408
10.0,293.5,-24.56819643180517
10.0,294.0,-24.277576662256735
10.0,294.5,-24.119663930451832
10.0,295.0,-23.748722162006523
10.0,295.5,-23.58977364094151
10.0,296.0,-23.21736458524861
10.0,296.5,-22.844201044680407
10.0,297.0,-22.60367748974464
10.0,297.5,-22.148731475173065
10.0,298.0,-21.90684550226721
10.0,298.5,-21.583527956776265
10.0,299.0,-21.259367450561086
10.0,299.5,-20.93443681739193
10.0,300.0,-20.52728861347414
10.0,300.5,-20.252106510308572
10.0,301.0,-19.842987355918005
10.0,301.5,-19.56582713666933
10.0,302.0,-19.287733101343196
10.0,302.5,-18.92636524984841
10.0,303.0,-18.646441206241846
10.0,303.5,-18.415344490497382
10.0,304.0,-18.133711464118235
10.0,304.5,-17.817488784272328
10.0,305.0,-17.582958608115803
10.0,305.5,-17.347344471518575
10.0,306.0,-17.02736003440459
10.0,306.5,-16.78962852195937
10.0,307.0,-16.550964932843748
10.0,307.5,-16.27496283667144
10.0,308.0,-16.117937804531728
10.0,308.5,-15.839244675111942
10.0,309.0,-15.642913682631093
10.0,309.5,-15.361314526334326
10.0,310.0,-15.246376694112737
10.0,310.5,-15.046260328915732
10.0,311.0,-14.889806063693275
10.0,311.5,-14.771244785935355
10.0,312.0,-14.651660855860708
10.0,312.5,-14.531075049648486
10.0,313.0,-14.453043718573074
10.0,313.5,-14.373358923263641
10.0,314.0,-14.332107143020174
10.0,314.5,-14.292936507840544
10.0,315.0,-14.251275194716449
10.0,315.5,-14.24988815052037
10.0,316.0,-14.24988815052037
10.0,316.5,-14.285787683479622
10.0,317.0,-14.323748840117137
10.0,317.5,-14.360793929611209
10.0,318.0,-14.396917230116266
10.0,318.5,-14.432113116185167
10.0,319.0,-14.466376062686205
10.0,319.5,-14.532081561433422
10.0,320.0,-14.547992069024211
10.0,320.5,-14.547992069024211
10.0,321.0,-14.48443582469531
10.0,321.5,-14.381640707055897
10.0,322.0,-14.277450994416721
10.0,322.5,-14.088337646818626
10.0,323.0,-13.850327189318804
10.0,323.5,-13.658667050912133
10.0,324.0,-13.334356062089206
10.0,324.5,-12.959994329737828
10.0,325.0,-12.715694967711812
10.0,325.5,-12.387081473146079
10.0,326.0,-12.007745993220155
10.0,326.5,-11.626764990834733
10.0,327.0,-11.244228258049297
10.0,327.5,-10.860219499250128
10.0,328.0,-10.556901360379012
10.0,328.5,-10.251943780494187
10.0,329.0,-9.81245904998552
10.0,329.5,-9.452853271248252
10.0,330.0,-9.224419280161815
10.0,330.5,-8.86107850624376
10.0,331.0,-8.629178709700547
10.0,331.5,-8.367362012089181
10.0,332.0,-8.107801243075606
10.0,332.5,-7.817950967600243
10.0,333.0,-7.632623909549611
10.0,333.5,-7.365852451833025
10.0,334.0,-7.203713863803969
10.0,334.5,-7.039793757072431
10.0,335.0,-6.928243343388331
10.0,335.5,-6.78561107228672
10.0,336.0,-6.670853455034923
10.0,336.5,-6.578459918639645
10.0,337.0,-6.48390932335445
10.0,337.5,-6.387225382177579
10.0,338.0,-6.343797783624858
10.0,338.5,-6.276906617738408
10.0,339.0,-6.217235070053746
10.0,339.5,-6.168080027014323
10.0,340.0,-6.117245232505834
10.0,340.5,-6.064740492082528
10.0,341.0,-5.973330548559652
10.0,341.5,-5.898187017505585
10.0,342.0,-5.8021000121059245
10.0,342.5,-5.685364369417261
10.0,343.0,-5.5667372124553545
10.0,343.5,-5.389018363062554
10.0,344.0,-5.2665475692139125
10.0,344.5,-5.027253384460998
10.0,345.0,-4.8432909586462
10.0,345.5,-4.599550696202559
10.0,346.0,-4.353602864441772
10.0,346.5,-4.047469751626529
10.0,347.0,-3.797164667460194
10.0,347.5,-3.5448275820319495
10.0,348.0,-3.2321453508767384
10.0,348.5,-3.034268872702757
10.0,349.0,-2.670173833064055
10.0,349.5,-2.4682646655921943
10.0,350.0,-2.157381449674798
10.0,350.5,-1.9517252986498121
10.0,351.0,-1.6947841707998812
10.0,351.5,-1.4942534954734654
10.0,352.0,-1.2832334015960072
10.0,352.5,-1.0860987281885954
10.0,353.0,-0.8785671020734256
10.0,353.5,-0.7280531845646863
10.0,354.0,-0.5754448573158051
10.0,354.5,-0.42631133085505724
10.0,355.0,-0.32854115869710654
10.0,355.5,-0.2288456558302734
10.0,356.0,-0.13128962661394894
10.0,356.5,-0.08685775896591252
10.0,357.0,-0.040607613548566235
10.0,357.5,0.0
10.0,358.0,0.0
10.0,358.5,-0.01021613819082745
10.0,359.0,-0.019883038713572887
10.0,359.5,-0.021651014693219395
11.0,0.0,-0.13316162715065616
11.0,0.5,-0.19211504869662122
11.0,1.0,-0.24989703969322008
11.0,1.5,-0.36382060671787286
11.0,2.0,-0.47675199942253954
11.0,2.5,-0.645103828863796
11.0,3.0,-0.8133959793046088
11.0,3.5,-1.032428189299111
11.0,4.0,-1.1997837868511567
11.0,4.5,-1.4211051409679207
11.0,5.0,-1.6403057154758258
11.0,5.5,-1.9112539362095085
11.0,6.0,-2.1848273410082264
11.0,6.5,-2.3967580379182785
11.0,7.0,-2.613393482819557
11.0,7.5,-2.880298141948497
11.0,8.0,-3.144636763552569
11.0,8.5,-3.3559169296127607
11.0,9.0,-3.6155722422632124
11.0,9.5,-3.8724606703884845
11.0,10.0,-4.019197207301456
11.0,10.5,-4.212484623203554
11.0,11.0,-4.3556484534443705
11.0,11.5,-4.5440856196028925
11.0,12.0,-4.625174394016497
11.0,12.5,-4.737702251656117
11.0,13.0,-4.814947939115537
11.0,13.5,-4.890718871789595
11.0,14.0,-4.950834692261193
11.0,14.5,-5.008466926764534
11.0,15.0,-5.063599739399741
11.0,15.5,-5.132049534606626
11.0,16.0,-5.182694298532038
11.0,16.5,-5.247618969495829
11.0,17.0,-5.3109806186412385
11.0,17.5,-5.411980682162522
11.0,18.0,-5.528363866392127
11.0,18.5,-5.642846286198058
11.0,19.0,-5.774579576082306
11.0,19.5,-5.941971241258386
11.0,20.0,-6.107029094315006
11.0,20.5,-6.2903641952404215
11.0,21.0,-6.562623345805772
11.0,21.5,-6.797792508611462
11.0,22.0,-7.053192033524105
11.0,22.5,-7.284999102547321
11.0,23.0,-7.647824428476493
11.0,23.5,-7.985150799593281
11.0,24.0,-8.313093946218487
11.0,24.5,-8.670163771637718
11.0,25.0,-9.025064061685999
11.0,25.5,-9.403196140778459
11.0,26.0,-9.779935633695583
11.0,26.5,-10.208697962247399
11.0,27.0,-10.715521763361814
11.0,27.5,-11.087388220716527
11.0,28.0,-11.404755781132788
11.0,28.5,-11.906588163122308
11.0,29.0,-12.220952871999646
11.0,29.5,-12.667002675695954
11.0,30.0,-12.926501114653309
11.0,30.5,-13.236399199506273
11.0,31.0,-13.411627941800237
11.0,31.5,-13.585258086916745
11.0,32.0,-13.624488915230373
11.0,32.5,-13.680608651532957
11.0,33.0,-13.680608651532957
11.0,33.5,-13.63454918307037
11.0,34.0,-13.601323140054426
11.0,34.5,-13.516183566343244
11.0,35.0,-13.462645730181475
11.0,35.5,-13.407366938392634
11.0,36.0,-13.372463125064616
11.0,36.5,-13.327345046854507
11.0,37.0,-13.303414046675066
11.0,37.5,-13.289389891327655
11.0,38.0,-13.289389891327655
11.0,38.5,-13.309911985163499
11.0,39.0,-13.3289478126934
11.0,39.5,-13.346492867088223
11.0,40.0,-13.446509852189152
11.0,40.5,-13.506567789083984
11.0,41.0,-13.642409570060327
11.0,41.5,-13.738248384886738
11.0,42.0,-13.916832240046258
11.0,42.5,-14.009814351110347
11.0,43.0,-14.185561912775132
11.0,43.5,-14.444130299894947
11.0,44.0,-14.616937479309573
11.0,44.5,-14.829834825028506
11.0,45.0,-15.084216116488378
11.0,45.5,-15.295005295687975
11.0,46.0,-15.63076425492564
11.0,46.5,-15.923545499422062
11.0,47.0,-16.21523908731864
11.0,47.5,-16.505784293256617
11.0,48.0,-16.87933476522447
11.0,48.5,-17.167341793169843
11.0,49.0,-17.4988279041006
11.0,49.5,-17.784413161604256
11.0,50.0,-18.114015136941436
11.0,50.5,-18.480819141902206
11.0,51.0,-18.724305835563584
11.0,51.5,-18.966898914090898
11.0,52.0,-19.20854823790164
11.0,52.5,-19.449200063015635
11.0,53.0,-19.60526665182281
11.0,53.5,-19.76043222113288
11.0,54.0,-19.9146625736911
11.0,54.5,-20.06792198180687
11.0,55.0,-20.137089674960805
11.0,55.5,-20.190190821303204
11.0,56.0,-20.207547654179102
11.0,56.5,-20.207547654179102
11.0,57.0,-20.20576630826295
11.0,57.5,-20.20576630826295
11.0,58.0,-20.20576630826295
11.0,58.5,-20.180410863488234
11.0,59.0,-20.169454926736794
11.0,59.5,-20.160135445395532
11.0,60.0,-20.147720699261804
11.0,60.5,-20.131482638544874
11.0,61.0,-20.1254358665125
11.0,61.5,-20.111436696560784
11.0,62.0,-20.111436696560784
11.0,62.5,-20.111436696560784
11.0,63.0,-20.114382540374752
11.0,63.5,-20.087601811477093
11.0,64.0,-20.06000033799966
11.0,64.5,-20.032022640729497
11.0,65.0,-20.02865794439251
11.0,65.5,-19.999292978778158
11.0,66.0,-19.969416379957394
11.0,66.5,-19.962867881902394
11.0,67.0,-19.931628939363076
11.0,67.5,-19.922780296984435
11.0,68.0,-19.922780296984435
11.0,68.5,-19.934531525532176
11.0,69.0,-19.943388665935352
11.0,69.5,-19.977861850482807
11.0,70.0,-19.985001375012235
11.0,70.5,-20.08172388358669
11.0,71.0,-20.121455501854623
11.0,71.5,-20.216606930558285
11.0,72.0,-20.254403154544853
11.0,72.5,-20.34791973891007
11.0,73.0,-20.440667247058933
11.0,73.5,-20.606875051385607
11.0,74.0,-20.697689545672883
11.0,74.5,-20.787667809835572
11.0,75.0,-20.934331425623817
11.0,75.5,-21.022713397496112
11.0,76.0,-21.11019538953216
11.0,76.5,-21.196755895512176
11.0,77.0,-21.22430119335709
11.0,77.5,-21.308827175159806
11.0,78.0,-21.32158737921274
11.0,78.5,-21.404567145840204
11.0,79.0,-21.42801543035454
11.0,79.5,-21.497837166152465
11.0,80.0,-21.57817256224704
11.0,80.5,-21.657432130852257
11.0,81.0,-21.73559137823632
11.0,81.5,-21.803714273522452
11.0,82.0,-21.93923685990618
11.0,82.5,-22.132852737333756
11.0,83.0,-22.266420392992842
11.0,83.5,-22.45814249067783
11.0,84.0,-22.52400007537265
11.0,84.5,-22.714179634396494
11.0,85.0,-22.903276600626924
11.0,85.5,-22.9676859316014
11.0,86.0,-23.155004685365217
11.0,86.5,-23.218446587283452
11.0,87.0,-23.22201738166916
11.0,87.5,-23.287536194175352
11.0,88.0,-23.289935065923324
11.0,88.5,-23.351527861047636
11.0,89.0,-23.41395893587557
11.0,89.5,-23.4147700206936
11.0,90.0,-23.474795840214508
11.0,90.5,-23.593622304234472
11.0,91.0,-23.652405875608046
11.0,91.5,-23.770360363169722
11.0,92.0,-23.94743847974183
11.0,92.5,-24.06442495661422
11.0,93.0,-24.24045047092546
11.0,93.5,-24.415888452892066
11.0,94.0,-24.65018460940862
11.0,94.5,-24.824280117725408
11.0,95.0,-25.057038165461947
11.0,95.5,-25.229561560881056
11.0,96.0,-25.27600417365337
11.0,96.5,-25.27600417365337
11.0,97.0,-25.268799274168884
11.0,97.5,-25.261088065368316
11.0,98.0,-25.252872238240037
11.0,98.5,-25.24415358615545
11.0,99.0,-25.24415358615545
11.0,99.5,-25.28398980797236
11.0,100.0,-25.28398980797236
11.0,100.5,-25.39101347023792
11.0,101.0,-25.49709143996576
11.0,101.5,-25.614078381411986
11.0,102.0,-25.718866979472104
11.0,102.5,-25.83546108329987
11.0,103.0,-26.12649510680224
11.0,103.5,-26.358807153729092
11.0,104.0,-26.532703572180722
11.0,104.5,-26.76406230520825
11.0,105.0,-26.790711720998114
11.0,105.5,-26.790711720998114
11.0,106.0,-26.71700657733871
11.0,106.5,-26.642998563244007
11.0,107.0,-26.568699663634977
11.0,107.5,-26.494121282832154
11.0,108.0,-26.494121282832154
11.0,108.5,-26.49443390422513
11.0,109.0,-26.49443390422513
11.0,109.5,-26.49443390422513
11.0,110.0,-26.530500760432147
11.0,110.5,-26.586466805928882
11.0,111.0,-26.698167695995636
11.0,111.5,-26.732320357880607
11.0,112.0,-26.787744170146528
11.0,112.5,-26.898317519015308
11.0,113.0,-27.196495185082373
11.0,113.5,-27.43924157532014
11.0,114.0,-27.54848384738971
11.0,114.5,-27.76541539879315
11.0,115.0,-27.76541539879315
11.0,115.5,-27.68600262418924
11.0,116.0,-27.526659394559815
11.0,116.5,-27.4467463690326
11.0,117.0,-27.366683086897098
11.0,117.5,-27.366683086897098
11.0,118.0,-27.364098751338815
11.0,118.5,-27.364098751338815
11.0,119.0,-27.364098751338815
11.0,119.5,-27.357828274683353
11.0,120.0,-27.387407945170523
11.0,120.5,-27.409340471522707
11.0,121.0,-27.460661702695628
11.0,121.5,-27.562705817652695
11.0,122.0,-27.61341532925048
11.0,122.5,-27.796529020516513
11.0,123.0,-27.979162829296982
11.0,123.5,-28.11157687194725
11.0,124.0,-28.293466892627034
11.0,124.5,-28.42560464490291
11.0,125.0,-28.689611337393814
11.0,125.5,-28.73833305889619
11.0,126.0,-28.869973762834054
11.0,126.5,-29.00147481441374
11.0,127.0,-29.09686153776314
11.0,127.5,-29.14392234526265
11.0,128.0,-29.09686153776314
11.0,128.5,-29.06017977595773
11.0,129.0,-29.022798125123913
11.0,129.5,-29.022798125123913
11.0,130.0,-29.022798125123913
11.0,130.5,-29.030126085986364
11.0,131.0,-29.030126085986364
11.0,131.5,-29.030126085986364
11.0,132.0,-29.035209294214823
11.0,132.5,-29.079039613027895
11.0,133.0,-29.079039613027895
11.0,133.5,-29.122335552329613
11.0,134.0,-29.20663325597051
11.0,134.5,-29.249388220820745
11.0,135.0,-29.27046673132071
11.0,135.5,-29.27046673132071
11.0,136.0,-29.080186322015113
11.0,136.5,-28.784088458307593
11.0,137.0,-28.784088458307593
11.0,137.5,-28.65615917316241
11.0,138.0,-28.61204421050487
11.0,138.5,-28.61204421050487
11.0,139.0,-28.606568138773664
11.0,139.5,-28.606568138773664
11.0,140.0,-28.599114266014336
11.0,140.5,-28.599114266014336
11.0,141.0,-28.599114266014336
11.0,141.5,-28.599114266014336
11.0,142.0,-28.636540447045654
11.0,142.5,-28.626021382025268
11.0,143.0,-28.67335224623883
11.0,143.5,-28.745054004515705
11.0,144.0,-28.792998818379804
11.0,144.5,-28.91158710528371
11.0,145.0,-29.0778933280019
11.0,145.5,-29.111888795578103
11.0,146.0,-29.194700159628244
11.0,146.5,-29.277424855792844
11.0,147.0,-29.442582817025034
11.0,147.5,-29.524997949439243
11.0,148.0,-29.60728984534283
11.0,148.5,-29.68944628622996
11.0,149.0,-29.853295417086155
11.0,149.5,-29.93495425284769
11.0,150.0,-30.016409169427664
11.0,150.5,-30.016409169427664
11.0,151.0,-30.09763623055816
11.0,151.5,-30.178607685745725
11.0,152.0,-30.25929119873197
11.0,152.5,-30.25929119873197
11.0,153.0,-30.339648886545117
11.0,153.5,-30.446298284071204
11.0,154.0,-30.55294768159729
11.0,154.5,-30.6324746553005
11.0,155.0,-30.898998388922074
11.0,155.5,-30.71146699593924
11.0,156.0,-30.844631465314706
11.0,156.5,-30.789833527601278
11.0,157.0,-30.789833527601278
11.0,157.5,-30.789833527601278
11.0,158.0,-30.867462104980287
11.0,158.5,-31.000156126866152
11.0,159.0,-30.867462104980287
11.0,159.5,-30.94421359021179
11.0,160.0,-30.811749137491514
11.0,160.5,-30.755719586463265
11.0,161.0,-30.69940940585063
11.0,161.5,-30.69940940585063
11.0,162.0,-30.642849447074607
11.0,162.5,-30.642849447074607
11.0,163.0,-30.7175330836039
11.0,163.5,-30.7175330836039
11.0,164.0,-30.660298209012915
11.0,164.5,-30.602886494375504
11.0,165.0,-30.545316578208865
11.0,165.5,-30.545316578208865
11.0,166.0,-30.61761050708254
11.0,166.5,-30.61761050708254
11.0,167.0,-30.559517238904743
11.0,167.5,-30.559517238904743
11.0,168.0,-30.688640952840558
11.0,168.5,-30.688640952840558
11.0,169.0,-30.630178580900186
11.0,169.5,-30.630178580900186
11.0,170.0,-30.69940940585063
11.0,170.5,-30.69940940585063
11.0,171.0,-30.640537893328432
11.0,171.5,-29.2578926276754
11.0,172.0,-29.080759835641256
11.0,172.5,-29.080759835641256
11.0,173.0,-28.91049953829266
11.0,173.5,-28.91049953829266
11.0,174.0,-28.91049953829266
11.0,174.5,-28.797725572546966
11.0,175.0,-28.91648564258666
11.0,175.5,-28.797725572546966
11.0,176.0,-28.980849229156735
11.0,176.5,-28.74660686062824
11.0,177.0,-28.98474115357987
11.0,177.5,-28.808780442654076
11.0,178.0,-29.106678735922785
11.0,178.5,-28.929584506024817
11.0,179.0,-28.989478568189053
11.0,179.5,-28.989478568189053
11.0,180.0,-29.049372630353293
11.0,180.5,-29.138502441256513
11.0,181.0,-29.22763225215973
11.0,181.5,-29.346848095683004
11.0,182.0,-29.464097382904843
11.0,182.5,-29.702327573269667
11.0,183.0,-29.702327573269667
11.0,183.5,-29.702327573269667
11.0,184.0,-29.75820433641037
11.0,184.5,-29.75820433641037
11.0,185.0,-30.05537867045563
11.0,185.5,-30.05537867045563
11.0,186.0,-29.990273642330433
11.0,186.5,-29.990273642330433
11.0,187.0,-30.16797659256239
11.0,187.5,-30.286323964744817
11.0,188.0,-30.404551686042765
11.0,188.5,-30.52263414203359
11.0,189.0,-30.52263414203359
11.0,189.5,-30.45431572782177
11.0,190.0,-30.45431572782177
11.0,190.5,-30.513007606471334
11.0,191.0,-30.630178580900186
11.0,191.5,-30.688640952840558
11.0,192.0,-30.688640952840558
11.0,192.5,-30.559517238904743
11.0,193.0,-30.559517238904743
11.0,193.5,-30.61761050708254
11.0,194.0,-30.67558422046794
11.0,194.5,-30.733423999545877
11.0,195.0,-30.733423999545877
11.0,195.5,-28.866753118002492
11.0,196.0,-28.67842510093201
11.0,196.5,-28.604578919721988
11.0,197.0,-28.58722024031775
11.0,197.5,-28.530278916627523
11.0,198.0,-28.51230257624019
11.0,198.5,-28.49344944607372
11.0,199.0,-28.473732908302768
11.0,199.5,-28.473732908302768
11.0,200.0,-28.473732908302768
11.0,200.5,-28.473732908302768
11.0,201.0,-28.508911550484655
11.0,201.5,-28.5645327422194
11.0,202.0,-28.675380506838064
11.0,202.5,-28.730594396486417
11.0,203.0,-28.785659174878706
11.0,203.5,-28.895311416526813
11.0,204.0,-28.949882673666764
11.0,204.5,-29.004272331784055
11.0,205.0,-29.191724332596436
11.0,205.5,-29.24575102189029
11.0,206.0,-29.29955695443214
11.0,206.5,-29.35312952227505
11.0,207.0,-29.53976928748184
11.0,207.5,-29.59282001626239
11.0,208.0,-29.778845598611603
11.0,208.5,-29.831242424105184
11.0,209.0,-29.883286814329782
11.0,209.5,-29.883286814329782
11.0,210.0,-30.016409169427664
11.0,210.5,-30.06796713727348
11.0,211.0,-30.119089994560312
11.0,211.5,-30.16974453607129
11.0,212.0,-30.119089994560312
11.0,212.5,-30.087416569055186
11.0,213.0,-30.00493622413968
11.0,213.5,-30.00493622413968
11.0,214.0,-30.00493622413968
11.0,214.5,-30.05454209095856
11.0,215.0,-30.020521425545716
11.0,215.5,-30.020521425545716
11.0,216.0,-29.985407890177367
11.0,216.5,-29.937331062210077
11.0,217.0,-29.985407890177367
11.0,217.5,-29.94925310453271
11.0,218.0,-30.032905461775062
11.0,218.5,-29.94925310453271
11.0,219.0,-30.07978446577504
11.0,219.5,-29.95803660056278
11.0,220.0,-30.126002537212482
11.0,220.5,-30.003302169648684
11.0,221.0,-30.17151403621196
11.0,221.5,-30.047861274819716
11.0,222.0,-30.300459030326042
11.0,222.5,-30.09166868191075
11.0,223.0,-30.09166868191075
11.0,223.5,-30.09166868191075
11.0,224.0,-30.21898765992477
11.0,224.5,-30.24006547860701
11.0,225.0,-30.24006547860701
11.0,225.5,-30.24006547860701
11.0,226.0,-29.038036852913503
11.0,226.5,-28.48911240177499
11.0,227.0,-28.361291181049708
11.0,227.5,-28.361291181049708
11.0,228.0,-28.317323009238155
11.0,228.5,-28.272939761112244
11.0,229.0,-28.228155423771977
11.0,229.5,-28.221414122509
11.0,230.0,-28.182983480978535
11.0,230.5,-28.175430389453886
11.0,231.0,-28.175430389453886
11.0,231.5,-28.212891588121245
11.0,232.0,-28.24980530171827
11.0,232.5,-28.333463328487305
11.0,233.0,-28.369679173057534
11.0,233.5,-28.536615987290855
11.0,234.0,-28.57191516215522
11.0,234.5,-28.655150427952993
11.0,235.0,-28.772591997494196
11.0,235.5,-28.772591997494196
11.0,236.0,-28.723387278620418
11.0,236.5,-28.673859201372327
11.0,237.0,-28.624021279116377
11.0,237.5,-28.605573390848107
11.0,238.0,-28.573886360318383
11.0,238.5,-28.55471290426019
11.0,239.0,-28.55471290426019
11.0,239.5,-28.58524172935695
11.0,240.0,-28.615034704683822
11.0,240.5,-28.64407322697268
11.0,241.0,-28.615034704683822
11.0,241.5,-28.458416979584754
11.0,242.0,-27.792070708468977
11.0,242.5,-27.41978449053303
11.0,243.0,-27.10005555198025
11.0,243.5,-26.86009043824444
11.0,244.0,-26.752915127359305
11.0,244.5,-26.724495183657474
11.0,245.0,-26.69914053270125
11.0,245.5,-26.670352759089365
11.0,246.0,-26.664226518037573
11.0,246.5,-26.664226518037573
11.0,247.0,-26.664226518037573
11.0,247.5,-26.687477865749965
11.0,248.0,-26.787744170146528
11.0,248.5,-26.787744170146528
11.0,249.0,-26.942250308068097
11.0,249.5,-26.942250308068097
11.0,250.0,-26.795331162250186
11.0,250.5,-26.49443390422513
11.0,251.0,-26.325315513618833
11.0,251.5,-26.042223741038054
11.0,252.0,-26.023717598435127
11.0,252.5,-25.871704740264814
11.0,253.0,-25.81476330237804
11.0,253.5,-25.79162801885331
11.0,254.0,-25.79162801885331
11.0,254.5,-25.807786002948138
11.0,255.0,-25.82342579089391
11.0,255.5,-25.838543548313616
11.0,256.0,-25.910992532869532
11.0,256.5,-25.98314127100524
11.0,257.0,-26.05497915164638
11.0,257.5,-26.05497915164638
11.0,258.0,-25.906174345072603
11.0,258.5,-25.614078381411986
11.0,259.0,-25.321465433952167
11.0,259.5,-24.969736114724256
11.0,260.0,-24.911057677844738
11.0,260.5,-24.686150589863193
11.0,261.0,-24.63674158065188
11.0,261.5,-24.527724687272894
11.0,262.0,-24.527724687272894
11.0,262.5,-24.544001270228854
11.0,263.0,-24.551453561365953
11.0,263.5,-24.55844670266195
11.0,264.0,-24.56497942906566
11.0,264.5,-24.56497942906566
11.0,265.0,-24.5172794278682
11.0,265.5,-24.3441075562179
11.0,266.0,-24.110769317859283
11.0,266.5,-23.87671059601832
11.0,267.0,-23.641990647708063
11.0,267.5,-23.46622454528218
11.0,268.0,-23.172747052636062
11.0,268.5,-22.995511147864214
11.0,269.0,-22.877446676867557
11.0,269.5,-22.818593118931116
11.0,270.0,-22.6401119597353
11.0,270.5,-22.63973934010599
11.0,271.0,-22.578270035066513
11.0,271.5,-22.57678924209892
11.0,272.0,-22.513145872999225
11.0,272.5,-22.510572088250175
11.0,273.0,-22.44809226000077
11.0,273.5,-22.322156982892608
11.0,274.0,-22.19496194981174
11.0,274.5,-22.071476797282504
11.0,275.0,-21.883156485680356
11.0,275.5,-21.69381134544396
11.0,276.0,-21.444227919641165
11.0,276.5,-21.253054498294887
11.0,277.0,-21.120154744461964
11.0,277.5,-21.053341709856284
11.0,278.0,-20.91901087294796
11.0,278.5,-20.783768062319165
11.0,279.0,-20.706516193997864
11.0,279.5,-20.628242290158052
11.0,280.0,-20.548966985870123
11.0,280.5,-20.468710617910524
11.0,281.0,-20.44596760898746
11.0,281.5,-20.363703141822732
11.0,282.0,-20.35137525429687
11.0,282.5,-20.267675086417043
11.0,283.0,-20.111436696560784
11.0,283.5,-20.02558664385692
11.0,284.0,-19.881089087150176
11.0,284.5,-19.79367864497012
11.0,285.0,-19.632292731235836
11.0,285.5,-19.485551319295634
11.0,286.0,-19.395562093702743
11.0,286.5,-19.230627675116644
11.0,287.0,-19.195811385858864
11.0,287.5,-19.103194616539874
11.0,288.0,-19.009879612407513
11.0,288.5,-18.972415245523166
11.0,289.0,-18.914407201636905
11.0,289.5,-18.914407201636905
11.0,290.0,-18.914407201636905
11.0,290.5,-18.924593918355527
11.0,291.0,-18.937606769365555
11.0,291.5,-18.937606769365555
11.0,292.0,-18.98224271389916
11.0,292.5,-19.01473891033882
11.0,293.0,-19.023517188667743
11.0,293.5,-19.054761348329087
11.0,294.0,-19.061398464182012
11.0,294.5,-19.066683467580425
11.0,295.0,-19.09585706715677
11.0,295.5,-19.098981816460157
11.0,296.0,-19.10074830934693
11.0,296.5,-19.101155995435757
11.0,297.0,-19.127410562184316
11.0,297.5,-19.153172275305824
11.0,298.0,-19.175021021612174
11.0,298.5,-19.178438205008764
11.0,299.0,-19.251232511126812
11.0,299.5,-19.29723100531786
11.0,300.0,-19.319462701890505
11.0,300.5,-19.392642857356755
11.0,301.0,-19.41364841416059
11.0,301.5,-19.48513128810524
11.0,302.0,-19.510778675595766
11.0,302.5,-19.510778675595766
11.0,303.0,-19.49605661980842
11.0,303.5,-19.347687378711733
11.0,304.0,-19.281099093288184
11.0,304.5,-19.047856892569975
11.0,305.0,-18.896465441653838
11.0,305.5,-18.66091923519309
11.0,306.0,-18.424238118260252
11.0,306.5,-18.186479679325203
11.0,307.0,-17.864146516355582
11.0,307.5,-17.57712351598091
11.0,308.0,-17.21607985054574
11.0,308.5,-16.890490480206232
11.0,309.0,-16.56395019973159
11.0,309.5,-16.19843698856183
11.0,310.0,-15.953859012951991
11.0,310.5,-15.585718109865091
11.0,311.0,-15.300269266334048
11.0,311.5,-14.929385504740917
11.0,312.0,-14.725658042310059
11.0,312.5,-14.311941087536397
11.0,313.0,-14.105732993904809
11.0,313.5,-13.857369559729616
11.0,314.0,-13.607351117654147
11.0,314.5,-13.397712242908487
11.0,315.0,-13.229269938812664
11.0,315.5,-13.059336945660878
11.0,316.0,-12.88795265649842
11.0,316.5,-12.799435454671897
11.0,317.0,-12.665727515794128
11.0,317.5,-12.574043309468635
11.0,318.0,-12.480981274978035
11.0,318.5,-12.431329510789979
11.0,319.0,-12.374890905145985
11.0,319.5,-12.361792855412777
11.0,320.0,-12.331324049973443
11.0,320.5,-12.32281906388739
11.0,321.0,-12.331324049973443
11.0,321.5,-12.341893215376412
11.0,322.0,-12.368968796418084
11.0,322.5,-12.395183068927551
11.0,323.0,-12.433039562265897
11.0,323.5,-12.433039562265897
11.0,324.0,-12.436910225702146
11.0,324.5,-12.436910225702146
11.0,325.0,-12.373544815854522
11.0,325.5,-12.294018697286056
11.0,326.0,-12.129795579376324
11.0,326.5,-11.963917269160913
11.0,327.0,-11.796424176760492
11.0,327.5,-11.494694044381404
11.0,328.0,-11.191204516450476
11.0,328.5,-10.937006984544983
11.0,329.0,-10.579244342337567
11.0,329.5,-10.270912830765191
11.0,330.0,-9.827991393200403
11.0,330.5,-9.464691406719012
11.0,331.0,-9.099563380815155
11.0,331.5,-8.73269271754549
11.0,332.0,-8.497446897809546
11.0,332.5,-8.074348454396542
11.0,333.0,-7.782588675161264
11.0,333.5,-7.462545871599303
11.0,334.0,-7.1675479230192245
11.0,334.5,-6.842366467996321
11.0,335.0,-6.5974065760855645
11.0,335.5,-6.321412993143575
11.0,336.0,-6.097487305887949
11.0,336.5,-5.871549175554499
11.0,337.0,-5.698628694522316
11.0,337.5,-5.5241628538455
11.0,338.0,-5.315015976858337
11.0,338.5,-5.158609756117176
11.0,339.0,-5.055604432262896
11.0,339.5,-4.950638872413759
11.0,340.0,-4.843735657704993
11.0,340.5,-4.734917431052949
11.0,341.0,-4.6806374820206464
11.0,341.5,-4.58695118498321
11.0,342.0,-4.51066317747453
11.0,342.5,-4.430293313536836
11.0,343.0,-4.368682462151813
11.0,343.5,-4.265090150834784
11.0,344.0,-4.1999045041305365
11.0,344.5,-4.091492477348062
11.0,345.0,-3.9651603155079407
11.0,345.5,-3.8518740601804637
11.0,346.0,-3.721733942473339
11.0,346.5,-3.5456578229639852
11.0,347.0,-3.4117130939855116
11.0,347.5,-3.1723794985575964
11.0,348.0,-3.034661671788726
11.0,348.5,-2.7901736097143406
11.0,349.0,-2.590258987746566
11.0,349.5,-2.340715465337528
11.0,350.0,-2.1471653114839704
11.0,350.5,-1.9415091604589847
11.0,351.0,-1.6845680326090537
11.0,351.5,-1.484037357282638
11.0,352.0,-1.2811266833367867
11.0,352.5,-1.075882589997768
11.0,353.0,-0.9275538339685987
11.0,353.5,-0.7243342171375211
11.0,354.0,-0.5712446826177526
11.0,354.5,-0.47546260626677395
11.0,355.0,-0.32329008987944263
11.0,355.5,-0.223134159680626
11.0,356.0,-0.12500995046793406
11.0,356.5,-0.0801296787741208
11.0,357.0,-0.03636263125632411
11.0,357.5,-0.03343220319159457
11.0,358.0,0.0
11.0,358.5,0.0
11.0,359.0,-0.009666900522745436
11.0,359.5,-0.011434876502391944
12.0,0.0,-0.20299794804927274
12.0,0.5,-0.26233979158197585
12.0,1.0,-0.37934414578291253
12.0,1.5,-0.5514486185117313
12.0,2.0,-0.6657484778327891
12.0,2.5,-0.8911709937045025
12.0,3.0,-1.0618230227134937
12.0,3.5,-1.228076790415468
12.0,4.0,-1.507457855892362
12.0,4.5,-1.7286065787189173
12.0,5.0,-1.9476111605992337
12.0,5.5,-2.1644246833097647
12.0,6.0,-2.4383204943140413
12.0,6.5,-2.709817270355316
12.0,7.0,-2.9196459059793796
12.0,7.5,-3.1270754950576034
12.0,8.0,-3.2810422241997763
12.0,8.5,-3.4841484804660254
12.0,9.0,-3.62578838045404
12.0,9.5,-3.765007620004962
12.0,10.0,-3.843023275483322
12.0,10.5,-3.918739448428873
12.0,11.0,-3.9447154406953615
12.0,11.5,-4.004746556753279
12.0,12.0,-4.027393768430784
12.0,12.5,-4.068950493641935
12.0,13.0,-4.087854479898905
12.0,13.5,-4.135898731700507
12.0,14.0,-4.165690748348748
12.0,14.5,-4.223463374729647
12.0,15.0,-4.294031551731301
12.0,15.5,-4.347474025873208
12.0,16.0,-4.472039503939804
12.0,16.5,-4.57817211346477
12.0,17.0,-4.755821047575999
12.0,17.5,-4.931367559734255
12.0,18.0,-5.104770770357664
12.0,18.5,-5.294684310704174
12.0,19.0,-5.57708679561523
12.0,19.5,-5.819954856238645
12.0,20.0,-6.117245232505834
12.0,20.5,-6.468357427572656
12.0,21.0,-6.726631974859384
12.0,21.5,-7.1507054209772285
12.0,22.0,-7.572698437213845
12.0,22.5,-7.937329875541195
12.0,23.0,-8.300087005506722
12.0,23.5,-8.739194859509912
12.0,24.0,-9.23138554249493
12.0,24.5,-9.667185916111013
12.0,25.0,-10.10128517518583
12.0,25.5,-10.533581022258673
12.0,26.0,-10.91027411158931
12.0,26.5,-11.152109509108499
12.0,27.0,-11.525628130753137
12.0,27.5,-11.76413325073064
12.0,28.0,-11.920311376259509
12.0,28.5,-12.050061235548583
12.0,29.0,-12.08609922092073
12.0,29.5,-12.08609922092073
12.0,30.0,-12.070722185491483
12.0,30.5,-12.010388096249198
12.0,31.0,-11.939172310075218
12.0,31.5,-11.896650382472686
12.0,32.0,-11.852469454825233
12.0,32.5,-11.83884087611634
12.0,33.0,-11.824348686571984
12.0,33.5,-11.824348686571984
12.0,34.0,-11.842334513250936
12.0,34.5,-11.874329192012048
12.0,35.0,-11.904972399918133
12.0,35.5,-11.982927111035309
12.0,36.0,-12.093792150980388
12.0,36.5,-12.20349359793683
12.0,37.0,-12.359815853545506
12.0,37.5,-12.597862257886984
12.0,38.0,-12.83424501080001
12.0,38.5,-13.02211200747033
12.0,39.0,-13.255342953615315
12.0,39.5,-13.524495196875446
12.0,40.0,-13.838410848880656
12.0,40.5,-14.105037066788029
12.0,41.0,-14.454546864965565
12.0,41.5,-14.847735720324287
12.0,42.0,-15.27871596179482
12.0,42.5,-15.624234668581842
12.0,43.0,-15.968347668091695
12.0,43.5,-16.35187080749231
12.0,44.0,-16.777630630245234
12.0,44.5,-17.074790614420255
12.0,45.0,-17.370953191693985
12.0,45.5,-17.750372797018525
12.0,46.0,-18.044345941010512
12.0,46.5,-18.252821681693007
12.0,47.0,-18.544333769436363
12.0,47.5,-18.625591335364923
12.0,48.0,-18.830631404732546
12.0,48.5,-18.86593407161361
12.0,49.0,-18.932798900352378
12.0,49.5,-18.932798900352378
12.0,50.0,-18.918595416800294
12.0,50.5,-18.864600197402005
12.0,51.0,-18.80949451347763
12.0,51.5,-18.753292027833293
12.0,52.0,-18.696006445335218
12.0,52.5,-18.63765150101537
12.0,53.0,-18.578240948576784
12.0,53.5,-18.51778854930679
12.0,54.0,-18.456308061404364
12.0,54.5,-18.39381322972639
12.0,55.0,-18.33031777595569
12.0,55.5,-18.315065742164432
12.0,56.0,-18.26634597851629
12.0,56.5,-18.24988889686195
12.0,57.0,-18.231413789169963
12.0,57.5,-18.231413789169963
12.0,58.0,-18.245044777663367
12.0,58.5,-18.257413366904878
12.0,59.0,-18.319549893456134
12.0,59.5,-18.329676596412362
12.0,60.0,-18.390077691723185
12.0,60.5,-18.531054710613233
12.0,61.0,-18.589736372947606
12.0,61.5,-18.72857917850659
12.0,62.0,-18.785473588023418
12.0,62.5,-18.922077882718824
12.0,63.0,-19.05739631872538
12.0,63.5,-19.164616432677562
12.0,64.0,-19.37758680952642
12.0,64.5,-19.562870897971585
12.0,65.0,-19.66788992418685
12.0,65.5,-19.851483342276396
12.0,66.0,-20.034048101583018
12.0,66.5,-20.215537151381618
12.0,67.0,-20.450731981503168
12.0,67.5,-20.552155777321445
12.0,68.0,-20.78587699744356
12.0,68.5,-21.01876052203631
12.0,69.0,-21.19516493846226
12.0,69.5,-21.481796052431385
12.0,70.0,-21.71182734659764
12.0,70.5,-21.864585959623362
12.0,71.0,-22.14908549368669
12.0,71.5,-22.432772706778017
12.0,72.0,-22.715574627510822
12.0,72.5,-22.922502274421568
12.0,73.0,-23.203706895099813
12.0,73.5,-23.40958835972096
12.0,74.0,-23.688924984965197
12.0,74.5,-23.893565332247448
12.0,75.0,-24.097670277515522
12.0,75.5,-24.301198261964625
12.0,76.0,-24.50410344849703
12.0,76.5,-24.706335176802725
12.0,77.0,-24.77816807239025
12.0,77.5,-24.97921274411085
12.0,78.0,-25.17943128382762
12.0,78.5,-25.308396813469287
12.0,79.0,-25.50730757815659
12.0,79.5,-25.635674169247814
12.0,80.0,-25.891790401318055
12.0,80.5,-26.019514433337534
12.0,81.0,-26.27422219479413
12.0,81.5,-26.401173349047532
12.0,82.0,-26.586840599944185
12.0,82.5,-26.839323612296464
12.0,83.0,-27.024224054105147
12.0,83.5,-27.149613426879885
12.0,84.0,-27.333884529199246
12.0,84.5,-27.458464894487864
12.0,85.0,-27.582556248717076
12.0,85.5,-27.64665496921052
12.0,86.0,-27.71008380431485
12.0,86.5,-27.71008380431485
12.0,87.0,-27.772813894008124
12.0,87.5,-27.772813894008124
12.0,88.0,-27.83481504267144
12.0,88.5,-27.89605567177222
12.0,89.0,-27.955663151578307
12.0,89.5,-28.01612187094736
12.0,90.0,-28.075740901548087
12.0,90.5,-28.135359932148823
12.0,91.0,-28.22432974526499
12.0,91.5,-28.313299558381154
12.0,92.0,-28.49018925471606
12.0,92.5,-29.026265058340588
12.0,93.0,-28.725385070297296
12.0,93.5,-28.963402440297905
12.0,94.0,-28.780722035568427
12.0,94.5,-28.95899835309578
12.0,95.0,-28.780722035568427
12.0,95.5,-28.89418239955868
12.0,96.0,-28.716162672853393
12.0,96.5,-28.887716955259798
12.0,97.0,-28.762004266688756
12.0,97.5,-28.88018990102488
12.0,98.0,-28.762004266688756
12.0,98.5,-28.871608461662706
12.0,99.0,-28.86198079430291
12.0,99.5,-28.86198079430291
12.0,100.0,-28.86198079430291
12.0,100.5,-29.03808565221176
12.0,101.0,-29.085245605376517
12.0,101.5,-29.143617691627238
12.0,102.0,-29.143617691627238
12.0,102.5,-29.260210997881497
12.0,103.0,-29.376582310512156
12.0,103.5,-29.492702892988152
12.0,104.0,-29.492702892988152
12.0,104.5,-29.535883728403014
12.0,105.0,-29.535883728403014
12.0,105.5,-29.535883728403014
12.0,106.0,-29.51985870612535
12.0,106.5,-29.51985870612535
12.0,107.0,-29.51985870612535
12.0,107.5,-29.559428559302166
12.0,108.0,-29.559428559302166
12.0,108.5,-29.559428559302166
12.0,109.0,-29.59685951917057
12.0,109.5,-29.59685951917057
12.0,110.0,-29.652990607085552
12.0,110.5,-29.708958866809354
12.0,111.0,-29.764753023855256
12.0,111.5,-29.820360778515397
12.0,112.0,-29.875768691865797
12.0,112.5,-29.930962057057283
12.0,113.0,-29.985924753790314
12.0,113.5,-30.04063908355871
12.0,114.0,-30.04063908355871
12.0,114.5,-30.228297433632946
12.0,115.0,-30.282509797606924
12.0,115.5,-30.33638994506374
12.0,116.0,-30.33638994506374
12.0,116.5,-30.34981878150313
12.0,117.0,-30.34981878150313
12.0,117.5,-30.34981878150313
12.0,118.0,-30.362466577455322
12.0,118.5,-30.362466577455322
12.0,119.0,-30.362466577455322
12.0,119.5,-30.33351515513882
12.0,120.0,-30.547937083523436
12.0,120.5,-30.38497717456777
12.0,121.0,-30.38497717456777
12.0,121.5,-30.088308345407555
12.0,122.0,-30.088308345407555
12.0,122.5,-30.056410478127173
12.0,123.0,-30.056410478127173
12.0,123.5,-29.973860364472255
12.0,124.0,-29.940424307123916
12.0,124.5,-29.891182028292484
12.0,125.0,-29.940424307123916
12.0,125.5,-29.857407143235122
12.0,126.0,-29.822612260770043
12.0,126.5,-29.822612260770043
12.0,127.0,-29.87039822388494
12.0,127.5,-29.917624658677415
12.0,128.0,-29.917624658677415
12.0,128.5,-29.88038189076084
12.0,129.0,-29.88038189076084
12.0,129.5,-29.88038189076084
12.0,130.0,-29.88038189076084
12.0,130.5,-29.92624576583398
12.0,131.0,-29.9714553604667
12.0,131.5,-30.015969850219182
12.0,132.0,-30.015969850219182
12.0,132.5,-30.015969850219182
12.0,133.0,-30.144023206405635
12.0,133.5,-30.144023206405635
12.0,134.0,-30.27135943548008
12.0,134.5,-30.33459253995987
12.0,135.0,-30.33459253995987
12.0,135.5,-30.397825644439664
12.0,136.0,-30.48213577767348
12.0,136.5,-30.52322374466216
12.0,137.0,-30.607476035678303
12.0,137.5,-30.607476035678303
12.0,138.0,-30.860184246426204
12.0,138.5,-30.860184246426204
12.0,139.0,-30.81548322612919
12.0,139.5,-30.81548322612919
12.0,140.0,-30.98354968146779
12.0,140.5,-31.06751921585086
12.0,141.0,-31.06751921585086
12.0,141.5,-30.853516773199054
12.0,142.0,-29.875768691865797
12.0,142.5,-29.745043861560056
12.0,143.0,-29.614053412736844
12.0,143.5,-29.566194465068676
12.0,144.0,-29.517862336432213
12.0,144.5,-29.517862336432213
12.0,145.0,-29.469082245352542
12.0,145.5,-29.469082245352542
12.0,146.0,-29.469082245352542
12.0,146.5,-29.45279895521586
12.0,147.0,-29.45279895521586
12.0,147.5,-29.45279895521586
12.0,148.0,-29.43403087949799
12.0,148.5,-29.43403087949799
12.0,149.0,-29.43403087949799
12.0,149.5,-29.545948693898794
12.0,150.0,-29.545948693898794
12.0,150.5,-29.545948693898794
12.0,151.0,-29.627197929506096
12.0,151.5,-29.708242519349277
12.0,152.0,-29.736335057225325
12.0,152.5,-29.78906173680243
12.0,153.0,-29.949926532025092
12.0,153.5,-30.029914486121577
12.0,154.0,-30.029914486121577
12.0,154.5,-30.109560527149924
12.0,155.0,-30.188823823936552
12.0,155.5,-30.26765702309194
12.0,156.0,-30.26765702309194
12.0,156.5,-30.26765702309194
12.0,157.0,-30.34600495221102
12.0,157.5,-30.423803018779147
12.0,158.0,-30.479016041287323
12.0,158.5,-30.556620690789913
12.0,159.0,-30.68935001674165
12.0,159.5,-30.68935001674165
12.0,160.0,-30.765935724654092
12.0,160.5,-30.709625544041458
12.0,161.0,-30.709625544041458
12.0,161.5,-30.709625544041458
12.0,162.0,-30.784785642826723
12.0,162.5,-30.784785642826723
12.0,163.0,-30.784785642826723
12.0,163.5,-30.916173576152616
12.0,164.0,-31.104558839247566
12.0,164.5,-31.104558839247566
12.0,165.0,-31.047114801801005
12.0,165.5,-31.047114801801005
12.0,166.0,-31.083447199869276
12.0,166.5,-31.1194014851773
12.0,167.0,-31.1194014851773
12.0,167.5,-31.06120163825564
12.0,168.0,-31.06120163825564
12.0,168.5,-31.248400760726685
12.0,169.0,-31.248400760726685
12.0,169.5,-31.18980227454015
12.0,170.0,-31.131089636022647
12.0,170.5,-31.131089636022647
12.0,171.0,-31.376007279636163
12.0,171.5,-31.376007279636163
12.0,172.0,-31.316986639268517
12.0,172.5,-31.316986639268517
12.0,173.0,-31.67939995972336
12.0,173.5,-31.67939995972336
12.0,174.0,-31.620145123774552
12.0,174.5,-31.560821141966834
12.0,175.0,-31.501445894903107
12.0,175.5,-31.38258687110515
12.0,176.0,-31.33082723552336
12.0,176.5,-31.33082723552336
12.0,177.0,-31.33853649053097
12.0,177.5,-31.34624574553858
12.0,178.0,-31.353955000546193
12.0,178.5,-31.361664255553805
12.0,179.0,-31.369373510561417
12.0,179.5,-31.37708276556903
12.0,180.0,-31.38479202057664
12.0,180.5,-31.40079466797575
12.0,181.0,-31.416797315374858
12.0,181.5,-31.432799962773966
12.0,182.0,-31.44880261017307
12.0,182.5,-31.46480525757218
12.0,183.0,-31.48080790497129
12.0,183.5,-31.4968105523704
12.0,184.0,-31.512813199769507
12.0,184.5,-31.528815847168616
12.0,185.0,-31.544818494567725
12.0,185.5,-31.560821141966834
12.0,186.0,-31.620145123774552
12.0,186.5,-31.67939995972336
12.0,187.0,-31.67939995972336
12.0,187.5,-31.73855840145838
12.0,188.0,-31.7680676082836
12.0,188.5,-31.797576815108823
12.0,189.0,-31.797576815108823
12.0,189.5,-31.71585077104999
12.0,190.0,-31.634124726991157
12.0,190.5,-31.552398682932328
12.0,191.0,-31.552398682932328
12.0,191.5,-31.58162873084876
12.0,192.0,-31.610858778765195
12.0,192.5,-31.66905559466254
12.0,193.0,-31.66905559466254
12.0,193.5,-31.66905559466254
12.0,194.0,-31.688333661061314
12.0,194.5,-31.707611727460087
12.0,195.0,-31.707611727460087
12.0,195.5,-31.632746562575125
12.0,196.0,-31.632746562575125
12.0,196.5,-31.661404755072105
12.0,197.0,-31.661404755072105
12.0,197.5,-31.60984238504739
12.0,198.0,-31.60984238504739
12.0,198.5,-31.62398068257203
12.0,199.0,-31.638118980096664
12.0,199.5,-31.652257277621302
12.0,200.0,-31.680258206735715
12.0,200.5,-31.680258206735715
12.0,201.0,-31.613918451156415
12.0,201.5,-31.613918451156415
12.0,202.0,-31.641592497481234
12.0,202.5,-31.641592497481234
12.0,203.0,-31.641592497481234
12.0,203.5,-31.73559385631007
12.0,204.0,-31.76285155527572
12.0,204.5,-31.76285155527572
12.0,205.0,-31.62958541757226
12.0,205.5,-31.62958541757226
12.0,206.0,-31.609593019482283
12.0,206.5,-31.589600621392307
12.0,207.0,-31.56960822330233
12.0,207.5,-31.54961582521235
12.0,208.0,-31.54961582521235
12.0,208.5,-31.8161481047296
12.0,209.0,-31.88273993361344
12.0,209.5,-31.94933176249728
12.0,210.0,-31.94933176249728
12.0,210.5,-31.668177352685465
12.0,211.0,-31.668177352685465
12.0,211.5,-31.714041032506074
12.0,212.0,-31.714041032506074
12.0,212.5,-31.693446447544485
12.0,213.0,-31.672851862582892
12.0,213.5,-31.652257277621302
12.0,214.0,-31.62462416798895
12.0,214.5,-31.5969910583566
12.0,215.0,-31.569357948724246
12.0,215.5,-31.569357948724246
12.0,216.0,-31.756385728501115
12.0,216.5,-31.756385728501115
12.0,217.0,-31.728565278149414
12.0,217.5,-31.700744827797713
12.0,218.0,-31.658888885114976
12.0,218.5,-31.61703294243224
12.0,219.0,-31.561087836895698
12.0,219.5,-31.50514273135916
12.0,220.0,-31.50514273135916
12.0,220.5,-31.872769623019813
12.0,221.0,-31.872769623019813
12.0,221.5,-31.830706545328088
12.0,222.0,-31.746508128380153
12.0,222.5,-29.468429042984425
12.0,223.0,-28.79430459649842
12.0,223.5,-28.79430459649842
12.0,224.0,-28.753200759419176
12.0,224.5,-28.711560644253638
12.0,225.0,-28.69048196279614
12.0,225.5,-28.69048196279614
12.0,226.0,-28.669403281338646
12.0,226.5,-28.667888970921023
12.0,227.0,-28.667888970921023
12.0,227.5,-28.667888970921023
12.0,228.0,-28.708496005058496
12.0,228.5,-28.703904098243598
12.0,229.0,-28.7428724791316
12.0,229.5,-28.7428724791316
12.0,230.0,-28.865186918796855
12.0,230.5,-28.91094380729391
12.0,231.0,-29.03301426331474
12.0,231.5,-29.154138483453476
12.0,232.0,-29.154138483453476
12.0,232.5,-29.40515843500803
12.0,233.0,-29.572298734053504
12.0,233.5,-29.607850420100533
12.0,234.0,-29.691111793521866
12.0,234.5,-29.691111793521866
12.0,235.0,-29.857407143235122
12.0,235.5,-29.940424307123916
12.0,236.0,-30.10614561076556
12.0,236.5,-30.188823823936552
12.0,237.0,-30.188823823936552
12.0,237.5,-30.13881688571501
12.0,238.0,-29.525856792152073
12.0,238.5,-29.260210997881497
12.0,239.0,-28.99440101233455
12.0,239.5,-28.943083617787153
12.0,240.0,-28.89148692416137
12.0,240.5,-28.83962383654586
12.0,241.0,-28.78750653776779
12.0,241.5,-28.78750653776779
12.0,242.0,-28.76304146038908
12.0,242.5,-28.81583435031109
12.0,243.0,-28.7901195669794
12.0,243.5,-28.843339623401548
12.0,244.0,-28.81636118287505
12.0,244.5,-28.84174663833229
12.0,245.0,-28.84174663833229
12.0,245.5,-28.84174663833229
12.0,246.0,-28.92071567648349
12.0,246.5,-28.999411019164125
12.0,247.0,-29.077811901966346
12.0,247.5,-29.155895495901994
12.0,248.0,-29.178239715879133
12.0,248.5,-29.178239715879133
12.0,249.0,-29.178239715879133
12.0,249.5,-29.143617691627238
12.0,250.0,-29.199561941523246
12.0,250.5,-29.163521004762412
12.0,251.0,-29.163521004762412
12.0,251.5,-29.163521004762412
12.0,252.0,-29.107077675953967
12.0,252.5,-29.068687034826503
12.0,253.0,-28.823217508838333
12.0,253.5,-28.70900659087296
12.0,254.0,-28.59446902037265
12.0,254.5,-28.479635050826932
12.0,255.0,-28.437241440121884
12.0,255.5,-28.364531376609214
12.0,256.0,-28.437241440121884
12.0,256.5,-28.335370289273808
12.0,257.0,-28.406579979961776
12.0,257.5,-28.34830344262445
12.0,258.0,-28.360351910965896
12.0,258.5,-28.34830344262445
12.0,259.0,-28.360351910965896
12.0,259.5,-28.301854008165062
12.0,260.0,-28.136675270175395
12.0,260.5,-27.90144029545823
12.0,261.0,-27.85158027449586
12.0,261.5,-27.724787950784105
12.0,262.0,-27.556397833691985
12.0,262.5,-27.556397833691985
12.0,263.0,-27.556397833691985
12.0,263.5,-27.511732316207333
12.0,264.0,-27.511732316207333
12.0,264.5,-27.517815215610828
12.0,265.0,-27.582556248717076
12.0,265.5,-27.58718787271268
12.0,266.0,-27.591051122813546
12.0,266.5,-27.591051122813546
12.0,267.0,-27.591051122813546
12.0,267.5,-27.35589553153587
12.0,268.0,-27.179322450872476
12.0,268.5,-27.179322450872476
12.0,269.0,-27.00190730073908
12.0,269.5,-26.883353270894787
12.0,270.0,-26.85354343798532
12.0,270.5,-26.82373360507585
12.0,271.0,-26.763458796864036
12.0,271.5,-26.762148790200417
12.0,272.0,-26.760184372843078
12.0,272.5,-26.760184372843078
12.0,273.0,-26.75756625475764
12.0,273.5,-26.75429538057018
12.0,274.0,-26.63142827051026
12.0,274.5,-26.44865243349552
12.0,275.0,-26.3249153298967
12.0,275.5,-26.141411089983354
12.0,276.0,-25.83280310784139
12.0,276.5,-25.648432011425903
12.0,277.0,-25.52301827480699
12.0,277.5,-25.271304203559144
12.0,278.0,-25.145035548173787
12.0,278.5,-24.89174621597078
12.0,279.0,-24.76475119312734
12.0,279.5,-24.568896056081073
12.0,280.0,-24.49994202718723
12.0,280.5,-24.30255020447143
12.0,281.0,-24.104262091623045
12.0,281.5,-24.034006163866458
12.0,282.0,-23.834433250429434
12.0,282.5,-23.575938136133487
12.0,283.0,-23.375041655350568
12.0,283.5,-23.04354219872054
12.0,284.0,-22.8411586830955
12.0,284.5,-22.638225400885133
12.0,285.0,-22.304105960077234
12.0,285.5,-21.969084268340815
12.0,286.0,-21.764373338046788
12.0,286.5,-21.485116194836515
12.0,287.0,-21.204868471524044
12.0,287.5,-20.923704091705854
12.0,288.0,-20.69831246616306
12.0,288.5,-20.415357033957328
12.0,289.0,-20.187961123592434
12.0,289.5,-20.035802782047746
12.0,290.0,-19.730213563614008
12.0,290.5,-19.63259727107021
12.0,291.0,-19.40160809825587
12.0,291.5,-19.169802679491543
12.0,292.0,-18.99245885208999
12.0,292.5,-18.814011544281485
12.0,293.0,-18.634504336379656
12.0,293.5,-18.375402953258074
12.0,294.0,-18.19364780642489
12.0,294.5,-18.010963414064314
12.0,295.0,-17.82738523539058
12.0,295.5,-17.696683051873496
12.0,296.0,-17.51122337130002
12.0,296.5,-17.37827113626072
12.0,297.0,-17.297136112408282
12.0,297.5,-17.16158356657194
12.0,298.0,-17.10562977246118
12.0,298.5,-17.020328536991933
12.0,299.0,-16.991533409339873
12.0,299.5,-16.955907708679234
12.0,300.0,-16.955907708679234
12.0,300.5,-16.95975827216106
12.0,301.0,-16.969447329050737
12.0,301.5,-16.979960510320048
12.0,302.0,-17.019039782650147
12.0,302.5,-17.037913398866856
12.0,303.0,-17.1243759197177
12.0,303.5,-17.19153464472084
12.0,304.0,-17.25780512316841
12.0,304.5,-17.32317547642674
12.0,305.0,-17.38763377880045
12.0,305.5,-17.451168063820575
12.0,306.0,-17.56216655846769
12.0,306.5,-17.623533561925314
12.0,307.0,-17.73167548941133
12.0,307.5,-17.790802341733404
12.0,308.0,-17.89598183696117
12.0,308.5,-17.952794758369695
12.0,309.0,-17.979410201190845
12.0,309.5,-17.979410201190845
12.0,310.0,-17.910661747457315
12.0,310.5,-17.71054712843428
12.0,311.0,-17.50904404229143
12.0,311.5,-17.26173355890851
12.0,312.0,-16.973768535391503
12.0,312.5,-16.684503245964887
12.0,313.0,-16.30973238421175
12.0,313.5,-15.93376163761289
12.0,314.0,-15.556672372228618
12.0,314.5,-15.136590093406962
12.0,315.0,-14.757169494510254
12.0,315.5,-14.334197330088838
12.0,316.0,-13.909733729464254
12.0,316.5,-13.568157264941735
12.0,317.0,-13.225235595879333
12.0,317.5,-12.881040394726774
12.0,318.0,-12.491197413168862
12.0,318.5,-12.228497684110941
12.0,319.0,-11.919522231492714
12.0,319.5,-11.608794837952402
12.0,320.0,-11.380352384741727
12.0,320.5,-11.196340404345992
12.0,321.0,-11.048619429659755
12.0,321.5,-10.815353720692283
12.0,322.0,-10.664137029601338
12.0,322.5,-10.594727168533247
12.0,323.0,-10.48775257629076
12.0,323.5,-10.414986818763111
12.0,324.0,-10.340348376125323
12.0,324.5,-10.263856372991128
12.0,325.0,-10.234532241143928
12.0,325.5,-10.234532241143928
12.0,326.0,-10.205328067640686
12.0,326.5,-10.171883984872998
12.0,327.0,-10.169543187084866
12.0,327.5,-10.133252298496213
12.0,328.0,-10.076516318601065
12.0,328.5,-9.986200388955428
12.0,329.0,-9.894177634892959
12.0,329.5,-9.718933114686674
12.0,330.0,-9.57198180191929
12.0,330.5,-9.341734381711277
12.0,331.0,-9.109779519005983
12.0,331.5,-8.87616817772452
12.0,332.0,-8.507663036000373
12.0,332.5,-8.217871256706424
12.0,333.0,-7.926120018986325
12.0,333.5,-7.606076760394661
12.0,334.0,-7.203713863803969
12.0,334.5,-6.852582606187148
12.0,335.0,-6.553489640882258
12.0,335.5,-6.307102984867864
12.0,336.0,-5.9745508670557115
12.0,336.5,-5.670347783407536
12.0,337.0,-5.332841406626162
12.0,337.5,-5.102999091637766
12.0,338.0,-4.871317059160951
12.0,338.5,-4.6378417194508685
12.0,339.0,-4.423797678481343
12.0,339.5,-4.242344685959232
12.0,340.0,-4.079823474411157
12.0,340.5,-3.915093399283492
12.0,341.0,-3.7673837438182076
12.0,341.5,-3.6544872349006035
12.0,342.0,-3.539802268989913
12.0,342.5,-3.4410878073969116
12.0,343.0,-3.3621869903331962
12.0,343.5,-3.276062758185194
12.0,344.0,-3.2110395711669995
12.0,344.5,-3.1186374023190666
12.0,345.0,-3.0650088227446624
12.0,345.5,-2.9943675005344303
12.0,346.0,-2.9365919953755473
12.0,346.5,-2.8627448323642426
12.0,347.0,-2.7559744094596113
12.0,347.5,-2.6329286211859397
12.0,348.0,-2.507398919001922
12.0,348.5,-2.4144942828448634
12.0,349.0,-2.2379149073914917
12.0,349.5,-2.0469771556447967
12.0,350.0,-1.9122526503146098
12.0,350.5,-1.716356199119737
12.0,351.0,-1.5180022586144126
12.0,351.5,-1.3676525950397718
12.0,352.0,-1.173190169207178
12.0,352.5,-1.019371776186194
12.0,353.0,-0.8193626497374957
12.0,353.5,-0.7214443961798196
12.0,354.0,-0.5221383395311676
12.0,354.5,-0.42077230307509694
12.0,355.0,-0.27408774978577455
12.0,355.5,-0.22423044656878943
12.0,356.0,-0.1272427822259985
12.0,356.5,-0.07955067560301643
12.0,357.0,-0.034195384872269585
12.0,357.5,0.0
12.0,358.0,0.0
12.0,358.5,-0.01021613819082745
12.0,359.0,-0.08043629411309183
12.0,359.5,-0.08126658365119255
13.0,0.0,-0.1563503486406006
13.0,0.5,-0.21597053134838973
13.0,1.0,-0.33270125469593026
13.0,1.5,-0.4466148197970199
13.0,2.0,-0.5595342699367336
13.0,2.5,-0.7278660463786082
13.0,3.0,-0.8365847007945533
13.0,3.5,-0.9995755022441095
13.0,4.0,-1.1595287366818248
13.0,4.5,-1.3163972113493116
13.0,5.0,-1.415877783291684
13.0,5.5,-1.5133642414243411
13.0,6.0,-1.6027382912206853
13.0,6.5,-1.6821816114630224
13.0,7.0,-1.7129443073586756
13.0,7.5,-1.7258878951688992
13.0,8.0,-1.7258878951688992
13.0,8.5,-1.7258878951688992
13.0,9.0,-1.7167918269900433
13.0,9.5,-1.6800852839706408
13.0,10.0,-1.6698968535015979
13.0,10.5,-1.6558133084370894
13.0,11.0,-1.6540096870864147
13.0,11.5,-1.6558133084370894
13.0,12.0,-1.6667536812776405
13.0,12.5,-1.7085727152218837
13.0,13.0,-1.7726355291116924
13.0,13.5,-1.8344923904409889
13.0,14.0,-1.9520046279366987
13.0,14.5,-2.067026146081684
13.0,15.0,-2.2100900313670806
13.0,15.5,-2.3786200667337205
13.0,16.0,-2.5605167460415217
13.0,16.5,-2.7977639994496073
13.0,17.0,-3.032797558630321
13.0,17.5,-3.322494160707109
13.0,18.0,-3.6277497555738627
13.0,18.5,-3.9879080882655344
13.0,19.0,-4.345959823567181
13.0,19.5,-4.701822679716269
13.0,20.0,-5.055410576995378
13.0,20.5,-5.483218311262775
13.0,21.0,-5.888050511335766
13.0,21.5,-6.200525759669485
13.0,22.0,-6.567086184697718
13.0,22.5,-6.987130146844738
13.0,23.0,-7.3499882440954245
13.0,23.5,-7.687392236720054
13.0,24.0,-7.882243863078443
13.0,24.5,-8.160512484313045
13.0,25.0,-8.327869135788927
13.0,25.5,-8.439496697085772
13.0,26.0,-8.523787881420013
13.0,26.5,-8.577741608332829
13.0,27.0,-8.577741608332829
13.0,27.5,-8.575936150778325
13.0,28.0,-8.570069366315781
13.0,28.5,-8.5375276383093
13.0,29.0,-8.526565221964848
13.0,29.5,-8.526565221964848
13.0,30.0,-8.542259564754307
13.0,30.5,-8.556010054519817
13.0,31.0,-8.619003831124008
13.0,31.5,-8.659583443415592
13.0,32.0,-8.8004194224848
13.0,32.5,-8.888683354756868
13.0,33.0,-9.057696065498572
13.0,33.5,-9.14278255359493
13.0,34.0,-9.358441120468978
13.0,34.5,-9.572070863510579
13.0,35.0,-9.817649346342801
13.0,35.5,-10.11063719977368
13.0,36.0,-10.35332095942444
13.0,36.5,-10.642706490743265
13.0,37.0,-10.965718495482438
13.0,37.5,-11.203895408705677
13.0,38.0,-11.571310282849346
13.0,38.5,-11.889839027517212
13.0,39.0,-12.206864387735287
13.0,39.5,-12.606208826276706
13.0,40.0,-12.790278154277274
13.0,40.5,-13.102707522461198
13.0,41.0,-13.413332125556057
13.0,41.5,-13.593159651427538
13.0,42.0,-13.771655897791895
13.0,42.5,-13.948781810667434
13.0,43.0,-14.040243006058574
13.0,43.5,-14.130200136034176
13.0,44.0,-14.17559351046944
13.0,44.5,-14.262860733819487
13.0,45.0,-14.264247778015566
13.0,45.5,-14.305015331937394
13.0,46.0,-14.305015331937394
13.0,46.5,-14.33821369069306
13.0,47.0,-14.340900085965103
13.0,47.5,-14.371872559899497
13.0,48.0,-14.40299877792497
13.0,48.5,-14.407692381887383
13.0,49.0,-14.43728059742308
13.0,49.5,-14.503030758866135
13.0,50.0,-14.54163223869958
13.0,50.5,-14.61090402343278
13.0,51.0,-14.67842114453271
13.0,51.5,-14.790748902616826
13.0,52.0,-14.855072482219622
13.0,52.5,-14.928378692736935
13.0,53.0,-15.073441993948812
13.0,53.5,-15.1808580218202
13.0,54.0,-15.370379850062275
13.0,54.5,-15.475239933807341
13.0,55.0,-15.627553952696452
13.0,55.5,-15.73016675398787
13.0,56.0,-15.914294678034516
13.0,56.5,-16.06370406219033
13.0,57.0,-16.327518325018794
13.0,57.5,-16.557120121391037
13.0,58.0,-16.78552999319934
13.0,58.5,-16.981368993597115
13.0,59.0,-17.207707121036
13.0,59.5,-17.565664857720048
13.0,60.0,-17.789340399176556
13.0,60.5,-18.063350833319213
13.0,61.0,-18.33636718917373
13.0,61.5,-18.741551761805706
13.0,62.0,-18.931701924198272
13.0,62.5,-19.28212212838872
13.0,63.0,-19.523309724284438
13.0,63.5,-19.8709398499135
13.0,64.0,-20.110643549946868
13.0,64.5,-20.296087159819642
13.0,65.0,-20.53447156155471
13.0,65.5,-20.71809231392551
13.0,66.0,-20.82178293338606
13.0,66.5,-21.003448857030094
13.0,67.0,-21.105641564900665
13.0,67.5,-21.230144515660836
13.0,68.0,-21.252844974274502
13.0,68.5,-21.352799801217053
13.0,69.0,-21.396460987513546
13.0,69.5,-21.4947686357305
13.0,70.0,-21.536344696506475
13.0,70.5,-21.63292652825124
13.0,71.0,-21.728702039564673
13.0,71.5,-21.748064430629007
13.0,72.0,-21.84250252650759
13.0,72.5,-21.93607812398824
13.0,73.0,-21.971802196957526
13.0,73.5,-21.98918903104685
13.0,74.0,-21.998067723210312
13.0,74.5,-21.998067723210312
13.0,75.0,-21.956179271360362
13.0,75.5,-21.913770381130746
13.0,76.0,-21.827416891414835
13.0,76.5,-21.827416891414835
13.0,77.0,-21.797140428409527
13.0,77.5,-21.777857374800675
13.0,78.0,-21.777857374800675
13.0,78.5,-21.79013979436259
13.0,79.0,-21.813721686738575
13.0,79.5,-21.825018925925026
13.0,80.0,-21.84662060451302
13.0,80.5,-21.925696406284153
13.0,81.0,-21.994236752051613
13.0,81.5,-22.071657687285715
13.0,82.0,-22.14790705889012
13.0,82.5,-22.215125013668228
13.0,83.0,-22.215125013668228
13.0,83.5,-22.19148525455653
13.0,84.0,-22.185096116341228
13.0,84.5,-22.143842325735427
13.0,85.0,-22.143842325735427
13.0,85.5,-22.154095677181182
13.0,86.0,-22.158695404908563
13.0,86.5,-22.166838549202037
13.0,87.0,-22.170381108364786
13.0,87.5,-22.235967250269645
13.0,88.0,-22.298039328906732
13.0,88.5,-22.42118472270955
13.0,89.0,-22.482245384770927
13.0,89.5,-22.662928061595935
13.0,90.0,-22.782541284039127
13.0,90.5,-22.961017520729456
13.0,91.0,-23.079473773479187
13.0,91.5,-23.136341461441273
13.0,92.0,-23.19159552501415
13.0,92.5,-23.19159552501415
13.0,93.0,-23.185680370304972
13.0,93.5,-23.18213313931939
13.0,94.0,-23.17819340685516
13.0,94.5,-23.17819340685516
13.0,95.0,-23.22855455193028
13.0,95.5,-23.3365468014401
13.0,96.0,-23.38982911000233
13.0,96.5,-23.561100492321057
13.0,97.0,-23.672468693458278
13.0,97.5,-23.84230216484285
13.0,98.0,-24.019566501763506
13.0,98.5,-24.07032995074394
13.0,99.0,-24.238382015766785
13.0,99.5,-24.454201240799122
13.0,100.0,-24.454201240799122
13.0,100.5,-24.443657111645592
13.0,101.0,-24.42124117581264
13.0,101.5,-24.42124117581264
13.0,102.0,-24.442511873921127
13.0,102.5,-24.455348206494882
13.0,103.0,-24.48730211045456
13.0,103.5,-24.5314270955768
13.0,104.0,-24.5314270955768
13.0,104.5,-24.690388383521
13.0,105.0,-24.805783163248947
13.0,105.5,-25.020340189440503
13.0,106.0,-25.077731951849287
13.0,106.5,-25.306920784008504
13.0,107.0,-25.47838821729074
13.0,107.5,-25.688359238739995
13.0,108.0,-25.688359238739995
13.0,108.5,-25.59436451288848
13.0,109.0,-25.575028278844712
13.0,109.5,-25.555213538001627
13.0,110.0,-25.555213538001627
13.0,110.5,-25.56993506206397
13.0,111.0,-25.56993506206397
13.0,111.5,-25.604053878166493
13.0,112.0,-25.692453011451846
13.0,112.5,-25.71487796101516
13.0,113.0,-25.80258617105678
13.0,113.5,-25.967157675136857
13.0,114.0,-26.07642693510864
13.0,114.5,-26.3185247454837
13.0,115.0,-26.42705606509885
13.0,115.5,-26.722329254191195
13.0,116.0,-26.77610384884925
13.0,116.5,-27.01659314787905
13.0,117.0,-27.09602460321782
13.0,117.5,-27.09602460321782
13.0,118.0,-27.06825689171009
13.0,118.5,-27.06825689171009
13.0,119.0,-27.063067147365366
13.0,119.5,-27.092197596375744
13.0,120.0,-27.084899439227804
13.0,120.5,-27.114853479912867
13.0,121.0,-27.136207306056473
13.0,121.5,-27.32021086686353
13.0,122.0,-27.421736225299647
13.0,122.5,-27.47218885035294
13.0,123.0,-27.654935363695845
13.0,123.5,-27.8371893765072
13.0,124.0,-27.969475357495917
13.0,124.5,-27.969475357495917
13.0,125.0,-27.9019969966516
13.0,125.5,-27.735770658719893
13.0,126.0,-27.617570715020896
13.0,126.5,-27.617570715020896
13.0,127.0,-27.582046446694186
13.0,127.5,-27.546029811245152
13.0,128.0,-27.546029811245152
13.0,128.5,-27.51900935630143
13.0,129.0,-27.55634643561283
13.0,129.5,-27.526985059398115
13.0,130.0,-27.56515277340077
13.0,130.5,-27.572440207206387
13.0,131.0,-27.617570715020896
13.0,131.5,-27.66236690203091
13.0,132.0,-27.791020675160528
13.0,132.5,-27.83515420004413
13.0,133.0,-27.963182241095083
13.0,133.5,-28.006585076130033
13.0,134.0,-28.133891861577425
13.0,134.5,-28.17648626011696
13.0,135.0,-28.17648626011696
13.0,135.5,-28.17648626011696
13.0,136.0,-28.21730569426425
13.0,136.5,-28.21730569426425
13.0,137.0,-28.258096967516153
13.0,137.5,-28.298403945382653
13.0,138.0,-28.298403945382653
13.0,138.5,-28.338211473870246
13.0,139.0,-28.46159870133766
13.0,139.5,-28.46159870133766
13.0,140.0,-28.668267532129185
13.0,140.5,-28.752237468271634
13.0,141.0,-28.873885355661645
13.0,141.5,-28.95769893341521
13.0,142.0,-28.95769893341521
13.0,142.5,-28.8637561860866
13.0,143.0,-28.434616255623077
13.0,143.5,-28.172074274362124
13.0,144.0,-28.040608300783752
13.0,144.5,-27.99220845743962
13.0,145.0,-27.943524022080645
13.0,145.5,-27.894564642990357
13.0,146.0,-27.878505034407606
13.0,146.5,-27.845339588098845
13.0,147.0,-27.860867139377483
13.0,147.5,-27.828647998844758
13.0,148.0,-27.84167010793312
13.0,148.5,-27.84167010793312
13.0,149.0,-27.84167010793312
13.0,149.5,-27.95396919826871
13.0,150.0,-28.03548710815468
13.0,150.5,-28.116891436038824
13.0,151.0,-28.146141233190228
13.0,151.5,-28.227128958666228
13.0,152.0,-28.521945939571733
13.0,152.5,-28.602501441878722
13.0,153.0,-28.682880779555454
13.0,153.5,-28.763071602205745
13.0,154.0,-29.05613779822396
13.0,154.5,-29.13565695891976
13.0,155.0,-29.21491305408638
13.0,155.5,-29.21491305408638
13.0,156.0,-29.427081371592877
13.0,156.5,-29.50567547628727
13.0,157.0,-29.63878370597126
13.0,157.5,-29.71692135313578
13.0,158.0,-29.794642129140815
13.0,158.5,-29.92747039320894
13.0,159.0,-29.92747039320894
13.0,159.5,-28.929884621403165
13.0,160.0,-28.36451612366688
13.0,160.5,-28.252243854616644
13.0,161.0,-28.139574477187228
13.0,161.5,-28.10169464685208
13.0,162.0,-28.026540132674107
13.0,162.5,-27.987989373065027
13.0,163.0,-27.987989373065027
13.0,163.5,-28.005314570173425
13.0,164.0,-28.021861263033884
13.0,164.5,-28.021861263033884
13.0,165.0,-28.037620173171845
13.0,165.5,-28.11037161612041
13.0,166.0,-28.182671175108474
13.0,166.5,-28.182671175108474
13.0,167.0,-28.312541522464027
13.0,167.5,-28.571532971920647
13.0,168.0,-28.700598663624184
13.0,168.5,-28.700598663624184
13.0,169.0,-28.829333766174166
13.0,169.5,-28.95769893341521
13.0,170.0,-29.08564846058846
13.0,170.5,-29.271970429012875
13.0,171.0,-29.399047905446135
13.0,171.5,-29.457989872918102
13.0,172.0,-29.58459236239041
13.0,172.5,-29.58459236239041
13.0,173.0,-28.630751885219865
13.0,173.5,-28.39380103393031
13.0,174.0,-28.39380103393031
13.0,174.5,-28.281143542358294
13.0,175.0,-28.281143542358294
13.0,175.5,-28.226681920129565
13.0,176.0,-28.226681920129565
13.0,176.5,-28.226681920129565
13.0,177.0,-28.17427966322186
13.0,177.5,-28.23608030961119
13.0,178.0,-28.23608030961119
13.0,178.5,-28.23608030961119
13.0,179.0,-28.297038508628177
13.0,179.5,-28.386696949205895
13.0,180.0,-28.476355389783617
13.0,180.5,-28.565535795073217
13.0,181.0,-28.654716200362817
13.0,181.5,-28.89155177032452
13.0,182.0,-29.12986745741273
13.0,182.5,-29.12986745741273
13.0,183.0,-29.186494496848205
13.0,183.5,-29.484015377422264
13.0,184.0,-29.484015377422264
13.0,184.5,-29.484015377422264
13.0,185.0,-29.598205091008445
13.0,185.5,-29.598205091008445
13.0,186.0,-29.83558484406916
13.0,186.5,-30.013462363820377
13.0,187.0,-30.013462363820377
13.0,187.5,-30.006167777667898
13.0,188.0,-30.006167777667898
13.0,188.5,-30.124242672720342
13.0,189.0,-30.242176381414716
13.0,189.5,-30.359941795574603
13.0,190.0,-30.359941795574603
13.0,190.5,-30.29082849338184
13.0,191.0,-30.29082849338184
13.0,191.5,-30.407825032511052
13.0,192.0,-30.466208780880443
13.0,192.5,-30.524505553518974
13.0,193.0,-30.582705960394687
13.0,193.5,-30.640799228572483
13.0,194.0,-30.698772941957884
13.0,194.5,-30.756612721035822
13.0,195.0,-30.756612721035822
13.0,195.5,-30.68348693050286
13.0,196.0,-30.68348693050286
13.0,196.5,-30.740721805093845
13.0,197.0,-30.79775822612584
13.0,197.5,-30.79775822612584
13.0,198.0,-30.79775822612584
13.0,198.5,-30.345530464050306
13.0,199.0,-30.21337753799249
13.0,199.5,-30.21337753799249
13.0,200.0,-30.137109490439226
13.0,200.5,-30.137109490439226
13.0,201.0,-30.192933257561233
13.0,201.5,-30.192933257561233
13.0,202.0,-30.17094453530908
13.0,202.5,-30.17094453530908
13.0,203.0,-30.17094453530908
13.0,203.5,-30.14746094333836
13.0,204.0,-30.14746094333836
13.0,204.5,-30.20179640723567
13.0,205.0,-30.20179640723567
13.0,205.5,-30.12253311044904
13.0,206.0,-29.642946380528453
13.0,206.5,-29.642946380528453
13.0,207.0,-29.29632968555229
13.0,207.5,-29.268939743380233
13.0,208.0,-29.216103029080738
13.0,208.5,-29.240602867640455
13.0,209.0,-29.188262807429638
13.0,209.5,-29.159509068599483
13.0,210.0,-29.12986745741273
13.0,210.5,-29.12986745741273
13.0,211.0,-29.099363415852473
13.0,211.5,-29.099363415852473
13.0,212.0,-29.118321056203808
13.0,212.5,-29.118321056203808
13.0,213.0,-29.118321056203808
13.0,213.5,-29.16828229534289
13.0,214.0,-29.21788888111819
13.0,214.5,-29.26712283388983
13.0,215.0,-29.399047905446135
13.0,215.5,-29.44764850943278
13.0,216.0,-29.44764850943278
13.0,216.5,-29.495808490246038
13.0,217.0,-29.62702599603596
13.0,217.5,-29.758016444859173
13.0,218.0,-29.758016444859173
13.0,218.5,-28.11037161612041
13.0,219.0,-27.774935221942087
13.0,219.5,-27.43924057651174
13.0,220.0,-27.316935776231233
13.0,220.5,-27.316935776231233
13.0,221.0,-27.27816546822481
13.0,221.5,-27.27816546822481
13.0,222.0,-27.243638858826948
13.0,222.5,-27.283582141988944
13.0,223.0,-27.287558163332086
13.0,223.5,-27.33114373772663
13.0,224.0,-27.374386544069026
13.0,224.5,-27.41727729011149
13.0,225.0,-27.459806424515925
13.0,225.5,-27.58627952480988
13.0,226.0,-27.79666445758584
13.0,226.5,-27.922294898161773
13.0,227.0,-28.131708352355602
13.0,227.5,-28.384479902539653
13.0,228.0,-28.424723932769616
13.0,228.5,-28.63274276715113
13.0,229.0,-28.63274276715113
13.0,229.5,-28.63274276715113
13.0,230.0,-28.458274594606788
13.0,230.5,-28.19861911094383
13.0,231.0,-28.068458339011094
13.0,231.5,-27.93810264103581
13.0,232.0,-27.80756936121353
13.0,232.5,-27.629603007842242
13.0,233.0,-27.49856249907797
13.0,233.5,-27.450821290402903
13.0,234.0,-27.271312889363905
13.0,234.5,-27.22289503598462
13.0,235.0,-27.12534413853221
13.0,235.5,-27.12534413853221
13.0,236.0,-27.109616253876823
13.0,236.5,-27.109616253876823
13.0,237.0,-27.109616253876823
13.0,237.5,-27.12464408702923
13.0,238.0,-27.12464408702923
13.0,238.5,-27.15624254582423
13.0,239.0,-27.18733130888683
13.0,239.5,-27.217900839619777
13.0,240.0,-27.381016996173297
13.0,240.5,-27.381016996173297
13.0,241.0,-27.30639760858285
13.0,241.5,-27.120795527552858
13.0,242.0,-27.015565121668715
13.0,242.5,-26.962724837105263
13.0,243.0,-26.856616351824364
13.0,243.5,-26.749965087589757
13.0,244.0,-26.642802279776078
13.0,244.5,-26.614424175297636
13.0,245.0,-26.589038196511463
13.0,245.5,-26.5060670602565
13.0,246.0,-26.39728322079568
13.0,246.5,-26.10026274416259
13.0,247.0,-25.99057420208926
13.0,247.5,-25.825398381239083
13.0,248.0,-25.71487796101516
13.0,248.5,-25.548532703034375
13.0,249.0,-25.381553969164155
13.0,249.5,-25.269905478885114
13.0,250.0,-25.234361926826537
13.0,250.5,-25.065768404213355
13.0,251.0,-25.065768404213355
13.0,251.5,-24.915686163648814
13.0,252.0,-24.877493541209823
13.0,252.5,-24.763853233864584
13.0,253.0,-24.667474313006473
13.0,253.5,-24.610374646888456
13.0,254.0,-24.397978680132944
13.0,254.5,-24.397978680132944
13.0,255.0,-24.241283629793912
13.0,255.5,-24.141009834592968
13.0,256.0,-24.039790451951042
13.0,256.5,-23.99571003471521
13.0,257.0,-23.937660222985855
13.0,257.5,-23.834652497912856
13.0,258.0,-23.73079928465635
13.0,258.5,-23.626131297280743
13.0,259.0,-23.579218463532847
13.0,259.5,-23.473110272832514
13.0,260.0,-23.36626485685423
13.0,260.5,-23.258708636530326
13.0,261.0,-23.20936433258236
13.0,261.5,-23.100537845258472
13.0,262.0,-23.050104352421172
13.0,262.5,-22.940078851651478
13.0,263.0,-22.77744852132373
13.0,263.5,-22.724983546338898
13.0,264.0,-22.672061436393346
13.0,264.5,-22.55934526333492
13.0,265.0,-22.451211594645088
13.0,265.5,-22.396504424881623
13.0,266.0,-22.281902640182082
13.0,266.5,-22.170381108364786
13.0,267.0,-22.114025600007125
13.0,267.5,-22.057282390994565
13.0,268.0,-21.942658645231578
13.0,268.5,-21.884790743348056
13.0,269.0,-21.76797371742272
13.0,269.5,-21.709036629766132
13.0,270.0,-21.590134659681375
13.0,270.5,-21.589799719118623
13.0,271.0,-21.468906770909467
13.0,271.5,-21.40633378107662
13.0,272.0,-21.344776100702685
13.0,272.5,-21.2803105216801
13.0,273.0,-21.21460559167054
13.0,273.5,-21.151542566648992
13.0,274.0,-21.084040841589246
13.0,274.5,-21.015357659857738
13.0,275.0,-21.010275020835117
13.0,275.5,-20.939832297342747
13.0,276.0,-20.927530364606547
13.0,276.5,-20.920911803234628
13.0,277.0,-20.847579623613466
13.0,277.5,-20.8322508954763
13.0,278.0,-20.815694073080905
13.0,278.5,-20.80695678380911
13.0,279.0,-20.7885679617541
13.0,279.5,-20.768965090232197
13.0,280.0,-20.75871032045731
13.0,280.5,-20.737298167563885
13.0,281.0,-20.714688177482557
13.0,281.5,-20.70293618679149
13.0,282.0,-20.70293618679149
13.0,282.5,-20.697837086620538
13.0,283.0,-20.711130385770822
13.0,283.5,-20.699536535529674
13.0,284.0,-20.699536535529674
13.0,284.5,-20.699536535529674
13.0,285.0,-20.711749053026566
13.0,285.5,-20.720878267162828
13.0,286.0,-20.744275994851137
13.0,286.5,-20.72691681941159
13.0,287.0,-20.72691681941159
13.0,287.5,-20.691350589514578
13.0,288.0,-20.65466259335438
13.0,288.5,-20.61686348761714
13.0,289.0,-20.59755064901231
13.0,289.5,-20.481886978578153
13.0,290.0,-20.461585117350673
13.0,290.5,-20.343350717277477
13.0,291.0,-20.24499669629268
13.0,291.5,-20.145970865556155
13.0,292.0,-20.023795035305362
13.0,292.5,-19.8680576849724
13.0,293.0,-19.688671494309943
13.0,293.5,-19.508180002286807
13.0,294.0,-19.326629690014542
13.0,294.5,-19.08987218907037
13.0,295.0,-18.827249882780478
13.0,295.5,-18.563168870988665
13.0,296.0,-18.24425904283679
13.0,296.5,-17.977756869867832
13.0,297.0,-17.737274209258082
13.0,297.5,-17.388364096913605
13.0,298.0,-17.03787122274826
13.0,298.5,-16.766865689248057
13.0,299.0,-16.5468995955349
13.0,299.5,-16.27375874732325
13.0,300.0,-15.999737819165816
13.0,300.5,-15.694491939749383
13.0,301.0,-15.46950334901333
13.0,301.5,-15.243307566342587
13.0,302.0,-15.066387838382617
13.0,302.5,-14.920046805625176
13.0,303.0,-14.740295197884329
13.0,303.5,-14.558949870892288
13.0,304.0,-14.45890313678034
13.0,304.5,-14.27465403006169
13.0,305.0,-14.172044577924272
13.0,305.5,-14.151454836605279
13.0,306.0,-14.011398261662602
13.0,306.5,-13.98845293327902
13.0,307.0,-13.916970805426747
13.0,307.5,-13.892396542239648
13.0,308.0,-13.840442715619464
13.0,308.5,-13.840442715619464
13.0,309.0,-13.839474824565336
13.0,309.5,-13.839474824565336
13.0,310.0,-13.855160946085817
13.0,310.5,-13.869309319322909
13.0,311.0,-13.87580572226506
13.0,311.5,-13.932431623734306
13.0,312.0,-13.98211145456973
13.0,312.5,-14.075113372371096
13.0,313.0,-14.166623946062877
13.0,313.5,-14.21566606165895
13.0,314.0,-14.260780368580122
13.0,314.5,-14.305015331937394
13.0,315.0,-14.305511859317274
13.0,315.5,-14.305511859317274
13.0,316.0,-14.17559351046944
13.0,316.5,-14.002509617356047
13.0,317.0,-13.743712259736625
13.0,317.5,-13.483555602154564
13.0,318.0,-13.22209553821697
13.0,318.5,-12.95938519638808
13.0,319.0,-12.566252858612533
13.0,319.5,-12.171431006797796
13.0,320.0,-11.77501760467592
13.0,320.5,-11.37710353736037
13.0,321.0,-11.061592012958872
13.0,321.5,-10.614037938665042
13.0,322.0,-10.295399574165213
13.0,322.5,-9.92796581433042
13.0,323.0,-9.689866841403827
13.0,323.5,-9.40228530630711
13.0,324.0,-9.112743392803633
13.0,324.5,-8.953113567771553
13.0,325.0,-8.709006952789082
13.0,325.5,-8.49730691265972
13.0,326.0,-8.366312631282135
13.0,326.5,-8.200390981585986
13.0,327.0,-8.065411610121824
13.0,327.5,-7.928254006602597
13.0,328.0,-7.839676123189708
13.0,328.5,-7.800459937772349
13.0,329.0,-7.688334729431816
13.0,329.5,-7.594697484453903
13.0,330.0,-7.55125640507557
13.0,330.5,-7.432078634096271
13.0,331.0,-7.3335455095248285
13.0,331.5,-7.233550485854767
13.0,332.0,-7.107240193352787
13.0,332.5,-6.950786235264179
13.0,333.0,-6.739255562967976
13.0,333.5,-6.578944321369914
13.0,334.0,-6.337248300160891
13.0,334.5,-6.065878344250411
13.0,335.0,-5.8210677802655475
13.0,335.5,-5.491001985656933
13.0,336.0,-5.212598934980434
13.0,336.5,-4.908307011846752
13.0,337.0,-4.570747450205918
13.0,337.5,-4.2857321882018695
13.0,338.0,-3.998555776444789
13.0,338.5,-3.7092835596893217
13.0,339.0,-3.473726655942208
13.0,339.5,-3.2012670318662906
13.0,340.0,-3.0179954152128374
13.0,340.5,-2.740701096647001
13.0,341.0,-2.5735306730196363
13.0,341.5,-2.40431578807231
13.0,342.0,-2.2330910722618356
13.0,342.5,-2.077643873523037
13.0,343.0,-1.9591145445124916
13.0,343.5,-1.8557445422248406
13.0,344.0,-1.7908637914077232
13.0,344.5,-1.6988408873632075
13.0,345.0,-1.6456329708182516
13.0,345.5,-1.60488740564832
13.0,346.0,-1.5760901950287227
13.0,346.5,-1.5444213164727394
13.0,347.0,-1.5268609349480613
13.0,347.5,-1.4882981551723233
13.0,348.0,-1.4795038243252705
13.0,348.5,-1.4570087367444025
13.0,349.0,-1.3974675441866715
13.0,349.5,-1.3347015205656305
13.0,350.0,-1.2969535728616712
13.0,350.5,-1.2296855410401086
13.0,351.0,-1.109415660735376
13.0,351.5,-1.0180358061087738
13.0,352.0,-0.8827426778942709
13.0,352.5,-0.7958135450600317
13.0,353.0,-0.6547124716103383
13.0,353.5,-0.5632415284556664
13.0,354.0,-0.41646261365984216
13.0,354.5,-0.3687474605560084
13.0,355.0,-0.22764110233973867
13.0,355.5,-0.18237195160367037
13.0,356.0,-0.08870430884533675
13.0,356.5,-0.04379653328256694
13.0,357.0,0.0
13.0,357.5,0.0
13.0,358.0,-0.012972583299116991
13.0,358.5,-0.02318872148994444
13.0,359.0,-0.09246790855627296
13.0,359.5,-0.09423916695030954
14.0,0.0,-0.21597053134838973
14.0,0.5,-0.27492270627451987
14.0,1.0,-0.33270125469593026
14.0,1.5,-0.4466148197970199
14.0,2.0,-0.5557151244745171
14.0,2.5,-0.6633331716628774
14.0,3.0,-0.717477706834508
14.0,3.5,-0.8175515703470779
14.0,4.0,-0.8660068089792539
14.0,4.5,-0.9455677783978835
14.0,5.0,-0.9455677783978835
14.0,5.5,-0.9735559085173477
14.0,6.0,-0.9735559085173477
14.0,6.5,-0.9507425554585431
14.0,7.0,-0.9216384677342688
14.0,7.5,-0.8827426778942709
14.0,8.0,-0.8496199933272663
14.0,8.5,-0.8057183306360898
14.0,9.0,-0.7785018221690727
14.0,9.5,-0.7780493560322341
14.0,10.0,-0.774769171353693
14.0,10.5,-0.774769171353693
14.0,11.0,-0.8367546914798503
14.0,11.5,-0.8607326081172673
14.0,12.0,-0.9760032176033953
14.0,12.5,-1.0551604191197264
14.0,13.0,-1.2362278444817356
14.0,13.5,-1.414665485475041
14.0,14.0,-1.546740270264376
14.0,14.5,-1.8360140886273797
14.0,15.0,-2.079590862846789
14.0,15.5,-2.3786200667337205
14.0,16.0,-2.6914562802544886
14.0,16.5,-3.1006301727191428
14.0,17.0,-3.4097060883542873
14.0,17.5,-3.8310526122225994
14.0,18.0,-4.363638544226038
14.0,18.5,-4.74205037302654
14.0,19.0,-5.269421877413141
14.0,19.5,-5.644410668827046
14.0,20.0,-6.074107675764971
14.0,20.5,-6.501998808885961
14.0,21.0,-6.851109130842065
14.0,21.5,-7.1636780042763455
14.0,22.0,-7.3974472073429425
14.0,22.5,-7.606617489124627
14.0,23.0,-7.647912591033197
14.0,23.5,-7.652183469880267
14.0,24.0,-7.652183469880267
14.0,24.5,-7.553347326457914
14.0,25.0,-7.506524331188942
14.0,25.5,-7.429567483436816
14.0,26.0,-7.378825035132142
14.0,26.5,-7.352562874240096
14.0,27.0,-7.324899563922621
14.0,27.5,-7.324899563922621
14.0,28.0,-7.345983793933758
14.0,28.5,-7.395082849414283
14.0,29.0,-7.466758546464206
14.0,29.5,-7.5652473251876735
14.0,30.0,-7.714013473575761
14.0,30.5,-7.860768151321466
14.0,31.0,-8.035976175927
14.0,31.5,-8.311943663363625
14.0,32.0,-8.61696914769215
14.0,32.5,-8.888683354756868
14.0,33.0,-9.272631885938392
14.0,33.5,-9.572699157814277
14.0,34.0,-10.003335775122071
14.0,34.5,-10.382624392415806
14.0,35.0,-10.76033332131994
14.0,35.5,-11.219474718218844
14.0,36.0,-11.677110470132991
14.0,36.5,-12.049800761185644
14.0,37.0,-12.456228283755841
14.0,37.5,-12.777922101015402
14.0,38.0,-13.098148465770148
14.0,38.5,-13.41683233447738
14.0,39.0,-13.650072443779326
14.0,39.5,-13.835313474226762
14.0,40.0,-13.935350226667602
14.0,40.5,-13.995382303181966
14.0,41.0,-14.013840957504396
14.0,41.5,-14.013840957504396
14.0,42.0,-13.992844481442784
14.0,42.5,-13.988843250238876
14.0,43.0,-13.955988326663007
14.0,43.5,-13.920664654751661
14.0,44.0,-13.883953721080768
14.0,44.5,-13.883953721080768
14.0,45.0,-13.884341811424868
14.0,45.5,-13.88482693591757
14.0,46.0,-13.921734066224996
14.0,46.5,-13.923581378862433
14.0,47.0,-13.96037205946665
14.0,47.5,-14.038579522780967
14.0,48.0,-14.075113372371096
14.0,48.5,-14.190092241970348
14.0,49.0,-14.269004172556308
14.0,49.5,-14.425479392406626
14.0,50.0,-14.54163223869958
14.0,50.5,-14.778810296506222
14.0,51.0,-14.976287868395925
14.0,51.5,-15.172506973281209
14.0,52.0,-15.414256618661565
14.0,52.5,-15.691800598195599
14.0,53.0,-15.967739734350939
14.0,53.5,-16.289834043276976
14.0,54.0,-16.52749895571594
14.0,54.5,-16.930660805398585
14.0,55.0,-17.332322912402812
14.0,55.5,-17.615534419090757
14.0,56.0,-18.01453782576899
14.0,56.5,-18.213352300268056
14.0,57.0,-18.659413789540963
14.0,57.5,-18.80680215889827
14.0,58.0,-19.085806612838994
14.0,58.5,-19.231188880409533
14.0,59.0,-19.457319509608983
14.0,59.5,-19.518544717240417
14.0,60.0,-19.57894051050794
14.0,60.5,-19.61602309459795
14.0,61.0,-19.621813877725494
14.0,61.5,-19.621813877725494
14.0,62.0,-19.601487257417006
14.0,62.5,-19.601487257417006
14.0,63.0,-19.630717108487108
14.0,63.5,-19.657181370139092
14.0,64.0,-19.65760638548423
14.0,64.5,-19.709139960413303
14.0,65.0,-19.73120953052354
14.0,65.5,-19.73120953052354
14.0,66.0,-19.750463284031053
14.0,66.5,-19.76688814209919
14.0,67.0,-19.76688814209919
14.0,67.5,-19.757887491431365
14.0,68.0,-19.72522553329653
14.0,68.5,-19.713977688203272
14.0,69.0,-19.687251316112164
14.0,69.5,-19.687251316112164
14.0,70.0,-19.687251316112164
14.0,70.5,-19.727932224107462
14.0,71.0,-19.767602758495055
14.0,71.5,-19.806253219173904
14.0,72.0,-19.84387403569199
14.0,72.5,-19.937271663388692
14.0,73.0,-20.029925805707443
14.0,73.5,-20.121819356103323
14.0,74.0,-20.286835929462946
14.0,74.5,-20.3768181167588
14.0,75.0,-20.465975826078562
14.0,75.5,-20.61195559119191
14.0,76.0,-20.699536535529674
14.0,76.5,-20.72831078276634
14.0,77.0,-20.813977290801752
14.0,77.5,-20.89872068976403
14.0,78.0,-20.92422059842098
14.0,78.5,-21.006940792961686
14.0,79.0,-21.07716941781287
14.0,79.5,-21.158460263506946
14.0,80.0,-21.238732732135453
14.0,80.5,-21.376742411147426
14.0,81.0,-21.572731744651477
14.0,81.5,-21.709036629766132
14.0,82.0,-21.903411149806942
14.0,82.5,-22.037855534447083
14.0,83.0,-22.230440706406426
14.0,83.5,-22.296783310364248
14.0,84.0,-22.369355345452412
14.0,84.5,-22.434821858158607
14.0,85.0,-22.44610961510037
14.0,85.5,-22.451211594645088
14.0,86.0,-22.460328917996144
14.0,86.5,-22.523839765478584
14.0,87.0,-22.59035836970648
14.0,87.5,-22.65287282739582
14.0,88.0,-22.77688282865369
14.0,88.5,-22.897960843163034
14.0,89.0,-23.139086359846083
14.0,89.5,-23.259106078468694
14.0,90.0,-23.37874405908426
14.0,90.5,-23.676845279457183
14.0,91.0,-23.854428473016952
14.0,91.5,-23.97235459763924
14.0,92.0,-24.02543281842631
14.0,92.5,-24.02543281842631
14.0,93.0,-24.022390499457412
14.0,93.5,-24.022390499457412
14.0,94.0,-24.070111404811197
14.0,94.5,-24.074483439935506
14.0,95.0,-24.12471190031134
14.0,95.5,-24.178797910629473
14.0,96.0,-24.291672484262122
14.0,96.5,-24.463152080997396
14.0,97.0,-24.752155140000944
14.0,97.5,-24.870460620396614
14.0,98.0,-25.03991593378371
14.0,98.5,-25.335071975835824
14.0,99.0,-25.36593820112544
14.0,99.5,-25.36593820112544
14.0,100.0,-25.296876214820912
14.0,100.5,-25.286075299944713
14.0,101.0,-25.274778116867385
14.0,101.5,-25.262987089238784
14.0,102.0,-25.262987089238784
14.0,102.5,-25.296104160733623
14.0,103.0,-25.296104160733623
14.0,103.5,-25.456749369934307
14.0,104.0,-25.572615214750662
14.0,104.5,-25.803974831132493
14.0,105.0,-25.977141760145543
14.0,105.5,-26.207510803145034
14.0,106.0,-26.232167562079994
14.0,106.5,-26.232167562079994
14.0,107.0,-26.08339365901982
14.0,107.5,-26.008625082570042
14.0,108.0,-25.990288103049334
14.0,108.5,-25.91493065580162
14.0,109.0,-25.91493065580162
14.0,109.5,-25.9321968463056
14.0,110.0,-25.9321968463056
14.0,110.5,-25.967727763591114
14.0,111.0,-26.079328773472216
14.0,111.5,-26.113383021925337
14.0,112.0,-26.168799721118358
14.0,112.5,-26.467510064744538
14.0,113.0,-26.57765188397414
14.0,113.5,-26.87526630574431
14.0,114.0,-26.87526630574431
14.0,114.5,-26.826778758967894
14.0,115.0,-26.74768390514742
14.0,115.5,-26.642802279776078
14.0,116.0,-26.616650937459333
14.0,116.5,-26.616650937459333
14.0,117.0,-26.61569650214393
14.0,117.5,-26.61569650214393
14.0,118.0,-26.668434874432528
14.0,118.5,-26.72103217695083
14.0,119.0,-26.825787024137107
14.0,119.5,-26.929926425089263
14.0,120.0,-26.98175381586043
14.0,120.5,-27.16646650512452
14.0,121.0,-27.40207384383648
14.0,121.5,-27.58589453914264
14.0,122.0,-27.8514622652186
14.0,122.5,-27.9019969966516
14.0,123.0,-28.21730569426425
14.0,123.5,-28.21730569426425
14.0,124.0,-28.184440042243253
14.0,124.5,-28.15096361851271
14.0,125.0,-28.15096361851271
14.0,125.5,-28.165465336203102
14.0,126.0,-28.213739595942435
14.0,126.5,-28.213739595942435
14.0,127.0,-28.22578799381114
14.0,127.5,-28.22578799381114
14.0,128.0,-28.272994023208213
14.0,128.5,-28.3198584769324
14.0,129.0,-28.450214023421
14.0,129.5,-28.580354089513243
14.0,130.0,-28.580354089513243
14.0,130.5,-28.503642290071053
14.0,131.0,-28.127780984232164
14.0,131.5,-28.083101050431164
14.0,132.0,-27.959410851231542
14.0,132.5,-27.919389308777376
14.0,133.0,-27.878916074106087
14.0,133.5,-27.878916074106087
14.0,134.0,-27.839225502213186
14.0,134.5,-27.839225502213186
14.0,135.0,-27.839225502213186
14.0,135.5,-27.839225502213186
14.0,136.0,-27.880149427723996
14.0,136.5,-27.880149427723996
14.0,137.0,-28.005314570173425
14.0,137.5,-28.045735802573695
14.0,138.0,-28.169870091555847
14.0,138.5,-28.169870091555847
14.0,139.0,-28.37750395990833
14.0,139.5,-28.46159870133766
14.0,140.0,-28.50028043498371
14.0,140.5,-28.70618568442339
14.0,141.0,-28.752237468271634
14.0,141.5,-28.910932356571557
14.0,142.0,-28.95769893341521
14.0,142.5,-29.078244663478216
14.0,143.0,-29.114290014308967
14.0,143.5,-29.114290014308967
14.0,144.0,-29.281081349165344
14.0,144.5,-29.3159650871817
14.0,145.0,-29.399047905446135
14.0,145.5,-29.48205482865166
14.0,146.0,-29.598205091008445
14.0,146.5,-29.647811406350293
14.0,147.0,-29.680719622708786
14.0,147.5,-29.763110937878874
14.0,148.0,-29.763110937878874
14.0,148.5,-28.536945554768785
14.0,149.0,-28.005314570173425
14.0,149.5,-27.820934432576024
14.0,150.0,-27.769319101539235
14.0,150.5,-27.717505227465928
14.0,151.0,-27.61330877466233
14.0,151.5,-27.61330877466233
14.0,152.0,-27.58897532397987
14.0,152.5,-27.58897532397987
14.0,153.0,-27.616407974865865
14.0,153.5,-27.64322601773219
14.0,154.0,-27.669418544710418
14.0,154.5,-27.669418544710418
14.0,155.0,-27.82824168257321
14.0,155.5,-27.907372805822845
14.0,156.0,-27.986302921427647
14.0,156.5,-28.0650205259843
14.0,157.0,-28.276613943262085
14.0,157.5,-28.354804015464843
14.0,158.0,-28.5656641127917
14.0,158.5,-28.776014043688196
14.0,159.0,-28.908773326875735
14.0,159.5,-28.985753728407822
14.0,160.0,-29.194755507017817
14.0,160.5,-29.194755507017817
14.0,161.0,-27.385442367703256
14.0,161.5,-27.083857694771346
14.0,162.0,-27.027228042622646
14.0,162.5,-26.988566709946927
14.0,163.0,-26.89163873790237
14.0,163.5,-26.874599111859993
14.0,164.0,-26.85063552560182
14.0,164.5,-26.85063552560182
14.0,165.0,-26.866266226660837
14.0,165.5,-26.93903535364871
14.0,166.0,-27.011455052657652
14.0,166.5,-27.08351049372924
14.0,167.0,-27.213267847730332
14.0,167.5,-27.284666192654573
14.0,168.0,-27.413935813386306
14.0,168.5,-27.73020371767901
14.0,169.0,-27.858820869345283
14.0,169.5,-28.045735802573695
14.0,170.0,-28.173838488870583
14.0,170.5,-28.487820181307193
14.0,171.0,-28.487820181307193
14.0,171.5,-28.673803364421488
14.0,172.0,-28.859500453978846
14.0,172.5,-29.044860977365026
14.0,173.0,-29.229821977460453
14.0,173.5,-29.35501792474336
14.0,174.0,-29.473575392672092
14.0,174.5,-29.35501792474336
14.0,175.0,-29.301226078149757
14.0,175.5,-29.00403795064668
14.0,176.0,-29.00403795064668
14.0,176.5,-28.766173342718293
14.0,177.0,-29.007929875069813
14.0,177.5,-28.591164715044886
14.0,178.0,-28.23608030961119
14.0,178.5,-27.580508106743633
14.0,179.0,-27.343198305107244
14.0,179.5,-26.329711291546502
14.0,180.0,-25.614566771897437
14.0,180.5,-25.256587316987677
14.0,181.0,-24.89814628479431
14.0,181.5,-24.597276656272204
14.0,182.0,-24.476022703335147
14.0,182.5,-24.473492853897117
14.0,183.0,-24.470504098992475
14.0,183.5,-24.467056970535403
14.0,184.0,-24.463152080997396
14.0,184.5,-24.463152080997396
14.0,185.0,-24.513376879414295
14.0,185.5,-24.62677897998048
14.0,186.0,-24.79881836008275
14.0,186.5,-25.02925415659634
14.0,187.0,-25.08846638071025
14.0,187.5,-25.561901094135916
14.0,188.0,-25.6132180276912
14.0,188.5,-25.967442712848538
14.0,189.0,-26.321243838931654
14.0,189.5,-26.61569650214393
14.0,190.0,-26.90974048598384
14.0,190.5,-27.20330367857135
14.0,191.0,-27.43774834102817
14.0,191.5,-27.61330877466233
14.0,192.0,-27.846971460470876
14.0,192.5,-28.267570386887005
14.0,193.0,-28.267570386887005
14.0,193.5,-26.649839447869923
14.0,194.0,-26.08600822621773
14.0,194.5,-25.825398381239083
14.0,195.0,-25.56431026359712
14.0,195.5,-25.491087231748295
14.0,196.0,-25.47495302597696
14.0,196.5,-25.47495302597696
14.0,197.0,-25.480503053719232
14.0,197.5,-25.498240997800227
14.0,198.0,-25.537323975179618
14.0,198.5,-25.57556463463282
14.0,199.0,-25.745082510467107
14.0,199.5,-25.857809392415568
14.0,200.0,-26.02644094788369
14.0,200.5,-26.382911983526075
14.0,201.0,-26.494534887982667
14.0,201.5,-26.794147525805748
14.0,202.0,-27.09324104123579
14.0,202.5,-27.336619384546946
14.0,203.0,-27.579739128732918
14.0,203.5,-27.822557212399314
14.0,204.0,-27.822557212399314
14.0,204.5,-27.507638997760747
14.0,205.0,-26.574808905361778
14.0,205.5,-26.415988473591867
14.0,206.0,-26.336372864154924
14.0,206.5,-26.310073367591933
14.0,207.0,-26.283290191612277
14.0,207.5,-26.25602987159885
14.0,208.0,-26.25602987159885
14.0,208.5,-26.280888648815584
14.0,209.0,-26.304646733859883
14.0,209.5,-26.356707142105144
14.0,210.0,-26.593472449037783
14.0,210.5,-26.778069333373764
14.0,211.0,-26.962385661895148
14.0,211.5,-27.146390753075995
14.0,212.0,-27.46280525428226
14.0,212.5,-27.72821720299681
14.0,213.0,-27.91109846464086
14.0,213.5,-28.09346849710427
14.0,214.0,-28.09346849710427
14.0,214.5,-27.381754275990517
14.0,215.0,-27.13270051529461
14.0,215.5,-26.966457214446756
14.0,216.0,-26.8483114529185
14.0,216.5,-26.812911077324856
14.0,217.0,-26.812911077324856
14.0,217.5,-26.78790745769863
14.0,218.0,-26.824464995502684
14.0,218.5,-26.834719233711525
14.0,219.0,-26.881274815080875
14.0,219.5,-26.927567418605847
14.0,220.0,-27.103338682748266
14.0,220.5,-27.232898484998113
14.0,221.0,-27.362254304461
14.0,221.5,-27.70444745523792
14.0,222.0,-27.833119971497588
14.0,222.5,-28.045735802573695
14.0,223.0,-28.173838488870583
14.0,223.5,-28.385876621065883
14.0,224.0,-28.597568049758518
14.0,224.5,-28.80884789636865
14.0,225.0,-28.914241048477926
14.0,225.5,-29.019634200587202
14.0,226.0,-29.31411859814503
14.0,226.5,-29.31411859814503
14.0,227.0,-29.31411859814503
14.0,227.5,-29.058398015704768
14.0,228.0,-28.127780984232164
14.0,228.5,-27.83068014662858
14.0,229.0,-27.404295729468895
14.0,229.5,-27.27491832195213
14.0,230.0,-27.145336342130378
14.0,230.5,-27.09950619083879
14.0,231.0,-27.007006146916595
14.0,231.5,-27.007006146916595
14.0,232.0,-26.99709536643924
14.0,232.5,-26.99709536643924
14.0,233.0,-27.03341318329681
14.0,233.5,-27.069295470190326
14.0,234.0,-27.104733030511944
14.0,234.5,-27.139716525765195
14.0,235.0,-27.257276818006687
14.0,235.5,-27.34027324146775
14.0,236.0,-27.58897532397987
14.0,236.5,-27.75451063099917
14.0,237.0,-27.787396338830618
14.0,237.5,-27.787396338830618
14.0,238.0,-27.769319101539235
14.0,238.5,-27.74971845972476
14.0,239.0,-27.74971845972476
14.0,239.5,-27.74971845972476
14.0,240.0,-27.72861443537061
14.0,240.5,-27.543740330462054
14.0,241.0,-27.22539401336736
14.0,241.5,-26.854289680232878
14.0,242.0,-26.668434874432528
14.0,242.5,-26.429518411273833
14.0,243.0,-26.323359558805656
14.0,243.5,-26.242893777956816
14.0,244.0,-26.216708071258523
14.0,244.5,-26.18915846680152
14.0,245.0,-26.16055776776391
14.0,245.5,-26.16055776776391
14.0,246.0,-26.07642693510864
14.0,246.5,-25.77930156962263
14.0,247.0,-25.669560924576516
14.0,247.5,-25.37139965944849
14.0,248.0,-25.205599861264968
14.0,248.5,-25.15019140381385
14.0,249.0,-25.060540653705353
14.0,249.5,-24.96954376874366
14.0,250.0,-24.96954376874366
14.0,250.5,-24.96954376874366
14.0,251.0,-24.972247179789907
14.0,251.5,-24.972247179789907
14.0,252.0,-24.990952981250697
14.0,252.5,-25.066017440232987
14.0,253.0,-25.066017440232987
14.0,253.5,-24.872885003233485
14.0,254.0,-24.643689148926534
14.0,254.5,-24.602185757598974
14.0,255.0,-24.429468089704923
14.0,255.5,-24.329054980345905
14.0,256.0,-24.285608888454874
14.0,256.5,-24.285608888454874
14.0,257.0,-24.31304440347485
14.0,257.5,-24.32612103236263
14.0,258.0,-24.33876737596198
14.0,258.5,-24.3741041970658
14.0,259.0,-24.3741041970658
14.0,259.5,-24.315522787770547
14.0,260.0,-23.915326164556884
14.0,260.5,-23.86635921688098
14.0,261.0,-23.630898905169975
14.0,261.5,-23.46313970743695
14.0,262.0,-23.41264771596866
14.0,262.5,-23.310125298841854
14.0,263.0,-23.30253364902127
14.0,263.5,-23.271236553456568
14.0,264.0,-23.271236553456568
14.0,264.5,-23.271236553456568
14.0,265.0,-23.22855455193028
14.0,265.5,-23.05496032596983
14.0,266.0,-22.88078559678
14.0,266.5,-22.646547182110705
14.0,267.0,-22.471280981490715
14.0,267.5,-22.178888358507997
14.0,268.0,-22.061838205467986
14.0,268.5,-22.00399114552306
14.0,269.0,-21.887202603607086
14.0,269.5,-21.82827344198769
14.0,270.0,-21.76899573055965
14.0,270.5,-21.768655048391054
14.0,271.0,-21.76695180437604
14.0,271.5,-21.70429532569995
14.0,272.0,-21.642683786639115
14.0,272.5,-21.39942187821999
14.0,273.0,-21.21460559167054
14.0,273.5,-21.092036212930978
14.0,274.0,-20.846171020456318
14.0,274.5,-20.718247071375174
14.0,275.0,-20.52990282535022
14.0,275.5,-20.39998552944568
14.0,276.0,-20.328373548507756
14.0,276.5,-20.255703107219635
14.0,277.0,-20.248564434494423
14.0,277.5,-20.233408891629175
14.0,278.0,-20.1580647807873
14.0,278.5,-20.081722656556963
14.0,279.0,-20.00440125698436
14.0,279.5,-19.739763082095056
14.0,280.0,-19.601628301443284
14.0,280.5,-19.462759136057286
14.0,281.0,-19.253130133382758
14.0,281.5,-19.11252697541589
14.0,282.0,-18.97126871613257
14.0,282.5,-18.81635824589179
14.0,283.0,-18.731520993747218
14.0,283.5,-18.703843150387968
14.0,284.0,-18.617353564394772
14.0,284.5,-18.587819013959418
14.0,285.0,-18.55730635273548
14.0,285.5,-18.50971776394125
14.0,286.0,-18.476788786941846
14.0,286.5,-18.442905242304295
14.0,287.0,-18.3511151395044
14.0,287.5,-18.24056698862466
14.0,288.0,-18.14706338797585
14.0,288.5,-18.03384214615675
14.0,289.0,-17.995009542405747
14.0,289.5,-17.955284781039218
14.0,290.0,-17.83813052272852
14.0,290.5,-17.81735905679033
14.0,291.0,-17.80933052026413
14.0,291.5,-17.798838417063404
14.0,292.0,-17.798838417063404
14.0,292.5,-17.808836602745963
14.0,293.0,-17.840852820256604
14.0,293.5,-17.84889898826539
14.0,294.0,-17.885845463115622
14.0,294.5,-17.885845463115622
14.0,295.0,-17.885845463115622
14.0,295.5,-17.842956767280672
14.0,296.0,-17.790820198009534
14.0,296.5,-17.711127297006044
14.0,297.0,-17.576718785779065
14.0,297.5,-17.52165343554166
14.0,298.0,-17.385125190361187
14.0,298.5,-17.247466444812943
14.0,299.0,-17.027561147614982
14.0,299.5,-16.887545790720225
14.0,300.0,-16.694954244577936
14.0,300.5,-16.471474082322864
14.0,301.0,-16.246668409943226
14.0,301.5,-16.020592470442743
14.0,302.0,-15.711080289608699
14.0,302.5,-15.400076655096544
14.0,303.0,-15.170211152757421
14.0,303.5,-14.939288224422434
14.0,304.0,-14.673857835592699
14.0,304.5,-14.357624521085238
14.0,305.0,-14.088942947095543
14.0,305.5,-13.770209498284999
14.0,306.0,-13.58189341421069
14.0,306.5,-13.308815511262065
14.0,307.0,-13.117788074536922
14.0,307.5,-12.889043061990044
14.0,308.0,-12.778928596407201
14.0,308.5,-12.630530304730474
14.0,309.0,-12.480364805600324
14.0,309.5,-12.44255201564009
14.0,310.0,-12.335896069407461
14.0,310.5,-12.304341240935514
14.0,311.0,-12.271944609304462
14.0,311.5,-12.253939516245559
14.0,312.0,-12.253939516245559
14.0,312.5,-12.262316101458602
14.0,313.0,-12.30979048091682
14.0,313.5,-12.35908010984123
14.0,314.0,-12.404452357791357
14.0,314.5,-12.450198761677147
14.0,315.0,-12.535774331431007
14.0,315.5,-12.619273328639736
14.0,316.0,-12.659792410907496
14.0,316.5,-12.69738850478004
14.0,317.0,-12.69738850478004
14.0,317.5,-12.681449116288292
14.0,318.0,-12.58834995667592
14.0,318.5,-12.493886954929419
14.0,319.0,-12.313990094009743
14.0,319.5,-12.087405390743577
14.0,320.0,-11.77501760467592
14.0,320.5,-11.37710353736037
14.0,321.0,-11.061592012958872
14.0,321.5,-10.614037938665042
14.0,322.0,-10.295399574165213
14.0,322.5,-9.844422242639062
14.0,323.0,-9.475208036058369
14.0,323.5,-9.104200927082001
14.0,324.0,-8.731485936444695
14.0,324.5,-8.440244634972384
14.0,325.0,-8.147209714957743
14.0,325.5,-7.852445930559423
14.0,326.0,-7.506452364204769
14.0,326.5,-7.290702503208237
14.0,327.0,-7.0731271527200015
14.0,327.5,-6.9041651768129455
14.0,328.0,-6.765443489426417
14.0,328.5,-6.6246946395030335
14.0,329.0,-6.512443216975676
14.0,329.5,-6.418802642833576
14.0,330.0,-6.353332313984129
14.0,330.5,-6.330996106294606
14.0,331.0,-6.267803229826647
14.0,331.5,-6.248279603196462
14.0,332.0,-6.223844392656016
14.0,332.5,-6.150949161374218
14.0,333.0,-6.125923578945049
14.0,333.5,-6.045690052739957
14.0,334.0,-5.937333881000601
14.0,334.5,-5.745385894329903
14.0,335.0,-5.579576279037973
14.0,335.5,-5.412139191320527
14.0,336.0,-5.1340219749243055
14.0,336.5,-4.853533995930537
14.0,337.0,-4.570747450205918
14.0,337.5,-4.2857321882018695
14.0,338.0,-3.9210895094591898
14.0,338.5,-3.5765442939015237
14.0,339.0,-3.2295938738192653
14.0,339.5,-2.9362619813945585
14.0,340.0,-2.6410309088948978
14.0,340.5,-2.3073721579862507
14.0,341.0,-2.0643722986948703
14.0,341.5,-1.7820988404678175
14.0,342.0,-1.5539881317438287
14.0,342.5,-1.380567514816871
14.0,343.0,-1.1654263437716246
14.0,343.5,-0.987673259255466
14.0,344.0,-0.8243477916251862
14.0,344.5,-0.7575255550557678
14.0,345.0,-0.6471642505773296
14.0,345.5,-0.5921280865312504
14.0,346.0,-0.5055473878879937
14.0,346.5,-0.48945891355516835
14.0,347.0,-0.4722583211355378
14.0,347.5,-0.4539474181763836
14.0,348.0,-0.4507566901669442
14.0,348.5,-0.4507566901669442
14.0,349.0,-0.4628495652925082
14.0,349.5,-0.4815017798906176
14.0,350.0,-0.4815017798906176
14.0,350.5,-0.4815017798906176
14.0,351.0,-0.4742748460970141
14.0,351.5,-0.4610017445384358
14.0,352.0,-0.4364863046595069
14.0,352.5,-0.37427517696062296
14.0,353.0,-0.34458195195384533
14.0,353.5,-0.2669077213066444
14.0,354.0,-0.22647385356347982
14.0,354.5,-0.19069889029010056
14.0,355.0,-0.1478105485853618
14.0,355.5,-0.06795708146119495
14.0,356.0,-0.029209478382917098
14.0,356.5,-0.029209478382917098
14.0,357.0,0.0
14.0,357.5,0.0
14.0,358.0,-0.012972583299116991
14.0,358.5,-0.02318872148994444
14.0,359.0,-0.09340887741220882
14.0,359.5,-0.09423916695030954
15.0,0.0,-0.8936382997698935
15.0,0.5,-0.9525738341571959
15.0,1.0,-1.0084774419862903
15.0,1.5,-1.0615044983406356
15.0,2.0,-1.1020078877251613
15.0,2.5,-1.1094038904470125
15.0,3.0,-1.1020078877251613
15.0,3.5,-1.066084973926003
15.0,4.0,-0.9857384265037901
15.0,4.5,-0.9670112167590368
15.0,5.0,-0.8223122701271137
15.0,5.5,-0.7343175631448347
15.0,6.0,-0.5843712463738164
15.0,6.5,-0.49810731599871616
15.0,7.0,-0.34356813510663997
15.0,7.5,-0.24562545420981863
15.0,8.0,-0.14509109041848944
15.0,8.5,-0.1009115909378906
15.0,9.0,-0.06361491769804672
15.0,9.5,-0.01456266495856795
15.0,10.0,0.0
15.0,10.5,0.0
15.0,11.0,-0.03666846021157255
15.0,11.5,-0.09685791374614183
15.0,12.0,-0.2122831203942539
15.0,12.5,-0.3371336615771696
15.0,13.0,-0.472869579075585
15.0,13.5,-0.6515975871803406
15.0,14.0,-0.8997888364385709
15.0,14.5,-1.131430351489925
15.0,15.0,-1.3752839186966206
15.0,15.5,-1.6746570075023293
15.0,16.0,-1.9716959481665626
15.0,16.5,-2.3807931977393366
15.0,17.0,-2.689854401592669
15.0,17.5,-2.9796715951279076
15.0,18.0,-3.2850411112056648
15.0,18.5,-3.6266760953506108
15.0,19.0,-3.871496394703847
15.0,19.5,-4.151436877653261
15.0,20.0,-4.3723608057324235
15.0,20.5,-4.499543996947722
15.0,21.0,-4.660387891508272
15.0,21.5,-4.763353924643766
15.0,22.0,-4.84225150875432
15.0,22.5,-4.885638186558886
15.0,23.0,-4.927393796394124
15.0,23.5,-4.998768548523884
15.0,24.0,-5.067044876131746
15.0,24.5,-5.127191924168212
15.0,25.0,-5.215681802502974
15.0,25.5,-5.302076599858925
15.0,26.0,-5.44002401796952
15.0,26.5,-5.548354662770411
15.0,27.0,-5.70865424264187
15.0,27.5,-5.920248179846656
15.0,28.0,-6.076828916057906
15.0,28.5,-6.389118468102385
15.0,29.0,-6.67454780546873
15.0,29.5,-6.935168758809159
15.0,30.0,-7.217291037539425
15.0,30.5,-7.497303021429396
15.0,31.0,-7.856865653057998
15.0,31.5,-8.214549200339118
15.0,32.0,-8.519574684667642
15.0,32.5,-8.740876732222858
15.0,33.0,-9.042690670343063
15.0,33.5,-9.310192118900876
15.0,34.0,-9.558708540313742
15.0,34.5,-9.738841564995308
15.0,35.0,-9.803220000124188
15.0,35.5,-9.978756489042567
15.0,36.0,-10.04109608786321
15.0,36.5,-10.115813589705642
15.0,37.0,-10.152943856974083
15.0,37.5,-10.176111282700791
15.0,38.0,-10.245110442701606
15.0,38.5,-10.265445799459545
15.0,39.0,-10.330973056203302
15.0,39.5,-10.39456955598467
15.0,40.0,-10.494426833658455
15.0,40.5,-10.554546800334354
15.0,41.0,-10.6516690670793
15.0,41.5,-10.747568627600415
15.0,42.0,-10.886743712423112
15.0,42.5,-11.108193788942991
15.0,43.0,-11.19972587160142
15.0,43.5,-11.41765302042031
15.0,44.0,-11.590542624128162
15.0,44.5,-11.846414364102259
15.0,45.0,-12.143274476270058
15.0,45.5,-12.396041604126086
15.0,46.0,-12.647342497268088
15.0,46.5,-12.981413371293364
15.0,47.0,-13.273042118192706
15.0,47.5,-13.688442161422945
15.0,48.0,-14.061938838767343
15.0,48.5,-14.434277764225293
15.0,49.0,-14.805384183967885
15.0,49.5,-15.259264363522242
15.0,50.0,-15.795636613530519
15.0,50.5,-16.124231247027268
15.0,51.0,-16.573625145021595
15.0,51.5,-16.81628473867167
15.0,52.0,-17.141874109011177
15.0,52.5,-17.25202971140213
15.0,53.0,-17.289050196387738
15.0,53.5,-17.289050196387738
15.0,54.0,-17.179693052547364
15.0,54.5,-17.034292368623774
15.0,55.0,-16.87335264725963
15.0,55.5,-16.676726883683788
15.0,56.0,-16.611204155923048
15.0,56.5,-16.49498091216908
15.0,57.0,-16.39510795770697
15.0,57.5,-16.30879963439989
15.0,58.0,-16.239418891038042
15.0,58.5,-16.20025982892244
15.0,59.0,-16.189759236711005
15.0,59.5,-16.189759236711005
15.0,60.0,-16.198360272202336
15.0,60.5,-16.25768885051186
15.0,61.0,-16.264307097231317
15.0,61.5,-16.32208176682431
15.0,62.0,-16.407444106954497
15.0,62.5,-16.491224147602857
15.0,63.0,-16.546185810492887
15.0,63.5,-16.5472139121754
15.0,64.0,-16.626927279529568
15.0,64.5,-16.679146194546952
15.0,65.0,-16.756070724858027
15.0,65.5,-16.80640687005433
15.0,66.0,-16.8804719919753
15.0,66.5,-17.007428423488697
15.0,67.0,-17.133087175837105
15.0,67.5,-17.23445037514516
15.0,68.0,-17.41312550370597
15.0,68.5,-17.612874346417186
15.0,69.0,-17.789071720721523
15.0,69.5,-18.019984858535558
15.0,70.0,-18.19418386473692
15.0,70.5,-18.367228019345532
15.0,71.0,-18.595393427134752
15.0,71.5,-18.69058092077772
15.0,72.0,-18.8604485385493
15.0,72.5,-18.97216243058473
15.0,73.0,-19.06464818792697
15.0,73.5,-19.15642193358208
15.0,74.0,-19.247468421367735
15.0,74.5,-19.41134557776107
15.0,75.0,-19.50056720666887
15.0,75.5,-19.58900482351767
15.0,76.0,-19.806883345615613
15.0,76.5,-19.951380902322356
15.0,77.0,-20.224993504760143
15.0,77.5,-20.367975650406244
15.0,78.0,-20.639438667041816
15.0,78.5,-20.780747919306208
15.0,79.0,-20.862812879553463
15.0,79.5,-20.94388881073411
15.0,80.0,-21.02395400422916
15.0,80.5,-21.034223601457803
15.0,81.0,-21.053826455667668
15.0,81.5,-21.131130388127723
15.0,82.0,-21.139879418599833
15.0,82.5,-21.21550916241153
15.0,83.0,-21.40833455345217
15.0,83.5,-21.541082503725793
15.0,84.0,-21.73207826858909
15.0,84.5,-21.981458526990895
15.0,85.0,-22.22993732487202
15.0,85.5,-22.35381713162058
15.0,86.0,-22.60081069176215
15.0,86.5,-22.668181633264872
15.0,87.0,-22.668181633264872
15.0,87.5,-22.619903632330182
15.0,88.0,-22.619903632330182
15.0,88.5,-22.62177755827474
15.0,89.0,-22.682883031088714
15.0,89.5,-22.744387377396553
15.0,90.0,-22.80438740871072
15.0,90.5,-23.04247630620828
15.0,91.0,-23.22052901096864
15.0,91.5,-23.398140296291032
15.0,92.0,-23.575282588371252
15.0,92.5,-23.75192605045038
15.0,93.0,-23.75192605045038
15.0,93.5,-23.742994629041775
15.0,94.0,-23.616010112056337
15.0,94.5,-23.551978049282724
15.0,95.0,-23.546992475668002
15.0,95.5,-23.535785540074386
15.0,96.0,-23.535785540074386
15.0,96.5,-23.588836788594907
15.0,97.0,-23.700594258029888
15.0,97.5,-23.811714659031516
15.0,98.0,-23.981244589620847
15.0,98.5,-24.326816539072066
15.0,99.0,-24.444697569046568
15.0,99.5,-24.53290435468941
15.0,100.0,-24.53290435468941
15.0,100.5,-24.463513310973653
15.0,101.0,-24.39382476598434
15.0,101.5,-24.311978724933017
15.0,102.0,-24.299673375053953
15.0,102.5,-24.286932728260247
15.0,103.0,-24.286932728260247
15.0,103.5,-24.318138691806325
15.0,104.0,-24.43403263255229
15.0,104.5,-24.535251822415336
15.0,105.0,-24.70838870022444
15.0,105.5,-24.99632020413432
15.0,106.0,-25.16866661417489
15.0,106.5,-25.306604656120385
15.0,107.0,-25.306604656120385
15.0,107.5,-25.100335563138014
15.0,108.0,-25.025380838761265
15.0,108.5,-25.006828418138486
15.0,109.0,-24.968373941188847
15.0,109.5,-24.968373941188847
15.0,110.0,-25.00457534885433
15.0,110.5,-25.116592702821265
15.0,111.0,-25.262826885853073
15.0,111.5,-25.318378793612847
15.0,112.0,-25.61748349799065
15.0,112.5,-25.916110511798635
15.0,113.0,-26.11219190885312
15.0,113.5,-26.11219190885312
15.0,114.0,-25.900336502328617
15.0,114.5,-25.875751742924432
15.0,115.0,-25.796653758080904
15.0,115.5,-25.691875869917475
15.0,116.0,-25.66587878203282
15.0,116.5,-25.665602781458027
15.0,117.0,-25.665602781458027
15.0,117.5,-25.665602781458027
15.0,118.0,-25.771348988028503
15.0,118.5,-25.876607717340608
15.0,119.0,-26.114564867952616
15.0,119.5,-26.351860655756397
15.0,120.0,-26.351860655756397
15.0,120.5,-26.077594118839464
15.0,121.0,-25.61748349799065
15.0,121.5,-25.53554272004004
15.0,122.0,-25.440462833648027
15.0,122.5,-25.422087836155267
15.0,123.0,-25.440462833648027
15.0,123.5,-25.45781907497712
15.0,124.0,-25.474148560660034
15.0,124.5,-25.523380092022897
15.0,125.0,-25.57243851459319
15.0,125.5,-25.67002021114166
15.0,126.0,-25.93336450102774
15.0,126.5,-26.11308165839246
15.0,127.0,-26.37569648621971
15.0,127.5,-26.63792248818342
15.0,128.0,-26.69543876608146
15.0,128.5,-26.69543876608146
15.0,129.0,-26.574252838193413
15.0,129.5,-26.536464282378468
15.0,130.0,-26.536464282378468
15.0,130.5,-26.504957024041644
15.0,131.0,-26.543809702210698
15.0,131.5,-26.549884983231916
15.0,132.0,-26.594534188557173
15.0,132.5,-26.6829688360916
15.0,133.0,-26.8952642596722
15.0,133.5,-27.023051339999338
15.0,134.0,-27.234843911577958
15.0,134.5,-27.36203724108093
15.0,135.0,-27.657515748645757
15.0,135.5,-27.657515748645757
15.0,136.0,-27.445582957157377
15.0,136.5,-27.318026163184367
15.0,137.0,-27.274416029583794
15.0,137.5,-27.14624439580244
15.0,138.0,-27.141587380449792
15.0,138.5,-27.10200014978645
15.0,139.0,-27.135504021973606
15.0,139.5,-27.096674522349304
15.0,140.0,-27.127999550342853
15.0,140.5,-27.127999550342853
15.0,141.0,-27.16563591834487
15.0,141.5,-27.249462649473855
15.0,142.0,-27.370287940418525
15.0,142.5,-27.44291375426848
15.0,143.0,-27.44291375426848
15.0,143.5,-27.430350896812513
15.0,144.0,-27.395126753919037
15.0,144.5,-27.381938388085935
15.0,145.0,-27.367286023724873
15.0,145.5,-27.333272131924332
15.0,146.0,-27.35118319725743
15.0,146.5,-27.35118319725743
15.0,147.0,-27.383820184894304
15.0,147.5,-27.415926267743373
15.0,148.0,-27.415926267743373
15.0,148.5,-27.662313519765924
15.0,149.0,-27.744275644908612
15.0,149.5,-27.744275644908612
15.0,150.0,-27.058143745574924
15.0,150.5,-26.259312679080637
15.0,151.0,-26.155049961527183
15.0,151.5,-25.969466142560492
15.0,152.0,-25.89203542194886
15.0,152.5,-25.86434996908551
15.0,153.0,-25.839055455762068
15.0,153.5,-25.839055455762068
15.0,154.0,-25.839055455762068
15.0,154.5,-25.918695542498945
15.0,155.0,-25.94431701999822
15.0,155.5,-26.235949476292735
15.0,156.0,-26.393716431553322
15.0,156.5,-26.472363801056222
15.0,157.0,-26.817049183440872
15.0,157.5,-27.161320118092743
15.0,158.0,-27.37216510519624
15.0,158.5,-27.582622161030823
15.0,159.0,-27.9253171140243
15.0,159.5,-28.057958128269846
15.0,160.0,-28.323097823306068
15.0,160.5,-28.399527166768205
15.0,161.0,-28.664127317361626
15.0,161.5,-28.92838778421077
15.0,162.0,-29.060362993620235
15.0,162.5,-29.135418280459866
15.0,163.0,-29.267000956101576
15.0,163.5,-29.39841402722153
15.0,164.0,-29.529631533011454
15.0,164.5,-29.660621981834666
15.0,165.0,-29.791346812140407
15.0,165.5,-29.8639181505691
15.0,166.0,-29.921758315924098
15.0,166.5,-29.993761395738918
15.0,167.0,-30.05179679567792
15.0,167.5,-30.12314355755941
15.0,168.0,-30.181386609112625
15.0,168.5,-30.25196806533835
15.0,169.0,-30.310430569486545
15.0,169.5,-30.380109986287206
15.0,170.0,-30.43880186493677
15.0,170.5,-30.56633215179387
15.0,171.0,-30.56633215179387
15.0,171.5,-30.56633215179387
15.0,172.0,-30.692793608110833
15.0,172.5,-30.692793608110833
15.0,173.0,-30.57443786073043
15.0,173.5,-30.57443786073043
15.0,174.0,-30.995840413343323
15.0,174.5,-30.995840413343323
15.0,175.0,-31.29816499137976
15.0,175.5,-31.238696100790357
15.0,176.0,-31.238696100790357
15.0,176.5,-31.119703323490914
15.0,177.0,-30.82188664525777
15.0,177.5,-30.524069967024626
15.0,178.0,-30.22625328879148
15.0,178.5,-30.196679520776613
15.0,179.0,-30.167105752761746
15.0,179.5,-30.137531984746875
15.0,180.0,-30.10795821673201
15.0,180.5,-26.94772200160636
15.0,181.0,-26.3506251283948
15.0,181.5,-26.110709286426605
15.0,182.0,-25.929909846548053
15.0,182.5,-25.867768312845467
15.0,183.0,-25.805111267545396
15.0,183.5,-25.80144495361374
15.0,184.0,-25.80144495361374
15.0,184.5,-25.80144495361374
15.0,185.0,-25.85183202877509
15.0,185.5,-25.90578116795288
15.0,186.0,-25.959047128254703
15.0,186.5,-26.077594118839464
15.0,187.0,-26.307547546635966
15.0,187.5,-26.42585829036729
15.0,188.0,-26.78054145426113
15.0,188.5,-27.00803588440376
15.0,189.0,-27.00803588440376
15.0,189.5,-27.302458523077004
15.0,190.0,-27.537652873039733
15.0,190.5,-27.77248774542483
15.0,191.0,-27.948341339549188
15.0,191.5,-28.12392690989337
15.0,192.0,-28.299207361738915
15.0,192.5,-28.47413850889614
15.0,193.0,-28.894442437092245
15.0,193.5,-29.01057166546995
15.0,194.0,-29.126454990735393
15.0,194.5,-29.242062555007294
15.0,195.0,-29.299752270358287
15.0,195.5,-29.414879107982884
15.0,196.0,-29.47230518546624
15.0,196.5,-29.586851340142047
15.0,197.0,-29.64395717632932
15.0,197.5,-29.70094092062663
15.0,198.0,-29.757793681786637
15.0,198.5,-29.871066280167575
15.0,199.0,-31.00226715982144
15.0,199.5,-31.058486408998274
15.0,200.0,-31.24693935202866
15.0,200.5,-31.11430796456647
15.0,201.0,-31.2084446565132
15.0,201.5,-31.2084446565132
15.0,202.0,-31.2084446565132
15.0,202.5,-31.302581348459928
15.0,203.0,-31.16966063900178
15.0,203.5,-29.142008590982936
15.0,204.0,-28.476096904335964
15.0,204.5,-28.26388156289906
15.0,205.0,-28.18465562713768
15.0,205.5,-28.18465562713768
15.0,206.0,-28.158900622054205
15.0,206.5,-28.13241778321487
15.0,207.0,-28.13241778321487
15.0,207.5,-28.13241778321487
15.0,208.0,-28.12973449564172
15.0,208.5,-28.157999989288992
15.0,209.0,-28.18193661214577
15.0,209.5,-28.23392444084081
15.0,210.0,-28.285689231734406
15.0,210.5,-28.33722179259857
15.0,211.0,-28.52143535602782
15.0,211.5,-28.52143535602782
15.0,212.0,-27.415926267743373
15.0,212.5,-26.821420152338824
15.0,213.0,-26.524031099258956
15.0,213.5,-26.49132713518677
15.0,214.0,-26.45818309064486
15.0,214.5,-26.45818309064486
15.0,215.0,-26.439330685668857
15.0,215.5,-26.452835192020988
15.0,216.0,-26.452835192020988
15.0,216.5,-26.452835192020988
15.0,217.0,-26.548605424707155
15.0,217.5,-26.596147017554802
15.0,218.0,-26.85787358374056
15.0,218.5,-27.11908038212647
15.0,219.0,-27.249462649473855
15.0,219.5,-27.593639057536656
15.0,220.0,-27.723539969551517
15.0,220.5,-28.066750383397384
15.0,221.0,-28.280109496883824
15.0,221.5,-28.409131850898113
15.0,222.0,-28.622032530515398
15.0,222.5,-28.834663124362265
15.0,223.0,-28.96269978260246
15.0,223.5,-29.09027879230772
15.0,224.0,-29.09027879230772
15.0,224.5,-28.458509206749316
15.0,225.0,-28.35311555156041
15.0,225.5,-28.247721896371505
15.0,226.0,-28.12080325451954
15.0,226.5,-28.07776769387998
15.0,227.0,-28.034313889331095
15.0,227.5,-27.990455091303257
15.0,228.0,-27.990455091303257
15.0,228.5,-27.985706587406657
15.0,229.0,-28.02472032939266
15.0,229.5,-28.02472032939266
15.0,230.0,-28.06323118634052
15.0,230.5,-28.101224647919324
15.0,231.0,-28.101224647919324
15.0,231.5,-28.138685846586682
15.0,232.0,-28.38994731229598
15.0,232.5,-28.426483474167686
15.0,233.0,-28.51004714064726
15.0,233.5,-28.76051148743029
15.0,234.0,-28.76051148743029
15.0,234.5,-28.747253401912097
15.0,235.0,-28.400486514664124
15.0,235.5,-27.921492061909145
15.0,236.0,-27.87208089447141
15.0,236.5,-27.607448125313034
15.0,237.0,-27.425031387463715
15.0,237.5,-27.242147787435062
15.0,238.0,-27.191610323933133
15.0,238.5,-27.14087130430235
15.0,239.0,-27.038812843031966
15.0,239.5,-27.038812843031966
15.0,240.0,-27.01745901688836
15.0,240.5,-26.9137182307592
15.0,241.0,-26.9137182307592
15.0,241.5,-26.89014974542036
15.0,242.0,-26.865330374080756
15.0,242.5,-26.837590533322924
15.0,243.0,-26.812346022959332
15.0,243.5,-26.78588469670988
15.0,244.0,-26.78588469670988
15.0,244.5,-26.812010242830425
15.0,245.0,-26.837590533322924
15.0,245.5,-26.862617586807975
15.0,246.0,-26.941522842653765
15.0,246.5,-26.96567268434086
15.0,247.0,-27.044077585028862
15.0,247.5,-27.044077585028862
15.0,248.0,-27.034604985147812
15.0,248.5,-26.923655821970577
15.0,249.0,-26.812346022959332
15.0,249.5,-26.756562918172794
15.0,250.0,-26.721125420715623
15.0,250.5,-26.721125420715623
15.0,251.0,-26.721125420715623
15.0,251.5,-26.72211581672049
15.0,252.0,-26.703658367011503
15.0,252.5,-26.60841998279416
15.0,253.0,-26.437448894079303
15.0,253.5,-26.020368271501077
15.0,254.0,-25.8484223916119
15.0,254.5,-25.676099132849924
15.0,255.0,-25.5610220244584
15.0,255.5,-25.518521329257446
15.0,256.0,-25.475220751726155
15.0,256.5,-25.475220751726155
15.0,257.0,-25.44446410598546
15.0,257.5,-25.44446410598546
15.0,258.0,-25.457284361109373
15.0,258.5,-25.52797221921984
15.0,259.0,-25.52797221921984
15.0,259.5,-25.258153011582927
15.0,260.0,-25.023372828552773
15.0,260.5,-24.85693075556756
15.0,261.0,-24.7980758255418
15.0,261.5,-24.689430977085358
15.0,262.0,-24.6471310095403
15.0,262.5,-24.6471310095403
15.0,263.0,-24.654760676976437
15.0,263.5,-24.661920592953358
15.0,264.0,-24.727876947028687
15.0,264.5,-24.85864737845723
15.0,265.0,-24.85864737845723
15.0,265.5,-24.571731109381865
15.0,266.0,-24.27852617931843
15.0,266.5,-24.103584431702686
15.0,267.0,-23.928038355401803
15.0,267.5,-23.928038355401803
15.0,268.0,-23.873232738207268
15.0,268.5,-23.816645034281905
15.0,269.0,-23.816645034281905
15.0,269.5,-23.817502790253965
15.0,270.0,-23.817931701532377
15.0,270.5,-23.877551909222976
15.0,271.0,-23.934561424844574
15.0,271.5,-23.934561424844574
15.0,272.0,-23.573199237966804
15.0,272.5,-23.392018803747618
15.0,273.0,-23.02875892916282
15.0,273.5,-22.906222966525817
15.0,274.0,-22.719737273331315
15.0,274.5,-22.655759853654654
15.0,275.0,-22.52686030329014
15.0,275.5,-22.521295301288948
15.0,276.0,-22.5090636567852
15.0,276.5,-22.5090636567852
15.0,277.0,-22.539300496734054
15.0,277.5,-22.539300496734054
15.0,278.0,-22.286612061779373
15.0,278.5,-22.092138122328066
15.0,279.0,-21.837991219862644
15.0,279.5,-21.583226389317694
15.0,280.0,-21.386590812453825
15.0,280.5,-21.119637636675836
15.0,281.0,-20.97977495478836
15.0,281.5,-20.839124454065544
15.0,282.0,-20.75597792144569
15.0,282.5,-20.743143891101816
15.0,283.0,-20.716582827777245
15.0,283.5,-20.630916319741832
15.0,284.0,-20.54434722338531
15.0,284.5,-20.456895662460198
15.0,285.0,-20.23786623550616
15.0,285.5,-20.03369689137091
15.0,286.0,-19.75539897730694
15.0,286.5,-19.401968189662526
15.0,287.0,-19.253137027102486
15.0,287.5,-18.897267528208964
15.0,288.0,-18.671912836175064
15.0,288.5,-18.502047759805162
15.0,289.0,-18.350549225363096
15.0,289.5,-18.178733222638463
15.0,290.0,-18.061686675757215
15.0,290.5,-17.964196681018297
15.0,291.0,-17.844673321693385
15.0,291.5,-17.723671583823513
15.0,292.0,-17.623793192543033
15.0,292.5,-17.500483697724057
15.0,293.0,-17.3757931689832
15.0,293.5,-17.195181250271883
15.0,294.0,-17.06805798241301
15.0,294.5,-16.885492547619215
15.0,295.0,-16.756070724858027
15.0,295.5,-16.625434618483617
15.0,296.0,-16.547099675300146
15.0,296.5,-16.493956250357492
15.0,297.0,-16.440085446894738
15.0,297.5,-16.438383698329886
15.0,298.0,-16.438383698329886
15.0,298.5,-16.459952856997603
15.0,299.0,-16.507509995595193
15.0,299.5,-16.5826678701101
15.0,300.0,-16.65704088466544
15.0,300.5,-16.782146011566507
15.0,301.0,-16.90594214983242
15.0,301.5,-16.97743973495504
15.0,302.0,-17.098819923712938
15.0,302.5,-17.269150685683066
15.0,303.0,-17.387381424435063
15.0,303.5,-17.487225103293746
15.0,304.0,-17.487225103293746
15.0,304.5,-17.386173888813758
15.0,305.0,-17.234928449378305
15.0,305.5,-16.964873937354255
15.0,306.0,-16.644850452854033
15.0,306.5,-16.323658354854366
15.0,307.0,-15.917817131592237
15.0,307.5,-15.510762635220033
15.0,308.0,-15.018849691891553
15.0,308.5,-14.69335443959232
15.0,309.0,-14.245495805880523
15.0,309.5,-13.79597276789245
15.0,310.0,-13.428935838611256
15.0,310.5,-13.060573474874076
15.0,311.0,-12.775091440729437
15.0,311.5,-12.364685117081368
15.0,312.0,-12.120850334381881
15.0,312.5,-11.791132153095948
15.0,313.0,-11.628350668649432
15.0,313.5,-11.379800563171848
15.0,314.0,-11.255656322848118
15.0,314.5,-11.131314760821134
15.0,315.0,-11.004841964451266
15.0,315.5,-10.961675629276492
15.0,316.0,-10.916164627295998
15.0,316.5,-10.911971119149118
15.0,317.0,-10.911971119149118
15.0,317.5,-10.943526672674068
15.0,318.0,-11.019840408180919
15.0,318.5,-11.134280831544498
15.0,319.0,-11.213077676316782
15.0,319.5,-11.453595359663307
15.0,320.0,-11.608397366933122
15.0,320.5,-11.845537082971383
15.0,321.0,-12.043183335973847
15.0,321.5,-12.360904081204094
15.0,322.0,-12.555941980168758
15.0,322.5,-12.786311965110606
15.0,323.0,-12.786311965110606
15.0,323.5,-12.631911959004537
15.0,324.0,-12.307416982913299
15.0,324.5,-11.981618830721963
15.0,325.0,-11.47365738329987
15.0,325.5,-11.012929687854676
15.0,326.0,-10.418568766668972
15.0,326.5,-9.905220771126967
15.0,327.0,-9.522712693410512
15.0,327.5,-8.955771417220511
15.0,328.0,-8.519574684667642
15.0,328.5,-8.081680291771985
15.0,329.0,-7.723904887428727
15.0,329.5,-7.364263160435897
15.0,330.0,-7.084177318087377
15.0,330.5,-6.85402522944311
15.0,331.0,-6.570069787356648
15.0,331.5,-6.389118468102385
15.0,332.0,-6.182335683658259
15.0,332.5,-6.053554698349711
15.0,333.0,-5.895214259303149
15.0,333.5,-5.788562367813366
15.0,334.0,-5.652962964540123
15.0,334.5,-5.568640544663495
15.0,335.0,-5.428029239494695
15.0,335.5,-5.31474472829602
15.0,336.0,-5.169783867390823
15.0,336.5,-5.022317558472508
15.0,337.0,-4.7943780019551845
15.0,337.5,-4.619749189023054
15.0,338.0,-4.388322974331523
15.0,338.5,-4.12125259885925
15.0,339.0,-3.774217760098484
15.0,339.5,-3.4807641376473484
15.0,340.0,-3.12925507318306
15.0,340.5,-2.831823842755842
15.0,341.0,-2.5517540510789303
15.0,341.5,-2.1936925197191215
15.0,342.0,-1.9085933437552853
15.0,342.5,-1.6778694684563895
15.0,343.0,-1.427728367174801
15.0,343.5,-1.2098546604359335
15.0,344.0,-1.0300320054899004
15.0,344.5,-0.8641553351595341
15.0,345.0,-0.6955331322829608
15.0,345.5,-0.5820031611980205
15.0,346.0,-0.5097493203489734
15.0,346.5,-0.46382487057456245
15.0,347.0,-0.4147139844272587
15.0,347.5,-0.4147139844272587
15.0,348.0,-0.4207154590769768
15.0,348.5,-0.42380077159954155
15.0,349.0,-0.45933156686456655
15.0,349.5,-0.5163877453105812
15.0,350.0,-0.5707290047597091
15.0,350.5,-0.6223412869023797
15.0,351.0,-0.6616571945891501
15.0,351.5,-0.767251176883331
15.0,352.0,-0.801241383931167
15.0,352.5,-0.8112355072548745
15.0,353.0,-0.8214032598328416
15.0,353.5,-0.8242440047097617
15.0,354.0,-0.8214032598328416
15.0,354.5,-0.8054430697121688
15.0,355.0,-0.7787662641718995
15.0,355.5,-0.7479176168010042
15.0,356.0,-0.7479176168010042
15.0,356.5,-0.7236116692105483
15.0,357.0,-0.7236116692105483
15.0,357.5,-0.7391902377700461
15.0,358.0,-0.7496180382693467
15.0,358.5,-0.7601060090160203
15.0,359.0,-0.8296421308297681
15.0,359.5,-0.8314606567851897
16.0,0.0,-2.2276136178653942
16.0,0.5,-2.284564303919261
16.0,1.0,-2.284564303919261
16.0,1.5,-2.284564303919261
16.0,2.0,-2.263750837408896
16.0,2.5,-2.193767046400467
16.0,3.0,-2.059054616820074
16.0,3.5,-1.9254682113681305
16.0,4.0,-1.7857571406074513
16.0,4.5,-1.5839039507785877
16.0,5.0,-1.384925758967377
16.0,5.5,-1.178468453633851
16.0,6.0,-0.969509800387307
16.0,6.5,-0.7580995959035839
16.0,7.0,-0.6034314133064207
16.0,7.5,-0.50534770238772
16.0,8.0,-0.3456647057165796
16.0,8.5,-0.3104735267968728
16.0,9.0,-0.20518735931197085
16.0,9.5,-0.20518735931197085
16.0,10.0,-0.24281723433384883
16.0,10.5,-0.26965136711396553
16.0,11.0,-0.35396701673480635
16.0,11.5,-0.4722729326683144
16.0,12.0,-0.6116890095710552
16.0,12.5,-0.8536326398964569
16.0,13.0,-1.0927770691324454
16.0,13.5,-1.4008244367348262
16.0,14.0,-1.7067412667813002
16.0,14.5,-2.0682405300387146
16.0,15.0,-2.4424106436487953
16.0,15.5,-2.930017888296117
16.0,16.0,-3.341820344517039
16.0,16.5,-3.8244717735877387
16.0,17.0,-4.264793968687361
16.0,17.5,-4.629208355019038
16.0,18.0,-4.991582808434597
16.0,18.5,-5.351834872592708
16.0,19.0,-5.634237357503764
16.0,19.5,-5.820819439762943
16.0,20.0,-5.909612051864087
16.0,20.5,-5.923652210033072
16.0,21.0,-5.923652210033072
16.0,21.5,-5.880205981117701
16.0,22.0,-5.824787843092878
16.0,22.5,-5.811943135460211
16.0,23.0,-5.805825600291321
16.0,23.5,-5.805825600291321
16.0,24.0,-5.85029401529162
16.0,24.5,-5.910286888193394
16.0,25.0,-5.998501896859448
16.0,25.5,-6.110056322839828
16.0,26.0,-6.274043481497138
16.0,26.5,-6.489808766012494
16.0,27.0,-6.783433541557393
16.0,27.5,-7.075258393687804
16.0,28.0,-7.498509355623806
16.0,28.5,-7.7865128034882645
16.0,29.0,-8.28666487878936
16.0,29.5,-8.7039124060746
16.0,30.0,-9.148455850719373
16.0,30.5,-9.776083676575208
16.0,31.0,-10.217252366662528
16.0,31.5,-10.738633738987456
16.0,32.0,-11.176506320894074
16.0,32.5,-11.562060744460766
16.0,33.0,-11.863790876839854
16.0,33.5,-12.246243198170117
16.0,34.0,-12.412127100542758
16.0,34.5,-12.52706621485655
16.0,35.0,-12.606901228462707
16.0,35.5,-12.642044597408091
16.0,36.0,-12.642044597408091
16.0,36.5,-12.61939346388823
16.0,37.0,-12.595863981814347
16.0,37.5,-12.571459302399465
16.0,38.0,-12.571459302399465
16.0,38.5,-12.55791421812943
16.0,39.0,-12.576789591447298
16.0,39.5,-12.612603219496929
16.0,40.0,-12.666537253467283
16.0,40.5,-12.72671966587075
16.0,41.0,-12.907839194149215
16.0,41.5,-13.003563174977497
16.0,42.0,-13.182092012099258
16.0,42.5,-13.359297108800416
16.0,43.0,-13.61939125181954
16.0,43.5,-13.878136798001798
16.0,44.0,-14.135475947555744
16.0,44.5,-14.475657004401988
16.0,45.0,-14.814320056398788
16.0,45.5,-15.025109291890612
16.0,46.0,-15.360898378049264
16.0,46.5,-15.569430774396501
16.0,47.0,-15.723496487950133
16.0,47.5,-15.723496487950133
16.0,48.0,-15.546321117785315
16.0,48.5,-15.496589467189327
16.0,49.0,-15.316749490000738
16.0,49.5,-15.135475817302865
16.0,50.0,-14.952813532501239
16.0,50.5,-14.814931789267437
16.0,51.0,-14.713777797396784
16.0,51.5,-14.611188356277086
16.0,52.0,-14.554239188551684
16.0,52.5,-14.53275486921244
16.0,53.0,-14.53275486921244
16.0,53.5,-14.545401358496616
16.0,54.0,-14.568409013625885
16.0,54.5,-14.625303115179129
16.0,55.0,-14.714588768483754
16.0,55.5,-14.78264124285084
16.0,56.0,-14.883684613434834
16.0,56.5,-14.98346620301185
16.0,57.0,-14.999431242889894
16.0,57.5,-15.096777105932205
16.0,58.0,-15.192802682223203
16.0,58.5,-15.287485544932004
16.0,59.0,-15.380803080768189
16.0,59.5,-15.472732502974317
16.0,60.0,-15.563250865279247
16.0,60.5,-15.704146375462084
16.0,61.0,-15.84408502891701
16.0,61.5,-16.064001642944525
16.0,62.0,-16.20176171397556
16.0,62.5,-16.499504205784646
16.0,63.0,-16.68775825210681
16.0,63.5,-16.955416172199925
16.0,64.0,-17.221927642711215
16.0,64.5,-17.487230559760036
16.0,65.0,-17.69728781928802
16.0,65.5,-17.801616331458867
16.0,66.0,-18.06322614955552
16.0,66.5,-18.1902298144918
16.0,67.0,-18.292384780283225
16.0,67.5,-18.47210796640558
16.0,68.0,-18.650808051008156
16.0,68.5,-18.828444158369443
16.0,69.0,-19.137710264313533
16.0,69.5,-19.368737348144233
16.0,70.0,-19.59892556375337
16.0,70.5,-19.96060110955358
16.0,71.0,-20.188822201933984
16.0,71.5,-20.47250759584586
16.0,72.0,-20.698840571943798
16.0,72.5,-20.867210311653388
16.0,73.0,-20.959577278636935
16.0,73.5,-20.976911368217195
16.0,74.0,-21.01071066909165
16.0,74.5,-21.043342765409804
16.0,75.0,-21.059217905859022
16.0,75.5,-21.147737644663216
16.0,76.0,-21.235354893210204
16.0,76.5,-21.451993457496126
16.0,77.0,-21.595529784822922
16.0,77.5,-21.796493343873877
16.0,78.0,-21.996888722492482
16.0,78.5,-22.26713599156637
16.0,79.0,-22.26713599156637
16.0,79.5,-22.24276706132469
16.0,80.0,-22.13603057373834
16.0,80.5,-22.03841473064103
16.0,81.0,-21.93896438836561
16.0,81.5,-21.93000230729215
16.0,82.0,-21.93896438836561
16.0,82.5,-21.96382322324055
16.0,83.0,-22.030583127710546
16.0,83.5,-22.104088474350036
16.0,84.0,-22.170013855434103
16.0,84.5,-22.360357621850312
16.0,85.0,-22.60905397739204
16.0,85.5,-22.80598817329276
16.0,86.0,-22.80598817329276
16.0,86.5,-22.63120873105448
16.0,87.0,-22.51545896008013
16.0,87.5,-22.46136607991592
16.0,88.0,-22.458823625063683
16.0,88.5,-22.40720931736571
16.0,89.0,-22.40720931736571
16.0,89.5,-22.46863387927258
16.0,90.0,-22.468997411045883
16.0,90.5,-22.766724000042185
16.0,91.0,-22.944813376946918
16.0,91.5,-23.122482951669326
16.0,92.0,-23.418894561126997
16.0,92.5,-23.59027756603983
16.0,93.0,-23.59027756603983
16.0,93.5,-23.40481283980386
16.0,94.0,-23.34132149336085
16.0,94.5,-23.272732530519697
16.0,95.0,-23.26204425805991
16.0,95.5,-23.256111819315674
16.0,96.0,-23.26204425805991
16.0,96.5,-23.368304887977914
16.0,97.0,-23.5391003949983
16.0,97.5,-23.70914917282742
16.0,98.0,-24.063744480352923
16.0,98.5,-24.409433033656487
16.0,99.0,-24.409433033656487
16.0,99.5,-24.263391266328917
16.0,100.0,-24.06656847804683
16.0,100.5,-23.99712022075611
16.0,101.0,-23.98592498558997
16.0,101.5,-23.97431520030283
16.0,102.0,-23.97431520030283
16.0,102.5,-24.008114939649328
16.0,103.0,-24.111448820530953
16.0,103.5,-24.28568485326652
16.0,104.0,-24.32978686704429
16.0,104.5,-24.864873452788366
16.0,105.0,-25.095765665638933
16.0,105.5,-25.095765665638933
16.0,106.0,-25.048204563168138
16.0,106.5,-24.842996338672165
16.0,107.0,-24.825732673895864
16.0,107.5,-24.733146969374765
16.0,108.0,-24.733146969374765
16.0,108.5,-24.77132741655489
16.0,109.0,-24.80874801996719
16.0,109.5,-24.9214288928868
16.0,110.0,-25.09005157828303
16.0,110.5,-25.25816514443519
16.0,111.0,-25.425731947753572
16.0,111.5,-25.91376329299313
16.0,112.0,-26.112776807126856
16.0,112.5,-26.112776807126856
16.0,113.0,-25.956565175795767
16.0,113.5,-25.878221773013777
16.0,114.0,-25.854266497772834
16.0,114.5,-25.829846693892286
16.0,115.0,-25.829846693892286
16.0,115.5,-25.912921429642427
16.0,116.0,-26.02046333270204
16.0,116.5,-26.127571637609236
16.0,117.0,-26.234223171989886
16.0,117.5,-26.340393192267573
16.0,118.0,-26.845888917101277
16.0,118.5,-27.031722187034283
16.0,119.0,-27.350575587172266
16.0,119.5,-27.55825679397962
16.0,120.0,-27.55825679397962
16.0,120.5,-27.52802840277499
16.0,121.0,-27.52802840277499
16.0,121.5,-27.548032971178266
16.0,122.0,-27.548032971178266
16.0,122.5,-27.56660382907764
16.0,123.0,-27.56660382907764
16.0,123.5,-27.66640260584801
16.0,124.0,-27.798688609588588
16.0,124.5,-27.848109368093617
16.0,125.0,-27.848109368093617
16.0,125.5,-27.69676906241534
16.0,126.0,-27.44699233668873
16.0,126.5,-27.363660857707327
16.0,127.0,-27.363660857707327
16.0,127.5,-27.339335673361035
16.0,128.0,-27.3756865679429
16.0,128.5,-27.349123826258534
16.0,129.0,-27.386279178547024
16.0,129.5,-27.395429302348052
16.0,130.0,-27.403128764418057
16.0,130.5,-27.403128764418057
16.0,131.0,-27.448473708058312
16.0,131.5,-27.790704520558
16.0,132.0,-27.91939610094029
16.0,132.5,-28.13202753291718
16.0,133.0,-28.260146012167624
16.0,133.5,-28.47219647172645
16.0,134.0,-28.51529044433061
16.0,134.5,-28.536845493036772
16.0,135.0,-28.536845493036772
16.0,135.5,-28.536845493036772
16.0,136.0,-28.515766769350027
16.0,136.5,-28.555034552661738
16.0,137.0,-28.555034552661738
16.0,137.5,-28.555034552661738
16.0,138.0,-28.595211210155576
16.0,138.5,-28.595211210155576
16.0,139.0,-28.589861220122078
16.0,139.5,-28.292374753125657
16.0,140.0,-27.86511241116544
16.0,140.5,-27.73521149915058
16.0,141.0,-27.68896350438721
16.0,141.5,-27.64240802507222
16.0,142.0,-27.63199776723759
16.0,142.5,-27.595554294224385
16.0,143.0,-27.620074134362323
16.0,143.5,-27.620074134362323
16.0,144.0,-27.655163725873223
16.0,144.5,-27.655163725873223
16.0,145.0,-27.689743458553668
16.0,145.5,-27.85579306560302
16.0,146.0,-27.889517566688262
16.0,146.5,-28.055000855706226
16.0,147.0,-28.1702146803645
16.0,147.5,-28.1702146803645
16.0,148.0,-28.334850750643742
16.0,148.5,-28.49913141486382
16.0,149.0,-28.53008490542284
16.0,149.5,-28.611797324928713
16.0,150.0,-28.641746028347935
16.0,150.5,-28.641746028347935
16.0,151.0,-28.804150634854942
16.0,151.5,-28.885122949597896
16.0,152.0,-28.965926795183474
16.0,152.5,-29.046549410521777
16.0,153.0,-29.046549410521777
16.0,153.5,-27.687403996321606
16.0,154.0,-23.47382665622954
16.0,154.5,-23.31243010132139
16.0,155.0,-23.15038022438392
16.0,155.5,-22.987711328033573
16.0,156.0,-22.769911658717106
16.0,156.5,-22.605919504406113
16.0,157.0,-22.38645899539228
16.0,157.5,-22.166134328326365
16.0,158.0,-22.155209139597467
16.0,158.5,-22.155209139597467
16.0,159.0,-22.17689487219185
16.0,159.5,-22.219343527069036
16.0,160.0,-22.240102534775282
16.0,160.5,-22.28068021832441
16.0,161.0,-22.300495057926877
16.0,161.5,-22.339167252963136
16.0,162.0,-22.35802086395651
16.0,162.5,-22.394753879686412
16.0,163.0,-22.412629645532817
16.0,163.5,-22.44739074124591
16.0,164.0,-22.464272551718082
16.0,164.5,-22.497030062227424
16.0,165.0,-22.512902376405172
16.0,165.5,-22.543625838329845
16.0,166.0,-22.558473747776826
16.0,166.5,-22.587134025683582
16.0,167.0,-24.133763025238405
16.0,167.5,-24.14713716993787
16.0,168.0,-24.172631088244067
16.0,168.5,-24.196439379206403
16.0,169.0,-24.207706692937812
16.0,169.5,-24.207706692937812
16.0,170.0,-24.218547046346494
16.0,170.5,-24.218547046346494
16.0,171.0,-24.19864741316284
16.0,171.5,-24.18959831934215
16.0,172.0,-23.79387944739445
16.0,172.5,-23.61659774554954
16.0,173.0,-23.50589424796452
16.0,173.5,-23.45379326751179
16.0,174.0,-22.68960930496786
16.0,174.5,-22.68960930496786
16.0,175.0,-22.70077373184194
16.0,175.5,-22.70580198608347
16.0,176.0,-22.71474765399046
16.0,176.5,-22.897168614618785
16.0,177.0,-24.336075129731295
16.0,177.5,-24.57722704261699
16.0,178.0,-25.296928260960417
16.0,178.5,-25.596718377198933
16.0,179.0,-25.955717584776544
16.0,179.5,-26.254654100006384
16.0,180.0,-26.73191548219417
16.0,180.5,-27.26814385128988
16.0,181.0,-27.38737628369666
16.0,181.5,-27.743886541123892
16.0,182.0,-27.743886541123892
16.0,182.5,-27.20323885692114
16.0,183.0,-26.723864521485826
16.0,183.5,-26.422816022893976
16.0,184.0,-26.3593810930491
16.0,184.5,-26.35485461400664
16.0,185.0,-26.349728804619367
16.0,185.5,-26.34400522620293
16.0,186.0,-26.34400522620293
16.0,186.5,-26.456175020480085
16.0,187.0,-26.62657135604624
16.0,187.5,-26.633849425274207
16.0,188.0,-26.922113895875054
16.0,188.5,-27.276361263847523
16.0,189.0,-27.57116303798753
16.0,189.5,-27.620458288007693
16.0,190.0,-27.679225314653657
16.0,190.5,-27.914060187038753
16.0,191.0,-27.914060187038753
16.0,191.5,-26.675165065337932
16.0,192.0,-25.692553557488168
16.0,192.5,-25.246476509278796
16.0,193.0,-25.174991022850172
16.0,193.5,-25.161181784801634
16.0,194.0,-25.089058289604843
16.0,194.5,-25.089058289604843
16.0,195.0,-25.10123559009573
16.0,195.5,-25.116922679359355
16.0,196.0,-25.1423942628375
16.0,196.5,-25.199663637679564
16.0,197.0,-25.296928260960417
16.0,197.5,-25.410896120902876
16.0,198.0,-25.581501953769035
16.0,198.5,-25.808279296358936
16.0,199.0,-25.8821300024574
16.0,199.5,-25.8821300024574
16.0,200.0,-25.861777661061534
16.0,200.5,-25.84093506459726
16.0,201.0,-25.797798231707944
16.0,201.5,-25.797798231707944
16.0,202.0,-25.797798231707944
16.0,202.5,-25.830677656981713
16.0,203.0,-25.94076226152162
16.0,203.5,-26.026746381825127
16.0,204.0,-26.026746381825127
16.0,204.5,-26.32326610925849
16.0,205.0,-26.56492776426879
16.0,205.5,-26.67293257589738
16.0,206.0,-26.913775796913217
16.0,206.5,-27.28745845020813
16.0,207.0,-27.474099737843595
16.0,207.5,-27.84689737929495
16.0,208.0,-27.8997268193867
16.0,208.5,-27.8997268193867
16.0,209.0,-27.229029266174187
16.0,209.5,-26.71903957346915
16.0,210.0,-26.556176046879372
16.0,210.5,-26.525961125166447
16.0,211.0,-26.495286886060782
16.0,211.5,-26.495286886060782
16.0,212.0,-26.514787863892764
16.0,212.5,-26.533111036596843
16.0,213.0,-26.56524057493116
16.0,213.5,-26.632899576800693
16.0,214.0,-26.682506694308277
16.0,214.5,-26.864018430830612
16.0,215.0,-27.04503038377992
16.0,215.5,-27.30864779823546
16.0,216.0,-27.571923338426437
16.0,216.5,-27.751392094873
16.0,217.0,-27.966057671807498
16.0,217.5,-28.22817573105583
16.0,218.0,-28.22817573105583
16.0,218.5,-27.772792413960026
16.0,219.0,-26.971745397195264
16.0,219.5,-26.720004226095497
16.0,220.0,-26.68186790729737
16.0,220.5,-26.6433567655367
16.0,221.0,-26.60447847573822
16.0,221.5,-26.56524057493116
16.0,222.0,-26.52969039813102
16.0,222.5,-26.52969039813102
16.0,223.0,-26.573379705888293
16.0,223.5,-26.616776670881748
16.0,224.0,-26.659874480733347
16.0,224.5,-26.786976845073532
16.0,225.0,-26.913775796913217
16.0,225.5,-26.955933592854677
16.0,226.0,-27.082062814513243
16.0,226.5,-27.205353640245246
16.0,227.0,-27.245704430309715
16.0,227.5,-27.245704430309715
16.0,228.0,-27.285666902508254
16.0,228.5,-27.369852217308605
16.0,229.0,-27.403128764418057
16.0,229.5,-27.403128764418057
16.0,230.0,-26.89182559600343
16.0,230.5,-26.46416063893349
16.0,231.0,-26.20385334664778
16.0,231.5,-26.15726913167354
16.0,232.0,-26.063428933695338
16.0,232.5,-26.052229208922434
16.0,233.0,-26.016183068242437
16.0,233.5,-26.039904218430475
16.0,234.0,-26.039904218430475
16.0,234.5,-26.074936942641664
16.0,235.0,-26.192687415713106
16.0,235.5,-26.309779628179186
16.0,236.0,-26.309779628179186
16.0,236.5,-26.11190763408866
16.0,237.0,-25.796971504621453
16.0,237.5,-25.614113040653386
16.0,238.0,-25.513057651362644
16.0,238.5,-25.513057651362644
16.0,239.0,-25.513057651362644
16.0,239.5,-25.5238878906872
16.0,240.0,-25.55409334948749
16.0,240.5,-25.583902236661256
16.0,241.0,-25.694452008701752
16.0,241.5,-25.694452008701752
16.0,242.0,-25.646346699529406
16.0,242.5,-25.27395039347234
16.0,243.0,-24.90107684169375
16.0,243.5,-24.90107684169375
16.0,244.0,-24.76704911857611
16.0,244.5,-24.71330355099579
16.0,245.0,-24.70976558097597
16.0,245.5,-24.70976558097597
16.0,246.0,-24.734329778031086
16.0,246.5,-24.758499855567493
16.0,247.0,-24.758499855567493
16.0,247.5,-24.45241096618024
16.0,248.0,-24.153722725707613
16.0,248.5,-23.931884674042763
16.0,249.0,-23.687941924775473
16.0,249.5,-23.597466534115355
16.0,250.0,-23.561990478752584
16.0,250.5,-23.52584352316145
16.0,251.0,-23.508131183306176
16.0,251.5,-23.508131183306176
16.0,252.0,-23.58350486007596
16.0,252.5,-23.65519482702225
16.0,253.0,-23.65519482702225
16.0,253.5,-23.42654833891894
16.0,254.0,-23.197394110326343
16.0,254.5,-23.041035678426194
16.0,255.0,-22.81069578511109
16.0,255.5,-22.652488375506152
16.0,256.0,-22.60905397739204
16.0,256.5,-22.60905397739204
16.0,257.0,-22.63675539991972
16.0,257.5,-22.650080484981466
16.0,258.0,-22.675672084857446
16.0,258.5,-22.687935765605722
16.0,259.0,-22.687935765605722
16.0,259.5,-22.488101847572125
16.0,260.0,-22.263752806083005
16.0,260.5,-22.09725681743027
16.0,261.0,-22.04782059227449
16.0,261.5,-21.93896438836561
16.0,262.0,-21.888567754286925
16.0,262.5,-21.853110606915635
16.0,263.0,-21.853110606915635
16.0,263.5,-21.860295022593057
16.0,264.0,-21.873650710203012
16.0,264.5,-21.873650710203012
16.0,265.0,-21.77746261137232
16.0,265.5,-21.603876211561268
16.0,266.0,-21.489267442442006
16.0,266.5,-21.19925929083544
16.0,267.0,-21.083391355870575
16.0,267.5,-20.969659325778547
16.0,268.0,-20.91228042159939
16.0,268.5,-20.79776435855739
16.0,269.0,-20.79776435855739
16.0,269.5,-20.79776435855739
16.0,270.0,-20.740006949183993
16.0,270.5,-20.739080244591413
16.0,271.0,-20.738153614619236
16.0,271.5,-20.616180872393322
16.0,272.0,-20.493054437013285
16.0,272.5,-20.36881018567717
16.0,273.0,-20.243482829231603
16.0,273.5,-20.180423521738437
16.0,274.0,-20.113003931001202
16.0,274.5,-19.985072790213074
16.0,275.0,-19.974930670791153
16.0,275.5,-19.963639316542352
16.0,276.0,-19.95120189357391
16.0,276.5,-19.94455448005163
16.0,277.0,-19.94455448005163
16.0,277.5,-19.930404562720447
16.0,278.0,-19.89869849946967
16.0,278.5,-19.88115108725111
16.0,279.0,-19.744785338918298
16.0,279.5,-19.666415676807603
16.0,280.0,-19.58712721712145
16.0,280.5,-19.506937114646703
16.0,281.0,-19.42586228764594
16.0,281.5,-19.402317624824917
16.0,282.0,-19.319424087756477
16.0,282.5,-19.293877341239348
16.0,283.0,-19.26728538226395
16.0,283.5,-19.23965462135198
16.0,284.0,-19.21099166403978
16.0,284.5,-19.123617720996556
16.0,285.0,-19.019880171075606
16.0,285.5,-18.873155398892585
16.0,286.0,-18.709367216475478
16.0,286.5,-18.56129620121562
16.0,287.0,-18.395293118093818
16.0,287.5,-18.171150404612256
16.0,288.0,-18.002706537377385
16.0,288.5,-17.833025145249252
16.0,289.0,-17.662149421104694
16.0,289.5,-17.490120854314164
16.0,290.0,-17.316979295589874
16.0,290.5,-17.142763020391122
16.0,291.0,-16.890350020421366
16.0,291.5,-16.71382446869646
16.0,292.0,-16.53634100924757
16.0,292.5,-16.357931742356776
16.0,293.0,-16.15519520741785
16.0,293.5,-15.896069137223936
16.0,294.0,-15.714463617022403
16.0,294.5,-15.507203476121457
16.0,295.0,-15.244363510212988
16.0,295.5,-15.034090170674617
16.0,296.0,-14.90211937742039
16.0,296.5,-14.689061172999963
16.0,297.0,-14.47455691998864
16.0,297.5,-14.258658349595322
16.0,298.0,-14.122134869601993
16.0,298.5,-13.95609525169488
16.0,299.0,-13.736257707070955
16.0,299.5,-13.566987553670199
16.0,300.0,-13.396031661840158
16.0,300.5,-13.25391727213842
16.0,301.0,-13.131165999614574
16.0,301.5,-12.955595745717098
16.0,302.0,-12.860750354582226
16.0,302.5,-12.764724567467372
16.0,303.0,-12.700060182578643
16.0,303.5,-12.618850157891256
16.0,304.0,-12.568478583911215
16.0,304.5,-12.516433942922784
16.0,305.0,-12.516433942922784
16.0,305.5,-12.516433942922784
16.0,306.0,-12.517064511052364
16.0,306.5,-12.517064511052364
16.0,307.0,-12.554123264071407
16.0,307.5,-12.613236876276893
16.0,308.0,-12.618669059234197
16.0,308.5,-12.618669059234197
16.0,309.0,-12.599843913282598
16.0,309.5,-12.494736660071641
16.0,310.0,-12.3416428007271
16.0,310.5,-12.18688206153493
16.0,311.0,-11.946357820533791
16.0,311.5,-11.704150764765188
16.0,312.0,-11.376098898314275
16.0,312.5,-11.046416500591448
16.0,313.0,-10.79945573469669
16.0,313.5,-10.466750950774742
16.0,314.0,-10.175339530518762
16.0,314.5,-9.923843113898801
16.0,315.0,-9.628739465053531
16.0,315.5,-9.331696638839656
16.0,316.0,-9.160154479991164
16.0,316.5,-8.94407037152757
16.0,317.0,-8.726193170892898
16.0,317.5,-8.590794756899342
16.0,318.0,-8.409148514054436
16.0,318.5,-8.26990659329769
16.0,319.0,-8.174105083447
16.0,319.5,-8.115849244169855
16.0,320.0,-8.055823414816032
16.0,320.5,-8.03181070782884
16.0,321.0,-8.014348531225405
16.0,321.5,-8.014348531225405
16.0,322.0,-8.022857935576038
16.0,322.5,-8.038637586035033
16.0,323.0,-8.100019136748685
16.0,323.5,-8.160081317077406
16.0,324.0,-8.241163014883124
16.0,324.5,-8.297571473815957
16.0,325.0,-8.32653143644734
16.0,325.5,-8.32653143644734
16.0,326.0,-8.195525544440862
16.0,326.5,-8.112166897279039
16.0,327.0,-7.894653273429281
16.0,327.5,-7.593055275044108
16.0,328.0,-7.321400186694294
16.0,328.5,-6.965561133344419
16.0,329.0,-6.556621195565093
16.0,329.5,-6.196900981447978
16.0,330.0,-5.9168336981647585
16.0,330.5,-5.501599975092379
16.0,331.0,-5.217558511919208
16.0,331.5,-4.879132304532934
16.0,332.0,-4.591201209585105
16.0,332.5,-4.381844796796795
16.0,333.0,-4.117127692006722
16.0,333.5,-3.9033716691566234
16.0,334.0,-3.741300772423724
16.0,334.5,-3.549225280636179
16.0,335.0,-3.437592691472741
16.0,335.5,-3.319631729308142
16.0,336.0,-3.228903164946022
16.0,336.5,-3.136259376757824
16.0,337.0,-3.064792156380193
16.0,337.5,-2.9679325310028126
16.0,338.0,-2.924562217827198
16.0,338.5,-2.7903088748372227
16.0,339.0,-2.6874936175906576
16.0,339.5,-2.582877732455703
16.0,340.0,-2.3845042280102398
16.0,340.5,-2.21932596583855
16.0,341.0,-1.9956538365245748
16.0,341.5,-1.8262768190572345
16.0,342.0,-1.5981661103332456
16.0,342.5,-1.424745493406288
16.0,343.0,-1.152507606747701
16.0,343.5,-0.9746243953582088
16.0,344.0,-0.7537538095708385
16.0,344.5,-0.5717130710344733
16.0,345.0,-0.4031565705142981
16.0,345.5,-0.2897222342645378
16.0,346.0,-0.17391827005373983
16.0,346.5,-0.100024872534199
16.0,347.0,-0.006614568555917799
16.0,347.5,0.0
16.0,348.0,0.0
16.0,348.5,-0.0036929667995551085
16.0,349.0,-0.03876967914849416
16.0,349.5,-0.049973593251088744
16.0,350.0,-0.16305884265588588
16.0,350.5,-0.21489585264398414
16.0,351.0,-0.3228862383621838
16.0,351.5,-0.4872670371328631
16.0,352.0,-0.5902349682496784
16.0,352.5,-0.7496907596225029
16.0,353.0,-0.8475188757396417
16.0,353.5,-0.9949205340479601
16.0,354.0,-1.0880423600123663
16.0,354.5,-1.2377908917899063
16.0,355.0,-1.3255509565500034
16.0,355.5,-1.4056647915166138
16.0,356.0,-1.5479301696382706
16.0,356.5,-1.6240984985328168
16.0,357.0,-1.7019113880736647
16.0,357.5,-1.7768897068823932
16.0,358.0,-1.8467323023099773
16.0,358.5,-1.9761545535828766
16.0,359.0,-2.103832903287717
16.0,359.5,-2.105719764288583
17.0,0.0,-3.4923650570844202
17.0,0.5,-3.671225299536715
17.0,1.0,-3.78765626615343
17.0,1.5,-3.78765626615343
17.0,2.0,-3.7681868730716275
17.0,2.5,-3.638605181184211
17.0,3.0,-3.447607583975003
17.0,3.5,-3.1914519013225586
17.0,4.0,-2.9369883809450386
17.0,4.5,-2.616584538791688
17.0,5.0,-2.2936753370536067
17.0,5.5,-1.9683408982437065
17.0,6.0,-1.6999229226221715
17.0,6.5,-1.4291146504706873
17.0,7.0,-1.2151191530660164
17.0,7.5,-1.0577928005205308
17.0,8.0,-0.906527198075608
17.0,8.5,-0.8626255353844314
17.0,9.0,-0.7571162370294857
17.0,9.5,-0.7571162370294857
17.0,10.0,-0.8150544963498199
17.0,10.5,-0.8423665140687184
17.0,11.0,-0.9746823225953811
17.0,11.5,-1.1631791909879965
17.0,12.0,-1.4075042873223254
17.0,12.5,-1.6034735473936266
17.0,13.0,-1.9141159416141242
17.0,13.5,-2.2806890291116275
17.0,14.0,-2.6448378212598413
17.0,14.5,-3.1367193928846326
17.0,15.0,-3.5536567797934175
17.0,15.5,-3.9833389041197904
17.0,16.0,-4.353591783621383
17.0,16.5,-4.721981420830954
17.0,17.0,-5.0712342071342
17.0,17.5,-5.264370289740587
17.0,18.0,-5.34553885532933
17.0,18.5,-5.34553885532933
17.0,19.0,-5.267991620830571
17.0,19.5,-5.188565546658751
17.0,20.0,-5.030734798652045
17.0,20.5,-4.94731308826664
17.0,21.0,-4.840475842811831
17.0,21.5,-4.830430563869683
17.0,22.0,-4.8064663702807415
17.0,22.5,-4.8064663702807415
17.0,23.0,-4.847477309992474
17.0,23.5,-4.9104412006788785
17.0,24.0,-5.057771263164099
17.0,24.5,-5.2271316847943154
17.0,25.0,-5.449085203189444
17.0,25.5,-5.6690145978521365
17.0,26.0,-6.020170536677654
17.0,26.5,-6.36922443585614
17.0,27.0,-6.796162767716318
17.0,27.5,-7.2212950358740144
17.0,28.0,-7.644527661203657
17.0,28.5,-8.199019474866159
17.0,29.0,-8.699058497748005
17.0,29.5,-9.064130276890687
17.0,30.0,-9.560519947997623
17.0,30.5,-10.003392114934403
17.0,31.0,-10.311698899701177
17.0,31.5,-10.669463322704956
17.0,32.0,-10.892302560291533
17.0,32.5,-11.06275088121702
17.0,33.0,-11.149290908727682
17.0,33.5,-11.201132434610411
17.0,34.0,-11.216498644875884
17.0,34.5,-11.216498644875884
17.0,35.0,-11.216498644875884
17.0,35.5,-11.241936646813155
17.0,36.0,-11.247687702503264
17.0,36.5,-11.295787561071794
17.0,37.0,-11.368485290082237
17.0,37.5,-11.43921729767564
17.0,38.0,-11.591637845362285
17.0,38.5,-11.732459112375643
17.0,39.0,-11.965829524843205
17.0,39.5,-12.197485003746696
17.0,40.0,-12.51133543842089
17.0,40.5,-12.778001167802572
17.0,41.0,-13.256916934055507
17.0,41.5,-13.734206390802076
17.0,42.0,-14.165288248932608
17.0,42.5,-14.807790673298932
17.0,43.0,-15.236199092912138
17.0,43.5,-15.831803468488626
17.0,44.0,-16.13008483544797
17.0,44.5,-16.55450135669618
17.0,45.0,-16.680966437624143
17.0,45.5,-16.680966437624143
17.0,46.0,-16.5524644661406
17.0,46.5,-16.295335013556926
17.0,47.0,-16.164611297548564
17.0,47.5,-15.904668329006164
17.0,48.0,-15.727407854180893
17.0,48.5,-15.593460238205129
17.0,49.0,-15.41356603129509
17.0,49.5,-15.232232199016938
17.0,50.0,-15.133462249853803
17.0,50.5,-15.079375643261567
17.0,51.0,-14.977982421060858
17.0,51.5,-14.958863988387733
17.0,52.0,-14.958863988387733
17.0,52.5,-14.974486074368599
17.0,53.0,-15.046819396833541
17.0,53.5,-15.070894747168506
17.0,54.0,-15.177312620909486
17.0,54.5,-15.365735412380932
17.0,55.0,-15.469575918806385
17.0,55.5,-15.738054396004923
17.0,56.0,-15.888375735438224
17.0,56.5,-16.12061126693867
17.0,57.0,-16.301904878696085
17.0,57.5,-16.531658048933302
17.0,58.0,-16.678000468147786
17.0,58.5,-16.905509910348982
17.0,59.0,-17.049840298367506
17.0,59.5,-17.274929740443092
17.0,60.0,-17.580134528732966
17.0,60.5,-17.90580619301373
17.0,61.0,-18.17895603707441
17.0,61.5,-18.584288825121334
17.0,62.0,-18.988609128946614
17.0,62.5,-19.525108290837025
17.0,63.0,-20.060434281264037
17.0,63.5,-20.514405896361005
17.0,64.0,-20.887595106058395
17.0,64.5,-21.473122815931042
17.0,65.0,-21.71154750852141
17.0,65.5,-22.08253063550333
17.0,66.0,-22.319480397474393
17.0,66.5,-22.501013200542
17.0,67.0,-22.602991627149244
17.0,67.5,-22.704198363073615
17.0,68.0,-22.859847132217425
17.0,68.5,-22.959644578929165
17.0,69.0,-23.11419931387333
17.0,69.5,-23.268248016881635
17.0,70.0,-23.498313895102477
17.0,70.5,-23.633858840681924
17.0,71.0,-23.633858840681924
17.0,71.5,-23.40769818992713
17.0,72.0,-22.992382062469026
17.0,72.5,-22.878774315228153
17.0,73.0,-22.66855260192232
17.0,73.5,-22.38279929866428
17.0,74.0,-22.342035082207595
17.0,74.5,-22.30072384753314
17.0,75.0,-22.258872373578733
17.0,75.5,-22.231363803249312
17.0,76.0,-22.231363803249312
17.0,76.5,-22.318050081607552
17.0,77.0,-22.461752419735603
17.0,77.5,-22.604648236213173
17.0,78.0,-22.604648236213173
17.0,78.5,-22.595632355998113
17.0,79.0,-22.48990967834272
17.0,79.5,-22.383519119420363
17.0,80.0,-22.217726271539576
17.0,80.5,-22.217726271539576
17.0,81.0,-22.187506361730087
17.0,81.5,-22.187506361730087
17.0,82.0,-22.20481426363846
17.0,82.5,-22.27203221841657
17.0,83.0,-22.464836683134003
17.0,83.5,-22.65670008527166
17.0,84.0,-22.966144600885933
17.0,84.5,-23.33411561339928
17.0,85.0,-23.33411561339928
17.0,85.5,-23.111867530718172
17.0,86.0,-22.997177939143484
17.0,86.5,-22.941506787083938
17.0,87.0,-22.888441898224634
17.0,87.5,-22.888441898224634
17.0,88.0,-22.89337431026609
17.0,88.5,-22.895272083604006
17.0,89.0,-22.95639627101367
17.0,89.5,-23.196777973981128
17.0,90.0,-23.4356512638326
17.0,90.5,-23.733752484205525
17.0,91.0,-23.969660234506886
17.0,91.5,-23.969660234506886
17.0,92.0,-23.608346597916782
17.0,92.5,-23.546320471520467
17.0,93.0,-23.543465246300702
17.0,93.5,-23.5365350187924
17.0,94.0,-23.532460985135238
17.0,94.5,-23.527981743639998
17.0,95.0,-23.527981743639998
17.0,95.5,-23.69589638074033
17.0,96.0,-24.164475722595697
17.0,96.5,-24.28302484055894
17.0,97.0,-24.87543612013312
17.0,97.5,-24.87543612013312
17.0,98.0,-24.60782061351118
17.0,98.5,-24.540063944405187
17.0,99.0,-24.530859969676243
17.0,99.5,-24.52120757812174
17.0,100.0,-24.52120757812174
17.0,100.5,-24.55919728916695
17.0,101.0,-24.606659325108094
17.0,101.5,-24.653482819478185
17.0,102.0,-24.77027976603913
17.0,102.5,-25.120185726544836
17.0,103.0,-25.656922119359567
17.0,103.5,-25.803090725030096
17.0,104.0,-25.803090725030096
17.0,104.5,-25.60010006545512
17.0,105.0,-25.584638679716214
17.0,105.5,-25.552232784233855
17.0,106.0,-25.552232784233855
17.0,106.5,-25.552232784233855
17.0,107.0,-25.59236489066169
17.0,107.5,-25.763298340232907
17.0,108.0,-25.93379336139532
17.0,108.5,-26.103813524673413
17.0,109.0,-26.216876691724654
17.0,109.5,-26.66656273216717
17.0,110.0,-26.66656273216717
17.0,110.5,-26.457252727976197
17.0,111.0,-26.324604738564066
17.0,111.5,-26.3030822902076
17.0,112.0,-26.28104273392683
17.0,112.5,-26.28104273392683
17.0,113.0,-26.290265616792176
17.0,113.5,-26.290265616792176
17.0,114.0,-26.45419042554402
17.0,114.5,-26.56297426500484
17.0,115.0,-26.80459110989576
17.0,115.5,-26.8068722923381
17.0,116.0,-26.8068722923381
17.0,116.5,-26.726948059417303
17.0,117.0,-26.566719445911456
17.0,117.5,-26.486425616022174
17.0,118.0,-26.458784485428822
17.0,118.5,-26.430664584389433
17.0,119.0,-26.42487409774835
17.0,119.5,-26.42487409774835
17.0,120.0,-26.42487409774835
17.0,120.5,-26.528137255347097
17.0,121.0,-26.76369173614551
17.0,121.5,-27.029477691127916
17.0,122.0,-27.213149750572573
17.0,122.5,-27.39644945520791
17.0,123.0,-27.794269692818595
17.0,123.5,-28.191672798185536
17.0,124.0,-28.37356281886532
17.0,124.5,-28.505700571141197
17.0,125.0,-28.520406722443106
17.0,125.5,-28.554788182436972
17.0,126.0,-28.56872674879559
17.0,126.5,-28.61671191352914
17.0,127.0,-28.61671191352914
17.0,127.5,-28.664348808420108
17.0,128.0,-28.71162340511116
17.0,128.5,-28.758521027170296
17.0,129.0,-28.851123228946832
17.0,129.5,-28.88887636889236
17.0,130.0,-28.851123228946832
17.0,130.5,-28.72869653502528
17.0,131.0,-28.68964997189947
17.0,131.5,-28.650040966726273
17.0,132.0,-28.609887831651236
17.0,132.5,-28.650040966726273
17.0,133.0,-28.609887831651236
17.0,133.5,-28.612323538026217
17.0,134.0,-28.612323538026217
17.0,134.5,-28.633889582199124
17.0,135.0,-28.633889582199124
17.0,135.5,-28.612810874522165
17.0,136.0,-28.570171675032075
17.0,136.5,-28.527067202810972
17.0,137.0,-28.483513391465465
17.0,137.5,-28.483513391465465
17.0,138.0,-28.479279638024813
17.0,138.5,-28.43952561031587
17.0,139.0,-28.47317257391513
17.0,139.5,-28.47317257391513
17.0,140.0,-28.47317257391513
17.0,140.5,-28.51138643006091
17.0,141.0,-28.632848053546958
17.0,141.5,-28.679210192252622
17.0,142.0,-28.88413413403261
17.0,142.5,-29.135151868226558
17.0,143.0,-29.17119721905731
17.0,143.5,-29.17119721905731
17.0,144.0,-29.337988553913686
17.0,144.5,-29.504555714181123
17.0,145.0,-29.670855426575216
17.0,145.5,-29.836832616146403
17.0,146.0,-29.919678811495704
17.0,146.5,-29.919678811495704
17.0,147.0,-28.39787915126953
17.0,147.5,-28.132680405165225
17.0,148.0,-27.734566554945868
17.0,148.5,-27.714579089883646
17.0,149.0,-27.683790477642113
17.0,149.5,-27.693122027067467
17.0,150.0,-27.663250419535263
17.0,150.5,-27.67021597941067
17.0,151.0,-27.67021597941067
17.0,151.5,-27.67021597941067
17.0,152.0,-27.698574247648487
17.0,152.5,-27.779170148391145
17.0,153.0,-27.93993582706096
17.0,153.5,-27.93993582706096
17.0,154.0,-27.593024045027082
17.0,154.5,-24.978449384201337
17.0,155.0,-24.416494984324615
17.0,155.5,-24.3080195387008
17.0,156.0,-24.25366698358596
17.0,156.5,-24.247009744927084
17.0,157.0,-24.247009744927084
17.0,157.5,-24.29328102992114
17.0,158.0,-24.371078050012084
17.0,158.5,-24.526262090192414
17.0,159.0,-24.8135961587918
17.0,159.5,-25.023257335273318
17.0,160.0,-25.553557817252152
17.0,160.5,-25.894859228616326
17.0,161.0,-26.291754513413316
17.0,161.5,-26.688213291586774
17.0,162.0,-27.084135247370988
17.0,162.5,-27.084135247370988
17.0,163.0,-26.874436874630984
17.0,163.5,-26.514509083252555
17.0,164.0,-26.09688804858256
17.0,164.5,-26.09688804858256
17.0,165.0,-26.055211067795582
17.0,165.5,-26.027201011707767
17.0,166.0,-26.027201011707767
17.0,166.5,-26.09919567554313
17.0,167.0,-26.170874006329477
17.0,167.5,-26.242224699585684
17.0,168.0,-26.558919762290547
17.0,168.5,-26.687894291496857
17.0,169.0,-27.00371446787321
17.0,169.5,-27.132091926580816
17.0,170.0,-27.56416766476318
17.0,170.5,-27.937056632472338
17.0,171.0,-28.12321657578312
17.0,171.5,-28.12321657578312
17.0,172.0,-26.93484312203398
17.0,172.5,-26.58015995814014
17.0,173.0,-26.58015995814014
17.0,173.5,-26.58015995814014
17.0,174.0,-26.540554683832116
17.0,174.5,-26.540554683832116
17.0,175.0,-26.605250573805364
17.0,175.5,-26.60996746964075
17.0,176.0,-26.60996746964075
17.0,176.5,-26.673558142207675
17.0,177.0,-26.73659374764475
17.0,177.5,-27.037299508355147
17.0,178.0,-27.278018024403167
17.0,178.5,-27.51821280705766
17.0,179.0,-27.81741531985265
17.0,179.5,-27.81741531985265
17.0,180.0,-27.81741531985265
17.0,180.5,-24.598071261695033
17.0,181.0,-23.404084820384874
17.0,181.5,-23.045081110119412
17.0,182.0,-22.80291698938749
17.0,182.5,-22.740911145472186
17.0,183.0,-22.615883865165152
17.0,183.5,-22.615883865165152
17.0,184.0,-22.667996688019336
17.0,184.5,-22.723189367152877
17.0,185.0,-22.837373327248002
17.0,185.5,-23.069803206287098
17.0,186.0,-23.301518076664856
17.0,186.5,-23.710228691403223
17.0,187.0,-24.124833473160102
17.0,187.5,-24.65745624300682
17.0,188.0,-25.18947972325914
17.0,188.5,-25.602769451188962
17.0,189.0,-25.956592504545924
17.0,189.5,-26.309949053757784
17.0,190.0,-26.603993399329177
17.0,190.5,-26.897589511337117
17.0,191.0,-27.49465554577651
17.0,191.5,-27.67021597941067
17.0,192.0,-27.903878665219217
17.0,192.5,-28.078768467782226
17.0,193.0,-28.078768467782226
17.0,193.5,-27.4441946775771
17.0,194.0,-27.126202674938668
17.0,194.5,-26.99594255839705
17.0,195.0,-26.92317343140918
17.0,195.5,-26.85006897809265
17.0,196.0,-26.833993706856774
17.0,196.5,-26.833993706856774
17.0,197.0,-26.856973022383137
17.0,197.5,-26.874436874630984
17.0,198.0,-26.970678715084894
17.0,198.5,-27.06528183988694
17.0,199.0,-27.06528183988694
17.0,199.5,-27.234325771981442
17.0,200.0,-27.53511133755331
17.0,200.5,-27.647038353546854
17.0,201.0,-27.647038353546854
17.0,201.5,-27.36040172170294
17.0,202.0,-27.283015442139366
17.0,202.5,-27.26056640451016
17.0,203.0,-27.237509876551258
17.0,203.5,-27.237509876551258
17.0,204.0,-27.24388414980065
17.0,204.5,-27.268394277632574
17.0,205.0,-27.27266920557565
17.0,205.5,-27.298037896756192
17.0,206.0,-27.326418365969086
17.0,206.5,-27.326418365969086
17.0,207.0,-25.860048803675525
17.0,207.5,-24.95237749331465
17.0,208.0,-24.577221456015362
17.0,208.5,-24.41558860022647
17.0,209.0,-24.386865158295297
17.0,209.5,-24.38009538159548
17.0,210.0,-24.38009538159548
17.0,210.5,-24.401553015676253
17.0,211.0,-24.452836639703378
17.0,211.5,-24.687910186361517
17.0,212.0,-24.922279228654272
17.0,212.5,-25.105513059411994
17.0,213.0,-25.768498626670983
17.0,213.5,-26.08334815263203
17.0,214.0,-26.480271717681916
17.0,214.5,-26.744644708353096
17.0,215.0,-26.744644708353096
17.0,215.5,-26.129273873828097
17.0,216.0,-25.712879891661167
17.0,216.5,-25.677411734437783
17.0,217.0,-25.64159653857233
17.0,217.5,-25.605439907782717
17.0,218.0,-25.605439907782717
17.0,218.5,-25.61586494483758
17.0,219.0,-25.62523469491403
17.0,219.5,-25.755369077043234
17.0,220.0,-25.931265193593152
17.0,220.5,-26.190463074246495
17.0,221.0,-26.319815232733195
17.0,221.5,-26.66211565949222
17.0,222.0,-27.087914176564556
17.0,222.5,-27.30054606357529
17.0,223.0,-27.512967756368113
17.0,223.5,-27.937056632472338
17.0,224.0,-28.148645978374564
17.0,224.5,-28.27555100882929
17.0,225.0,-28.296629774566373
17.0,225.5,-28.296629774566373
17.0,226.0,-28.27510492229239
17.0,226.5,-27.093071716256752
17.0,227.0,-25.99477545599624
17.0,227.5,-25.317333677121056
17.0,228.0,-24.892062686325403
17.0,228.5,-24.634579061376655
17.0,229.0,-24.49941907866947
17.0,229.5,-24.46058105783215
17.0,230.0,-24.446464647501553
17.0,230.5,-24.446464647501553
17.0,231.0,-24.484317749901873
17.0,231.5,-24.642974939334888
17.0,232.0,-24.847328483381826
17.0,232.5,-25.051064724225625
17.0,233.0,-25.218195901264288
17.0,233.5,-25.276746025346064
17.0,234.0,-25.276746025346064
17.0,234.5,-25.096575009986616
17.0,235.0,-24.998982634414606
17.0,235.5,-24.998982634414606
17.0,236.0,-24.998982634414606
17.0,236.5,-25.016874283513143
17.0,237.0,-25.082445862910436
17.0,237.5,-25.247283123025618
17.0,238.0,-25.279291753144282
17.0,238.5,-25.279291753144282
17.0,239.0,-24.974300886762347
17.0,239.5,-24.523964175283744
17.0,240.0,-24.15460180419722
17.0,240.5,-23.969660234506886
17.0,241.0,-23.946751663206314
17.0,241.5,-23.870559085947882
17.0,242.0,-23.870559085947882
17.0,242.5,-23.873313743259555
17.0,243.0,-23.873313743259555
17.0,243.5,-23.979957571777646
17.0,244.0,-23.979957571777646
17.0,244.5,-23.81860195005398
17.0,245.0,-23.523301355809323
17.0,245.5,-23.46915053666965
17.0,246.0,-23.330532020995157
17.0,246.5,-23.323170260715553
17.0,247.0,-23.29973262019653
17.0,247.5,-23.323170260715553
17.0,248.0,-23.36903138360507
17.0,248.5,-23.46894835162188
17.0,249.0,-23.623562577969317
17.0,249.5,-23.707110928548197
17.0,250.0,-23.707110928548197
17.0,250.5,-23.482302554804516
17.0,251.0,-23.369631135251122
17.0,251.5,-23.219162252611966
17.0,252.0,-23.180906893512947
17.0,252.5,-23.159593200670326
17.0,253.0,-23.159593200670326
17.0,253.5,-23.17679669599201
17.0,254.0,-23.267457372929172
17.0,254.5,-23.267457372929172
17.0,255.0,-23.011580491630536
17.0,255.5,-22.89622111451428
17.0,256.0,-22.621783203550965
17.0,256.5,-22.51979050269466
17.0,257.0,-22.403695444797314
17.0,257.5,-22.2553186303017
17.0,258.0,-22.221443760918866
17.0,258.5,-22.209411158970788
17.0,259.0,-22.174633045171
17.0,259.5,-22.07956219993118
17.0,260.0,-21.972577909870424
17.0,260.5,-21.86498487625611
17.0,261.0,-21.69790806235713
17.0,261.5,-21.589087005369365
17.0,262.0,-21.369810830184377
17.0,262.5,-21.25938828515975
17.0,263.0,-21.207645669057253
17.0,263.5,-21.04370498068458
17.0,264.0,-20.990744575190718
17.0,264.5,-20.883688560168054
17.0,265.0,-20.82960358326698
17.0,265.5,-20.720345796162235
17.0,266.0,-20.66518323698915
17.0,266.5,-20.613333648679273
17.0,267.0,-20.55715672194262
17.0,267.5,-20.503364523864157
17.0,268.0,-20.38872382879898
17.0,268.5,-20.272807119939962
17.0,269.0,-20.096034959974727
17.0,269.5,-20.037000453362907
17.0,270.0,-19.858430016931017
17.0,270.5,-19.7383374743319
17.0,271.0,-19.676743442259635
17.0,271.5,-19.6140438898708
17.0,272.0,-19.550255178950877
17.0,272.5,-19.547738251554417
17.0,273.0,-19.482333064677242
17.0,273.5,-19.415877104293823
17.0,274.0,-19.28891821231568
17.0,274.5,-19.037313193561925
17.0,275.0,-18.908096717019713
17.0,275.5,-18.778009390047295
17.0,276.0,-18.647076179414874
17.0,276.5,-18.51532125981482
17.0,277.0,-18.375341511299617
17.0,277.5,-18.359733150409156
17.0,278.0,-18.284114569915392
17.0,278.5,-18.26657560556349
17.0,279.0,-18.248043790085724
17.0,279.5,-18.169744703889048
17.0,280.0,-18.080091119152392
17.0,280.5,-17.999722794248342
17.0,281.0,-17.918565519243927
17.0,281.5,-17.766194947811535
17.0,282.0,-17.683167574599914
17.0,282.5,-17.586310644417235
17.0,283.0,-17.50140486244016
17.0,283.5,-17.47373215071203
17.0,284.0,-17.47337154446588
17.0,284.5,-17.47337154446588
17.0,285.0,-17.500441462371732
17.0,285.5,-17.526354742781315
17.0,286.0,-17.56754814209014
17.0,286.5,-17.574687172013984
17.0,287.0,-17.574687172013984
17.0,287.5,-17.56150083117664
17.0,288.0,-17.506463744942167
17.0,288.5,-17.468684463310666
17.0,289.0,-17.430042606837745
17.0,289.5,-17.37047722645783
17.0,290.0,-17.3297085217488
17.0,290.5,-17.322686578192265
17.0,291.0,-17.31328948078376
17.0,291.5,-17.322686578192265
17.0,292.0,-17.31328948078376
17.0,292.5,-17.301521705958642
17.0,293.0,-17.287388843609953
17.0,293.5,-17.161730091261546
17.0,294.0,-17.08915388152554
17.0,294.5,-16.90655174119446
17.0,295.0,-16.697746205843472
17.0,295.5,-16.566841508589196
17.0,296.0,-16.30145937863901
17.0,296.5,-16.114995846317143
17.0,297.0,-15.900647981632172
17.0,297.5,-15.684782843504841
17.0,298.0,-15.414937630696983
17.0,298.5,-15.19646749361755
17.0,299.0,-14.976645499100357
17.0,299.5,-14.755522578435883
17.0,300.0,-14.584657332136565
17.0,300.5,-14.360830224934968
17.0,301.0,-14.135844722874033
17.0,301.5,-13.96046977554115
17.0,302.0,-13.783488783457582
17.0,302.5,-13.637178078696213
17.0,303.0,-13.457568351198393
17.0,303.5,-13.276474674976107
17.0,304.0,-13.143244400956085
17.0,304.5,-12.959022047297324
17.0,305.0,-12.85652626215673
17.0,305.5,-12.718154776102232
17.0,306.0,-12.6131159198364
17.0,306.5,-12.471416493780232
17.0,307.0,-12.327870919952325
17.0,307.5,-12.266171608554231
17.0,308.0,-12.156067416727552
17.0,308.5,-12.091544746158991
17.0,309.0,-12.025471019916427
17.0,309.5,-11.995891455662939
17.0,310.0,-11.972749461276301
17.0,310.5,-11.947358719936982
17.0,311.0,-11.940972256205967
17.0,311.5,-11.885241515284182
17.0,312.0,-11.849942813317757
17.0,312.5,-11.733151792212599
17.0,313.0,-11.57066605190267
17.0,313.5,-11.365507876537173
17.0,314.0,-11.031163746412233
17.0,314.5,-10.779725130964955
17.0,315.0,-10.400306468294609
17.0,315.5,-10.061604065517159
17.0,316.0,-9.678667179511752
17.0,316.5,-9.293912115593546
17.0,317.0,-8.907428743776002
17.0,317.5,-8.475172285026105
17.0,318.0,-8.169342765791189
17.0,318.5,-7.946094553553554
17.0,319.0,-7.592019016284567
17.0,319.5,-7.319872485071759
17.0,320.0,-7.091447638124265
17.0,320.5,-6.8993246173032965
17.0,321.0,-6.705029334749902
17.0,321.5,-6.5554485356519585
17.0,322.0,-6.404395877940509
17.0,322.5,-6.288072903327606
17.0,323.0,-6.217272752170171
17.0,323.5,-6.180240950956396
17.0,324.0,-6.140811844097179
17.0,324.5,-6.133327721169422
17.0,325.0,-6.133327721169422
17.0,325.5,-6.137749898272229
17.0,326.0,-6.189715537168372
17.0,326.5,-6.223961818959882
17.0,327.0,-6.272816810889147
17.0,327.5,-6.291289456522321
17.0,328.0,-6.291289456522321
17.0,328.5,-6.252033683413426
17.0,329.0,-6.139995290113571
17.0,329.5,-5.964957383315415
17.0,330.0,-5.715107212746446
17.0,330.5,-5.485172102780741
17.0,331.0,-5.2302877380781325
17.0,331.5,-4.891861530691859
17.0,332.0,-4.576117373268069
17.0,332.5,-4.261267808141923
17.0,333.0,-3.916477134539928
17.0,333.5,-3.6230848515373992
17.0,334.0,-3.3004293972767726
17.0,334.5,-3.0827596128360284
17.0,335.0,-2.8631948482296927
17.0,335.5,-2.611968197623842
17.0,336.0,-2.4667107965946116
17.0,336.5,-2.319189954626534
17.0,337.0,-2.1694389621780203
17.0,337.5,-2.072666982398605
17.0,338.0,-1.9740915004746569
17.0,338.5,-1.895438115423076
17.0,339.0,-1.8140689670599528
17.0,339.5,-1.7300057700170655
17.0,340.0,-1.6589485182984092
17.0,340.5,-1.5707926674713768
17.0,341.0,-1.4427802152542917
17.0,341.5,-1.3486855393171702
17.0,342.0,-1.23384569955169
17.0,342.5,-1.0781917873863023
17.0,343.0,-0.9595743879027161
17.0,343.5,-0.7989498325067572
17.0,344.0,-0.6355441204131154
17.0,344.5,-0.5269250928867173
17.0,345.0,-0.35822679344068575
17.0,345.5,-0.24466366260504913
17.0,346.0,-0.1724090989639464
17.0,346.5,-0.1127540986931237
17.0,347.0,-0.019343794714842488
17.0,347.5,0.0
17.0,348.0,0.0
17.0,348.5,-0.016422192958479798
17.0,349.0,-0.07573296238856386
17.0,349.5,-0.12126946211043332
17.0,350.0,-0.17578806881481057
17.0,350.5,-0.2863826412605448
17.0,351.0,-0.3944606034636067
17.0,351.5,-0.5589222768694171
17.0,352.0,-0.7209729628063997
17.0,352.5,-0.9396498826426125
17.0,353.0,-1.0968360502788492
17.0,353.5,-1.3107028072899176
17.0,354.0,-1.4628570968798584
17.0,354.5,-1.6717289656398897
17.0,355.0,-1.8132517037500513
17.0,355.5,-2.0174909486466923
17.0,356.0,-2.219095522062208
17.0,356.5,-2.3546498298307945
17.0,357.0,-2.491836371461261
17.0,357.5,-2.6829113945589924
17.0,358.0,-2.874563552950498
17.0,358.5,-3.0019761653010946
17.0,359.0,-3.309820987276556
17.0,359.5,-3.3711560738631796
18.0,0.0,-12.365522077188086
18.0,0.5,-11.708400438463848
18.0,1.0,-10.63135175436145
18.0,1.5,-9.911537463558513
18.0,2.0,-8.950067582577265
18.0,2.5,-7.805344767142383
18.0,3.0,-7.018770347659171
18.0,3.5,-6.107828355101944
18.0,4.0,-5.496417909220394
18.0,4.5,-4.819313048155333
18.0,5.0,-4.199427247285406
18.0,5.5,-3.6960895713948254
18.0,6.0,-3.2498496812563644
18.0,6.5,-2.9198522268063094
18.0,7.0,-2.6466737604357853
18.0,7.5,-2.5563922461221438
18.0,8.0,-2.3968239183531956
18.0,8.5,-2.3968239183531956
18.0,9.0,-2.411413999165049
18.0,9.5,-2.4326270037953037
18.0,10.0,-2.579446043737242
18.0,10.5,-2.831632267292324
18.0,11.0,-3.1507323472988844
18.0,11.5,-3.5847618795339713
18.0,12.0,-4.0284250894080955
18.0,12.5,-4.645307629829819
18.0,13.0,-5.447433872433201
18.0,13.5,-6.1893378127377545
18.0,14.0,-6.871200415336435
18.0,14.5,-7.739050297066065
18.0,15.0,-8.301463847302266
18.0,15.5,-8.301463847302266
18.0,16.0,-8.241053613249615
18.0,16.5,-7.870434304986201
18.0,17.0,-7.366622505056046
18.0,17.5,-6.860907543423512
18.0,18.0,-6.541936780158327
18.0,18.5,-6.0892061051283655
18.0,19.0,-5.823079106394005
18.0,19.5,-5.611197728624006
18.0,20.0,-5.473706848012846
18.0,20.5,-5.446240258184201
18.0,21.0,-5.4165496320274755
18.0,21.5,-5.4165496320274755
18.0,22.0,-5.572860706615831
18.0,22.5,-5.7267423126386845
18.0,23.0,-6.034300083016774
18.0,23.5,-6.316913672548829
18.0,24.0,-6.754303204309448
18.0,24.5,-7.244636542141453
18.0,25.0,-7.733032416407923
18.0,25.5,-8.485934342306251
18.0,26.0,-9.04975326224534
18.0,26.5,-9.745069268548974
18.0,27.0,-10.385202905534133
18.0,27.5,-10.890402163209451
18.0,28.0,-11.39386306971248
18.0,28.5,-11.508973775337932
18.0,29.0,-11.508973775337932
18.0,29.5,-11.339647601069917
18.0,30.0,-11.087274794168838
18.0,30.5,-10.914797340130725
18.0,31.0,-10.740893405618518
18.0,31.5,-10.616311588898608
18.0,32.0,-10.553305900221229
18.0,32.5,-10.52628927493705
18.0,33.0,-10.52628927493705
18.0,33.5,-10.528825770223094
18.0,34.0,-10.694668033381962
18.0,34.5,-10.776124348759353
18.0,35.0,-11.021698888680966
18.0,35.5,-11.265912363439323
18.0,36.0,-11.640330551845313
18.0,36.5,-12.179575224415164
18.0,37.0,-12.717328392801729
18.0,37.5,-13.337012736282023
18.0,38.0,-14.038794124568273
18.0,38.5,-14.822800007836985
18.0,39.0,-15.689117597823039
18.0,39.5,-16.423854595725533
18.0,40.0,-16.943618566695584
18.0,40.5,-16.943618566695584
18.0,41.0,-16.342974523388182
18.0,41.5,-15.9273771979272
18.0,42.0,-15.471072272243408
18.0,42.5,-15.013442376770225
18.0,43.0,-14.51375666660537
18.0,43.5,-14.222031155689919
18.0,44.0,-13.972061007911044
18.0,44.5,-13.84675566328573
18.0,45.0,-13.720571106179005
18.0,45.5,-13.67697748436457
18.0,46.0,-13.632817641990368
18.0,46.5,-13.632817641990368
18.0,47.0,-13.753982388548788
18.0,47.5,-13.83227426966793
18.0,48.0,-13.95310849677502
18.0,48.5,-14.281085398316304
18.0,49.0,-14.483718242643558
18.0,49.5,-14.769337225385542
18.0,50.0,-15.053705498075992
18.0,50.5,-15.336759971278308
18.0,51.0,-15.618433562050146
18.0,51.5,-15.982460757865809
18.0,52.0,-16.224194162894886
18.0,52.5,-16.632438439225716
18.0,53.0,-17.039487592785242
18.0,53.5,-17.659900914473518
18.0,54.0,-18.19577729157752
18.0,54.5,-18.945368461935093
18.0,55.0,-19.693847633362623
18.0,55.5,-20.490022882807338
18.0,56.0,-21.28533248383967
18.0,56.5,-22.211859520846662
18.0,57.0,-23.05488649591453
18.0,57.5,-23.05488649591453
18.0,58.0,-22.78512049213751
18.0,58.5,-22.203009837172118
18.0,59.0,-21.702088980012974
18.0,59.5,-21.33342182281514
18.0,60.0,-20.779396196053668
18.0,60.5,-20.490627473251774
18.0,61.0,-20.067897960577746
18.0,61.5,-19.858427112234146
18.0,62.0,-19.647924902637484
18.0,62.5,-19.569747369504917
18.0,63.0,-19.490655791812515
18.0,63.5,-19.410667062577527
18.0,64.0,-19.383423934821607
18.0,64.5,-19.3274593646519
18.0,65.0,-19.244647388322598
18.0,65.5,-19.106660048035824
18.0,66.0,-19.022005468105196
18.0,66.5,-18.85814971927228
18.0,67.0,-18.740409594793654
18.0,67.5,-18.653067717639217
18.0,68.0,-18.642483297273493
18.0,68.5,-18.642483297273493
18.0,69.0,-18.68618088947175
18.0,69.5,-18.728968030882235
18.0,70.0,-18.90335242361902
18.0,70.5,-19.132650758975032
18.0,71.0,-19.436997038046016
18.0,71.5,-19.720630875378248
18.0,72.0,-20.078845831251684
18.0,72.5,-20.22902248021833
18.0,73.0,-20.510293613769356
18.0,73.5,-20.73362027314341
18.0,74.0,-20.824577670302347
18.0,74.5,-20.972076595916135
18.0,75.0,-21.192191980241425
18.0,75.5,-21.395797991299734
18.0,76.0,-21.729254597567397
18.0,76.5,-22.11967435136949
18.0,77.0,-22.697077413593345
18.0,77.5,-23.143851812400648
18.0,78.0,-23.64815060063262
18.0,78.5,-24.151810918451865
18.0,79.0,-24.467678821033118
18.0,79.5,-24.60734541921864
18.0,80.0,-24.618051557066636
18.0,80.5,-24.62830628460067
18.0,81.0,-24.63810777718257
18.0,81.5,-24.64745428161656
18.0,82.0,-24.8418960304112
18.0,82.5,-24.968223927545786
18.0,83.0,-25.27926939894112
18.0,83.5,-25.76707105931699
18.0,84.0,-26.25424491418755
18.0,84.5,-26.556874322770312
18.0,85.0,-26.74578922386253
18.0,85.5,-26.74578922386253
18.0,86.0,-26.69467695381311
18.0,86.5,-26.69467695381311
18.0,87.0,-26.697877693609293
18.0,87.5,-26.697877693609293
18.0,88.0,-26.700439614818407
18.0,88.5,-26.76196066452385
18.0,89.0,-26.942093657924865
18.0,89.5,-27.18124194378103
18.0,90.0,-27.27067123427922
18.0,90.5,-27.27067123427922
18.0,91.0,-27.12092916288163
18.0,91.5,-26.881156878932003
18.0,92.0,-26.819594601362674
18.0,92.5,-26.819594601362674
18.0,93.0,-26.757427860985445
18.0,93.5,-26.757427860985445
18.0,94.0,-26.809783156387827
18.0,94.5,-26.864627437441143
18.0,95.0,-26.864627437441143
18.0,95.5,-27.333995808552565
18.0,96.0,-27.33978486071635
18.0,96.5,-27.445920588200508
18.0,97.0,-27.445920588200508
18.0,97.5,-27.379405914439918
18.0,98.0,-27.371383080795322
18.0,98.5,-27.3626459216336
18.0,99.0,-27.3626459216336
18.0,99.5,-27.3626459216336
18.0,100.0,-27.40172049529435
18.0,100.5,-27.40172049529435
18.0,101.0,-27.636183486900794
18.0,101.5,-27.683041695960902
18.0,102.0,-27.683041695960902
18.0,102.5,-27.483067116247717
18.0,103.0,-27.16583441902241
18.0,103.5,-27.093966907104033
18.0,104.0,-27.093966907104033
18.0,104.5,-27.07950701544944
18.0,105.0,-27.064401811795644
18.0,105.5,-27.064401811795644
18.0,106.0,-27.08948689595838
18.0,106.5,-27.106047872399948
18.0,107.0,-27.203736881244087
18.0,107.5,-27.317750534584384
18.0,108.0,-27.317750534584384
18.0,108.5,-26.960545212943465
18.0,109.0,-26.960545212943465
18.0,109.5,-26.941089054185436
18.0,110.0,-26.921036757080472
18.0,110.5,-26.921036757080472
18.0,111.0,-26.934730973881308
18.0,111.5,-26.956178131204318
18.0,112.0,-27.04558196924343
18.0,112.5,-27.1560538990973
18.0,113.0,-27.266121551792796
18.0,113.5,-27.375757534543663
18.0,114.0,-27.406122351560448
18.0,114.5,-27.406122351560448
18.0,115.0,-27.38123112979018
18.0,115.5,-27.22244170228576
18.0,116.0,-27.196344690595325
18.0,116.5,-27.196344690595325
18.0,117.0,-27.19528954601875
18.0,117.5,-27.19528954601875
18.0,118.0,-27.19528954601875
18.0,118.5,-27.300481023541945
18.0,119.0,-27.352835253803327
18.0,119.5,-27.671379239600412
18.0,120.0,-27.744962263626665
18.0,120.5,-27.744962263626665
18.0,121.0,-27.581412035878945
18.0,121.5,-27.550292637809328
18.0,122.0,-27.550292637809328
18.0,122.5,-27.550292637809328
18.0,123.0,-27.53631823645203
18.0,123.5,-27.5688634957087
18.0,124.0,-27.585983513747326
18.0,124.5,-27.63541296920035
18.0,125.0,-27.7335334743211
18.0,125.5,-27.86534444778512
18.0,126.0,-27.878744190419557
18.0,126.5,-27.878744190419557
18.0,127.0,-27.84310210280632
18.0,127.5,-27.806945760324787
18.0,128.0,-27.77028761736878
18.0,128.5,-27.77028761736878
18.0,129.0,-27.77028761736878
18.0,129.5,-27.741412297027036
18.0,130.0,-27.779423966719193
18.0,130.5,-27.786985495621906
18.0,131.0,-27.83222412252772
18.0,131.5,-27.87711779184906
18.0,132.0,-28.090036220480695
18.0,132.5,-28.30273273029919
18.0,133.0,-28.811576763459726
18.0,133.5,-28.811576763459726
18.0,134.0,-29.023363602501345
18.0,134.5,-29.234700452650117
18.0,135.0,-29.340093001658367
18.0,135.5,-29.445485550666614
18.0,136.0,-29.73987470842731
18.0,136.5,-30.161295048621174
18.0,137.0,-29.949046275106387
18.0,137.5,-29.949046275106387
18.0,138.0,-28.850052642395717
18.0,138.5,-28.46881007849695
18.0,139.0,-28.339837320804968
18.0,139.5,-28.249053675070364
18.0,140.0,-28.21058249164237
18.0,140.5,-28.249053675070364
18.0,141.0,-28.240620409402503
18.0,141.5,-28.240620409402503
18.0,142.0,-28.230435397686893
18.0,142.5,-28.230435397686893
18.0,143.0,-28.26642000870148
18.0,143.5,-28.26642000870148
18.0,144.0,-28.385109060913205
18.0,144.5,-28.46833995410521
18.0,145.0,-28.50281407454063
18.0,145.5,-28.585808244643335
18.0,146.0,-28.75160684384051
18.0,146.5,-28.917120989114608
18.0,147.0,-29.082306078473597
18.0,147.5,-29.164758701424287
18.0,148.0,-29.164758701424287
18.0,148.5,-26.845187726750034
18.0,149.0,-26.52822079179751
18.0,149.5,-26.210820635122147
18.0,150.0,-26.188785262422954
18.0,150.5,-26.15923694345183
18.0,151.0,-26.136805968765383
18.0,151.5,-26.136805968765383
18.0,152.0,-26.14146017000022
18.0,152.5,-26.169167868021624
18.0,153.0,-26.249503218998328
18.0,153.5,-26.4098371574775
18.0,154.0,-26.703002719465633
18.0,154.5,-26.86231736317312
18.0,155.0,-27.075039524575704
18.0,155.5,-27.554076642981226
18.0,156.0,-27.845119492195536
18.0,156.5,-28.05683654946521
18.0,157.0,-28.323051588482564
18.0,157.5,-28.401241660685322
18.0,158.0,-28.401241660685322
18.0,158.5,-27.992048652251288
18.0,159.0,-27.95753610986134
18.0,159.5,-27.936466599922976
18.0,160.0,-27.8455230809799
18.0,160.5,-27.808946721929715
18.0,161.0,-27.789376010442666
18.0,161.5,-27.771081342541024
18.0,162.0,-27.771081342541024
18.0,162.5,-27.78897750232933
18.0,163.0,-27.80614562801091
18.0,163.5,-27.80614562801091
18.0,164.0,-27.937290915637096
18.0,164.5,-28.010877762046412
18.0,165.0,-28.141636594222533
18.0,165.5,-28.272225639031618
18.0,166.0,-28.474927024606785
18.0,166.5,-28.474927024606785
18.0,167.0,-28.474927024606785
18.0,167.5,-27.76433915625541
18.0,168.0,-27.285419488694778
18.0,168.5,-27.051733688573634
18.0,169.0,-26.934730973881308
18.0,169.5,-26.887119951809254
18.0,170.0,-26.887119951809254
18.0,170.5,-26.897405263595456
18.0,171.0,-26.907044934526652
18.0,171.5,-26.91603546354428
18.0,172.0,-27.0425088352425
18.0,172.5,-27.16863231163046
18.0,173.0,-27.2943791725504
18.0,173.5,-27.47896683823313
18.0,174.0,-27.663233167381083
18.0,174.5,-27.906486160878544
18.0,175.0,-28.090036220480695
18.0,175.5,-28.332569797232544
18.0,176.0,-28.57466629121992
18.0,176.5,-28.57466629121992
18.0,177.0,-28.816233227338664
18.0,177.5,-29.057150371669973
18.0,178.0,-29.14740015803435
18.0,178.5,-29.14740015803435
18.0,179.0,-29.23764994439873
18.0,179.5,-29.41680685555507
18.0,180.0,-29.595628861817012
18.0,180.5,-29.595628861817012
18.0,181.0,-29.59529395692261
18.0,181.5,-29.59529395692261
18.0,182.0,-29.59529395692261
18.0,182.5,-29.77195393998009
18.0,183.0,-29.533723749615266
18.0,183.5,-29.530453022642742
18.0,184.0,-29.530453022642742
18.0,184.5,-29.58526702067167
18.0,185.0,-29.644642736228924
18.0,185.5,-29.644642736228924
18.0,186.0,-29.644642736228924
18.0,186.5,-29.697729749707882
18.0,187.0,-29.697729749707882
18.0,187.5,-29.74909976020672
18.0,188.0,-29.74909976020672
18.0,188.5,-29.74909976020672
18.0,189.0,-29.925980005022424
18.0,189.5,-29.925980005022424
18.0,190.0,-26.524493948261547
18.0,190.5,-26.337840246941173
18.0,191.0,-26.0227229993331
18.0,191.5,-25.894170758161255
18.0,192.0,-25.882156101365453
18.0,192.5,-25.869606853989787
18.0,193.0,-25.856526164403896
18.0,193.5,-25.856526164403896
18.0,194.0,-25.95882484242683
18.0,194.5,-26.00220447675236
18.0,195.0,-26.175309786129056
18.0,195.5,-26.348071738904956
18.0,196.0,-26.57783267278785
18.0,196.5,-26.938076383122848
18.0,197.0,-27.109504792585845
18.0,197.5,-27.41199772447396
18.0,198.0,-27.58255448549922
18.0,198.5,-27.884441358026542
18.0,199.0,-28.186012122407707
18.0,199.5,-28.298681499837123
18.0,200.0,-28.54335927501319
18.0,200.5,-28.655362621689118
18.0,201.0,-28.822451688908675
18.0,201.5,-28.877879564955123
18.0,202.0,-28.822451688908675
18.0,202.5,-28.80022076319684
18.0,203.0,-28.777108266438354
18.0,203.5,-28.777108266438354
18.0,204.0,-28.777108266438354
18.0,204.5,-28.753131683378488
18.0,205.0,-28.782231060864717
18.0,205.5,-28.782231060864717
18.0,206.0,-28.809509247426224
18.0,206.5,-28.809509247426224
18.0,207.0,-28.809509247426224
18.0,207.5,-28.862625185090227
18.0,208.0,-29.04880907715284
18.0,208.5,-29.1014459433257
18.0,209.0,-29.287040512860933
18.0,209.5,-29.339100443013752
18.0,210.0,-29.52392334522873
18.0,210.5,-29.52392334522873
18.0,211.0,-29.575277685828997
18.0,211.5,-29.759072652940382
18.0,212.0,-29.759072652940382
18.0,212.5,-29.759072652940382
18.0,213.0,-25.08064879540943
18.0,213.5,-24.187888421839347
18.0,214.0,-23.509780719878226
18.0,214.5,-23.359561432633747
18.0,215.0,-23.325438389741066
18.0,215.5,-23.291048517136993
18.0,216.0,-23.269646470631592
18.0,216.5,-23.269646470631592
18.0,217.0,-23.282124789908536
18.0,217.5,-23.377373310113498
18.0,218.0,-23.770107071202972
18.0,218.5,-24.162133749589813
18.0,219.0,-24.63717375794014
18.0,219.5,-25.11145899350906
18.0,220.0,-25.455143970761156
18.0,220.5,-25.6365003308439
18.0,221.0,-25.6365003308439
18.0,221.5,-25.597107485415666
18.0,222.0,-25.557415332711308
18.0,222.5,-25.5208623358966
18.0,223.0,-25.5208623358966
18.0,223.5,-25.5208623358966
18.0,224.0,-25.31326743228616
18.0,224.5,-24.76574540532232
18.0,225.0,-24.091455320056838
18.0,225.5,-23.58494395240261
18.0,226.0,-23.49921189203276
18.0,226.5,-23.41270250207471
18.0,227.0,-23.41270250207471
18.0,227.5,-23.493932262441962
18.0,228.0,-23.574283549909246
18.0,228.5,-23.61412209223913
18.0,229.0,-23.69310927787079
18.0,229.5,-23.98452796083049
18.0,230.0,-24.35948204869533
18.0,230.5,-24.35948204869533
18.0,231.0,-23.91556894190044
18.0,231.5,-23.524231908702504
18.0,232.0,-23.477301938118796
18.0,232.5,-23.466569824567227
18.0,233.0,-23.466569824567227
18.0,233.5,-23.490684841501825
18.0,234.0,-23.526065459264537
18.0,234.5,-23.596028271198506
18.0,235.0,-23.596028271198506
18.0,235.5,-23.51771573614764
18.0,236.0,-22.641789601850068
18.0,236.5,-22.410010882441213
18.0,237.0,-22.177566194610865
18.0,237.5,-22.026755695769047
18.0,238.0,-21.988230191278845
18.0,238.5,-21.988230191278845
18.0,239.0,-22.07014022469822
18.0,239.5,-22.264410311280997
18.0,240.0,-22.457815391242725
18.0,240.5,-22.702102530903808
18.0,241.0,-22.979803103299886
18.0,241.5,-22.979803103299886
18.0,242.0,-22.607994822008976
18.0,242.5,-22.44946904107105
18.0,243.0,-22.37035050250382
18.0,243.5,-22.343579801774084
18.0,244.0,-22.343579801774084
18.0,244.5,-22.39575083085783
18.0,245.0,-22.44674894166907
18.0,245.5,-22.545152863521274
18.0,246.0,-22.545152863521274
18.0,246.5,-22.193284180537276
18.0,247.0,-21.895632880265083
18.0,247.5,-21.808451613255002
18.0,248.0,-21.69804543721494
18.0,248.5,-21.631214523781722
18.0,249.0,-21.631214523781722
18.0,249.5,-21.673816648125875
18.0,250.0,-21.771237575117237
18.0,250.5,-21.923996188142958
18.0,251.0,-21.923996188142958
18.0,251.5,-21.700403982148156
18.0,252.0,-21.473698676649995
18.0,252.5,-21.26427870004364
18.0,253.0,-21.16762572553249
18.0,253.5,-21.16762572553249
18.0,254.0,-21.201358080803267
18.0,254.5,-21.291332109649368
18.0,255.0,-21.380415675095282
18.0,255.5,-21.395797991299734
18.0,256.0,-21.468092123790026
18.0,256.5,-21.468092123790026
18.0,257.0,-21.30723890630152
18.0,257.5,-21.1455145473253
18.0,258.0,-21.041319999380114
18.0,258.5,-20.994952466378656
18.0,259.0,-20.90090629005114
18.0,259.5,-20.90090629005114
18.0,260.0,-20.815402735452675
18.0,260.5,-20.76654196868118
18.0,261.0,-20.65839323641239
18.0,261.5,-20.440551804780757
18.0,262.0,-20.330887326105795
18.0,262.5,-20.16928687190738
18.0,263.0,-20.16928687190738
18.0,263.5,-20.124495070367363
18.0,264.0,-20.08454261786431
18.0,264.5,-20.078407727344565
18.0,265.0,-20.036568456928737
18.0,265.5,-19.93251992622596
18.0,266.0,-19.82190389624297
18.0,266.5,-19.706594425219507
18.0,267.0,-19.653567895624533
18.0,267.5,-19.596829797726706
18.0,268.0,-19.54398160644527
18.0,268.5,-19.54398160644527
18.0,269.0,-19.54398160644527
18.0,269.5,-19.48995928761902
18.0,270.0,-19.430617450504418
18.0,270.5,-19.310552358135496
18.0,271.0,-19.189413587989524
18.0,271.5,-19.067230740736466
18.0,272.0,-18.94403258023614
18.0,272.5,-18.879402542512132
18.0,273.0,-18.873288897181183
18.0,273.5,-18.8661155728434
18.0,274.0,-18.857884272428233
18.0,274.5,-18.848596945533636
18.0,275.0,-18.778882213190506
18.0,275.5,-18.6488852339183
18.0,276.0,-18.51804796368476
18.0,276.5,-18.32026835267684
18.0,277.0,-18.187432812275073
18.0,277.5,-18.112931325646972
18.0,278.0,-17.97007197597691
18.0,278.5,-17.893479425206156
18.0,279.0,-17.874920540199994
18.0,279.5,-17.85539772575704
18.0,280.0,-17.83491489856878
18.0,280.5,-17.743835238307945
18.0,281.0,-17.604090588357487
18.0,281.5,-17.393349212287145
18.0,282.0,-17.12303423788443
18.0,282.5,-16.909864153861765
18.0,283.0,-16.565775090263497
18.0,283.5,-16.350015541318726
18.0,284.0,-16.13317436029408
18.0,284.5,-15.915294625151962
18.0,285.0,-15.75396188406954
18.0,285.5,-15.591417539514623
18.0,286.0,-15.353793052026855
18.0,286.5,-15.188602157857279
18.0,287.0,-15.022312823530989
18.0,287.5,-14.780016692358306
18.0,288.0,-14.611331783305928
18.0,288.5,-14.366056637599794
18.0,289.0,-14.119198098055282
18.0,289.5,-13.947086682229006
18.0,290.0,-13.753501914028156
18.0,290.5,-13.63501359775356
18.0,291.0,-13.438215288102093
18.0,291.5,-13.372569635194285
18.0,292.0,-13.305462632298191
18.0,292.5,-13.236909753729755
18.0,293.0,-13.213740178989056
18.0,293.5,-13.174099694326557
18.0,294.0,-13.155939250716724
18.0,294.5,-13.131380291426627
18.0,295.0,-13.085602560937755
18.0,295.5,-13.06428317783125
18.0,296.0,-13.062708337532882
18.0,296.5,-13.038268563581262
18.0,297.0,-13.038268563581262
18.0,297.5,-13.061318879903869
18.0,298.0,-13.086251783648663
18.0,298.5,-13.106667146513548
18.0,299.0,-13.130357686074603
18.0,299.5,-13.17670876751794
18.0,300.0,-13.213740178989056
18.0,300.5,-13.213740178989056
18.0,301.0,-13.195075560286117
18.0,301.5,-13.12199296861225
18.0,302.0,-12.995665919322064
18.0,302.5,-12.81713281098796
18.0,303.0,-12.719694427383768
18.0,303.5,-12.45573824265228
18.0,304.0,-12.272955088112859
18.0,304.5,-12.088831688200887
18.0,305.0,-11.820324214789611
18.0,305.5,-11.598718427508356
18.0,306.0,-11.326986391897936
18.0,306.5,-11.0538744922574
18.0,307.0,-10.826922192397085
18.0,307.5,-10.550930363764135
18.0,308.0,-10.23686469850649
18.0,308.5,-10.004664617072738
18.0,309.0,-9.770751570562055
18.0,309.5,-9.535178480451712
18.0,310.0,-9.297996463434213
18.0,310.5,-9.104440874018469
18.0,311.0,-8.948008045167654
18.0,311.5,-8.834708843714463
18.0,312.0,-8.719386929969545
18.0,312.5,-8.682931922074005
18.0,313.0,-8.6513530098204
18.0,313.5,-8.6513530098204
18.0,314.0,-8.655721794625336
18.0,314.5,-8.70164297173984
18.0,315.0,-8.745687696030178
18.0,315.5,-8.78216445600664
18.0,316.0,-8.78216445600664
18.0,316.5,-8.734347551780544
18.0,317.0,-8.559944695248785
18.0,317.5,-8.380486342725597
18.0,318.0,-8.07469295870876
18.0,318.5,-7.722522794370363
18.0,319.0,-7.413380443035422
18.0,319.5,-7.057332333316033
18.0,320.0,-6.69928958857097
18.0,320.5,-6.339334899322516
18.0,321.0,-5.931043802839042
18.0,321.5,-5.650926385328866
18.0,322.0,-5.368967380099477
18.0,322.5,-5.0377640387924245
18.0,323.0,-4.835451714334713
18.0,323.5,-4.631274959898484
18.0,324.0,-4.460109719264178
18.0,324.5,-4.335034869397095
18.0,325.0,-4.207982545343334
18.0,325.5,-4.161814894125371
18.0,326.0,-4.080304466375118
18.0,326.5,-4.062895637281592
18.0,327.0,-4.0603104602917846
18.0,327.5,-4.0603104602917846
18.0,328.0,-4.069201941645783
18.0,328.5,-4.069201941645783
18.0,329.0,-4.064282903175702
18.0,329.5,-4.031889145261804
18.0,330.0,-3.9150388151875113
18.0,330.5,-3.7143957460558177
18.0,331.0,-3.5115663848808154
18.0,331.5,-3.2540788685443474
18.0,332.0,-2.913490072494863
18.0,332.5,-2.6238076187880033
18.0,333.0,-2.3062273115872927
18.0,333.5,-1.9059306668081
18.0,334.0,-1.6106916816298025
18.0,334.5,-1.3111463528324911
18.0,335.0,-1.01219759176551
18.0,335.5,-0.7610930258995019
18.0,336.0,-0.5069354573130163
18.0,336.5,-0.35940330682557686
18.0,337.0,-0.20977679604594357
18.0,337.5,-0.13586143167315612
18.0,338.0,-0.059355014961404606
18.0,338.5,-0.03584264642152846
18.0,339.0,-0.03584264642152846
18.0,339.5,-0.03584264642152846
18.0,340.0,-0.05885809719929824
18.0,340.5,-0.10477256143337854
18.0,341.0,-0.20417453975171895
18.0,341.5,-0.22547942760913742
18.0,342.0,-0.30077034716720874
18.0,342.5,-0.35288321098036946
18.0,343.0,-0.35444345447685066
18.0,343.5,-0.35444345447685066
18.0,344.0,-0.3057775050794689
18.0,344.5,-0.25496346568435513
18.0,345.0,-0.20201155436603813
18.0,345.5,-0.10394319928044382
18.0,346.0,-0.04616168958695965
18.0,346.5,0.0
18.0,347.0,0.0
18.0,347.5,-0.0022596666310619185
18.0,348.0,-0.0022596666310619185
18.0,348.5,-0.06432461455232641
18.0,349.0,-0.182218699305416
18.0,349.5,-0.29765517826501764
18.0,350.0,-0.5279394251110965
18.0,350.5,-0.8249394673895516
18.0,351.0,-1.1093022576102953
18.0,351.5,-1.4504831334377144
18.0,352.0,-1.91624137358815
18.0,352.5,-2.371115092037698
18.0,353.0,-3.00906773851397
18.0,353.5,-3.7035600614626283
18.0,354.0,-4.38888858833311
18.0,354.5,-5.256336844918454
18.0,355.0,-6.056275822333834
18.0,355.5,-6.913676406394778
18.0,356.0,-7.828477541801213
18.0,356.5,-8.618236809377674
18.0,357.0,-9.406512650655973
18.0,357.5,-10.252695800493182
18.0,358.0,-11.097103506942911
18.0,358.5,-11.939514316786461
18.0,359.0,-12.838089179813092
18.0,359.5,-12.838089179813092
6.0,0.0,-0.0825950915724647
6.0,0.5,-0.08375758109797005
6.0,1.0,-0.13688952777273755
6.0,1.5,-0.18899888108318663
6.0,2.0,-0.18899888108318663
6.0,2.5,-0.29297149183091165
6.0,3.0,-0.3413738213857691
6.0,3.5,-0.3913589029878146
6.0,4.0,-0.49218230562043175
6.0,4.5,-0.5900650761018937
6.0,5.0,-0.6900010576510844
6.0,5.5,-0.78799106036168
6.0,6.0,-0.9312874200371475
6.0,6.5,-1.0308917981238324
6.0,7.0,-1.174565448792027
6.0,7.5,-1.3226501956093486
6.0,8.0,-1.4685560283155894
6.0,8.5,-1.612251755614274
6.0,9.0,-1.8126252508883383
6.0,9.5,-2.0008443217305114
6.0,10.0,-2.157381449674798
6.0,10.5,-2.3509316035283554
6.0,11.0,-2.541908566676298
6.0,11.5,-2.741908429308914
6.0,12.0,-2.9865154883265497
6.0,12.5,-3.182595636748424
6.0,13.0,-3.4800623689241235
6.0,13.5,-3.729951612376613
6.0,14.0,-4.035662329422987
6.0,14.5,-4.281228227865292
6.0,15.0,-4.539835165664616
6.0,15.5,-4.8390017943552195
6.0,16.0,-5.094404813510849
6.0,16.5,-5.503458573437278
6.0,17.0,-5.869337588917951
6.0,17.5,-6.176209148360638
6.0,18.0,-6.556193579479061
6.0,18.5,-6.859598226444206
6.0,19.0,-7.2930735212562325
6.0,19.5,-7.7247850337669774
6.0,20.0,-8.154637721878775
6.0,20.5,-8.582530045669966
6.0,21.0,-8.952604842790528
6.0,21.5,-9.453634971833058
6.0,22.0,-9.953005947288851
6.0,22.5,-10.450603430947663
6.0,23.0,-11.024337423083328
6.0,23.5,-11.651413087492408
6.0,24.0,-12.167333081583209
6.0,24.5,-12.736331971274325
6.0,25.0,-13.382584760987697
6.0,25.5,-14.027368279461683
6.0,26.0,-14.750136108812725
6.0,26.5,-15.471620076751478
6.0,27.0,-16.138409242673816
6.0,27.5,-16.937368619253697
6.0,28.0,-17.868280383309177
6.0,28.5,-18.692582309360795
6.0,29.0,-19.568361606669257
6.0,29.5,-20.338623644822185
6.0,30.0,-21.241333316312556
6.0,30.5,-22.01003159467017
6.0,31.0,-22.85942773317766
6.0,31.5,-23.57511283875006
6.0,32.0,-23.581510963070002
6.0,32.5,-23.581510963070002
6.0,33.0,-23.169160556020273
6.0,33.5,-22.970958888529395
6.0,34.0,-22.557068300345904
6.0,34.5,-22.35746728599956
6.0,35.0,-22.07413497697216
6.0,35.5,-21.78997682330045
6.0,36.0,-21.505058715008307
6.0,36.5,-21.219439864412458
6.0,37.0,-21.01669239481491
6.0,37.5,-20.777152604109887
6.0,38.0,-20.536435999237106
6.0,38.5,-20.294614024465325
6.0,39.0,-20.135652004703328
6.0,39.5,-19.891883302033346
6.0,40.0,-19.73121213468235
6.0,40.5,-19.653846006389266
6.0,41.0,-19.452437468742396
6.0,41.5,-19.289248496548236
6.0,42.0,-19.20958710577301
6.0,42.5,-19.08896823884796
6.0,43.0,-18.96703015740532
6.0,43.5,-18.885023102142362
6.0,44.0,-18.845274004385903
6.0,44.5,-18.761892707940724
6.0,45.0,-18.720131719316157
6.0,45.5,-18.67718443518894
6.0,46.0,-18.633062130093773
6.0,46.5,-18.587776238749775
6.0,47.0,-18.585032525326582
6.0,47.5,-18.577979801759536
6.0,48.0,-18.577979801759536
6.0,48.5,-18.608306325355656
6.0,49.0,-18.641717670694472
6.0,49.5,-18.680604668271428
6.0,50.0,-18.712348908338157
6.0,50.5,-18.788788832554076
6.0,51.0,-18.8559332675651
6.0,51.5,-18.893307981864325
6.0,52.0,-19.004450195028994
6.0,52.5,-19.077712872289315
6.0,53.0,-19.233845634013363
6.0,53.5,-19.341293256867303
6.0,54.0,-19.495347426296068
6.0,54.5,-19.648459588451452
6.0,55.0,-19.800594817488527
6.0,55.5,-20.000757166411347
6.0,56.0,-20.151143711187498
6.0,56.5,-20.383098375132597
6.0,57.0,-20.498521128790905
6.0,57.5,-20.778398537637372
6.0,58.0,-20.924650685590215
6.0,58.5,-21.120411527722986
6.0,59.0,-21.397312844045224
6.0,59.5,-21.591406835027676
6.0,60.0,-21.836222651745487
6.0,60.5,-22.02890528504114
6.0,61.0,-22.220676711051915
6.0,61.5,-22.463789054751256
6.0,62.0,-22.6538687106061
6.0,62.5,-22.842869889635956
6.0,63.0,-23.003598775415522
6.0,63.5,-23.110831339579455
6.0,64.0,-23.350677901041884
6.0,64.5,-23.456473710105485
6.0,65.0,-23.561506829021816
6.0,65.5,-23.719924860851485
6.0,66.0,-23.823591675602103
6.0,66.5,-23.92640814449812
6.0,67.0,-24.02834212948643
6.0,67.5,-24.106460557567495
6.0,68.0,-24.207131252498975
6.0,68.5,-24.30683288540315
6.0,69.0,-24.384095254779343
6.0,69.5,-24.48239635293038
6.0,70.0,-24.6356558288214
6.0,70.5,-24.788246692709777
6.0,71.0,-24.864278330998268
6.0,71.5,-25.015786062322412
6.0,72.0,-25.166513142430894
6.0,72.5,-25.241568051532017
6.0,73.0,-25.44799354685906
6.0,73.5,-25.653868433697678
6.0,74.0,-25.859138992886002
6.0,74.5,-26.06374447378911
6.0,75.0,-26.194538219845917
6.0,75.5,-26.455777208572314
6.0,76.0,-26.716496090341614
6.0,76.5,-26.976616828705904
6.0,77.0,-27.294151067184895
6.0,77.5,-27.611192570239332
6.0,78.0,-27.798642503714486
6.0,78.5,-27.92763137669374
6.0,79.0,-28.301854008165062
6.0,79.5,-28.488748272780875
6.0,80.0,-28.675467048340487
6.0,80.5,-28.86198079430291
6.0,81.0,-29.04825299110433
6.0,81.5,-29.301761380011502
6.0,82.0,-29.301761380011502
6.0,82.5,-29.301761380011502
6.0,83.0,-29.19065925768646
6.0,83.5,-29.19065925768646
6.0,84.0,-29.19065925768646
6.0,84.5,-28.95899835309578
6.0,85.0,-28.95899835309578
6.0,85.5,-28.95899835309578
6.0,86.0,-28.84015441086544
6.0,86.5,-28.963402440297905
6.0,87.0,-28.788028983030635
6.0,87.5,-29.026265058340588
6.0,88.0,-28.788028983030635
6.0,88.5,-29.207299097337913
6.0,89.0,-28.731546999134277
6.0,89.5,-28.76135617017255
6.0,90.0,-28.76135617017255
6.0,90.5,-28.791165341210828
6.0,91.0,-28.84971916139069
6.0,91.5,-29.207299097337913
6.0,92.0,-28.966709455051753
6.0,92.5,-29.026265058340588
6.0,93.0,-29.026265058340588
6.0,93.5,-29.26081776240157
6.0,94.0,-29.379743084273056
6.0,94.5,-29.379743084273056
6.0,95.0,-29.67692540115386
6.0,95.5,-29.91449780990982
6.0,96.0,-29.91449780990982
6.0,96.5,-29.9082569690848
6.0,97.0,-29.9082569690848
6.0,97.5,-30.085772509741595
6.0,98.0,-30.20398196835778
6.0,98.5,-30.32206024621948
6.0,99.0,-30.43998078481381
6.0,99.5,-30.55770939049663
6.0,100.0,-30.616488250153374
6.0,100.5,-30.675201302368663
6.0,101.0,-30.675201302368663
6.0,101.5,-30.60523099157825
6.0,102.0,-30.546854859947878
6.0,102.5,-30.47590198404707
6.0,103.0,-30.417774436632474
6.0,103.5,-30.34600495221102
6.0,104.0,-30.34600495221102
6.0,104.5,-30.40378688444383
6.0,105.0,-30.40378688444383
6.0,105.5,-30.330644810773308
6.0,106.0,-30.273213323938162
6.0,106.5,-30.25659233271097
6.0,107.0,-30.25659233271097
6.0,107.5,-30.25659233271097
6.0,108.0,-30.238290596841306
6.0,108.5,-30.238290596841306
6.0,109.0,-30.238290596841306
6.0,109.5,-30.29466339371007
6.0,110.0,-30.29466339371007
6.0,110.5,-30.27414094100384
6.0,111.0,-30.27414094100384
6.0,111.5,-30.329689013662044
6.0,112.0,-30.329689013662044
6.0,112.5,-30.43998078481381
6.0,113.0,-30.306895441486997
6.0,113.5,-30.361494143383343
6.0,114.0,-30.361494143383343
6.0,114.5,-30.41576946214921
6.0,115.0,-30.469690783674004
6.0,115.5,-30.469690783674004
6.0,116.0,-30.496457264168082
6.0,116.5,-30.52322374466216
6.0,117.0,-30.61642464435181
6.0,117.5,-30.709625544041458
6.0,118.0,-30.76219561047429
6.0,118.5,-30.76219561047429
6.0,119.0,-30.76219561047429
6.0,119.5,-30.81419048187038
6.0,120.0,-30.94725637924373
6.0,120.5,-30.865542397489154
6.0,121.0,-30.865542397489154
6.0,121.5,-30.65075403151926
6.0,122.0,-30.568636601958236
6.0,122.5,-30.568636601958236
6.0,123.0,-30.486304314356822
6.0,123.5,-30.40378688444383
6.0,124.0,-30.40378688444383
6.0,124.5,-30.370264760778934
6.0,125.0,-30.370264760778934
6.0,125.5,-30.370264760778934
6.0,126.0,-30.335431186528684
6.0,126.5,-30.335431186528684
6.0,127.0,-30.335431186528684
6.0,127.5,-30.299358660280003
6.0,128.0,-30.383008597058815
6.0,128.5,-30.34600495221102
6.0,129.0,-30.34600495221102
6.0,129.5,-30.34600495221102
6.0,130.0,-30.30783966152024
6.0,130.5,-30.391884171075713
6.0,131.0,-30.352765402332274
6.0,131.5,-30.352765402332274
6.0,132.0,-30.352765402332274
6.0,132.5,-30.312567886097042
6.0,133.0,-30.565350719936227
6.0,133.5,-30.524290611816774
6.0,134.0,-30.524290611816774
6.0,134.5,-30.461058281243645
6.0,135.0,-30.461058281243645
6.0,135.5,-30.48213577767348
6.0,136.0,-30.48213577767348
6.0,136.5,-30.607476035678303
6.0,137.0,-30.607476035678303
6.0,137.5,-30.607476035678303
6.0,138.0,-30.860184246426204
6.0,138.5,-31.11277949727001
6.0,139.0,-31.11277949727001
6.0,139.5,-30.98354968146779
6.0,140.0,-30.98354968146779
6.0,140.5,-31.06751921585086
6.0,141.0,-31.06751921585086
6.0,141.5,-30.93728271481187
6.0,142.0,-30.93728271481187
6.0,142.5,-31.02096950771464
6.0,143.0,-31.104558839247566
6.0,143.5,-31.188026309029073
6.0,144.0,-31.188026309029073
6.0,144.5,-31.27133868828264
6.0,145.0,-31.13951795828995
6.0,145.5,-31.180922501261296
6.0,146.0,-31.180922501261296
6.0,146.5,-31.222327044232642
6.0,147.0,-31.26358922650704
6.0,147.5,-31.304851408781442
6.0,148.0,-31.387003228185318
6.0,148.5,-31.387003228185318
6.0,149.0,-31.320542873456244
6.0,149.5,-31.320542873456244
6.0,150.0,-31.335512689406784
6.0,150.5,-31.335512689406784
6.0,151.0,-31.335512689406784
6.0,151.5,-31.54961582521235
6.0,152.0,-31.54961582521235
6.0,152.5,-31.41632405590563
6.0,153.0,-31.402994338587632
6.0,153.5,-31.389664621269638
6.0,154.0,-31.37633490395164
6.0,154.5,-31.37633490395164
6.0,155.0,-31.62958541757226
6.0,155.5,-31.62958541757226
6.0,156.0,-31.442031596490846
6.0,156.5,-31.442031596490846
6.0,157.0,-31.481059129246873
6.0,157.5,-31.481059129246873
6.0,158.0,-31.453385082922054
6.0,158.5,-31.453385082922054
6.0,159.0,-31.453385082922054
6.0,159.5,-31.51976693765879
6.0,160.0,-31.652257277621302
6.0,160.5,-31.652257277621302
6.0,161.0,-31.463741872713523
6.0,161.5,-31.43546355306114
6.0,162.0,-31.40718523340876
6.0,162.5,-31.40718523340876
6.0,163.0,-31.40718523340876
6.0,163.5,-31.53860333129139
6.0,164.0,-31.350204452860563
6.0,164.5,-31.53860333129139
6.0,165.0,-31.481087372532997
6.0,165.5,-31.481087372532997
6.0,166.0,-31.452168527302767
6.0,166.5,-31.452168527302767
6.0,167.0,-31.423249682072537
6.0,167.5,-31.610858778765195
6.0,168.0,-31.58162873084876
6.0,168.5,-31.58162873084876
6.0,169.0,-31.552398682932328
6.0,169.5,-31.552398682932328
6.0,170.0,-31.49374165293861
6.0,170.5,-31.464337628321598
6.0,171.0,-31.434933603704586
6.0,171.5,-31.434933603704586
6.0,172.0,-31.557282840547273
6.0,172.5,-31.67939995972336
6.0,173.0,-31.67939995972336
6.0,173.5,-31.67939995972336
6.0,174.0,-31.620145123774552
6.0,174.5,-31.560821141966834
6.0,175.0,-27.13447280065109
6.0,175.5,-26.540087681593292
6.0,176.0,-25.766882400594945
6.0,176.5,-25.409874970658713
6.0,177.0,-24.817841917882657
6.0,177.5,-24.46305012003603
6.0,178.0,-24.226748507558646
6.0,178.5,-23.98988710368114
6.0,179.0,-23.812127653647124
6.0,179.5,-23.693525917508566
6.0,180.0,-23.57449391759561
6.0,180.5,-23.39482375126832
6.0,181.0,-23.334205032337415
6.0,181.5,-23.27320110754693
6.0,182.0,-23.150068884408743
6.0,182.5,-23.147513269991414
6.0,183.0,-23.144565381367336
6.0,183.5,-23.137494365450067
6.0,184.0,-23.137494365450067
6.0,184.5,-23.183357862644552
6.0,185.0,-23.188292720446512
6.0,185.5,-23.237393848446807
6.0,186.0,-23.290959040891227
6.0,186.5,-23.403315426609193
6.0,187.0,-23.515078205583062
6.0,187.5,-23.677642330540774
6.0,188.0,-23.736728885505915
6.0,188.5,-23.846566976543066
6.0,189.0,-24.073546096962453
6.0,189.5,-24.35818078876344
6.0,190.0,-24.416952812494532
6.0,190.5,-24.758530162089585
6.0,191.0,-24.817118669648384
6.0,191.5,-25.16828481345582
6.0,192.0,-25.46039556121884
6.0,192.5,-25.751956913696255
6.0,193.0,-25.984758382054007
6.0,193.5,-26.217111562683865
6.0,194.0,-26.448962022453678
6.0,194.5,-26.622482168071308
6.0,195.0,-26.795653341952626
6.0,195.5,-26.968440821213438
6.0,196.0,-27.386510359680912
6.0,196.5,-27.501106232091086
6.0,197.0,-27.672549130341757
6.0,197.5,-27.97501678976591
6.0,198.0,-28.088722063552964
6.0,198.5,-28.20210392578221
6.0,199.0,-28.503665584264546
6.0,199.5,-28.616286868387334
6.0,200.0,-28.86091277236253
6.0,200.5,-28.916912038104048
6.0,201.0,-29.02851319223813
6.0,201.5,-29.27237026618095
6.0,202.0,-29.327726193713183
6.0,202.5,-29.38290741746725
6.0,203.0,-29.437903427409484
6.0,203.5,-29.625811122672143
6.0,204.0,-29.680464479907712
6.0,204.5,-29.73488659362334
6.0,205.0,-29.92232301713089
6.0,205.5,-29.976267981668105
6.0,206.0,-30.029914486121577
6.0,206.5,-30.029914486121577
6.0,207.0,-30.08323972685063
6.0,207.5,-30.269507336922796
6.0,208.0,-30.269507336922796
6.0,208.5,-30.32206024621948
6.0,209.0,-30.37417641337408
6.0,209.5,-30.455284483604526
6.0,210.0,-30.50730192133819
6.0,210.5,-30.55879881697242
6.0,211.0,-30.55879881697242
6.0,211.5,-30.609724269899132
6.0,212.0,-30.742411564930872
6.0,212.5,-30.660021205212495
6.0,213.0,-30.742411564930872
6.0,213.5,-30.75101117744272
6.0,214.0,-30.75101117744272
6.0,214.5,-30.75101117744272
6.0,215.0,-30.84159842057073
6.0,215.5,-31.569357948724246
6.0,216.0,-31.569357948724246
6.0,216.5,-31.295336112744064
6.0,217.0,-31.295336112744064
6.0,217.5,-31.658888885114976
6.0,218.0,-31.658888885114976
6.0,218.5,-31.61703294243224
6.0,219.0,-31.575099648169754
6.0,219.5,-31.53316635390727
6.0,220.0,-31.53316635390727
6.0,220.5,-31.872769623019813
6.0,221.0,-31.872769623019813
6.0,221.5,-31.830706545328088
6.0,222.0,-31.746508128380153
6.0,222.5,-31.662272058130853
6.0,223.0,-31.49374165293861
6.0,223.5,-31.49374165293861
6.0,224.0,-31.49976130120201
6.0,224.5,-31.505780949465407
6.0,225.0,-31.511800597728808
6.0,225.5,-31.517820245992205
6.0,226.0,-31.5238398942556
6.0,226.5,-31.529859542519002
6.0,227.0,-31.5358791907824
6.0,227.5,-31.5358791907824
6.0,228.0,-31.070691380086895
6.0,228.5,-30.90229309538108
6.0,229.0,-30.773445584561284
6.0,229.5,-30.773445584561284
6.0,230.0,-30.773445584561284
6.0,230.5,-30.727749221794728
6.0,231.0,-30.727749221794728
6.0,231.5,-30.727749221794728
6.0,232.0,-30.681080473501517
6.0,232.5,-30.681080473501517
6.0,233.0,-30.681080473501517
6.0,233.5,-30.716848252583233
6.0,234.0,-30.716848252583233
6.0,234.5,-30.800049665792105
6.0,235.0,-30.800049665792105
6.0,235.5,-30.75103360722
6.0,236.0,-30.75103360722
6.0,236.5,-30.75103360722
6.0,237.0,-30.701243347828463
6.0,237.5,-30.701243347828463
6.0,238.0,-30.435922352490895
6.0,238.5,-29.955488159892965
6.0,239.0,-29.771358439699373
6.0,239.5,-29.689689531687126
6.0,240.0,-29.505253138985747
6.0,240.5,-29.505253138985747
6.0,241.0,-29.48217938640309
6.0,241.5,-29.48217938640309
6.0,242.0,-29.48217938640309
6.0,242.5,-29.48217938640309
6.0,243.0,-29.456698096857384
6.0,243.5,-29.456698096857384
6.0,244.0,-29.456698096857384
6.0,244.5,-29.428875932043884
6.0,245.0,-29.48283590694692
6.0,245.5,-29.453448426300977
6.0,246.0,-29.453448426300977
6.0,246.5,-29.453448426300977
6.0,247.0,-29.531868414532912
6.0,247.5,-29.5547027622241
6.0,248.0,-29.609916427085917
6.0,248.5,-29.687557654775272
6.0,249.0,-29.764753023855256
6.0,249.5,-29.841458562296012
6.0,250.0,-29.89737638158901
6.0,250.5,-29.973860364472255
6.0,251.0,-30.049755723522175
6.0,251.5,-30.049755723522175
6.0,252.0,-29.747953698874987
6.0,252.5,-29.691111793521866
6.0,253.0,-29.634143252320534
6.0,253.5,-29.51985870612535
6.0,254.0,-29.46255726218513
6.0,254.5,-29.34766812502399
6.0,255.0,-29.34766812502399
6.0,255.5,-29.304840174798667
6.0,256.0,-29.304840174798667
6.0,256.5,-29.304840174798667
6.0,257.0,-29.304840174798667
6.0,257.5,-29.376582310512156
6.0,258.0,-29.33083295089863
6.0,258.5,-29.33083295089863
6.0,259.0,-29.33083295089863
6.0,259.5,-29.342045341444244
6.0,260.0,-29.342045341444244
6.0,260.5,-29.410908924098706
6.0,261.0,-29.410908924098706
6.0,261.5,-29.5378936653293
6.0,262.0,-29.664225782416878
6.0,262.5,-29.782407743444427
6.0,263.0,-29.73054632182278
6.0,263.5,-29.73054632182278
6.0,264.0,-29.49336197588567
6.0,264.5,-29.255967160081116
6.0,265.0,-28.95899835309578
6.0,265.5,-28.95899835309578
6.0,266.0,-28.84015441086544
6.0,266.5,-28.487307851684594
6.0,267.0,-28.311466000418523
6.0,267.5,-28.30871728772171
6.0,268.0,-28.073149608577236
6.0,268.5,-27.955663151578307
6.0,269.0,-27.955663151578307
6.0,269.5,-27.837264457457213
6.0,270.0,-27.837264457457213
6.0,270.5,-27.837264457457213
6.0,271.0,-27.837264457457213
6.0,271.5,-27.836447832728062
6.0,272.0,-27.89191824426672
6.0,272.5,-27.89191824426672
6.0,273.0,-27.89191824426672
6.0,273.5,-27.89191824426672
6.0,274.0,-28.062800617117766
6.0,274.5,-28.067109539673318
6.0,275.0,-28.241071305037703
6.0,275.5,-28.295002823231687
6.0,276.0,-28.295002823231687
6.0,276.5,-28.295002823231687
6.0,277.0,-28.16307226070068
6.0,277.5,-27.918883169605408
6.0,278.0,-27.733553958669464
6.0,278.5,-27.547966378834815
6.0,279.0,-27.176130920464164
6.0,279.5,-26.989930259936084
6.0,280.0,-26.67573182554638
6.0,280.5,-26.489039974243088
6.0,281.0,-26.173821918226608
6.0,281.5,-25.91639048326343
6.0,282.0,-25.599975728677308
6.0,282.5,-25.470703973171375
6.0,283.0,-25.2697629929586
6.0,283.5,-25.01009014413146
6.0,284.0,-24.807722890899832
6.0,284.5,-24.677415800221883
6.0,285.0,-24.474099170348232
6.0,285.5,-24.196673579255997
6.0,286.0,-24.122968150382448
6.0,286.5,-23.97494492769019
6.0,287.0,-23.826141370025056
6.0,287.5,-23.676598396697557
6.0,288.0,-23.65824606939494
6.0,288.5,-23.50750071047812
6.0,289.0,-23.412422766757057
6.0,289.5,-23.336413027371563
6.0,290.0,-23.239975128518026
6.0,290.5,-23.142600655916414
6.0,291.0,-23.04431952582587
6.0,291.5,-22.889764790881706
6.0,292.0,-22.789967344169966
6.0,292.5,-22.689347411147743
6.0,293.0,-22.533111839101785
6.0,293.5,-22.352587870282697
6.0,294.0,-22.249600609426935
6.0,294.5,-22.01265084745587
6.0,295.0,-21.8542630235464
6.0,295.5,-21.6698443690478
6.0,296.0,-21.430795242783702
6.0,296.5,-21.24441813238832
6.0,297.0,-21.05701035137624
6.0,297.5,-20.735336982620517
6.0,298.0,-20.546048488551055
6.0,298.5,-20.35588282372407
6.0,299.0,-20.164881604041277
6.0,299.5,-19.891738780312785
6.0,300.0,-19.699012872426195
6.0,300.5,-19.5055721339413
6.0,301.0,-19.362475109216497
6.0,301.5,-19.167482261118124
6.0,302.0,-18.94017463218927
6.0,302.5,-18.793829575599155
6.0,303.0,-18.646441206241846
6.0,303.5,-18.498043217405932
6.0,304.0,-18.431482753582728
6.0,304.5,-18.281289008786842
6.0,305.0,-18.17892510052833
6.0,305.5,-18.10983361291458
6.0,306.0,-18.00494786691486
6.0,306.5,-17.934205982597106
6.0,307.0,-17.87436265454641
6.0,307.5,-17.87436265454641
6.0,308.0,-17.822312452622043
6.0,308.5,-17.81229587439357
6.0,309.0,-17.81155418322811
6.0,309.5,-17.81155418322811
6.0,310.0,-17.81934384971401
6.0,310.5,-17.826642765026847
6.0,311.0,-17.884795421908773
6.0,311.5,-17.935078738124194
6.0,312.0,-18.024131329507185
6.0,312.5,-18.072644667017755
6.0,313.0,-18.163710977708668
6.0,313.5,-18.25065391167587
6.0,314.0,-18.380164097681913
6.0,314.5,-18.465888138159166
6.0,315.0,-18.593526767028028
6.0,315.5,-18.80431509048782
6.0,316.0,-18.92958168490824
6.0,316.5,-19.13789904490215
6.0,317.0,-19.304136386848594
6.0,317.5,-19.59443988311976
6.0,318.0,-19.84327525972332
6.0,318.5,-20.09135238605593
6.0,319.0,-20.338623644822185
6.0,319.5,-20.66911791711783
6.0,320.0,-20.998572880881746
6.0,320.5,-21.288838452713566
6.0,321.0,-21.70029916465856
6.0,321.5,-21.989276022122013
6.0,322.0,-22.277712329535998
6.0,322.5,-22.277712329535998
6.0,323.0,-22.11374521257192
6.0,323.5,-21.803144460704523
6.0,324.0,-21.360322768414573
6.0,324.5,-20.83351144498164
6.0,325.0,-20.257169627304023
6.0,325.5,-19.679818339514107
6.0,326.0,-19.233845634013363
6.0,326.5,-18.47275365662055
6.0,327.0,-17.975283419485393
6.0,327.5,-17.3443511256782
6.0,328.0,-16.66182372517178
6.0,328.5,-16.110861861541633
6.0,329.0,-15.374732837392564
6.0,329.5,-14.770122425271811
6.0,330.0,-14.297405973531351
6.0,330.5,-13.638536893108082
6.0,331.0,-13.11142862607852
6.0,331.5,-12.530575160585144
6.0,332.0,-11.948126434582075
6.0,332.5,-11.497522077757669
6.0,333.0,-10.992368011551328
6.0,333.5,-10.485541487583959
6.0,334.0,-9.92345263105608
6.0,334.5,-9.546693040013025
6.0,335.0,-9.114400387581554
6.0,335.5,-8.680379909828545
6.0,336.0,-8.190158313736092
6.0,336.5,-7.697992851959906
6.0,337.0,-7.3370156607963075
6.0,337.5,-6.974157563545621
6.0,338.0,-6.554113601398601
6.0,338.5,-6.2431147076702835
6.0,339.0,-5.896226686736739
6.0,339.5,-5.602744407428169
6.0,340.0,-5.287019747219503
6.0,340.5,-4.933649740558312
6.0,341.0,-4.690853620211474
6.0,341.5,-4.352006682789231
6.0,342.0,-4.10537889203442
6.0,342.5,-3.8180800289234824
6.0,343.0,-3.5679802250245487
6.0,343.5,-3.3332861077943505
6.0,344.0,-3.09633105537392
6.0,344.5,-2.857169860860921
6.0,345.0,-2.6310645861092574
6.0,345.5,-2.4449522321207233
6.0,346.0,-2.2570281696863645
6.0,346.5,-2.023047620363986
6.0,347.0,-1.8442361535666656
6.0,347.5,-1.7083669384803208
6.0,348.0,-1.5248986361798025
6.0,348.5,-1.397305937575048
6.0,349.0,-1.2087951757085946
6.0,349.5,-1.0764432969167537
6.0,350.0,-0.9903624653307226
6.0,350.5,-0.8637554989692049
6.0,351.0,-0.7247203741886672
6.0,351.5,-0.6424722745172247
6.0,352.0,-0.5581904530998578
6.0,352.5,-0.42799001483203014
6.0,353.0,-0.39079997640937236
6.0,353.5,-0.30668174118214253
6.0,354.0,-0.2195603107177213
6.0,354.5,-0.18333433281576106
6.0,355.0,-0.14010575487014876
6.0,355.5,-0.100646105099365
6.0,356.0,-0.06361371718675457
6.0,356.5,-0.03082394998344995
6.0,357.0,-0.027342347229357244
6.0,357.5,0.0
6.0,358.0,0.0
6.0,358.5,-0.01021613819082745
6.0,359.0,-0.019883038713572887
6.0,359.5,-0.021651014693219395
7.0,0.0,-0.08375758109797005
7.0,0.5,-0.08375758109797005
7.0,1.0,-0.19649761946382327
7.0,1.5,-0.2519317060488504
7.0,2.0,-0.30634727471268874
7.0,2.5,-0.4146189602149981
7.0,3.0,-0.5200057003078697
7.0,3.5,-0.6260258496159246
7.0,4.0,-0.7301434322277238
7.0,4.5,-0.8873098030436459
7.0,5.0,-0.992014530496629
7.0,5.5,-1.2035751365381486
7.0,6.0,-1.3586007427936906
7.0,6.5,-1.5707787407202858
7.0,7.0,-1.7806965259790353
7.0,7.5,-1.9883069689877964
7.0,8.0,-2.193562160658093
7.0,8.5,-2.455410678786837
7.0,9.0,-2.664815813606694
7.0,9.5,-2.9808560447460124
7.0,10.0,-3.2453442784420368
7.0,10.5,-3.6147771722747457
7.0,11.0,-3.8750178455395243
7.0,11.5,-4.25029518105617
7.0,12.0,-4.577013506702691
7.0,12.5,-4.889865202389899
7.0,13.0,-5.3166990389830495
7.0,13.5,-5.638331859933164
7.0,14.0,-6.016415074375384
7.0,14.5,-6.450536152044645
7.0,15.0,-6.882552882659212
7.0,15.5,-7.427358767380426
7.0,16.0,-7.756043340132042
7.0,16.5,-8.255564829254904
7.0,17.0,-8.753296009230947
7.0,17.5,-9.249120349075742
7.0,18.0,-9.686132909275976
7.0,18.5,-10.17793892661857
7.0,19.0,-10.63022852712762
7.0,19.5,-11.005535914343351
7.0,20.0,-11.491252848778004
7.0,20.5,-11.827316126421174
7.0,21.0,-12.141607396254614
7.0,21.5,-12.432547817575138
7.0,22.0,-12.521536599673226
7.0,22.5,-12.697997445773979
7.0,23.0,-12.75452163474462
7.0,23.5,-12.75452163474462
7.0,24.0,-12.68195585186038
7.0,24.5,-12.608025184759622
7.0,25.0,-12.453429067643413
7.0,25.5,-12.296996586496807
7.0,26.0,-12.138770721936599
7.0,26.5,-12.058888106660703
7.0,27.0,-11.897438637775927
7.0,27.5,-11.734309220845883
7.0,28.0,-11.65028814451551
7.0,28.5,-11.565058185855673
7.0,29.0,-11.449563546818336
7.0,29.5,-11.361570830408866
7.0,30.0,-11.323973260014068
7.0,30.5,-11.26375381444172
7.0,31.0,-11.223618838011078
7.0,31.5,-11.181868431085675
7.0,32.0,-11.15734808233849
7.0,32.5,-11.15734808233849
7.0,33.0,-11.161827252164638
7.0,33.5,-11.196848374051736
7.0,34.0,-11.246943767007192
7.0,34.5,-11.278707423387218
7.0,35.0,-11.35807250357626
7.0,35.5,-11.386929934789116
7.0,36.0,-11.44930646568007
7.0,36.5,-11.572039471002206
7.0,37.0,-11.680163310056791
7.0,37.5,-11.78711788000615
7.0,38.0,-11.94004999035905
7.0,38.5,-12.044325843313327
7.0,39.0,-12.240343285400606
7.0,39.5,-12.425442427080704
7.0,40.0,-12.525422671728457
7.0,40.5,-12.708121379755113
7.0,41.0,-12.9347787666204
7.0,41.5,-13.114689465806961
7.0,42.0,-13.293303258058032
7.0,42.5,-13.470583018855447
7.0,43.0,-13.730739676437508
7.0,43.5,-13.905261823445365
7.0,44.0,-14.162620927170323
7.0,44.5,-14.334197330088838
7.0,45.0,-14.5885380819063
7.0,45.5,-14.799327344331282
7.0,46.0,-15.050822545471078
7.0,46.5,-15.259388970728018
7.0,47.0,-15.592078838553626
7.0,47.5,-15.79820719294684
7.0,48.0,-16.087445009819263
7.0,48.5,-16.375454432601217
7.0,49.0,-16.66216710712413
7.0,49.5,-16.992702879103646
7.0,50.0,-17.276980919609027
7.0,50.5,-17.60560817870214
7.0,51.0,-17.971032836528583
7.0,51.5,-18.297399478339834
7.0,52.0,-18.66955780236264
7.0,52.5,-18.910428600856534
7.0,53.0,-19.40091320818466
7.0,53.5,-19.770648359323708
7.0,54.0,-20.139633684154077
7.0,54.5,-20.72262053897446
7.0,55.0,-21.089946577079868
7.0,55.5,-21.671196043104416
7.0,56.0,-22.085737885162565
7.0,56.5,-22.582379373330472
7.0,57.0,-22.995476267394935
7.0,57.5,-23.54031597222682
7.0,58.0,-23.869605721998237
7.0,58.5,-24.413066567924588
7.0,59.0,-24.87374674306194
7.0,59.5,-25.252063679907288
7.0,60.0,-25.62998187676895
7.0,60.5,-26.221874725365858
7.0,61.0,-26.51748235459027
7.0,61.5,-26.67960114323149
7.0,62.0,-27.18855386842118
7.0,62.5,-27.18855386842118
7.0,63.0,-27.11027169017108
7.0,63.5,-26.87030657643527
7.0,64.0,-26.62982969647696
7.0,64.5,-26.522184362346238
7.0,65.0,-26.414083481799732
7.0,65.5,-26.172344911538225
7.0,66.0,-26.063454351809522
7.0,66.5,-25.76632898632351
7.0,67.0,-25.6565883412774
7.0,67.5,-25.491368389578803
7.0,68.0,-25.380838752608124
7.0,68.5,-25.21450620803799
7.0,69.0,-25.10327876568835
7.0,69.5,-25.068502098996216
7.0,70.0,-24.900518787341156
7.0,70.5,-24.864278330998268
7.0,71.0,-24.864278330998268
7.0,71.5,-24.78944744277878
7.0,72.0,-24.78944744277878
7.0,72.5,-24.807722890899832
7.0,73.0,-24.807722890899832
7.0,73.5,-24.82556098548765
7.0,74.0,-24.859912419934368
7.0,74.5,-24.949939820049472
7.0,75.0,-24.965668498810842
7.0,75.5,-25.0386151037504
7.0,76.0,-25.241568051532017
7.0,76.5,-25.313822870875605
7.0,77.0,-25.515557740099155
7.0,77.5,-25.71644088501403
7.0,78.0,-25.845677221490696
7.0,78.5,-26.103621919692387
7.0,79.0,-26.2323074208737
7.0,79.5,-26.382167986573503
7.0,80.0,-26.382167986573503
7.0,80.5,-26.382167986573503
7.0,81.0,-26.09749237945275
7.0,81.5,-25.920641633233984
7.0,82.0,-25.751956913696255
7.0,82.5,-25.574671553874953
7.0,83.0,-25.34543076854014
7.0,83.5,-25.286220311844197
7.0,84.0,-25.115076456958562
7.0,84.5,-24.94306925818262
7.0,85.0,-24.88906781062279
7.0,85.5,-24.834496255916235
7.0,86.0,-24.779367189340398
7.0,86.5,-24.727026464955117
7.0,87.0,-24.727026464955117
7.0,87.5,-24.72988493971574
7.0,88.0,-24.79184952760278
7.0,88.5,-24.793771757179833
7.0,89.0,-24.85482214151278
7.0,89.5,-24.91540757291765
7.0,90.0,-25.035136420123514
7.0,90.5,-25.09475649444736
7.0,91.0,-25.3327182855137
7.0,91.5,-25.51049998034903
7.0,92.0,-25.806854326508045
7.0,92.5,-26.10245391236012
7.0,93.0,-26.519362689805263
7.0,93.5,-26.57574901491216
7.0,94.0,-27.111321514166967
7.0,94.5,-27.16656849604954
7.0,95.0,-27.463727011107025
7.0,95.5,-27.570997508859772
7.0,96.0,-27.570997508859772
7.0,96.5,-27.32730065816863
7.0,97.0,-27.142565625300314
7.0,97.5,-26.957559352121336
7.0,98.0,-26.772309627643068
7.0,98.5,-26.4601183659451
7.0,99.0,-26.333103367291763
7.0,99.5,-26.264615533539384
7.0,100.0,-26.137004878389202
7.0,100.5,-26.067807625170065
7.0,101.0,-26.05678533423922
7.0,101.5,-26.03306762607865
7.0,102.0,-26.02037864114363
7.0,102.5,-26.03306762607865
7.0,103.0,-26.051281610763994
7.0,103.5,-26.051281610763994
7.0,104.0,-26.051281610763994
7.0,104.5,-26.267615941143262
7.0,105.0,-26.282640839456775
7.0,105.5,-26.440299833100227
7.0,106.0,-26.612594293605664
7.0,106.5,-26.784462082401767
7.0,107.0,-27.14432665272449
7.0,107.5,-27.258340306064788
7.0,108.0,-27.61740778881627
7.0,108.5,-27.919299344513796
7.0,109.0,-28.032335685914394
7.0,109.5,-28.33352623688431
7.0,110.0,-28.57819213174577
7.0,110.5,-28.8785791870254
7.0,111.0,-29.122684375620643
7.0,111.5,-29.122684375620643
7.0,112.0,-28.967812547619122
7.0,112.5,-28.56885378180528
7.0,113.0,-28.43582078309374
7.0,113.5,-28.091323225401943
7.0,114.0,-27.879529791497653
7.0,114.5,-27.800666765100708
7.0,115.0,-27.642353611206058
7.0,115.5,-27.642353611206058
7.0,116.0,-27.616630424543125
7.0,116.5,-27.590278213199024
7.0,117.0,-27.56330772611916
7.0,117.5,-27.56330772611916
7.0,118.0,-27.58834650716839
7.0,118.5,-27.58834650716839
7.0,119.0,-27.693055612667575
7.0,119.5,-27.715641852071492
7.0,120.0,-27.74513556699769
7.0,120.5,-27.767183993561527
7.0,121.0,-27.951467533526817
7.0,121.5,-28.135359932148823
7.0,122.0,-28.186090432695046
7.0,122.5,-28.45147770502572
7.0,123.0,-28.501737379340884
7.0,123.5,-28.766674113275
7.0,124.0,-28.948562630132354
7.0,124.5,-29.08066891520859
7.0,125.0,-29.212667369439767
7.0,125.5,-29.476277849697297
7.0,126.0,-29.607850420100533
7.0,126.5,-29.739234553008263
7.0,127.0,-29.87039822388494
7.0,127.5,-29.917624658677415
7.0,128.0,-29.917624658677415
7.0,128.5,-29.28458042671739
7.0,129.0,-28.651274328836248
7.0,129.5,-28.567381506214126
7.0,130.0,-28.36128028679829
7.0,130.5,-28.36128028679829
7.0,131.0,-28.283155899303072
7.0,131.5,-28.243322501779595
7.0,132.0,-28.243322501779595
7.0,132.5,-28.243322501779595
7.0,133.0,-28.243322501779595
7.0,133.5,-28.246476336393776
7.0,134.0,-28.247828752255998
7.0,134.5,-28.268907511545635
7.0,135.0,-28.268907511545635
7.0,135.5,-28.289986270835275
7.0,136.0,-28.415987741094423
7.0,136.5,-28.457187414763514
7.0,137.0,-28.66637531135324
7.0,137.5,-28.710027987264546
7.0,138.0,-28.79064241387612
7.0,138.5,-28.87482389803877
7.0,139.0,-28.998297004621154
7.0,139.5,-29.082384384065048
7.0,140.0,-29.372794063581374
7.0,140.5,-29.41859480576459
7.0,141.0,-29.456698096857384
7.0,141.5,-29.661412307892334
7.0,142.0,-29.708242519349277
7.0,142.5,-29.745043861560056
7.0,143.0,-29.912155490559787
7.0,143.5,-29.995624028368194
7.0,144.0,-30.162350616835585
7.0,144.5,-30.245590615780063
7.0,145.0,-30.245590615780063
7.0,145.5,-30.27971610430504
7.0,146.0,-30.27971610430504
7.0,146.5,-30.362466577455322
7.0,147.0,-30.44506710163469
7.0,147.5,-30.527495321888757
7.0,148.0,-30.609724269899132
7.0,148.5,-30.609724269899132
7.0,149.0,-30.55879881697242
7.0,149.5,-30.55879881697242
7.0,150.0,-30.50730192133819
7.0,150.5,-30.50730192133819
7.0,151.0,-30.455284483604526
7.0,151.5,-30.455284483604526
7.0,152.0,-30.455284483604526
7.0,152.5,-30.402791963372273
7.0,153.0,-30.38985863878312
7.0,153.5,-30.38985863878312
7.0,154.0,-30.38985863878312
7.0,154.5,-30.4298522528303
7.0,155.0,-30.455284483604526
7.0,155.5,-30.509416114002534
7.0,156.0,-30.455284483604526
7.0,156.5,-30.588493494593404
7.0,157.0,-30.479016041287323
7.0,157.5,-30.479016041287323
7.0,158.0,-30.479016041287323
7.0,158.5,-30.556620690789913
7.0,159.0,-30.556620690789913
7.0,159.5,-30.50097522468554
7.0,160.0,-30.50097522468554
7.0,160.5,-30.521092056774776
7.0,161.0,-30.521092056774776
7.0,161.5,-30.521092056774776
7.0,162.0,-30.59628244698509
7.0,162.5,-30.653065585265434
7.0,163.0,-30.727749221794728
7.0,163.5,-30.727749221794728
7.0,164.0,-30.727749221794728
7.0,164.5,-30.80132924286233
7.0,165.0,-30.80132924286233
7.0,165.5,-30.80132924286233
7.0,166.0,-30.93161897826715
7.0,166.5,-30.93161897826715
7.0,167.0,-30.93161897826715
7.0,167.5,-31.06120163825564
7.0,168.0,-31.06120163825564
7.0,168.5,-31.002860738130362
7.0,169.0,-31.002860738130362
7.0,169.5,-31.131089636022647
7.0,170.0,-31.131089636022647
7.0,170.5,-31.072280839254663
7.0,171.0,-31.01339030661221
7.0,171.5,-31.01339030661221
7.0,172.0,-31.25788960491829
7.0,172.5,-31.25788960491829
7.0,173.0,-31.19872984429186
7.0,173.5,-31.19872984429186
7.0,174.0,-31.13951795828995
7.0,174.5,-27.609640083440468
7.0,175.0,-26.416545827974716
7.0,175.5,-25.7032752604787
7.0,176.0,-25.108547645377904
7.0,176.5,-24.75518253232597
7.0,177.0,-24.397997165483286
7.0,177.5,-23.984036924835443
7.0,178.0,-23.68850684184541
7.0,178.5,-23.392399063829124
7.0,179.0,-23.09674727210806
7.0,179.5,-22.918475655214912
7.0,180.0,-22.799426166918103
7.0,180.5,-22.619821471360105
7.0,181.0,-22.559282670375993
7.0,181.5,-22.496738071157658
7.0,182.0,-22.43514106265938
7.0,182.5,-22.432772706778017
7.0,183.0,-22.42694535544423
7.0,183.5,-22.42348701076188
7.0,184.0,-22.42348701076188
7.0,184.5,-22.470369922095465
7.0,185.0,-22.52483305306709
7.0,185.5,-22.578865097227713
7.0,186.0,-22.632458743079326
7.0,186.5,-22.797533640289842
7.0,187.0,-22.968067439233792
7.0,187.5,-23.078782647047948
7.0,188.0,-23.306951525533716
7.0,188.5,-23.424986158884426
7.0,189.0,-23.534153634025063
7.0,189.5,-23.87794096284708
7.0,190.0,-24.05429825864242
7.0,190.5,-24.39594450449475
7.0,191.0,-24.513127600283394
7.0,191.5,-24.864278330998268
7.0,192.0,-25.156397869313246
7.0,192.5,-25.44799354685906
7.0,193.0,-25.738994321600856
7.0,193.5,-25.971310480578694
7.0,194.0,-26.203141689422978
7.0,194.5,-26.376661939275827
7.0,195.0,-26.795653341952626
7.0,195.5,-26.968440821213438
7.0,196.0,-27.140805212116657
7.0,196.5,-27.501106232091086
7.0,197.0,-27.672549130341757
7.0,197.5,-27.786516478237218
7.0,198.0,-28.088722063552964
7.0,198.5,-28.20210392578221
7.0,199.0,-28.503665584264546
7.0,199.5,-28.616286868387334
7.0,200.0,-28.67243385808638
7.0,200.5,-28.916912038104048
7.0,201.0,-29.02851319223813
7.0,201.5,-29.08410080052006
7.0,202.0,-29.13953607290425
7.0,202.5,-29.38290741746725
7.0,203.0,-29.437903427409484
7.0,203.5,-29.625811122672143
7.0,204.0,-29.680464479907712
7.0,204.5,-29.73488659362334
7.0,205.0,-29.78906173680243
7.0,205.5,-29.976267981668105
7.0,206.0,-30.029914486121577
7.0,206.5,-30.029914486121577
7.0,207.0,-30.08323972685063
7.0,207.5,-30.13621867540331
7.0,208.0,-30.269507336922796
7.0,208.5,-30.32206024621948
7.0,209.0,-30.37417641337408
7.0,209.5,-30.455284483604526
7.0,210.0,-30.425817124995532
7.0,210.5,-30.50730192133819
7.0,211.0,-30.55879881697242
7.0,211.5,-30.609724269899132
7.0,212.0,-30.742411564930872
7.0,212.5,-30.660021205212495
7.0,213.0,-30.742411564930872
7.0,213.5,-30.75101117744272
7.0,214.0,-30.75101117744272
7.0,214.5,-30.75101117744272
7.0,215.0,-30.84159842057073
7.0,215.5,-30.9732783978442
7.0,216.0,-30.9732783978442
7.0,216.5,-30.9732783978442
7.0,217.0,-31.02096950771464
7.0,217.5,-31.02096950771464
7.0,218.0,-30.93728271481187
7.0,218.5,-30.93728271481187
7.0,219.0,-31.06751921585086
7.0,219.5,-31.06751921585086
7.0,220.0,-30.98354968146779
7.0,220.5,-30.181730174402787
7.0,221.0,-29.92938886653934
7.0,221.5,-29.92938886653934
7.0,222.0,-29.92938886653934
7.0,222.5,-29.973860364472255
7.0,223.0,-29.88963604658679
7.0,223.5,-30.101884820101578
7.0,224.0,-29.849039571611982
7.0,224.5,-29.82872079973221
7.0,225.0,-29.82872079973221
7.0,225.5,-29.849799023448245
7.0,226.0,-29.849799023448245
7.0,226.5,-30.05974565248061
7.0,227.0,-29.847521406705972
7.0,227.5,-30.015969850219182
7.0,228.0,-29.887319020455816
7.0,228.5,-29.9714553604667
7.0,229.0,-29.9714553604667
7.0,229.5,-29.9714553604667
7.0,230.0,-29.92624576583398
7.0,230.5,-29.03301426331474
7.0,231.0,-28.437241440121884
7.0,231.5,-28.008888679734767
7.0,232.0,-27.87829290407659
7.0,232.5,-27.74753553180519
7.0,233.0,-27.56907386339507
7.0,233.5,-27.521240329600378
7.0,234.0,-27.50793451752769
7.0,234.5,-27.47313825005139
7.0,235.0,-27.493152446538076
7.0,235.5,-27.493152446538076
7.0,236.0,-27.52657328522773
7.0,236.5,-27.52657328522773
7.0,237.0,-27.55946762390727
7.0,237.5,-27.674123245801503
7.0,238.0,-27.756346518240118
7.0,238.5,-27.920548112663564
7.0,239.0,-28.08439045631873
7.0,239.5,-28.16616319049719
7.0,240.0,-28.329380339797215
7.0,240.5,-28.62525084287465
7.0,241.0,-28.706454410240788
7.0,241.5,-29.00164021608245
7.0,242.0,-29.02963785895597
7.0,242.5,-29.02963785895597
7.0,243.0,-28.310091400634477
7.0,243.5,-27.670188985134864
7.0,244.0,-27.350016142642907
7.0,244.5,-27.109222083110865
7.0,245.0,-27.001222153607806
7.0,245.5,-26.892739945986715
7.0,246.0,-26.78380449451808
7.0,246.5,-26.78380449451808
7.0,247.0,-26.77559138498905
7.0,247.5,-26.77559138498905
7.0,248.0,-26.797960308337355
7.0,248.5,-26.797960308337355
7.0,249.0,-26.819760430954737
7.0,249.5,-26.840984797898184
7.0,250.0,-26.917628037519343
7.0,250.5,-27.12639291104869
7.0,251.0,-27.202433033574913
7.0,251.5,-27.46673656719063
7.0,252.0,-27.805934219265524
7.0,252.5,-27.93765136691085
7.0,253.0,-28.029344182578683
7.0,253.5,-28.029344182578683
7.0,254.0,-27.480680783673375
7.0,254.5,-27.12007850191275
7.0,255.0,-26.70157880579359
7.0,255.5,-26.282640839456775
7.0,256.0,-25.80546221836873
7.0,256.5,-25.573596927243358
7.0,257.0,-25.45749091426245
7.0,257.5,-25.2960104341698
7.0,258.0,-25.17943128382762
7.0,258.5,-25.08624444771757
7.0,259.0,-25.074744358234398
7.0,259.5,-25.04906132286593
7.0,260.0,-25.04906132286593
7.0,260.5,-25.117840460961638
7.0,261.0,-25.127397161752604
7.0,261.5,-25.19542192862398
7.0,262.0,-25.263088376430865
7.0,262.5,-25.515557740099155
7.0,263.0,-25.64137140990988
7.0,263.5,-25.826096518417586
7.0,264.0,-26.135536853824572
7.0,264.5,-26.378802559944475
7.0,265.0,-26.56246797096022
7.0,265.5,-26.56246797096022
7.0,266.0,-26.215028873094475
7.0,266.5,-25.917523841523142
7.0,267.0,-25.444567228377082
7.0,267.5,-25.208902745267636
7.0,268.0,-24.97059073876267
7.0,268.5,-24.67457728283452
7.0,269.0,-24.37794984880047
7.0,269.5,-24.021593990967265
7.0,270.0,-23.902353581257767
7.0,270.5,-23.782690321528428
7.0,271.0,-23.72223343678687
7.0,271.5,-23.661371514853336
7.0,272.0,-23.657621117692194
7.0,272.5,-23.65512176850897
7.0,273.0,-23.65220678589889
7.0,273.5,-23.65220678589889
7.0,274.0,-23.704620226962746
7.0,274.5,-23.759889114104915
7.0,275.0,-23.87409289041991
7.0,275.5,-23.98771988424203
7.0,276.0,-24.16006830794072
7.0,276.5,-24.390929163210007
7.0,277.0,-24.680018717015315
7.0,277.5,-24.857488037097497
7.0,278.0,-25.026943350484594
7.0,278.5,-25.186279946576626
7.0,279.0,-25.186279946576626
7.0,279.5,-24.931551150199294
7.0,280.0,-24.67599640748623
7.0,280.5,-24.606537242667425
7.0,281.0,-24.34978836583276
7.0,281.5,-24.150777216631475
7.0,282.0,-24.021811585833262
7.0,282.5,-23.879865667292137
7.0,283.0,-23.736939147213917
7.0,283.5,-23.66512356201163
7.0,284.0,-23.578620898899366
7.0,284.5,-23.563773006937357
7.0,285.0,-23.548539259221997
7.0,285.5,-23.51692238113123
7.0,286.0,-23.51692238113123
7.0,286.5,-23.540932447538037
7.0,287.0,-23.598044265133716
7.0,287.5,-23.637646776543065
7.0,288.0,-23.733365409192665
7.0,288.5,-23.903425956584215
7.0,289.0,-24.11019932257407
7.0,289.5,-24.16648986462068
7.0,290.0,-24.523553282981204
7.0,290.5,-24.69162450570366
7.0,291.0,-24.8591850208936
7.0,291.5,-25.21450620803799
7.0,292.0,-25.380838752608124
7.0,292.5,-25.67948042815273
7.0,293.0,-25.789613587757664
7.0,293.5,-25.984758382054007
7.0,294.0,-25.984758382054007
7.0,294.5,-25.693692147684104
7.0,295.0,-25.402015095428823
7.0,295.5,-25.109802718486655
7.0,296.0,-24.950430823983595
7.0,296.5,-24.577296562775015
7.0,297.0,-24.28364404711316
7.0,297.5,-23.909219183192718
7.0,298.0,-23.534153634025063
7.0,298.5,-23.077612271310446
7.0,299.0,-22.620192917620905
7.0,299.5,-22.37646585531934
7.0,300.0,-21.836222651745487
7.0,300.5,-21.50971732790246
7.0,301.0,-21.100679927461844
7.0,301.5,-20.6907363916811
7.0,302.0,-20.27998029047
7.0,302.5,-19.786114056618267
7.0,303.0,-19.42372532901357
7.0,303.5,-19.060238743659866
7.0,304.0,-18.695743019412177
7.0,304.5,-18.33031777595569
7.0,305.0,-17.964034645013946
7.0,305.5,-17.56216655846769
7.0,306.0,-17.32544712339452
7.0,306.5,-17.00428548917815
7.0,307.0,-16.68198166127882
7.0,307.5,-16.358605401129395
7.0,308.0,-16.117937804531728
7.0,308.5,-15.755433599473335
7.0,309.0,-15.475128698322525
7.0,309.5,-15.277349742758712
7.0,310.0,-14.994295269556396
7.0,310.5,-14.709926996865946
7.0,311.0,-14.508443682147202
7.0,311.5,-14.305851345215462
7.0,312.0,-14.062140789071979
7.0,312.5,-13.857112304899506
7.0,313.0,-13.610295653272644
7.0,313.5,-13.361805793117103
7.0,314.0,-13.153302920866164
7.0,314.5,-12.986353594443319
7.0,315.0,-12.733591286028805
7.0,315.5,-12.520994418102624
7.0,316.0,-12.349332163139383
7.0,316.5,-12.176300480822263
7.0,317.0,-12.001934583735508
7.0,317.5,-11.782153098342949
7.0,318.0,-11.68909100158163
7.0,318.5,-11.465766087764354
7.0,319.0,-11.369849700181089
7.0,319.5,-11.227179511583103
7.0,320.0,-11.128467666268271
7.0,320.5,-10.98239269168791
7.0,321.0,-10.880977890691138
7.0,321.5,-10.815353720692283
7.0,322.0,-10.747775181468786
7.0,322.5,-10.689582835252796
7.0,323.0,-10.618937538095956
7.0,323.5,-10.594397962902633
7.0,324.0,-10.576052681087358
7.0,324.5,-10.576052681087358
7.0,325.0,-10.581398352268316
7.0,325.5,-10.600159786180843
7.0,326.0,-10.651507918981178
7.0,326.5,-10.668348380029393
7.0,327.0,-10.749598827814363
7.0,327.5,-10.814355925263133
7.0,328.0,-10.891990545047364
7.0,328.5,-10.986583430879158
7.0,329.0,-11.11100663756643
7.0,329.5,-11.203029656943041
7.0,330.0,-11.375484628118052
7.0,330.5,-11.494687807526407
7.0,331.0,-11.582731452250059
7.0,331.5,-11.69828278415929
7.0,332.0,-11.783546599320967
7.0,332.5,-11.895336691671158
7.0,333.0,-11.92469607344847
7.0,333.5,-11.92469607344847
7.0,334.0,-11.81745542175462
7.0,334.5,-11.653749704425042
7.0,335.0,-11.408813120221794
7.0,335.5,-11.162334388115863
7.0,336.0,-10.859802870987195
7.0,336.5,-10.555422564648353
7.0,337.0,-10.171238222696505
7.0,337.5,-9.808488157311377
7.0,338.0,-9.499098010569785
7.0,338.5,-8.944269375191112
7.0,339.0,-8.63159278336645
7.0,339.5,-8.20564101103638
7.0,340.0,-7.833780834652778
7.0,340.5,-7.404042963090713
7.0,341.0,-6.916004262294418
7.0,341.5,-6.482526551638731
7.0,342.0,-6.122358341613438
7.0,342.5,-5.799203950084163
7.0,343.0,-5.378277349250126
7.0,343.5,-5.069424720409689
7.0,344.0,-4.660364146104975
7.0,344.5,-4.289954233930871
7.0,345.0,-4.0330110759514355
7.0,345.5,-3.731825172284566
7.0,346.0,-3.370326367140848
7.0,346.5,-3.1223058373102717
7.0,347.0,-2.8722610906643915
7.0,347.5,-2.57465796297371
7.0,348.0,-2.3201530086232864
7.0,348.5,-2.1222491400835004
7.0,349.0,-1.8753523512989112
7.0,349.5,-1.6843534484943739
7.0,350.0,-1.4807075556320903
7.0,350.5,-1.2948518117762227
7.0,351.0,-1.096443077436259
7.0,351.5,-0.9546650447998992
7.0,352.0,-0.8106955199600208
7.0,352.5,-0.716079306786817
7.0,353.0,-0.5755010759741559
7.0,353.5,-0.48444546094081176
7.0,354.0,-0.39141479618599817
7.0,354.5,-0.2964263650071146
7.0,355.0,-0.20972189989432977
7.0,355.5,-0.16479272603982764
7.0,356.0,-0.07573172554621976
7.0,356.5,-0.07573172554621976
7.0,357.0,-0.034195384872269585
7.0,357.5,0.0
7.0,358.0,0.0
7.0,358.5,-0.01021613819082745
7.0,359.0,-0.019883038713572887
7.0,359.5,-0.021651014693219395
8.0,0.0,-0.08375758109797005
8.0,0.5,-0.14271224462256527
8.0,1.0,-0.20049766535156266
8.0,1.5,-0.31303727088766564
8.0,2.0,-0.3677807355848124
8.0,2.5,-0.533758134100875
8.0,3.0,-0.6420779106012517
8.0,3.5,-0.8045789870479609
8.0,4.0,-0.912529711523046
8.0,4.5,-1.1296139234680354
8.0,5.0,-1.289099577566045
8.0,5.5,-1.50589388502204
8.0,6.0,-1.720497443011105
8.0,6.5,-1.9328636362706497
8.0,7.0,-2.2021548267768694
8.0,7.5,-2.4689822612150714
8.0,8.0,-2.7332789865302196
8.0,8.5,-3.0035612991592764
8.0,9.0,-3.3220786326495393
8.0,9.5,-3.6473253833044943
8.0,10.0,-3.9706523615687033
8.0,10.5,-4.291992818342269
8.0,11.0,-4.669856186652748
8.0,11.5,-5.045384267873008
8.0,12.0,-5.48901023543694
8.0,12.5,-5.801763244377625
8.0,13.0,-6.183452354240142
8.0,13.5,-6.621521450827814
8.0,14.0,-7.057608565786705
8.0,14.5,-7.433819334192979
8.0,15.0,-7.808108079477247
8.0,15.5,-8.12286171000314
8.0,16.0,-8.435800208116767
8.0,16.5,-8.804084951125901
8.0,17.0,-9.113014029854217
8.0,17.5,-9.419889968346695
8.0,18.0,-9.611148770388013
8.0,18.5,-9.800866017614847
8.0,19.0,-9.932554064725732
8.0,19.5,-10.099515050121116
8.0,20.0,-10.11577334846747
8.0,20.5,-10.201771208163503
8.0,21.0,-10.206864162146676
8.0,21.5,-10.206864162146676
8.0,22.0,-10.184722439360772
8.0,22.5,-10.171238222696505
8.0,23.0,-10.148084018615918
8.0,23.5,-10.108769544416955
8.0,24.0,-10.066793283570352
8.0,24.5,-10.051132915786333
8.0,25.0,-10.047119220942388
8.0,25.5,-10.030831087598653
8.0,26.0,-10.030831087598653
8.0,26.5,-10.059162489302867
8.0,27.0,-10.059162489302867
8.0,27.5,-10.084153103385912
8.0,28.0,-10.134863958830788
8.0,28.5,-10.208723788594515
8.0,29.0,-10.256481148055265
8.0,29.5,-10.35507657530998
8.0,30.0,-10.45199333411598
8.0,30.5,-10.547208872806646
8.0,31.0,-10.722425981589591
8.0,31.5,-10.814355925263133
8.0,32.0,-10.986583430879158
8.0,32.5,-11.15734808233849
8.0,33.0,-11.376765506324382
8.0,33.5,-11.626764990834733
8.0,34.0,-11.792780947919677
8.0,34.5,-12.040003319137611
8.0,35.0,-12.33482542270735
8.0,35.5,-12.662013405428844
8.0,36.0,-12.904711066792885
8.0,36.5,-13.229172157957994
8.0,37.0,-13.552224967837368
8.0,37.5,-13.957339839379102
8.0,38.0,-14.277450994416721
8.0,38.5,-14.679653127706104
8.0,39.0,-15.033824086494747
8.0,39.5,-15.517076547646198
8.0,40.0,-15.952906191349868
8.0,40.5,-16.517247820453786
8.0,41.0,-16.950658508276653
8.0,41.5,-17.466973755917834
8.0,42.0,-17.85339592302904
8.0,42.5,-18.451649899070922
8.0,43.0,-18.836220320611584
8.0,43.5,-19.388411637137985
8.0,44.0,-19.855373287860893
8.0,44.5,-20.405549505540634
8.0,45.0,-20.95450921654043
8.0,45.5,-21.375925366771618
8.0,46.0,-21.71233623500747
8.0,46.5,-22.047989345060344
8.0,47.0,-22.298534096227783
8.0,47.5,-22.5482159060075
8.0,48.0,-22.5482159060075
8.0,48.5,-22.495087960717953
8.0,49.0,-22.27609867578621
8.0,49.5,-22.101405362083693
8.0,50.0,-21.880434537669196
8.0,50.5,-21.704535993483894
8.0,51.0,-21.481796052431385
8.0,51.5,-21.388588220772903
8.0,52.0,-21.164171021797927
8.0,52.5,-20.938859150922475
8.0,53.0,-20.796167894671992
8.0,53.5,-20.652468486408313
8.0,54.0,-20.4245684586367
8.0,54.5,-20.362192454741
8.0,55.0,-20.21568558123235
8.0,55.5,-20.06831018697119
8.0,56.0,-20.002798726033987
8.0,56.5,-19.953169057161393
8.0,57.0,-19.91864910496495
8.0,57.5,-19.85018696625517
8.0,58.0,-19.842987355918005
8.0,58.5,-19.842987355918005
8.0,59.0,-19.842987355918005
8.0,59.5,-19.853212055550745
8.0,60.0,-19.913580828447756
8.0,60.5,-19.921256462468207
8.0,61.0,-19.97963251814822
8.0,61.5,-20.037118958660187
8.0,62.0,-20.093703100230307
8.0,62.5,-20.202185990885088
8.0,63.0,-20.257169627304023
8.0,63.5,-20.28445809457189
8.0,64.0,-20.31076187718787
8.0,64.5,-20.33427529711318
8.0,65.0,-20.33427529711318
8.0,65.5,-20.330228268663816
8.0,66.0,-20.300442663552715
8.0,66.5,-20.294016376806862
8.0,67.0,-20.231132344756784
8.0,67.5,-20.198924634963
8.0,68.0,-20.16621191056747
8.0,68.5,-20.15483515195813
8.0,69.0,-20.141993818857777
8.0,69.5,-20.141993818857777
8.0,70.0,-20.18366734288255
8.0,70.5,-20.22429766297882
8.0,71.0,-20.263874116781903
8.0,71.5,-20.302386178344204
8.0,72.0,-20.32123981285104
8.0,72.5,-20.489859103638743
8.0,73.0,-20.58243417833088
8.0,73.5,-20.73130341155202
8.0,74.0,-20.822404945242774
8.0,74.5,-21.04360798009536
8.0,75.0,-21.321005446575686
8.0,75.5,-21.466868133453005
8.0,76.0,-21.6698443690478
8.0,76.5,-21.944420950092443
8.0,77.0,-22.146076734073468
8.0,77.5,-22.347169134325135
8.0,78.0,-22.489406395549217
8.0,78.5,-22.68916033431772
8.0,79.0,-22.82975863448871
8.0,79.5,-22.91081073835636
8.0,80.0,-22.91081073835636
8.0,80.5,-22.88307833388096
8.0,81.0,-22.83374707142424
8.0,81.5,-22.783918689609013
8.0,82.0,-22.68280191247681
8.0,82.5,-22.638969739385807
8.0,83.0,-22.638969739385807
8.0,83.5,-22.64604385055434
8.0,84.0,-22.652750480385556
8.0,84.5,-22.665058233484725
8.0,85.0,-22.73003059164274
8.0,85.5,-22.79961544055963
8.0,86.0,-22.86361943090289
8.0,86.5,-22.990644846251207
8.0,87.0,-23.11318080888821
8.0,87.5,-23.35731589618768
8.0,88.0,-23.47888876426565
8.0,88.5,-23.899780446459427
8.0,89.0,-24.079899142505194
8.0,89.5,-24.259626480445533
8.0,90.0,-24.498555387109448
8.0,90.5,-24.737035923254144
8.0,91.0,-25.094255503144463
8.0,91.5,-25.391287961806555
8.0,92.0,-25.628085543312796
8.0,92.5,-25.628085543312796
8.0,93.0,-25.381882951800193
8.0,93.5,-25.199743131914513
8.0,94.0,-25.07674303817934
8.0,94.5,-24.95337754722586
8.0,95.0,-24.764990567647878
8.0,95.5,-24.699925365269742
8.0,96.0,-24.693758134495845
8.0,96.5,-24.627895578045507
8.0,97.0,-24.62084770902856
8.0,97.5,-24.613337208536382
8.0,98.0,-24.613337208536382
8.0,98.5,-24.65591707274856
8.0,99.0,-24.7058601876788
8.0,99.5,-24.81398541349346
8.0,100.0,-24.99031335211775
8.0,100.5,-25.0386151037504
8.0,101.0,-25.331681572142994
8.0,101.5,-25.624294519602813
8.0,102.0,-25.91639048326343
8.0,102.5,-26.149644618433864
8.0,103.0,-26.38247403116071
8.0,103.5,-26.614825506498885
8.0,104.0,-26.788738355212743
8.0,104.5,-27.20813823635571
8.0,105.0,-27.20813823635571
8.0,105.5,-26.989246690759778
8.0,106.0,-26.538829457722503
8.0,106.5,-26.276325732331912
8.0,107.0,-26.070421075720702
8.0,107.5,-25.80713278457217
8.0,108.0,-25.73210992716799
8.0,108.5,-25.581391929589362
8.0,109.0,-25.50571194884533
8.0,109.5,-25.409874970658713
8.0,110.0,-25.409874970658713
8.0,110.5,-25.4243084583065
8.0,111.0,-25.445357762759723
8.0,111.5,-25.45828296640313
8.0,112.0,-25.491368389578803
8.0,112.5,-25.491368389578803
8.0,113.0,-25.6565883412774
8.0,113.5,-25.76632898632351
8.0,114.0,-25.93028826232585
8.0,114.5,-26.172344911538225
8.0,115.0,-26.414083481799732
8.0,115.5,-26.709356670892078
8.0,116.0,-27.083400071858136
8.0,116.5,-27.270248261553043
8.0,117.0,-27.510212826865008
8.0,117.5,-27.69661431267194
8.0,118.0,-28.20210392578221
8.0,118.5,-28.387834296449586
8.0,119.0,-28.387834296449586
8.0,119.5,-28.277700188755208
8.0,120.0,-27.634153205608005
8.0,120.5,-27.470877840886455
8.0,121.0,-27.307238283564413
8.0,121.5,-27.143269962525114
8.0,122.0,-27.06117236741327
8.0,122.5,-26.947039466533365
8.0,123.0,-26.91459483530673
8.0,123.5,-26.88167882566584
8.0,124.0,-26.88167882566584
8.0,124.5,-26.897439526856026
8.0,125.0,-26.911900119006177
8.0,125.5,-26.946361489018933
8.0,126.0,-26.960277596662234
8.0,126.5,-27.008420717211216
8.0,127.0,-27.187487835397647
8.0,127.5,-27.234968944030804
8.0,128.0,-27.365833249541772
8.0,128.5,-27.627136017455946
8.0,129.0,-27.757549373526196
8.0,129.5,-28.017825620856968
8.0,130.0,-28.231630260699827
8.0,130.5,-28.36128028679829
8.0,131.0,-28.703904098243598
8.0,131.5,-28.916912038104048
8.0,132.0,-29.04542543240565
8.0,132.5,-29.12964623616876
8.0,133.0,-29.257785195522775
8.0,133.5,-29.46973560458963
8.0,134.0,-29.46973560458963
8.0,134.5,-28.585088501828626
8.0,135.0,-28.121356120752303
8.0,135.5,-28.121356120752303
8.0,136.0,-27.9101528456014
8.0,136.5,-27.69859258670086
8.0,137.0,-27.6552699260816
8.0,137.5,-27.611580774199595
8.0,138.0,-27.607312339449138
8.0,138.5,-27.567535523444516
8.0,139.0,-27.60149814611506
8.0,139.5,-27.60149814611506
8.0,140.0,-27.640009129954795
8.0,140.5,-27.678060937262046
8.0,141.0,-27.715641852071492
8.0,141.5,-27.715641852071492
8.0,142.0,-27.75273990895159
8.0,142.5,-28.003790423008454
8.0,143.0,-28.04003802580194
8.0,143.5,-28.207009780181885
8.0,144.0,-28.408929725585615
8.0,144.5,-28.457187414763514
8.0,145.0,-28.5752405726308
8.0,145.5,-28.741325905202338
8.0,146.0,-28.907151492107836
8.0,146.5,-29.072675877289342
8.0,147.0,-29.237848390350557
8.0,147.5,-29.320283700594754
8.0,148.0,-29.484806424676478
8.0,148.5,-29.56687201559761
8.0,149.0,-29.648790224251865
8.0,149.5,-29.73054632182278
8.0,150.0,-29.81212358483144
8.0,150.5,-29.89350295252061
8.0,151.0,-29.974662612762447
8.0,151.5,-30.188823823936552
8.0,152.0,-30.269507336922796
8.0,152.5,-30.269507336922796
8.0,153.0,-30.349865024735944
8.0,153.5,-30.38985863878312
8.0,154.0,-30.4298522528303
8.0,154.5,-30.509416114002534
8.0,155.0,-30.509416114002534
8.0,155.5,-30.588493494593404
8.0,156.0,-30.854847603505533
8.0,156.5,-30.667008598567495
8.0,157.0,-30.800049665792105
8.0,157.5,-30.74486975524787
8.0,158.0,-30.800049665792105
8.0,158.5,-30.877678243171115
8.0,159.0,-30.877678243171115
8.0,159.5,-30.954429728402616
8.0,160.0,-30.954429728402616
8.0,160.5,-30.954429728402616
8.0,161.0,-31.0584094901524
8.0,161.5,-31.0584094901524
8.0,162.0,-31.0584094901524
8.0,162.5,-31.16175496829895
8.0,163.0,-31.350204452860563
8.0,163.5,-31.16175496829895
8.0,164.0,-31.292880375474176
8.0,164.5,-31.292880375474176
8.0,165.0,-31.292880375474176
8.0,165.5,-31.235274857815646
8.0,166.0,-31.2063554031261
8.0,166.5,-31.2063554031261
8.0,167.0,-31.365157963420366
8.0,167.5,-31.365157963420366
8.0,168.0,-29.845246002675832
8.0,168.5,-29.669862155546333
8.0,169.0,-29.552680013225753
8.0,169.5,-29.552680013225753
8.0,170.0,-29.376582310512156
8.0,170.5,-29.376582310512156
8.0,171.0,-29.38607532214702
8.0,171.5,-29.445017289618985
8.0,172.0,-29.394328676040615
8.0,172.5,-29.394328676040615
8.0,173.0,-29.394328676040615
8.0,173.5,-29.342045341444244
8.0,174.0,-29.460602809372975
8.0,174.5,-29.40707394427005
8.0,175.0,-29.58523250770933
8.0,175.5,-29.471042794123147
8.0,176.0,-29.471042794123147
8.0,176.5,-29.471042794123147
8.0,177.0,-29.533875312620367
8.0,177.5,-29.712543711460494
8.0,178.0,-29.655093408880166
8.0,178.5,-29.655093408880166
8.0,179.0,-29.059121220728404
8.0,179.5,-28.46314903257664
8.0,180.0,-27.86717684442488
8.0,180.5,-27.210993289401348
8.0,181.0,-26.911900119006177
8.0,181.5,-26.911900119006177
8.0,182.0,-26.731454143622546
8.0,182.5,-26.550478740372373
8.0,183.0,-26.488104729225018
8.0,183.5,-26.425172322574454
8.0,184.0,-26.421165560036023
8.0,184.5,-26.416545827974716
8.0,185.0,-26.416545827974716
8.0,185.5,-26.411314596577657
8.0,186.0,-26.411314596577657
8.0,186.5,-26.45825746729964
8.0,187.0,-26.51028017009268
8.0,187.5,-26.51028017009268
8.0,188.0,-26.67960114323149
8.0,188.5,-26.79763068128068
8.0,189.0,-26.847634706007057
8.0,189.5,-27.024224054105147
8.0,190.0,-27.259421658997155
8.0,190.5,-27.30760231814483
8.0,191.0,-27.42477575772905
8.0,191.5,-27.600336191363212
8.0,192.0,-27.83399887717176
8.0,192.5,-28.008888679734767
8.0,193.0,-28.125289815863987
8.0,193.5,-28.29956893916491
8.0,194.0,-28.41551679608719
8.0,194.5,-28.58903521519174
8.0,195.0,-28.70441401134918
8.0,195.5,-28.819523907739324
8.0,196.0,-28.93433637902844
8.0,196.5,-28.991621066570314
8.0,197.0,-29.105924766182603
8.0,197.5,-29.40835168334561
8.0,198.0,-29.465165380230363
8.0,198.5,-29.465165380230363
8.0,199.0,-29.446312701032614
8.0,199.5,-29.1817829237187
8.0,200.0,-28.916912038104048
8.0,200.5,-28.916912038104048
8.0,201.0,-28.84015441086544
8.0,201.5,-28.818469336435527
8.0,202.0,-28.76304146038908
8.0,202.5,-28.740810534677244
8.0,203.0,-28.71769803791876
8.0,203.5,-28.71769803791876
8.0,204.0,-28.71769803791876
8.0,204.5,-28.748032744904567
8.0,205.0,-28.748032744904567
8.0,205.5,-28.77655366041244
8.0,206.0,-28.750099018906628
8.0,206.5,-28.750099018906628
8.0,207.0,-28.750099018906628
8.0,207.5,-28.80321495657063
8.0,208.0,-28.856110908081845
8.0,208.5,-29.042035714806104
8.0,209.0,-29.094419287160306
8.0,209.5,-29.146536485300366
8.0,210.0,-29.19837338612389
8.0,210.5,-29.38290741746725
8.0,211.0,-29.43403087949799
8.0,211.5,-29.43403087949799
8.0,212.0,-29.617505983533658
8.0,212.5,-29.617505983533658
8.0,213.0,-29.80019290186803
8.0,213.5,-29.80019290186803
8.0,214.0,-29.981895965572406
8.0,214.5,-30.064758229149387
8.0,215.0,-30.11383707267322
8.0,215.5,-30.162350616835585
8.0,216.0,-30.245590615780063
8.0,216.5,-30.29372573572313
8.0,217.0,-30.34119119697553
8.0,217.5,-30.34119119697553
8.0,218.0,-30.34119119697553
8.0,218.5,-30.47175868858246
8.0,219.0,-30.601869377308958
8.0,219.5,-30.601869377308958
8.0,220.0,-30.601869377308958
8.0,220.5,-30.647293196478625
8.0,221.0,-30.81548322612919
8.0,221.5,-30.860184246426204
8.0,222.0,-30.860184246426204
8.0,222.5,-30.860184246426204
8.0,223.0,-31.24087800924203
8.0,223.5,-31.24087800924203
8.0,224.0,-30.81936877634712
8.0,224.5,-29.990293776263712
8.0,225.0,-29.161218776180306
8.0,225.5,-28.332143776096895
8.0,226.0,-27.319265791303348
8.0,226.5,-27.191753331771714
8.0,227.0,-27.06394555911394
8.0,227.5,-27.020096786929845
8.0,228.0,-26.97593500504401
8.0,228.5,-26.970824166935074
8.0,229.0,-26.931468100024443
8.0,229.5,-26.96435761481677
8.0,230.0,-26.96435761481677
8.0,230.5,-27.002592538369598
8.0,231.0,-27.040421035919273
8.0,231.5,-27.077834084583202
8.0,232.0,-27.198514489585115
8.0,232.5,-27.365833249541772
8.0,233.0,-27.485589915778853
8.0,233.5,-27.652527029097016
8.0,234.0,-27.90268386139271
8.0,234.5,-28.152492752903985
8.0,235.0,-28.318805443403296
8.0,235.5,-28.567872198246064
8.0,236.0,-28.567872198246064
8.0,236.5,-28.551714306786735
8.0,237.0,-28.071854562259297
8.0,237.5,-27.326569667160452
8.0,238.0,-26.928426918758426
8.0,238.5,-26.61195696814282
8.0,239.0,-26.427947867338453
8.0,239.5,-26.325218386673434
8.0,240.0,-26.303136244648034
8.0,240.5,-26.273621321446427
8.0,241.0,-26.25113245900621
8.0,241.5,-26.25113245900621
8.0,242.0,-26.2556234132233
8.0,242.5,-26.336138880337867
8.0,243.0,-26.363529667122958
8.0,243.5,-26.470364131497433
8.0,244.0,-26.470364131497433
8.0,244.5,-26.763131265550133
8.0,245.0,-26.922012413048314
8.0,245.5,-27.13447280065109
8.0,246.0,-27.425521817045734
8.0,246.5,-27.425521817045734
8.0,247.0,-27.339744362283348
8.0,247.5,-26.77559138498905
8.0,248.0,-26.15582713781924
8.0,248.5,-25.856612731104597
8.0,249.0,-25.36858138586504
8.0,249.5,-25.201014582546655
8.0,250.0,-25.032901016394497
8.0,250.5,-24.864278330998268
8.0,251.0,-24.751597458078656
8.0,251.5,-24.714176854666356
8.0,252.0,-24.67599640748623
8.0,252.5,-24.67599640748623
8.0,253.0,-24.7115620483869
8.0,253.5,-24.78584577678363
8.0,254.0,-24.802668575458224
8.0,254.5,-24.949939820049472
8.0,255.0,-25.15387132331346
8.0,255.5,-25.284418382202706
8.0,256.0,-25.48738951526955
8.0,256.5,-25.747541188122266
8.0,257.0,-26.065195289837206
8.0,257.5,-26.220385828744718
8.0,258.0,-26.220385828744718
8.0,258.5,-25.624294519602813
8.0,259.0,-25.331681572142994
8.0,259.5,-24.979952252915083
8.0,260.0,-24.627660543249462
8.0,260.5,-24.333709095346062
8.0,261.0,-24.16648986462068
8.0,261.5,-23.98967035596189
8.0,262.0,-23.88029343993451
8.0,262.5,-23.770226453866425
8.0,263.0,-23.725802474502544
8.0,263.5,-23.725802474502544
8.0,264.0,-23.732524749127194
8.0,264.5,-23.804069773867575
8.0,265.0,-23.809582222984414
8.0,265.5,-23.87409289041991
8.0,266.0,-24.06151085663639
8.0,266.5,-24.124951332156044
8.0,267.0,-24.30705835411734
8.0,267.5,-24.6107571929372
8.0,268.0,-24.67457728283452
8.0,268.5,-24.67457728283452
8.0,269.0,-24.437559507655
8.0,269.5,-23.842733368017
8.0,270.0,-23.544632222579718
8.0,270.5,-23.30575109056539
8.0,271.0,-22.94612198250323
8.0,271.5,-22.70619943800013
8.0,272.0,-22.404215518027385
8.0,272.5,-22.28255486775998
8.0,273.0,-22.038355289210152
8.0,273.5,-21.975346403140847
8.0,274.0,-21.788951473749
8.0,274.5,-21.720312049483788
8.0,275.0,-21.715220403000195
8.0,275.5,-21.64470110433927
8.0,276.0,-21.64470110433927
8.0,276.5,-21.684722349277955
8.0,277.0,-21.7293133485176
8.0,277.5,-21.7367920137417
8.0,278.0,-21.780581566316414
8.0,278.5,-21.881813826477075
8.0,279.0,-21.93176499830551
8.0,279.5,-21.93176499830551
8.0,280.0,-21.833648021213904
8.0,280.5,-21.694878519636887
8.0,281.0,-21.496744811595455
8.0,281.5,-21.227543452003964
8.0,282.0,-21.027832987972094
8.0,282.5,-20.827565770827206
8.0,283.0,-20.5552106239211
8.0,283.5,-20.281621956466545
8.0,284.0,-20.13712654742448
8.0,284.5,-19.861570920344967
8.0,285.0,-19.773224637776224
8.0,285.5,-19.553162411643804
8.0,286.0,-19.463046654453464
8.0,286.5,-19.372177823952008
8.0,287.0,-19.280571823074155
8.0,287.5,-19.24509945735495
8.0,288.0,-19.208628660827138
8.0,288.5,-19.17116782467607
8.0,289.0,-19.152068799812206
8.0,289.5,-19.152068799812206
8.0,290.0,-19.185373829898317
8.0,290.5,-19.200005838671125
8.0,291.0,-19.234668753012194
8.0,291.5,-19.247159142310124
8.0,292.0,-19.280571823074155
8.0,292.5,-19.280571823074155
8.0,293.0,-19.276442122908385
8.0,293.5,-19.276442122908385
8.0,294.0,-19.259249235778697
8.0,294.5,-19.131092135699866
8.0,295.0,-19.08083086134853
8.0,295.5,-19.029681086178524
8.0,296.0,-18.897853495427533
8.0,296.5,-18.84474126472174
8.0,297.0,-18.790778373006987
8.0,297.5,-18.73597505630626
8.0,298.0,-18.652216654586944
8.0,298.5,-18.652216654586944
8.0,299.0,-18.61877946087011
8.0,299.5,-18.61877946087011
8.0,300.0,-18.634504336379656
8.0,300.5,-18.656155873394788
8.0,301.0,-18.72857917850659
8.0,301.5,-18.769042079907404
8.0,302.0,-18.87060368333186
8.0,302.5,-18.94017463218927
8.0,303.0,-19.141303831107077
8.0,303.5,-19.2585619957658
8.0,304.0,-19.35790351690256
8.0,304.5,-19.638401686189347
8.0,305.0,-19.785827479573335
8.0,305.5,-19.981088216946425
8.0,306.0,-20.209749821645502
8.0,306.5,-20.43771855640506
8.0,307.0,-20.58151549066205
8.0,307.5,-20.72432558426477
8.0,308.0,-20.91313919113235
8.0,308.5,-20.91313919113235
8.0,309.0,-20.81099688955188
8.0,309.5,-20.651390185681215
8.0,310.0,-20.406906984106914
8.0,310.5,-20.077404416812428
8.0,311.0,-19.831045262681886
8.0,311.5,-19.49968841902043
8.0,312.0,-19.167482261118124
8.0,312.5,-18.625591335364923
8.0,313.0,-18.37578893086242
8.0,313.5,-17.831345725749237
8.0,314.0,-17.454183108285697
8.0,314.5,-16.991533409339873
8.0,315.0,-16.612113462891834
8.0,315.5,-16.23169096443985
8.0,316.0,-15.723021564101273
8.0,316.5,-15.297118127244104
8.0,317.0,-14.997809856486171
8.0,317.5,-14.653687779709191
8.0,318.0,-14.17958659064438
8.0,318.5,-13.832600806900228
8.0,319.0,-13.484450312764203
8.0,319.5,-13.089734939162081
8.0,320.0,-12.777305570978157
8.0,320.5,-12.50934112716935
8.0,321.0,-12.19389180443617
8.0,321.5,-11.876866444218095
8.0,322.0,-11.641982779987114
8.0,322.5,-11.405477866035568
8.0,323.0,-11.167406420499404
8.0,323.5,-10.927821065233452
8.0,324.0,-10.770001084253543
8.0,324.5,-10.610534944997106
8.0,325.0,-10.415394935928692
8.0,325.5,-10.237527661777953
8.0,326.0,-10.073060535553559
8.0,326.5,-9.989642650852357
8.0,327.0,-9.872186860647673
8.0,327.5,-9.785708847593803
8.0,328.0,-9.697508766265067
8.0,328.5,-9.607606794599882
8.0,329.0,-9.54653605521526
8.0,329.5,-9.50434659542227
8.0,330.0,-9.48281162576464
8.0,330.5,-9.445741030588696
8.0,331.0,-9.433319483559004
8.0,331.5,-9.433319483559004
8.0,332.0,-9.437381130039991
8.0,332.5,-9.443162415834394
8.0,333.0,-9.444881459854834
8.0,333.5,-9.444881459854834
8.0,334.0,-9.443943783374333
8.0,334.5,-9.441756021897227
8.0,335.0,-9.409979070227024
8.0,335.5,-9.376220735162502
8.0,336.0,-9.340489798838181
8.0,336.5,-9.248035731638513
8.0,337.0,-9.130118266984379
8.0,337.5,-9.033438057224867
8.0,338.0,-8.85696483496286
8.0,338.5,-8.623220024169648
8.0,339.0,-8.443208723484148
8.0,339.5,-8.20564101103638
8.0,340.0,-7.88988826549382
8.0,340.5,-7.592561030336714
8.0,341.0,-7.2930735212562325
8.0,341.5,-7.029407610461032
8.0,342.0,-6.669739128163773
8.0,342.5,-6.307789675379425
8.0,343.0,-5.94365362008994
8.0,343.5,-5.634650495587756
8.0,344.0,-5.32390897999468
8.0,344.5,-4.912204779107974
8.0,345.0,-4.5974893885798025
8.0,345.5,-4.295942999614532
8.0,346.0,-3.9777702956466428
8.0,346.5,-3.613906410329278
8.0,347.0,-3.3056447665530655
8.0,347.5,-3.0534165409193754
8.0,348.0,-2.7992407511720927
8.0,348.5,-2.4379023261647887
8.0,349.0,-2.2379149073914917
8.0,349.5,-1.9883069689877964
8.0,350.0,-1.7846127149644566
8.0,350.5,-1.5890687302509505
8.0,351.0,-1.332152276602507
8.0,351.5,-1.190672219888512
8.0,352.0,-0.9879130124730722
8.0,352.5,-0.841976437765144
8.0,353.0,-0.6938944894783354
8.0,353.5,-0.5502689451565494
8.0,354.0,-0.40349003036072517
8.0,354.5,-0.3557748772568914
8.0,355.0,-0.21466851904062167
8.0,355.5,-0.16939936830455338
8.0,356.0,-0.12308559728609225
8.0,356.5,-0.07955067560301643
8.0,357.0,-0.037456617239698176
8.0,357.5,0.0
8.0,358.0,0.0
8.0,358.5,-0.01021613819082745
8.0,359.0,-0.019883038713572887
8.0,359.5,-0.021651014693219395
9.0,0.0,-0.08375758109797005
9.0,0.5,-0.14310046336229476
9.0,1.0,-0.25833199871626533
9.0,1.5,-0.31443119682221976
9.0,2.0,-0.4273744870723206
9.0,2.5,-0.5933274324121349
9.0,3.0,-0.704505123535391
9.0,3.5,-0.8675570430416606
9.0,4.0,-1.0315192483364974
9.0,4.5,-1.2485192301354289
9.0,5.0,-1.4673411399284362
9.0,5.5,-1.684003877122656
9.0,6.0,-1.9577799769286628
9.0,6.5,-2.2291933415136214
9.0,7.0,-2.4981791766961443
9.0,7.5,-2.713073050463489
9.0,8.0,-3.0367073671171205
9.0,8.5,-3.366133067803588
9.0,9.0,-3.7436314372758694
9.0,9.5,-4.009980924061413
9.0,10.0,-4.392066595129215
9.0,10.5,-4.713290130797255
9.0,11.0,-5.090994100036191
9.0,11.5,-5.466321487087818
9.0,12.0,-5.734630230703129
9.0,12.5,-6.105727367161958
9.0,13.0,-6.429208291656792
9.0,13.5,-6.737592858064403
9.0,14.0,-7.057608565786705
9.0,14.5,-7.303569707878385
9.0,15.0,-7.547081308486423
9.0,15.5,-7.746370803432885
9.0,16.0,-7.928171108800832
9.0,16.5,-8.067170213365905
9.0,17.0,-8.130838715096797
9.0,17.5,-8.249699136455952
9.0,18.0,-8.309686116972529
9.0,18.5,-8.36788426587611
9.0,19.0,-8.405068320495822
9.0,19.5,-8.435052001712627
9.0,20.0,-8.43931709394598
9.0,20.5,-8.450020610250284
9.0,21.0,-8.477737446535162
9.0,21.5,-8.490483077487209
9.0,22.0,-8.535898241105638
9.0,22.5,-8.57944348566797
9.0,23.0,-8.621108446591691
9.0,23.5,-8.715636053328765
9.0,24.0,-8.777348185887181
9.0,24.5,-8.867936237493591
9.0,25.0,-8.981151616745557
9.0,25.5,-9.09292119405162
9.0,26.0,-9.256946609113353
9.0,26.5,-9.419031373466705
9.0,27.0,-9.579133752117162
9.0,27.5,-9.764537722754877
9.0,28.0,-9.973796662043824
9.0,28.5,-10.156229587499965
9.0,29.0,-10.441938979623774
9.0,29.5,-10.702565181963404
9.0,30.0,-10.932669919391905
9.0,30.5,-11.242446396607242
9.0,31.0,-11.550672125362226
9.0,31.5,-11.857276580550675
9.0,32.0,-12.244263679628212
9.0,32.5,-12.54757891490982
9.0,33.0,-12.881316538681858
9.0,33.5,-13.26388677470462
9.0,34.0,-13.727466295772075
9.0,34.5,-14.057435255324712
9.0,35.0,-14.518096187313095
9.0,35.5,-14.928374816538444
9.0,36.0,-15.33746269514149
9.0,36.5,-15.745270955850359
9.0,37.0,-16.151701985239246
9.0,37.5,-16.64020594943937
9.0,38.0,-16.91291750940062
9.0,38.5,-17.268164139209887
9.0,39.0,-17.62231344888348
9.0,39.5,-17.891381918038554
9.0,40.0,-18.113242254677516
9.0,40.5,-18.250271399020768
9.0,41.0,-18.34738405395556
9.0,41.5,-18.363185902126787
9.0,42.0,-18.363185902126787
9.0,42.5,-18.286912765700265
9.0,43.0,-18.1651049185161
9.0,43.5,-18.12637955786151
9.0,44.0,-18.002191593557363
9.0,44.5,-17.87684595702012
9.0,45.0,-17.750372797018525
9.0,45.5,-17.707110545152403
9.0,46.0,-17.578457235195792
9.0,46.5,-17.448756472261316
9.0,47.0,-17.402289799108498
9.0,47.5,-17.270546539015935
9.0,48.0,-17.222020620151763
9.0,48.5,-17.127679544151462
9.0,49.0,-17.076789719340802
9.0,49.5,-16.986271908626797
9.0,50.0,-16.933756704203347
9.0,50.5,-16.872020333470566
9.0,51.0,-16.81688924071471
9.0,51.5,-16.76080317853959
9.0,52.0,-16.74031231273392
9.0,52.5,-16.7293872917405
9.0,53.0,-16.70618286868931
9.0,53.5,-16.70618286868931
9.0,54.0,-16.71628744854819
9.0,54.5,-16.73755157822652
9.0,55.0,-16.79182145446193
9.0,55.5,-16.825794093139557
9.0,56.0,-16.893268571087084
9.0,56.5,-16.943662385761343
9.0,57.0,-17.091850303214088
9.0,57.5,-17.15673545330945
9.0,58.0,-17.252806790144806
9.0,58.5,-17.398083717678787
9.0,59.0,-17.54237471197898
9.0,59.5,-17.685650347803207
9.0,60.0,-17.827880236957487
9.0,60.5,-18.050378250020096
9.0,61.0,-18.271325206033666
9.0,61.5,-18.46213298711465
9.0,62.0,-18.652216654586944
9.0,62.5,-18.8692693415161
9.0,63.0,-18.977115052281725
9.0,63.5,-19.164616432677562
9.0,64.0,-19.43110625941238
9.0,64.5,-19.562870897971585
9.0,65.0,-19.747200170861813
9.0,65.5,-19.851483342276396
9.0,66.0,-20.034048101583018
9.0,66.5,-20.136979085034476
9.0,67.0,-20.184555585306455
9.0,67.5,-20.36414611805374
9.0,68.0,-20.464820893793437
9.0,68.5,-20.586875527495188
9.0,69.0,-20.68579144433094
9.0,69.5,-20.839773414219707
9.0,70.0,-21.01398849823217
9.0,70.5,-21.11062154493277
9.0,71.0,-21.26278266199685
9.0,71.5,-21.49009834018237
9.0,72.0,-21.64099375362856
9.0,72.5,-21.92310554068912
9.0,73.0,-22.204288093528998
9.0,73.5,-22.35312990805696
9.0,74.0,-22.68972157585977
9.0,74.5,-23.025487930901612
9.0,75.0,-23.229654470059177
9.0,75.5,-23.43330410993487
9.0,76.0,-23.766638592638643
9.0,76.5,-23.968889182670654
9.0,77.0,-24.228534291377986
9.0,77.5,-24.42953929062201
9.0,78.0,-24.62977611947162
9.0,78.5,-24.700399977991673
9.0,79.0,-24.84078159400687
9.0,79.5,-24.85191499641377
9.0,80.0,-24.862580167570748
9.0,80.5,-24.931551150199294
9.0,81.0,-24.94135263529295
9.0,81.5,-24.95067633843952
9.0,82.0,-25.026943350484594
9.0,82.5,-25.094005020757752
9.0,83.0,-25.160695081740023
9.0,83.5,-25.286220311844197
9.0,84.0,-25.352185765604982
9.0,84.5,-25.60159418859832
9.0,85.0,-25.785171898888613
9.0,85.5,-25.968452975389724
9.0,86.0,-26.15141040660255
9.0,86.5,-26.334013855979766
9.0,87.0,-26.876658656280483
9.0,87.5,-27.11762502133687
9.0,88.0,-27.417694011649722
9.0,88.5,-27.417694011649722
9.0,89.0,-27.717231134379894
9.0,89.5,-28.04593139759224
9.0,90.0,-28.04593139759224
9.0,90.5,-28.01612187094736
9.0,91.0,-27.955663151578307
9.0,91.5,-27.89605567177222
9.0,92.0,-27.77522890645022
9.0,92.5,-27.772813894008124
9.0,93.0,-27.713258986578893
9.0,93.5,-27.71008380431485
9.0,94.0,-27.71008380431485
9.0,94.5,-27.706117988598503
9.0,95.0,-27.701363635213127
9.0,95.5,-27.6958232469047
9.0,96.0,-27.6958232469047
9.0,96.5,-27.807961849276907
9.0,97.0,-27.86717684442488
9.0,97.5,-27.97796970504756
9.0,98.0,-27.97796970504756
9.0,98.5,-28.27315956871295
9.0,99.0,-28.45005163972804
9.0,99.5,-28.68559664502889
9.0,100.0,-28.86198079430291
9.0,100.5,-29.03808565221176
9.0,101.0,-29.155309712043774
9.0,101.5,-29.33083295089863
9.0,102.0,-29.447608724427642
9.0,102.5,-29.447608724427642
9.0,103.0,-29.376582310512156
9.0,103.5,-29.24689383045043
9.0,104.0,-29.17470067203311
9.0,104.5,-29.116894874113612
9.0,105.0,-29.159412577065236
9.0,105.5,-29.044295120645604
9.0,106.0,-29.143034268450517
9.0,106.5,-29.02851319223813
9.0,107.0,-29.068687034826503
9.0,107.5,-29.050516871825902
9.0,108.0,-29.050516871825902
9.0,108.5,-29.050516871825902
9.0,109.0,-29.087536482518306
9.0,109.5,-29.143617691627238
9.0,110.0,-29.143617691627238
9.0,110.5,-29.199561941523246
9.0,111.0,-29.255361398581933
9.0,111.5,-29.311007642878703
9.0,112.0,-29.5547027622241
9.0,112.5,-29.609916427085917
9.0,113.0,-29.66492964092747
9.0,113.5,-29.719729009722972
9.0,114.0,-29.719729009722972
9.0,114.5,-29.695383444930584
9.0,115.0,-29.428875932043884
9.0,115.5,-29.216251601942304
9.0,116.0,-29.13662397180515
9.0,116.5,-29.056750978930594
9.0,117.0,-29.02963785895597
9.0,117.5,-28.976650921809373
9.0,118.0,-29.00164021608245
9.0,118.5,-28.949111040870495
9.0,119.0,-28.972781145108705
9.0,119.5,-28.972781145108705
9.0,120.0,-28.972781145108705
9.0,120.5,-28.99440101233455
9.0,121.0,-28.99440101233455
9.0,121.5,-29.04542543240565
9.0,122.0,-29.096142381067565
9.0,122.5,-29.146536485300366
9.0,123.0,-29.196591437981397
9.0,123.5,-29.196591437981397
9.0,124.0,-29.24628993628464
9.0,124.5,-29.510555041567375
9.0,125.0,-29.559428559302166
9.0,125.5,-29.642502637347654
9.0,126.0,-29.691111793521866
9.0,126.5,-29.822612260770043
9.0,127.0,-29.87039822388494
9.0,127.5,-29.917624658677415
9.0,128.0,-29.917624658677415
9.0,128.5,-29.88038189076084
9.0,129.0,-29.750138354579757
9.0,129.5,-29.712543711460494
9.0,130.0,-29.67409772304073
9.0,130.5,-29.628585487284756
9.0,131.0,-29.634838823051176
9.0,131.5,-29.634838823051176
9.0,132.0,-29.634838823051176
9.0,132.5,-30.015969850219182
9.0,133.0,-29.638319521188286
9.0,133.5,-30.05974565248061
9.0,134.0,-29.638319521188286
9.0,134.5,-29.617937874984964
9.0,135.0,-29.617937874984964
9.0,135.5,-29.639016230799356
9.0,136.0,-29.680464479907712
9.0,136.5,-30.101884820101578
9.0,137.0,-29.805405229724578
9.0,137.5,-29.973860364472255
9.0,138.0,-29.92938886653934
9.0,138.5,-29.92938886653934
9.0,139.0,-29.92938886653934
9.0,139.5,-30.181730174402787
9.0,140.0,-30.181730174402787
9.0,140.5,-30.30406561830506
9.0,141.0,-30.173779655377032
9.0,141.5,-30.173779655377032
9.0,142.0,-29.959469242723536
9.0,142.5,-29.745043861560056
9.0,143.0,-29.614053412736844
9.0,143.5,-29.566194465068676
9.0,144.0,-29.566194465068676
9.0,144.5,-29.517862336432213
9.0,145.0,-29.469082245352542
9.0,145.5,-29.469082245352542
9.0,146.0,-29.502606110678002
9.0,146.5,-29.502606110678002
9.0,147.0,-29.502606110678002
9.0,147.5,-29.484806424676478
9.0,148.0,-29.53521408763007
9.0,148.5,-29.5158674573094
9.0,149.0,-29.56687201559761
9.0,149.5,-29.545948693898794
9.0,150.0,-29.545948693898794
9.0,150.5,-29.545948693898794
9.0,151.0,-29.627197929506096
9.0,151.5,-29.708242519349277
9.0,152.0,-29.736335057225325
9.0,152.5,-29.78906173680243
9.0,153.0,-29.949926532025092
9.0,153.5,-30.029914486121577
9.0,154.0,-30.029914486121577
9.0,154.5,-30.109560527149924
9.0,155.0,-30.188823823936552
9.0,155.5,-30.26765702309194
9.0,156.0,-30.26765702309194
9.0,156.5,-30.26765702309194
9.0,157.0,-30.34600495221102
9.0,157.5,-30.423803018779147
9.0,158.0,-30.479016041287323
9.0,158.5,-30.556620690789913
9.0,159.0,-30.68935001674165
9.0,159.5,-30.68935001674165
9.0,160.0,-30.765935724654092
9.0,160.5,-30.709625544041458
9.0,161.0,-30.709625544041458
9.0,161.5,-30.709625544041458
9.0,162.0,-30.784785642826723
9.0,162.5,-30.784785642826723
9.0,163.0,-30.784785642826723
9.0,163.5,-30.916173576152616
9.0,164.0,-30.916173576152616
9.0,164.5,-31.047114801801005
9.0,165.0,-30.989458451302
9.0,165.5,-31.047114801801005
9.0,166.0,-31.083447199869276
9.0,166.5,-31.1194014851773
9.0,167.0,-31.1194014851773
9.0,167.5,-31.06120163825564
9.0,168.0,-31.06120163825564
9.0,168.5,-31.248400760726685
9.0,169.0,-31.248400760726685
9.0,169.5,-31.18980227454015
9.0,170.0,-31.131089636022647
9.0,170.5,-31.131089636022647
9.0,171.0,-31.376007279636163
9.0,171.5,-31.376007279636163
9.0,172.0,-31.316948442277226
9.0,172.5,-31.25788960491829
9.0,173.0,-31.25788960491829
9.0,173.5,-31.620145123774552
9.0,174.0,-31.620145123774552
9.0,174.5,-31.560821141966834
9.0,175.0,-31.501445894903107
9.0,175.5,-31.44892066499059
9.0,176.0,-31.44892066499059
9.0,176.5,-31.455809733490337
9.0,177.0,-31.462698801990086
9.0,177.5,-31.469587870489832
9.0,178.0,-31.476476938989578
9.0,178.5,-31.483366007489323
9.0,179.0,-31.490255075989072
9.0,179.5,-31.497144144488818
9.0,180.0,-31.497144144488818
9.0,180.5,-31.31779330778465
9.0,181.0,-31.131553402580735
9.0,181.5,-30.94531349737682
9.0,182.0,-30.759073592172907
9.0,182.5,-30.57283368696899
9.0,183.0,-30.38659378176508
9.0,183.5,-30.200353876561163
9.0,184.0,-30.01411397135725
9.0,184.5,-29.827874066153335
9.0,185.0,-29.58523250770933
9.0,185.5,-29.466470375965212
9.0,186.0,-29.460602809372975
9.0,186.5,-29.342045341444244
9.0,187.0,-29.394328676040615
9.0,187.5,-29.335188091583852
9.0,188.0,-29.268108765866227
9.0,188.5,-29.268108765866227
9.0,189.0,-29.268108765866227
9.0,189.5,-29.376582310512156
9.0,190.0,-29.307305578427783
9.0,190.5,-29.307305578427783
9.0,191.0,-29.307305578427783
9.0,191.5,-29.353928738298563
9.0,192.0,-29.412188427399077
9.0,192.5,-29.412188427399077
9.0,193.0,-29.528526947718213
9.0,193.5,-29.58659769588419
9.0,194.0,-29.58659769588419
9.0,194.5,-29.629973797229336
9.0,195.0,-29.629973797229336
9.0,195.5,-29.745043861560056
9.0,196.0,-29.80242536311609
9.0,196.5,-29.859694423542923
9.0,197.0,-29.916842543194463
9.0,197.5,-29.973860364472255
9.0,198.0,-30.087462726973346
9.0,198.5,-30.144023206405635
9.0,199.0,-30.200404954693372
9.0,199.5,-30.200404954693372
9.0,200.0,-30.25659233271097
9.0,200.5,-30.312567886097042
9.0,201.0,-30.36831208481196
9.0,201.5,-30.423803018779147
9.0,202.0,-30.479016041287323
9.0,202.5,-30.479016041287323
9.0,203.0,-30.533923350148598
9.0,203.5,-30.588493494593404
9.0,204.0,-30.588493494593404
9.0,204.5,-30.642690793491326
9.0,205.0,-30.9092145271129
9.0,205.5,-30.696474647676368
9.0,206.0,-30.72313668679281
9.0,206.5,-30.72313668679281
9.0,207.0,-30.74979872590925
9.0,207.5,-30.802610000354957
9.0,208.0,-30.802610000354957
9.0,208.5,-30.802610000354957
9.0,209.0,-30.802610000354957
9.0,209.5,-30.854847603505533
9.0,210.0,-30.854847603505533
9.0,210.5,-30.773445584561284
9.0,211.0,-30.773445584561284
9.0,211.5,-30.824566713688743
9.0,212.0,-30.824566713688743
9.0,212.5,-30.742411564930872
9.0,213.0,-30.742411564930872
9.0,213.5,-30.75101117744272
9.0,214.0,-30.75101117744272
9.0,214.5,-30.75101117744272
9.0,215.0,-30.75846527016216
9.0,215.5,-30.75846527016216
9.0,216.0,-30.75846527016216
9.0,216.5,-30.806459388172065
9.0,217.0,-30.806459388172065
9.0,217.5,-30.806459388172065
9.0,218.0,-30.853516773199054
9.0,218.5,-30.853516773199054
9.0,219.0,-30.853516773199054
9.0,219.5,-30.98354968146779
9.0,220.0,-30.98354968146779
9.0,220.5,-30.98354968146779
9.0,221.0,-31.11277949727001
9.0,221.5,-31.11277949727001
9.0,222.0,-30.944398609648402
9.0,222.5,-29.468429042984425
9.0,223.0,-29.468429042984425
9.0,223.5,-29.17470067203311
9.0,224.0,-29.09040246020594
9.0,224.5,-29.048818808306013
9.0,225.0,-29.02774021279705
9.0,225.5,-29.006661617288085
9.0,226.0,-29.006661617288085
9.0,226.5,-29.004986937172887
9.0,227.0,-29.04542543240565
9.0,227.5,-29.04542543240565
9.0,228.0,-29.04542543240565
9.0,228.5,-29.04034222417719
9.0,229.0,-29.04034222417719
9.0,229.5,-29.04034222417719
9.0,230.0,-29.07895439238297
9.0,230.5,-29.200750969556275
9.0,231.0,-29.24689383045043
9.0,231.5,-29.28458042671739
9.0,232.0,-29.48875177304319
9.0,232.5,-29.535883728403014
9.0,233.0,-29.572298734053504
9.0,233.5,-29.691111793521866
9.0,234.0,-29.691111793521866
9.0,234.5,-29.559428559302166
9.0,235.0,-29.510555041567375
9.0,235.5,-29.427588698432825
9.0,236.0,-29.37847834830935
9.0,236.5,-29.32896849171014
9.0,237.0,-29.32896849171014
9.0,237.5,-29.311007642878703
9.0,238.0,-29.311007642878703
9.0,238.5,-29.260210997881497
9.0,239.0,-29.260210997881497
9.0,239.5,-29.290704792425867
9.0,240.0,-29.290704792425867
9.0,240.5,-29.320283700594754
9.0,241.0,-29.320283700594754
9.0,241.5,-29.34891914387819
9.0,242.0,-29.401331364182088
9.0,242.5,-29.376582310512156
9.0,243.0,-29.376582310512156
9.0,243.5,-29.190066684906192
9.0,244.0,-28.87000191140345
9.0,244.5,-28.76252282430181
9.0,245.0,-28.708496005058496
9.0,245.5,-28.654289365163507
9.0,246.0,-28.654289365163507
9.0,246.5,-28.623755282294233
9.0,247.0,-28.64675658523648
9.0,247.5,-28.623755282294233
9.0,248.0,-28.64675658523648
9.0,248.5,-28.613303869717495
9.0,249.0,-28.668898438830958
9.0,249.5,-28.634237417307205
9.0,250.0,-28.690164529476412
9.0,250.5,-28.710538797907653
9.0,251.0,-28.84280854413365
9.0,251.5,-28.918541627266286
9.0,252.0,-29.050516871825902
9.0,252.5,-29.050516871825902
9.0,253.0,-29.011690952604567
9.0,253.5,-28.70900659087296
9.0,254.0,-28.59446902037265
9.0,254.5,-28.552691529492584
9.0,255.0,-28.479635050826932
9.0,255.5,-28.437241440121884
9.0,256.0,-28.437241440121884
9.0,256.5,-28.45147770502572
9.0,257.0,-28.464813975630697
9.0,257.5,-28.535627863572742
9.0,258.0,-28.47724055269555
9.0,258.5,-28.535627863572742
9.0,259.0,-28.547320049130253
9.0,259.5,-28.61678427696449
9.0,260.0,-28.675467048340487
9.0,260.5,-28.61678427696449
9.0,261.0,-28.45005163972804
9.0,261.5,-28.27315956871295
9.0,262.0,-27.97796970504756
9.0,262.5,-27.68239637116747
9.0,263.0,-27.386510359680912
9.0,263.5,-27.32730065816863
9.0,264.0,-27.15596488524833
9.0,264.5,-27.15596488524833
9.0,265.0,-27.042837713439848
9.0,265.5,-26.98822150543402
9.0,266.0,-26.98822150543402
9.0,266.5,-26.99232346005404
9.0,267.0,-26.995744230233626
9.0,267.5,-27.05805431812721
9.0,268.0,-27.060132807057606
9.0,268.5,-27.179322450872476
9.0,269.0,-27.180741561573555
9.0,269.5,-27.300690296257812
9.0,270.0,-27.330500033357772
9.0,270.5,-27.330500033357772
9.0,271.0,-27.00190730073908
9.0,271.5,-26.702550436004255
9.0,272.0,-26.40270875934518
9.0,272.5,-26.10245391236012
9.0,273.0,-25.861385405545693
9.0,273.5,-25.437719807529966
9.0,274.0,-25.255138576240107
9.0,274.5,-25.072246797574365
9.0,275.0,-24.948467008007995
9.0,275.5,-24.75924770754563
9.0,276.0,-24.634479520888057
9.0,276.5,-24.568662840852777
9.0,277.0,-24.56166969955678
9.0,277.5,-24.487240503655695
9.0,278.0,-24.47893810849233
9.0,278.5,-24.47018415635773
9.0,279.0,-24.402104110592692
9.0,279.5,-24.392524603690305
9.0,280.0,-24.254697299217277
9.0,280.5,-24.05713882151208
9.0,281.0,-23.98728650906848
9.0,281.5,-23.73000327016282
9.0,282.0,-23.53045833611266
9.0,282.5,-23.142600655916414
9.0,283.0,-22.883460287719416
9.0,283.5,-22.551903415503507
9.0,284.0,-22.349516886875147
9.0,284.5,-22.016144233487413
9.0,285.0,-21.681846552331354
9.0,285.5,-21.477647321544637
9.0,286.0,-21.199207036073467
9.0,286.5,-21.051104938715003
9.0,287.0,-20.827878623476415
9.0,287.5,-20.67837800621546
9.0,288.0,-20.45315467582583
9.0,288.5,-20.302386178344204
9.0,289.0,-20.13167164004545
9.0,289.5,-20.035802782047746
9.0,290.0,-19.939233338011796
9.0,290.5,-19.820982580516386
9.0,291.0,-19.72265554944988
9.0,291.5,-19.546272506100905
9.0,292.0,-19.44643881553784
9.0,292.5,-19.268049136132305
9.0,293.0,-19.088561249933406
9.0,293.5,-18.9625952395856
9.0,294.0,-18.726466816802017
9.0,294.5,-18.54394302443896
9.0,295.0,-18.360486747410654
9.0,295.5,-18.09658562106037
9.0,296.0,-17.91115963602003
9.0,296.5,-17.698154713706927
9.0,297.0,-17.43044125373735
9.0,297.5,-17.242101704698033
9.0,298.0,-17.024898639449145
9.0,298.5,-16.887111674848335
9.0,299.0,-16.69619959173192
9.0,299.5,-16.52700355896968
9.0,300.0,-16.385909853349563
9.0,300.5,-16.24383537736457
9.0,301.0,-16.15181280438274
9.0,301.5,-16.058331924061022
9.0,302.0,-15.995213621230597
9.0,302.5,-15.949513225582127
9.0,303.0,-15.884636002767973
9.0,303.5,-15.868838131034675
9.0,304.0,-15.851967643366528
9.0,304.5,-15.83402785890291
9.0,305.0,-15.829464509308266
9.0,305.5,-15.829464509308266
9.0,306.0,-15.857081369702158
9.0,306.5,-15.883001030432833
9.0,307.0,-15.943057603232468
9.0,307.5,-15.96604694222776
9.0,308.0,-16.023993145968646
9.0,308.5,-16.081044443111338
9.0,309.0,-16.13719129202714
9.0,309.5,-16.200758905061424
9.0,310.0,-16.254427506012888
9.0,310.5,-16.307158396437906
9.0,311.0,-16.40402646921023
9.0,311.5,-16.454547695175755
9.0,312.0,-16.548464876417775
9.0,312.5,-16.63689159521057
9.0,313.0,-16.684503245964887
9.0,313.5,-16.731111781745376
9.0,314.0,-16.81977986096016
9.0,314.5,-16.8640163508285
9.0,315.0,-16.90617123968233
9.0,315.5,-16.90617123968233
9.0,316.0,-16.86192904273792
9.0,316.5,-16.732376530025007
9.0,317.0,-16.642377805999413
9.0,317.5,-16.426335079468352
9.0,318.0,-16.165005754366028
9.0,318.5,-15.902195040414547
9.0,319.0,-15.683134372013846
9.0,319.5,-15.417913125190822
9.0,320.0,-15.021603899408166
9.0,320.5,-14.753601480530833
9.0,321.0,-14.48443582469531
9.0,321.5,-14.0836253048356
9.0,322.0,-13.764952357788033
9.0,322.5,-13.361145020565893
9.0,323.0,-13.03945939274038
9.0,323.5,-12.716333838729927
9.0,324.0,-12.39183886263869
9.0,324.5,-12.066040710447353
9.0,325.0,-11.77301060829722
9.0,325.5,-11.52726237939908
9.0,326.0,-11.14788580326585
9.0,326.5,-10.849473092264809
9.0,327.0,-10.681813715681624
9.0,327.5,-10.379998803844021
9.0,328.0,-10.209289793089656
9.0,328.5,-9.904303868018395
9.0,329.0,-9.73072126097139
9.0,329.5,-9.55580002125581
9.0,330.0,-9.357530917671532
9.0,330.5,-9.23138554249493
9.0,331.0,-9.028833341613108
9.0,331.5,-8.928677076952603
9.0,332.0,-8.77423594546406
9.0,332.5,-8.723738825785787
9.0,333.0,-8.592695962354373
9.0,333.5,-8.539279713047026
9.0,334.0,-8.457134006611199
9.0,334.5,-8.401033505053956
9.0,335.0,-8.31489655248981
9.0,335.5,-8.28075167072361
9.0,336.0,-8.2206146532378
9.0,336.5,-8.183198059408724
9.0,337.0,-8.11208218211858
9.0,337.5,-8.070264905638137
9.0,338.0,-8.004477663642394
9.0,338.5,-7.937696298154087
9.0,339.0,-7.8011839839501285
9.0,339.5,-7.696251286080237
9.0,340.0,-7.569016590461878
9.0,340.5,-7.404042963090713
9.0,341.0,-7.217446165269745
9.0,341.5,-7.029407610461032
9.0,342.0,-6.744716471650818
9.0,342.5,-6.496288443777512
9.0,343.0,-6.2462658435341325
9.0,343.5,-5.9542196360510715
9.0,344.0,-5.585837002063965
9.0,344.5,-5.330525307069816
9.0,345.0,-4.9737821427003475
9.0,345.5,-4.657329966414046
9.0,346.0,-4.29568813232887
9.0,346.5,-4.047469751626529
9.0,347.0,-3.7258302146736675
9.0,347.5,-3.415628232045176
9.0,348.0,-3.1032350277098537
9.0,348.5,-2.800389747905168
9.0,349.0,-2.541908566676298
9.0,349.5,-2.233583472252235
9.0,350.0,-2.0297648338625294
9.0,350.5,-1.7752030212875098
9.0,351.0,-1.5180022586144126
9.0,351.5,-1.3172381965262474
9.0,352.0,-1.114110724687201
9.0,352.5,-0.9602418554768128
9.0,353.0,-0.7601566240931881
9.0,353.5,-0.662196759804278
9.0,354.0,-0.5161336435461799
9.0,354.5,-0.366942970580201
9.0,355.0,-0.26913192263848984
9.0,355.5,-0.22423044656878943
9.0,356.0,-0.1272427822259985
9.0,356.5,-0.08325936614735951
9.0,357.0,-0.040607613548566235
9.0,357.5,0.0
9.0,358.0,0.0
9.0,358.5,-0.01021613819082745
9.0,359.0,-0.019883038713572887
9.0,359.5,-0.021651014693219395
