Horn,Plane,Frequency_GHz,Band_Low_GHz,Band_High_GHz,Angle_Deg,Raw_Band_Mean_S21_dB,Boresight_Band_Mean_S21_dB,Normalized_S21_dB,N_Frequency_Samples
HORN1,E,6,5.8,6.8,0,-51.16958816074,-51.16958816074,0.0,15
HORN1,E,6,5.8,6.8,10,-54.57356146312667,-51.16958816074,-3.4039733023866745,15
HORN1,E,6,5.8,6.8,20,-62.26001762756666,-51.16958816074,-11.090429466826663,15
HORN1,E,6,5.8,6.8,30,-70.45675828092666,-51.16958816074,-19.287170120186666,15
HORN1,E,6,5.8,6.8,40,-70.48559274157333,-51.16958816074,-19.31600458083333,15
HORN1,E,6,5.8,6.8,50,-72.83929887876,-51.16958816074,-21.669710718020006,15
HORN1,E,6,5.8,6.8,60,-75.38955011277334,-51.16958816074,-24.219961952033337,15
HORN1,E,6,5.8,6.8,70,-77.85861535955999,-51.16958816074,-26.689027198819993,15
HORN1,E,6,5.8,6.8,80,-79.75524823544667,-51.16958816074,-28.585660074706674,15
HORN1,E,6,5.8,6.8,90,-81.17855835045334,-51.16958816074,-30.008970189713345,15
HORN1,E,6,5.8,6.8,100,-79.98062387462667,-51.16958816074,-28.811035713886675,15
HORN1,E,6,5.8,6.8,110,-79.81283479228665,-51.16958816074,-28.643246631546653,15
HORN1,E,6,5.8,6.8,120,-84.15232324658668,-51.16958816074,-32.98273508584668,15
HORN1,E,6,5.8,6.8,130,-81.82094905190667,-51.16958816074,-30.651360891166668,15
HORN1,E,6,5.8,6.8,140,-79.81779916222,-51.16958816074,-28.64821100148,15
HORN1,E,6,5.8,6.8,150,-79.71006911958666,-51.16958816074,-28.540480958846665,15
HORN1,E,6,5.8,6.8,160,-81.89586934155334,-51.16958816074,-30.726281180813338,15
HORN1,E,6,5.8,6.8,170,-80.19188390615999,-51.16958816074,-29.02229574541999,15
HORN1,E,6,5.8,6.8,180,-76.17687003056668,-51.16958816074,-25.007281869826677,15
HORN2,E,6,5.8,6.8,0,-56.80987804118668,-56.80987804118668,0.0,15
HORN2,E,6,5.8,6.8,10,-59.022017779,-56.80987804118668,-2.212139737813324,15
HORN2,E,6,5.8,6.8,20,-65.02217415706,-56.80987804118668,-8.212296115873315,15
HORN2,E,6,5.8,6.8,30,-72.680872551,-56.80987804118668,-15.870994509813315,15
HORN2,E,6,5.8,6.8,40,-74.59703554046668,-56.80987804118668,-17.78715749928,15
HORN2,E,6,5.8,6.8,50,-77.36571385004666,-56.80987804118668,-20.55583580885998,15
HORN2,E,6,5.8,6.8,60,-80.20838216386,-56.80987804118668,-23.398504122673316,15
HORN2,E,6,5.8,6.8,70,-83.14095232594666,-56.80987804118668,-26.33107428475998,15
HORN2,E,6,5.8,6.8,80,-82.78861201975998,-56.80987804118668,-25.978733978573302,15
HORN2,E,6,5.8,6.8,90,-84.20670823463334,-56.80987804118668,-27.39683019344666,15
HORN2,E,6,5.8,6.8,100,-82.87888102638665,-56.80987804118668,-26.069002985199972,15
HORN2,E,6,5.8,6.8,110,-74.92397350533334,-56.80987804118668,-18.114095464146658,15
HORN2,E,6,5.8,6.8,120,-75.64622507752001,-56.80987804118668,-18.836347036333336,15
HORN2,E,6,5.8,6.8,130,-79.86743100416668,-56.80987804118668,-23.057552962979997,15
HORN2,E,6,5.8,6.8,140,-76.72573725450665,-56.80987804118668,-19.915859213319976,15
HORN2,E,6,5.8,6.8,150,-84.34207830116665,-56.80987804118668,-27.532200259979973,15
HORN2,E,6,5.8,6.8,160,-85.13915108927999,-56.80987804118668,-28.329273048093313,15
HORN2,E,6,5.8,6.8,170,-84.51861678955333,-56.80987804118668,-27.708738748366656,15
HORN2,E,6,5.8,6.8,180,-80.00043236366001,-56.80987804118668,-23.190554322473332,15
HORN3,E,6,5.8,6.8,0,-56.57505298307333,-56.57505298307333,0.0,15
HORN3,E,6,5.8,6.8,10,-58.80358559987334,-56.57505298307333,-2.2285326168000097,15
HORN3,E,6,5.8,6.8,20,-65.16758533005333,-56.57505298307333,-8.59253234698,15
HORN3,E,6,5.8,6.8,30,-72.92912566386666,-56.57505298307333,-16.35407268079333,15
HORN3,E,6,5.8,6.8,40,-75.61471194768,-56.57505298307333,-19.039658964606666,15
HORN3,E,6,5.8,6.8,50,-76.88620126778,-56.57505298307333,-20.311148284706668,15
HORN3,E,6,5.8,6.8,60,-80.25300280914001,-56.57505298307333,-23.677949826066687,15
HORN3,E,6,5.8,6.8,70,-81.47068155486667,-56.57505298307333,-24.895628571793345,15
HORN3,E,6,5.8,6.8,80,-83.11412693348666,-56.57505298307333,-26.539073950413332,15
HORN3,E,6,5.8,6.8,90,-86.71406735332667,-56.57505298307333,-30.139014370253342,15
HORN3,E,6,5.8,6.8,100,-84.95708470015333,-56.57505298307333,-28.382031717080004,15
HORN3,E,6,5.8,6.8,110,-85.53175639991333,-56.57505298307333,-28.956703416840007,15
HORN3,E,6,5.8,6.8,120,-79.54881906372002,-56.57505298307333,-22.97376608064669,15
HORN3,E,6,5.8,6.8,130,-82.66271408749334,-56.57505298307333,-26.087661104420015,15
HORN3,E,6,5.8,6.8,140,-84.25030055421333,-56.57505298307333,-27.675247571139998,15
HORN3,E,6,5.8,6.8,150,-82.33355763930668,-56.57505298307333,-25.75850465623335,15
HORN3,E,6,5.8,6.8,160,-82.56215461115333,-56.57505298307333,-25.987101628080005,15
HORN3,E,6,5.8,6.8,170,-83.87264900577999,-56.57505298307333,-27.297596022706664,15
HORN3,E,6,5.8,6.8,180,-81.00340383446665,-56.57505298307333,-24.428350851393326,15
HORN4,E,6,5.8,6.8,0,-58.90069644342667,-58.90069644342667,0.0,15
HORN4,E,6,5.8,6.8,10,-61.01054995706,-58.90069644342667,-2.1098535136333325,15
HORN4,E,6,5.8,6.8,20,-67.40929481275333,-58.90069644342667,-8.508598369326663,15
HORN4,E,6,5.8,6.8,30,-74.59838717356666,-58.90069644342667,-15.697690730139996,15
HORN4,E,6,5.8,6.8,40,-77.91404266206,-58.90069644342667,-19.01334621863333,15
HORN4,E,6,5.8,6.8,50,-78.20430243771334,-58.90069644342667,-19.30360599428667,15
HORN4,E,6,5.8,6.8,60,-82.83917571498667,-58.90069644342667,-23.93847927156,15
HORN4,E,6,5.8,6.8,70,-84.22246818986667,-58.90069644342667,-25.321771746440007,15
HORN4,E,6,5.8,6.8,80,-84.15469428579999,-58.90069644342667,-25.253997842373323,15
HORN4,E,6,5.8,6.8,90,-89.62915499644,-58.90069644342667,-30.728458553013326,15
HORN4,E,6,5.8,6.8,100,-86.97772897917335,-58.90069644342667,-28.07703253574668,15
HORN4,E,6,5.8,6.8,110,-89.86315367769333,-58.90069644342667,-30.962457234266665,15
HORN4,E,6,5.8,6.8,120,-80.42020198995998,-58.90069644342667,-21.51950554653331,15
HORN4,E,6,5.8,6.8,130,-85.58398739783333,-58.90069644342667,-26.683290954406658,15
HORN4,E,6,5.8,6.8,140,-78.71668337448666,-58.90069644342667,-19.815986931059996,15
HORN4,E,6,5.8,6.8,150,-79.43300086274667,-58.90069644342667,-20.53230441932,15
HORN4,E,6,5.8,6.8,160,-84.90753000165334,-58.90069644342667,-26.006833558226674,15
HORN4,E,6,5.8,6.8,170,-89.43598196764668,-58.90069644342667,-30.535285524220015,15
HORN4,E,6,5.8,6.8,180,-83.27547824256,-58.90069644342667,-24.37478179913333,15
HORN5,E,6,5.8,6.8,0,-58.75782533382668,-58.75782533382668,0.0,15
HORN5,E,6,5.8,6.8,10,-60.999163472226655,-58.75782533382668,-2.241338138399975,15
HORN5,E,6,5.8,6.8,20,-67.52378932802667,-58.75782533382668,-8.765963994199986,15
HORN5,E,6,5.8,6.8,30,-74.97595324688668,-58.75782533382668,-16.218127913059995,15
HORN5,E,6,5.8,6.8,40,-76.76070733707334,-58.75782533382668,-18.00288200324666,15
HORN5,E,6,5.8,6.8,50,-78.00639803298668,-58.75782533382668,-19.24857269916,15
HORN5,E,6,5.8,6.8,60,-84.57556873733331,-58.75782533382668,-25.817743403506633,15
HORN5,E,6,5.8,6.8,70,-85.10323641798,-58.75782533382668,-26.34541108415332,15
HORN5,E,6,5.8,6.8,80,-84.95000559256668,-58.75782533382668,-26.192180258740002,15
HORN5,E,6,5.8,6.8,90,-85.40845684821333,-58.75782533382668,-26.650631514386653,15
HORN5,E,6,5.8,6.8,100,-82.88595919645334,-58.75782533382668,-24.12813386262666,15
HORN5,E,6,5.8,6.8,110,-80.52770484714001,-58.75782533382668,-21.769879513313334,15
HORN5,E,6,5.8,6.8,120,-80.65320220232,-58.75782533382668,-21.895376868493322,15
HORN5,E,6,5.8,6.8,130,-87.44553165525332,-58.75782533382668,-28.68770632142664,15
HORN5,E,6,5.8,6.8,140,-83.52794125045332,-58.75782533382668,-24.770115916626644,15
HORN5,E,6,5.8,6.8,150,-81.55233785453332,-58.75782533382668,-22.79451252070664,15
HORN5,E,6,5.8,6.8,160,-85.04422385510001,-58.75782533382668,-26.286398521273334,15
HORN5,E,6,5.8,6.8,170,-88.71770019883333,-58.75782533382668,-29.959874865006647,15
HORN5,E,6,5.8,6.8,180,-83.97289404445334,-58.75782533382668,-25.21506871062666,15
HORN6,E,6,5.8,6.8,0,-62.39516620682666,-62.39516620682666,0.0,15
HORN6,E,6,5.8,6.8,10,-64.7049653161,-62.39516620682666,-2.3097991092733423,15
HORN6,E,6,5.8,6.8,20,-70.40647123394,-62.39516620682666,-8.011305027113337,15
HORN6,E,6,5.8,6.8,30,-77.58004021628668,-62.39516620682666,-15.184874009460017,15
HORN6,E,6,5.8,6.8,40,-80.67447244726667,-62.39516620682666,-18.279306240440008,15
HORN6,E,6,5.8,6.8,50,-81.84936928413335,-62.39516620682666,-19.454203077306687,15
HORN6,E,6,5.8,6.8,60,-86.01904410049335,-62.39516620682666,-23.623877893666688,15
HORN6,E,6,5.8,6.8,70,-87.87593892505333,-62.39516620682666,-25.480772718226675,15
HORN6,E,6,5.8,6.8,80,-85.74324330902002,-62.39516620682666,-23.348077102193358,15
HORN6,E,6,5.8,6.8,90,-86.77827439534,-62.39516620682666,-24.383108188513347,15
HORN6,E,6,5.8,6.8,100,-89.38008663162002,-62.39516620682666,-26.98492042479336,15
HORN6,E,6,5.8,6.8,110,-93.08154434862666,-62.39516620682666,-30.686378141800006,15
HORN6,E,6,5.8,6.8,120,-77.74782970489998,-62.39516620682666,-15.352663498073326,15
HORN6,E,6,5.8,6.8,130,-86.00218980814665,-62.39516620682666,-23.607023601319995,15
HORN6,E,6,5.8,6.8,140,-81.39544693767998,-62.39516620682666,-19.00028073085332,15
HORN6,E,6,5.8,6.8,150,-75.09771983156,-62.39516620682666,-12.70255362473334,15
HORN6,E,6,5.8,6.8,160,-80.60734870864,-62.39516620682666,-18.212182501813345,15
HORN6,E,6,5.8,6.8,170,-88.89357451008,-62.39516620682666,-26.498408303253342,15
HORN6,E,6,5.8,6.8,180,-84.22871509080666,-62.39516620682666,-21.83354888398,15
HORN7,E,6,5.8,6.8,0,-62.32439335892,-62.32439335892,0.0,15
HORN7,E,6,5.8,6.8,10,-64.72972952354002,-62.32439335892,-2.4053361646200173,15
HORN7,E,6,5.8,6.8,20,-70.47392397527332,-62.32439335892,-8.149530616353324,15
HORN7,E,6,5.8,6.8,30,-78.38600521669332,-62.32439335892,-16.061611857773322,15
HORN7,E,6,5.8,6.8,40,-80.02371327577335,-62.32439335892,-17.699319916853348,15
HORN7,E,6,5.8,6.8,50,-82.24509689284,-62.32439335892,-19.920703533919998,15
HORN7,E,6,5.8,6.8,60,-84.94371824713333,-62.32439335892,-22.619324888213335,15
HORN7,E,6,5.8,6.8,70,-85.45512735462667,-62.32439335892,-23.13073399570667,15
HORN7,E,6,5.8,6.8,80,-87.86132421947998,-62.32439335892,-25.536930860559984,15
HORN7,E,6,5.8,6.8,90,-85.55387703170665,-62.32439335892,-23.22948367278665,15
HORN7,E,6,5.8,6.8,100,-87.43387240397334,-62.32439335892,-25.10947904505334,15
HORN7,E,6,5.8,6.8,110,-89.4497773046,-62.32439335892,-27.125383945680007,15
HORN7,E,6,5.8,6.8,120,-83.18375641800667,-62.32439335892,-20.859363059086668,15
HORN7,E,6,5.8,6.8,130,-88.24007123216666,-62.32439335892,-25.915677873246658,15
HORN7,E,6,5.8,6.8,140,-81.24136051343999,-62.32439335892,-18.916967154519988,15
HORN7,E,6,5.8,6.8,150,-83.08553355846,-62.32439335892,-20.76114019954,15
HORN7,E,6,5.8,6.8,160,-84.70852377694668,-62.32439335892,-22.38413041802668,15
HORN7,E,6,5.8,6.8,170,-89.28963301134667,-62.32439335892,-26.965239652426668,15
HORN7,E,6,5.8,6.8,180,-89.71340925092667,-62.32439335892,-27.389015892006675,15
HORN8,E,6,5.8,6.8,0,-64.44103495927334,-64.44103495927334,0.0,15
HORN8,E,6,5.8,6.8,10,-66.58856134010666,-64.44103495927334,-2.1475263808333267,15
HORN8,E,6,5.8,6.8,20,-71.71975046956668,-64.44103495927334,-7.278715510293338,15
HORN8,E,6,5.8,6.8,30,-79.12170773434667,-64.44103495927334,-14.680672775073333,15
HORN8,E,6,5.8,6.8,40,-81.43164825050668,-64.44103495927334,-16.990613291233345,15
HORN8,E,6,5.8,6.8,50,-85.21399783571334,-64.44103495927334,-20.772962876440005,15
HORN8,E,6,5.8,6.8,60,-87.12005498324666,-64.44103495927334,-22.679020023973322,15
HORN8,E,6,5.8,6.8,70,-89.50764506489334,-64.44103495927334,-25.06661010562,15
HORN8,E,6,5.8,6.8,80,-88.78128184396665,-64.44103495927334,-24.340246884693315,15
HORN8,E,6,5.8,6.8,90,-88.84057023638667,-64.44103495927334,-24.39953527711333,15
HORN8,E,6,5.8,6.8,100,-91.69396232057333,-64.44103495927334,-27.252927361299996,15
HORN8,E,6,5.8,6.8,110,-94.15239307436667,-64.44103495927334,-29.711358115093333,15
HORN8,E,6,5.8,6.8,120,-86.49892179471334,-64.44103495927334,-22.05788683544,15
HORN8,E,6,5.8,6.8,130,-88.62274070949333,-64.44103495927334,-24.18170575021999,15
HORN8,E,6,5.8,6.8,140,-82.46255502526,-64.44103495927334,-18.021520065986664,15
HORN8,E,6,5.8,6.8,150,-85.92056002934666,-64.44103495927334,-21.479525070073322,15
HORN8,E,6,5.8,6.8,160,-89.56924923794666,-64.44103495927334,-25.128214278673326,15
HORN8,E,6,5.8,6.8,170,-89.75180833411332,-64.44103495927334,-25.310773374839982,15
HORN8,E,6,5.8,6.8,180,-88.51608448663333,-64.44103495927334,-24.075049527359994,15
HORN1,E,7,6.8,7.8,0,-51.8995122945625,-51.8995122945625,0.0,16
HORN1,E,7,6.8,7.8,10,-56.40106014986875,-51.8995122945625,-4.501547855306249,16
HORN1,E,7,6.8,7.8,20,-64.2908554955625,-51.8995122945625,-12.391343200999998,16
HORN1,E,7,6.8,7.8,30,-65.84378651716875,-51.8995122945625,-13.944274222606253,16
HORN1,E,7,6.8,7.8,40,-67.99007146753124,-51.8995122945625,-16.09055917296874,16
HORN1,E,7,6.8,7.8,50,-74.25819344621249,-51.8995122945625,-22.35868115164999,16
HORN1,E,7,6.8,7.8,60,-76.58494507581874,-51.8995122945625,-24.68543278125624,16
HORN1,E,7,6.8,7.8,70,-76.00906225164375,-51.8995122945625,-24.109549957081256,16
HORN1,E,7,6.8,7.8,80,-74.9794556553625,-51.8995122945625,-23.0799433608,16
HORN1,E,7,6.8,7.8,90,-77.4655078521875,-51.8995122945625,-25.565995557625,16
HORN1,E,7,6.8,7.8,100,-79.59138661727499,-51.8995122945625,-27.691874322712493,16
HORN1,E,7,6.8,7.8,110,-77.82377703398124,-51.8995122945625,-25.924264739418746,16
HORN1,E,7,6.8,7.8,120,-77.69976090105,-51.8995122945625,-25.8002486064875,16
HORN1,E,7,6.8,7.8,130,-80.2855460406875,-51.8995122945625,-28.38603374612501,16
HORN1,E,7,6.8,7.8,140,-79.7529959771125,-51.8995122945625,-27.853483682550007,16
HORN1,E,7,6.8,7.8,150,-81.9087776094625,-51.8995122945625,-30.009265314900006,16
HORN1,E,7,6.8,7.8,160,-78.8382851314125,-51.8995122945625,-26.938772836850006,16
HORN1,E,7,6.8,7.8,170,-78.71639014263125,-51.8995122945625,-26.816877848068756,16
HORN1,E,7,6.8,7.8,180,-75.9760947213625,-51.8995122945625,-24.0765824268,16
HORN2,E,7,6.8,7.8,0,-57.7331903416,-57.7331903416,0.0,16
HORN2,E,7,6.8,7.8,10,-60.464030753431246,-57.7331903416,-2.7308404118312453,16
HORN2,E,7,6.8,7.8,20,-66.8964666227375,-57.7331903416,-9.163276281137506,16
HORN2,E,7,6.8,7.8,30,-70.79677115361875,-57.7331903416,-13.063580812018749,16
HORN2,E,7,6.8,7.8,40,-72.23736675749375,-57.7331903416,-14.504176415893745,16
HORN2,E,7,6.8,7.8,50,-78.18481352535,-57.7331903416,-20.451623183749994,16
HORN2,E,7,6.8,7.8,60,-81.36088083885,-57.7331903416,-23.627690497249993,16
HORN2,E,7,6.8,7.8,70,-79.99940862548125,-57.7331903416,-22.26621828388125,16
HORN2,E,7,6.8,7.8,80,-82.59003767574376,-57.7331903416,-24.856847334143758,16
HORN2,E,7,6.8,7.8,90,-81.3199129772625,-57.7331903416,-23.586722635662504,16
HORN2,E,7,6.8,7.8,100,-74.37152575038125,-57.7331903416,-16.638335408781252,16
HORN2,E,7,6.8,7.8,110,-72.3287854204625,-57.7331903416,-14.595595078862495,16
HORN2,E,7,6.8,7.8,120,-73.08560403749999,-57.7331903416,-15.35241369589999,16
HORN2,E,7,6.8,7.8,130,-76.54841506766874,-57.7331903416,-18.81522472606874,16
HORN2,E,7,6.8,7.8,140,-74.99860649130625,-57.7331903416,-17.265416149706247,16
HORN2,E,7,6.8,7.8,150,-81.27133387553125,-57.7331903416,-23.538143533931255,16
HORN2,E,7,6.8,7.8,160,-81.032921460325,-57.7331903416,-23.299731118725,16
HORN2,E,7,6.8,7.8,170,-81.3410876959875,-57.7331903416,-23.607897354387497,16
HORN2,E,7,6.8,7.8,180,-75.97097008569375,-57.7331903416,-18.23777974409375,16
HORN3,E,7,6.8,7.8,0,-57.07280936196875,-57.07280936196875,0.0,16
HORN3,E,7,6.8,7.8,10,-59.730299667699995,-57.07280936196875,-2.657490305731244,16
HORN3,E,7,6.8,7.8,20,-67.26747030825001,-57.07280936196875,-10.19466094628126,16
HORN3,E,7,6.8,7.8,30,-70.46725872114999,-57.07280936196875,-13.394449359181237,16
HORN3,E,7,6.8,7.8,40,-71.73140426832501,-57.07280936196875,-14.658594906356257,16
HORN3,E,7,6.8,7.8,50,-78.01941457008749,-57.07280936196875,-20.94660520811874,16
HORN3,E,7,6.8,7.8,60,-83.60359933100625,-57.07280936196875,-26.5307899690375,16
HORN3,E,7,6.8,7.8,70,-81.64918585443125,-57.07280936196875,-24.5763764924625,16
HORN3,E,7,6.8,7.8,80,-79.6224022847625,-57.07280936196875,-22.54959292279375,16
HORN3,E,7,6.8,7.8,90,-85.86449926350625,-57.07280936196875,-28.791689901537495,16
HORN3,E,7,6.8,7.8,100,-84.907522956375,-57.07280936196875,-27.834713594406253,16
HORN3,E,7,6.8,7.8,110,-83.87859394707499,-57.07280936196875,-26.805784585106238,16
HORN3,E,7,6.8,7.8,120,-82.10722349792499,-57.07280936196875,-25.03441413595624,16
HORN3,E,7,6.8,7.8,130,-84.93800638699375,-57.07280936196875,-27.865197025024997,16
HORN3,E,7,6.8,7.8,140,-85.59996651323125,-57.07280936196875,-28.5271571512625,16
HORN3,E,7,6.8,7.8,150,-85.49790666058125,-57.07280936196875,-28.4250972986125,16
HORN3,E,7,6.8,7.8,160,-85.901853999575,-57.07280936196875,-28.829044637606245,16
HORN3,E,7,6.8,7.8,170,-85.33110317763749,-57.07280936196875,-28.258293815668736,16
HORN3,E,7,6.8,7.8,180,-81.2130761557125,-57.07280936196875,-24.14026679374375,16
HORN4,E,7,6.8,7.8,0,-59.39351736038125,-59.39351736038125,0.0,16
HORN4,E,7,6.8,7.8,10,-61.802154580212495,-59.39351736038125,-2.408637219831242,16
HORN4,E,7,6.8,7.8,20,-69.313529032,-59.39351736038125,-9.920011671618752,16
HORN4,E,7,6.8,7.8,30,-72.3435934638875,-59.39351736038125,-12.950076103506248,16
HORN4,E,7,6.8,7.8,40,-72.94201337728126,-59.39351736038125,-13.548496016900003,16
HORN4,E,7,6.8,7.8,50,-81.06522990656251,-59.39351736038125,-21.671712546181254,16
HORN4,E,7,6.8,7.8,60,-82.08523480339375,-59.39351736038125,-22.691717443012493,16
HORN4,E,7,6.8,7.8,70,-81.41296388736875,-59.39351736038125,-22.019446526987494,16
HORN4,E,7,6.8,7.8,80,-82.76419128465625,-59.39351736038125,-23.370673924274996,16
HORN4,E,7,6.8,7.8,90,-84.44927725086876,-59.39351736038125,-25.055759890487508,16
HORN4,E,7,6.8,7.8,100,-86.0146783988875,-59.39351736038125,-26.621161038506244,16
HORN4,E,7,6.8,7.8,110,-86.91851573154375,-59.39351736038125,-27.524998371162496,16
HORN4,E,7,6.8,7.8,120,-80.5857707394,-59.39351736038125,-21.19225337901875,16
HORN4,E,7,6.8,7.8,130,-83.5865152992875,-59.39351736038125,-24.192997938906245,16
HORN4,E,7,6.8,7.8,140,-82.59664875049376,-59.39351736038125,-23.203131390112503,16
HORN4,E,7,6.8,7.8,150,-85.72297611773126,-59.39351736038125,-26.32945875735001,16
HORN4,E,7,6.8,7.8,160,-89.14774192990001,-59.39351736038125,-29.754224569518755,16
HORN4,E,7,6.8,7.8,170,-84.9700294351125,-59.39351736038125,-25.57651207473124,16
HORN4,E,7,6.8,7.8,180,-84.3518825600375,-59.39351736038125,-24.958365199656242,16
HORN5,E,7,6.8,7.8,0,-58.72156279198125,-58.72156279198125,0.0,16
HORN5,E,7,6.8,7.8,10,-61.598588317099995,-58.72156279198125,-2.8770255251187464,16
HORN5,E,7,6.8,7.8,20,-68.2662347973375,-58.72156279198125,-9.544672005356254,16
HORN5,E,7,6.8,7.8,30,-70.790917373025,-58.72156279198125,-12.069354581043747,16
HORN5,E,7,6.8,7.8,40,-73.30208659319999,-58.72156279198125,-14.580523801218739,16
HORN5,E,7,6.8,7.8,50,-82.2228883624125,-58.72156279198125,-23.501325570431256,16
HORN5,E,7,6.8,7.8,60,-82.16589044849374,-58.72156279198125,-23.444327656512492,16
HORN5,E,7,6.8,7.8,70,-82.84301462639375,-58.72156279198125,-24.121451834412504,16
HORN5,E,7,6.8,7.8,80,-83.98915796886875,-58.72156279198125,-25.267595176887504,16
HORN5,E,7,6.8,7.8,90,-83.04114317612499,-58.72156279198125,-24.31958038414374,16
HORN5,E,7,6.8,7.8,100,-80.5913815862625,-58.72156279198125,-21.86981879428125,16
HORN5,E,7,6.8,7.8,110,-79.91980860127501,-58.72156279198125,-21.19824580929376,16
HORN5,E,7,6.8,7.8,120,-81.81998473634374,-58.72156279198125,-23.098421944362492,16
HORN5,E,7,6.8,7.8,130,-84.45498869104375,-58.72156279198125,-25.733425899062503,16
HORN5,E,7,6.8,7.8,140,-85.75044066691251,-58.72156279198125,-27.02887787493126,16
HORN5,E,7,6.8,7.8,150,-84.7331633544125,-58.72156279198125,-26.011600562431248,16
HORN5,E,7,6.8,7.8,160,-86.6112222971375,-58.72156279198125,-27.889659505156253,16
HORN5,E,7,6.8,7.8,170,-86.055761882225,-58.72156279198125,-27.33419909024375,16
HORN5,E,7,6.8,7.8,180,-84.55124703203751,-58.72156279198125,-25.82968424005626,16
HORN6,E,7,6.8,7.8,0,-61.75784020266875,-61.75784020266875,0.0,16
HORN6,E,7,6.8,7.8,10,-64.84805534575625,-61.75784020266875,-3.090215143087498,16
HORN6,E,7,6.8,7.8,20,-71.39585168880625,-61.75784020266875,-9.638011486137493,16
HORN6,E,7,6.8,7.8,30,-74.7839034268,-61.75784020266875,-13.026063224131242,16
HORN6,E,7,6.8,7.8,40,-76.69137649322501,-61.75784020266875,-14.933536290556255,16
HORN6,E,7,6.8,7.8,50,-84.96326150406875,-61.75784020266875,-23.2054213014,16
HORN6,E,7,6.8,7.8,60,-84.942693564375,-61.75784020266875,-23.184853361706253,16
HORN6,E,7,6.8,7.8,70,-84.3044161228,-61.75784020266875,-22.546575920131254,16
HORN6,E,7,6.8,7.8,80,-86.36003612488125,-61.75784020266875,-24.602195922212495,16
HORN6,E,7,6.8,7.8,90,-86.25840534055001,-61.75784020266875,-24.50056513788126,16
HORN6,E,7,6.8,7.8,100,-85.36080701438749,-61.75784020266875,-23.602966811718737,16
HORN6,E,7,6.8,7.8,110,-91.01723904523749,-61.75784020266875,-29.259398842568736,16
HORN6,E,7,6.8,7.8,120,-79.2549249702125,-61.75784020266875,-17.497084767543747,16
HORN6,E,7,6.8,7.8,130,-84.6696486342625,-61.75784020266875,-22.911808431593748,16
HORN6,E,7,6.8,7.8,140,-77.29684032143125,-61.75784020266875,-15.539000118762495,16
HORN6,E,7,6.8,7.8,150,-76.83134563033124,-61.75784020266875,-15.07350542766249,16
HORN6,E,7,6.8,7.8,160,-88.8171574334375,-61.75784020266875,-27.059317230768748,16
HORN6,E,7,6.8,7.8,170,-83.66760408849375,-61.75784020266875,-21.909763885824994,16
HORN6,E,7,6.8,7.8,180,-84.52791419310626,-61.75784020266875,-22.770073990437503,16
HORN7,E,7,6.8,7.8,0,-62.14591837629375,-62.14591837629375,0.0,16
HORN7,E,7,6.8,7.8,10,-65.54030931445625,-62.14591837629375,-3.394390938162502,16
HORN7,E,7,6.8,7.8,20,-72.05167889134376,-62.14591837629375,-9.905760515050005,16
HORN7,E,7,6.8,7.8,30,-75.424449437475,-62.14591837629375,-13.278531061181255,16
HORN7,E,7,6.8,7.8,40,-75.84119771079375,-62.14591837629375,-13.6952793345,16
HORN7,E,7,6.8,7.8,50,-85.7752810864375,-62.14591837629375,-23.629362710143752,16
HORN7,E,7,6.8,7.8,60,-86.56283746338124,-62.14591837629375,-24.416919087087493,16
HORN7,E,7,6.8,7.8,70,-85.286317295275,-62.14591837629375,-23.140398918981248,16
HORN7,E,7,6.8,7.8,80,-84.96819936298749,-62.14591837629375,-22.82228098669374,16
HORN7,E,7,6.8,7.8,90,-87.231167394725,-62.14591837629375,-25.085249018431256,16
HORN7,E,7,6.8,7.8,100,-86.26331883585625,-62.14591837629375,-24.117400459562504,16
HORN7,E,7,6.8,7.8,110,-89.16134770261249,-62.14591837629375,-27.01542932631874,16
HORN7,E,7,6.8,7.8,120,-80.6102296725875,-62.14591837629375,-18.464311296293744,16
HORN7,E,7,6.8,7.8,130,-80.73086953883124,-62.14591837629375,-18.584951162537493,16
HORN7,E,7,6.8,7.8,140,-83.28390023509375,-62.14591837629375,-21.137981858800003,16
HORN7,E,7,6.8,7.8,150,-86.13002167279376,-62.14591837629375,-23.98410329650001,16
HORN7,E,7,6.8,7.8,160,-85.65981433766875,-62.14591837629375,-23.513895961375,16
HORN7,E,7,6.8,7.8,170,-87.1720175095875,-62.14591837629375,-25.026099133293755,16
HORN7,E,7,6.8,7.8,180,-85.41630452141875,-62.14591837629375,-23.270386145125002,16
HORN8,E,7,6.8,7.8,0,-63.92385274309375,-63.92385274309375,0.0,16
HORN8,E,7,6.8,7.8,10,-66.89361328524376,-63.92385274309375,-2.969760542150013,16
HORN8,E,7,6.8,7.8,20,-74.125983013275,-63.92385274309375,-10.202130270181257,16
HORN8,E,7,6.8,7.8,30,-77.4740781352625,-63.92385274309375,-13.550225392168755,16
HORN8,E,7,6.8,7.8,40,-78.5590005655625,-63.92385274309375,-14.635147822468753,16
HORN8,E,7,6.8,7.8,50,-85.31478882633125,-63.92385274309375,-21.390936083237506,16
HORN8,E,7,6.8,7.8,60,-84.94047147893124,-63.92385274309375,-21.016618735837497,16
HORN8,E,7,6.8,7.8,70,-86.03293665081875,-63.92385274309375,-22.109083907725008,16
HORN8,E,7,6.8,7.8,80,-87.62267351909375,-63.92385274309375,-23.698820776000005,16
HORN8,E,7,6.8,7.8,90,-85.9613960545125,-63.92385274309375,-22.03754331141876,16
HORN8,E,7,6.8,7.8,100,-85.72792677756875,-63.92385274309375,-21.804074034475008,16
HORN8,E,7,6.8,7.8,110,-89.42305558555,-63.92385274309375,-25.499202842456256,16
HORN8,E,7,6.8,7.8,120,-87.47812799529376,-63.92385274309375,-23.554275252200014,16
HORN8,E,7,6.8,7.8,130,-90.32821722836876,-63.92385274309375,-26.40436448527501,16
HORN8,E,7,6.8,7.8,140,-86.773315269425,-63.92385274309375,-22.84946252633125,16
HORN8,E,7,6.8,7.8,150,-88.36481358669374,-63.92385274309375,-24.440960843599996,16
HORN8,E,7,6.8,7.8,160,-86.697567863675,-63.92385274309375,-22.773715120581258,16
HORN8,E,7,6.8,7.8,170,-91.60467879115001,-63.92385274309375,-27.68082604805626,16
HORN8,E,7,6.8,7.8,180,-88.2039595539875,-63.92385274309375,-24.280106810893756,16
HORN1,E,8,7.8,8.8,0,-59.89515922149333,-59.89515922149333,0.0,15
HORN1,E,8,7.8,8.8,10,-64.61026470992002,-59.89515922149333,-4.715105488426687,15
HORN1,E,8,7.8,8.8,20,-72.76493969498001,-59.89515922149333,-12.869780473486685,15
HORN1,E,8,7.8,8.8,30,-75.32491332456667,-59.89515922149333,-15.429754103073336,15
HORN1,E,8,7.8,8.8,40,-80.03480217381335,-59.89515922149333,-20.139642952320017,15
HORN1,E,8,7.8,8.8,50,-80.97127489485334,-59.89515922149333,-21.076115673360007,15
HORN1,E,8,7.8,8.8,60,-81.41834057826,-59.89515922149333,-21.52318135676667,15
HORN1,E,8,7.8,8.8,70,-80.77424601754001,-59.89515922149333,-20.87908679604668,15
HORN1,E,8,7.8,8.8,80,-80.22548723278668,-59.89515922149333,-20.330328011293346,15
HORN1,E,8,7.8,8.8,90,-77.54765443934667,-59.89515922149333,-17.652495217853343,15
HORN1,E,8,7.8,8.8,100,-77.81398240604668,-59.89515922149333,-17.918823184553347,15
HORN1,E,8,7.8,8.8,110,-79.55488557469333,-59.89515922149333,-19.6597263532,15
HORN1,E,8,7.8,8.8,120,-79.38842916757334,-59.89515922149333,-19.493269946080005,15
HORN1,E,8,7.8,8.8,130,-81.87150641736667,-59.89515922149333,-21.976347195873345,15
HORN1,E,8,7.8,8.8,140,-80.12191780079334,-59.89515922149333,-20.22675857930001,15
HORN1,E,8,7.8,8.8,150,-82.25337410739333,-59.89515922149333,-22.358214885899997,15
HORN1,E,8,7.8,8.8,160,-84.36870757351333,-59.89515922149333,-24.473548352020003,15
HORN1,E,8,7.8,8.8,170,-84.79335373887334,-59.89515922149333,-24.898194517380006,15
HORN1,E,8,7.8,8.8,180,-80.50767177673333,-59.89515922149333,-20.612512555240002,15
HORN2,E,8,7.8,8.8,0,-67.38320539376667,-67.38320539376667,0.0,15
HORN2,E,8,7.8,8.8,10,-68.81919192500668,-67.38320539376667,-1.4359865312400046,15
HORN2,E,8,7.8,8.8,20,-76.31216242312,-67.38320539376667,-8.928957029353327,15
HORN2,E,8,7.8,8.8,30,-81.09865603636666,-67.38320539376667,-13.71545064259999,15
HORN2,E,8,7.8,8.8,40,-81.5827091439,-67.38320539376667,-14.199503750133331,15
HORN2,E,8,7.8,8.8,50,-85.81347507534001,-67.38320539376667,-18.430269681573336,15
HORN2,E,8,7.8,8.8,60,-84.82491710246,-67.38320539376667,-17.441711708693333,15
HORN2,E,8,7.8,8.8,70,-81.73073873701999,-67.38320539376667,-14.347533343253318,15
HORN2,E,8,7.8,8.8,80,-86.13348775813333,-67.38320539376667,-18.750282364366655,15
HORN2,E,8,7.8,8.8,90,-86.15124986717335,-67.38320539376667,-18.768044473406675,15
HORN2,E,8,7.8,8.8,100,-79.72067867956001,-67.38320539376667,-12.337473285793337,15
HORN2,E,8,7.8,8.8,110,-78.12026054563333,-67.38320539376667,-10.737055151866656,15
HORN2,E,8,7.8,8.8,120,-80.45172426620002,-67.38320539376667,-13.068518872433344,15
HORN2,E,8,7.8,8.8,130,-77.93670477281333,-67.38320539376667,-10.553499379046656,15
HORN2,E,8,7.8,8.8,140,-79.99973182294666,-67.38320539376667,-12.616526429179984,15
HORN2,E,8,7.8,8.8,150,-82.16810773970666,-67.38320539376667,-14.784902345939983,15
HORN2,E,8,7.8,8.8,160,-81.34573279106665,-67.38320539376667,-13.96252739729998,15
HORN2,E,8,7.8,8.8,170,-82.6801252122,-67.38320539376667,-15.296919818433324,15
HORN2,E,8,7.8,8.8,180,-84.13264041394665,-67.38320539376667,-16.749435020179973,15
HORN3,E,8,7.8,8.8,0,-65.02704993922,-65.02704993922,0.0,15
HORN3,E,8,7.8,8.8,10,-67.88050846555333,-65.02704993922,-2.853458526333327,15
HORN3,E,8,7.8,8.8,20,-74.79767043272,-65.02704993922,-9.77062049349999,15
HORN3,E,8,7.8,8.8,30,-78.65724859126665,-65.02704993922,-13.630198652046644,15
HORN3,E,8,7.8,8.8,40,-82.26333979351999,-65.02704993922,-17.236289854299983,15
HORN3,E,8,7.8,8.8,50,-87.51525326129334,-65.02704993922,-22.488203322073332,15
HORN3,E,8,7.8,8.8,60,-84.19486436948668,-65.02704993922,-19.167814430266674,15
HORN3,E,8,7.8,8.8,70,-84.25666224182667,-65.02704993922,-19.229612302606668,15
HORN3,E,8,7.8,8.8,80,-84.79522577943334,-65.02704993922,-19.76817584021333,15
HORN3,E,8,7.8,8.8,90,-86.68095625540667,-65.02704993922,-21.653906316186664,15
HORN3,E,8,7.8,8.8,100,-86.43535789307998,-65.02704993922,-21.408307953859975,15
HORN3,E,8,7.8,8.8,110,-88.75106317432,-65.02704993922,-23.72401323509999,15
HORN3,E,8,7.8,8.8,120,-86.73073242566666,-65.02704993922,-21.703682486446652,15
HORN3,E,8,7.8,8.8,130,-89.7561883707,-65.02704993922,-24.729138431479996,15
HORN3,E,8,7.8,8.8,140,-85.99604564570667,-65.02704993922,-20.968995706486666,15
HORN3,E,8,7.8,8.8,150,-88.31776388413333,-65.02704993922,-23.29071394491332,15
HORN3,E,8,7.8,8.8,160,-88.36554543117998,-65.02704993922,-23.338495491959975,15
HORN3,E,8,7.8,8.8,170,-89.16561744198,-65.02704993922,-24.138567502759997,15
HORN3,E,8,7.8,8.8,180,-87.99066115757334,-65.02704993922,-22.963611218353336,15
HORN4,E,8,7.8,8.8,0,-67.72760966924666,-67.72760966924666,0.0,15
HORN4,E,8,7.8,8.8,10,-69.68286722786667,-67.72760966924666,-1.955257558620005,15
HORN4,E,8,7.8,8.8,20,-75.98363607886667,-67.72760966924666,-8.256026409620006,15
HORN4,E,8,7.8,8.8,30,-81.22322517667334,-67.72760966924666,-13.495615507426677,15
HORN4,E,8,7.8,8.8,40,-82.86156184192666,-67.72760966924666,-15.133952172679997,15
HORN4,E,8,7.8,8.8,50,-88.83214088668667,-67.72760966924666,-21.104531217440012,15
HORN4,E,8,7.8,8.8,60,-86.57883515175332,-67.72760966924666,-18.851225482506663,15
HORN4,E,8,7.8,8.8,70,-85.57183965905999,-67.72760966924666,-17.84422998981333,15
HORN4,E,8,7.8,8.8,80,-87.05620365997999,-67.72760966924666,-19.328593990733324,15
HORN4,E,8,7.8,8.8,90,-88.51861910330669,-67.72760966924666,-20.79100943406003,15
HORN4,E,8,7.8,8.8,100,-86.81743581095334,-67.72760966924666,-19.08982614170668,15
HORN4,E,8,7.8,8.8,110,-89.03409589816668,-67.72760966924666,-21.306486228920022,15
HORN4,E,8,7.8,8.8,120,-86.33085039699331,-67.72760966924666,-18.603240727746652,15
HORN4,E,8,7.8,8.8,130,-85.50684755302665,-67.72760966924666,-17.779237883779984,15
HORN4,E,8,7.8,8.8,140,-85.31394914703333,-67.72760966924666,-17.586339477786666,15
HORN4,E,8,7.8,8.8,150,-88.57925589379334,-67.72760966924666,-20.851646224546684,15
HORN4,E,8,7.8,8.8,160,-89.74867471526666,-67.72760966924666,-22.02106504602,15
HORN4,E,8,7.8,8.8,170,-89.49378951888667,-67.72760966924666,-21.76617984964001,15
HORN4,E,8,7.8,8.8,180,-89.51874922798,-67.72760966924666,-21.791139558733335,15
HORN5,E,8,7.8,8.8,0,-67.09557316377999,-67.09557316377999,0.0,15
HORN5,E,8,7.8,8.8,10,-69.99145868459333,-67.09557316377999,-2.895885520813337,15
HORN5,E,8,7.8,8.8,20,-75.78688276240001,-67.09557316377999,-8.691309598620023,15
HORN5,E,8,7.8,8.8,30,-80.83833989590669,-67.09557316377999,-13.742766732126697,15
HORN5,E,8,7.8,8.8,40,-85.47160804709333,-67.09557316377999,-18.376034883313338,15
HORN5,E,8,7.8,8.8,50,-88.35273546469334,-67.09557316377999,-21.25716230091335,15
HORN5,E,8,7.8,8.8,60,-88.26294121969335,-67.09557316377999,-21.167368055913357,15
HORN5,E,8,7.8,8.8,70,-89.12576380075333,-67.09557316377999,-22.030190636973344,15
HORN5,E,8,7.8,8.8,80,-86.99126978864665,-67.09557316377999,-19.89569662486666,15
HORN5,E,8,7.8,8.8,90,-87.68633322625332,-67.09557316377999,-20.590760062473336,15
HORN5,E,8,7.8,8.8,100,-84.45560752112667,-67.09557316377999,-17.360034357346677,15
HORN5,E,8,7.8,8.8,110,-83.74713930134,-67.09557316377999,-16.65156613756001,15
HORN5,E,8,7.8,8.8,120,-85.1763547589,-67.09557316377999,-18.080781595120015,15
HORN5,E,8,7.8,8.8,130,-87.96300880808667,-67.09557316377999,-20.86743564430668,15
HORN5,E,8,7.8,8.8,140,-87.02344831287999,-67.09557316377999,-19.927875149100004,15
HORN5,E,8,7.8,8.8,150,-88.15764902273332,-67.09557316377999,-21.062075858953335,15
HORN5,E,8,7.8,8.8,160,-89.08015313459332,-67.09557316377999,-21.98457997081333,15
HORN5,E,8,7.8,8.8,170,-89.97041951011998,-67.09557316377999,-22.874846346339993,15
HORN5,E,8,7.8,8.8,180,-90.65381094115334,-67.09557316377999,-23.55823777737335,15
HORN6,E,8,7.8,8.8,0,-70.29525214894001,-70.29525214894001,0.0,15
HORN6,E,8,7.8,8.8,10,-73.23056365023334,-70.29525214894001,-2.9353115012933273,15
HORN6,E,8,7.8,8.8,20,-79.63835919884669,-70.29525214894001,-9.343107049906678,15
HORN6,E,8,7.8,8.8,30,-83.26621566122667,-70.29525214894001,-12.970963512286659,15
HORN6,E,8,7.8,8.8,40,-85.36342850101332,-70.29525214894001,-15.068176352073309,15
HORN6,E,8,7.8,8.8,50,-89.21502355801331,-70.29525214894001,-18.919771409073306,15
HORN6,E,8,7.8,8.8,60,-88.18178142803335,-70.29525214894001,-17.886529279093338,15
HORN6,E,8,7.8,8.8,70,-90.26310801428666,-70.29525214894001,-19.96785586534665,15
HORN6,E,8,7.8,8.8,80,-86.36230933794666,-70.29525214894001,-16.067057189006647,15
HORN6,E,8,7.8,8.8,90,-89.22528953984002,-70.29525214894001,-18.93003739090001,15
HORN6,E,8,7.8,8.8,100,-89.09027512303332,-70.29525214894001,-18.795022974093314,15
HORN6,E,8,7.8,8.8,110,-84.48571431641334,-70.29525214894001,-14.190462167473328,15
HORN6,E,8,7.8,8.8,120,-86.37517304950002,-70.29525214894001,-16.079920900560012,15
HORN6,E,8,7.8,8.8,130,-84.13877521544,-70.29525214894001,-13.843523066499998,15
HORN6,E,8,7.8,8.8,140,-81.35083892850665,-70.29525214894001,-11.055586779566639,15
HORN6,E,8,7.8,8.8,150,-84.72869359373999,-70.29525214894001,-14.433441444799982,15
HORN6,E,8,7.8,8.8,160,-89.70682439846668,-70.29525214894001,-19.41157224952667,15
HORN6,E,8,7.8,8.8,170,-88.43057248409998,-70.29525214894001,-18.135320335159975,15
HORN6,E,8,7.8,8.8,180,-89.88072348594,-70.29525214894001,-19.585471336999987,15
HORN7,E,8,7.8,8.8,0,-69.72938284663334,-69.72938284663334,0.0,15
HORN7,E,8,7.8,8.8,10,-72.56734719234666,-69.72938284663334,-2.837964345713317,15
HORN7,E,8,7.8,8.8,20,-78.26502032034665,-69.72938284663334,-8.535637473713308,15
HORN7,E,8,7.8,8.8,30,-81.21454693387335,-69.72938284663334,-11.485164087240008,15
HORN7,E,8,7.8,8.8,40,-84.21194956690667,-69.72938284663334,-14.482566720273326,15
HORN7,E,8,7.8,8.8,50,-87.17017884854666,-69.72938284663334,-17.440796001913313,15
HORN7,E,8,7.8,8.8,60,-87.38309857088666,-69.72938284663334,-17.653715724253317,15
HORN7,E,8,7.8,8.8,70,-85.90024007888665,-69.72938284663334,-16.17085723225331,15
HORN7,E,8,7.8,8.8,80,-84.75790166483333,-69.72938284663334,-15.028518818199984,15
HORN7,E,8,7.8,8.8,90,-89.41649704704668,-69.72938284663334,-19.687114200413333,15
HORN7,E,8,7.8,8.8,100,-85.76737732354667,-69.72938284663334,-16.037994476913326,15
HORN7,E,8,7.8,8.8,110,-86.87299198837333,-69.72938284663334,-17.143609141739987,15
HORN7,E,8,7.8,8.8,120,-83.66585270672,-69.72938284663334,-13.93646986008666,15
HORN7,E,8,7.8,8.8,130,-84.52735232548,-69.72938284663334,-14.797969478846653,15
HORN7,E,8,7.8,8.8,140,-87.23392623936,-69.72938284663334,-17.50454339272666,15
HORN7,E,8,7.8,8.8,150,-89.5554550397,-69.72938284663334,-19.826072193066665,15
HORN7,E,8,7.8,8.8,160,-88.45823944610001,-69.72938284663334,-18.728856599466667,15
HORN7,E,8,7.8,8.8,170,-87.50107153143999,-69.72938284663334,-17.771688684806648,15
HORN7,E,8,7.8,8.8,180,-86.68415664196667,-69.72938284663334,-16.954773795333324,15
HORN8,E,8,7.8,8.8,0,-72.27054941822,-72.27054941822,0.0,15
HORN8,E,8,7.8,8.8,10,-76.25813048986669,-72.27054941822,-3.9875810716466873,15
HORN8,E,8,7.8,8.8,20,-82.0954739321,-72.27054941822,-9.824924513880006,15
HORN8,E,8,7.8,8.8,30,-83.96159855338001,-72.27054941822,-11.691049135160014,15
HORN8,E,8,7.8,8.8,40,-86.81816481485998,-72.27054941822,-14.547615396639983,15
HORN8,E,8,7.8,8.8,50,-89.36018098806667,-72.27054941822,-17.089631569846674,15
HORN8,E,8,7.8,8.8,60,-87.60469737618665,-72.27054941822,-15.33414795796665,15
HORN8,E,8,7.8,8.8,70,-85.89163582052666,-72.27054941822,-13.62108640230666,15
HORN8,E,8,7.8,8.8,80,-87.04018026293332,-72.27054941822,-14.769630844713319,15
HORN8,E,8,7.8,8.8,90,-88.02632893088666,-72.27054941822,-15.755779512666663,15
HORN8,E,8,7.8,8.8,100,-86.60825035891331,-72.27054941822,-14.33770094069331,15
HORN8,E,8,7.8,8.8,110,-88.52745036281334,-72.27054941822,-16.25690094459334,15
HORN8,E,8,7.8,8.8,120,-88.51655088450669,-72.27054941822,-16.246001466286685,15
HORN8,E,8,7.8,8.8,130,-87.45182344622665,-72.27054941822,-15.181274028006655,15
HORN8,E,8,7.8,8.8,140,-89.99448429877333,-72.27054941822,-17.72393488055333,15
HORN8,E,8,7.8,8.8,150,-91.75922476983997,-72.27054941822,-19.488675351619975,15
HORN8,E,8,7.8,8.8,160,-92.16470196035999,-72.27054941822,-19.89415254213999,15
HORN8,E,8,7.8,8.8,170,-91.08959464826002,-72.27054941822,-18.819045230040018,15
HORN8,E,8,7.8,8.8,180,-91.11478286778667,-72.27054941822,-18.844233449566673,15
HORN1,E,9,8.8,9.8,0,-61.169886957973326,-61.169886957973326,0.0,15
HORN1,E,9,8.8,9.8,10,-67.00447529132666,-61.169886957973326,-5.834588333353331,15
HORN1,E,9,8.8,9.8,20,-74.19621601688667,-61.169886957973326,-13.02632905891334,15
HORN1,E,9,8.8,9.8,30,-80.12857967960667,-61.169886957973326,-18.958692721633348,15
HORN1,E,9,8.8,9.8,40,-80.85995188211334,-61.169886957973326,-19.69006492414001,15
HORN1,E,9,8.8,9.8,50,-82.71417551123335,-61.169886957973326,-21.544288553260024,15
HORN1,E,9,8.8,9.8,60,-82.88703889386666,-61.169886957973326,-21.717151935893334,15
HORN1,E,9,8.8,9.8,70,-81.46931890724001,-61.169886957973326,-20.299431949266683,15
HORN1,E,9,8.8,9.8,80,-80.59270269823999,-61.169886957973326,-19.422815740266664,15
HORN1,E,9,8.8,9.8,90,-80.27429997337332,-61.169886957973326,-19.10441301539999,15
HORN1,E,9,8.8,9.8,100,-80.36675169986667,-61.169886957973326,-19.196864741893343,15
HORN1,E,9,8.8,9.8,110,-79.22564731256666,-61.169886957973326,-18.05576035459334,15
HORN1,E,9,8.8,9.8,120,-81.61508199106667,-61.169886957973326,-20.44519503309335,15
HORN1,E,9,8.8,9.8,130,-80.44942458548,-61.169886957973326,-19.279537627506677,15
HORN1,E,9,8.8,9.8,140,-80.3532441944,-61.169886957973326,-19.18335723642668,15
HORN1,E,9,8.8,9.8,150,-82.54323691505998,-61.169886957973326,-21.373349957086653,15
HORN1,E,9,8.8,9.8,160,-82.08736815855333,-61.169886957973326,-20.917481200580006,15
HORN1,E,9,8.8,9.8,170,-84.21969933582665,-61.169886957973326,-23.04981237785332,15
HORN1,E,9,8.8,9.8,180,-80.94217593874002,-61.169886957973326,-19.772288980766696,15
HORN2,E,9,8.8,9.8,0,-68.09639792820666,-68.09639792820666,0.0,15
HORN2,E,9,8.8,9.8,10,-72.89025253178667,-68.09639792820666,-4.793854603580016,15
HORN2,E,9,8.8,9.8,20,-76.49976906713333,-68.09639792820666,-8.403371138926673,15
HORN2,E,9,8.8,9.8,30,-83.58097882377334,-68.09639792820666,-15.48458089556668,15
HORN2,E,9,8.8,9.8,40,-84.08154263293333,-68.09639792820666,-15.985144704726679,15
HORN2,E,9,8.8,9.8,50,-85.74019585226002,-68.09639792820666,-17.64379792405336,15
HORN2,E,9,8.8,9.8,60,-87.21719243799332,-68.09639792820666,-19.120794509786663,15
HORN2,E,9,8.8,9.8,70,-81.49387021273999,-68.09639792820666,-13.397472284533336,15
HORN2,E,9,8.8,9.8,80,-84.66355226938,-68.09639792820666,-16.56715434117335,15
HORN2,E,9,8.8,9.8,90,-81.93481502584665,-68.09639792820666,-13.83841709763999,15
HORN2,E,9,8.8,9.8,100,-80.23239106538,-68.09639792820666,-12.135993137173344,15
HORN2,E,9,8.8,9.8,110,-78.29615643708667,-68.09639792820666,-10.19975850888001,15
HORN2,E,9,8.8,9.8,120,-79.8106100285867,-68.09639792820666,-11.714212100380038,15
HORN2,E,9,8.8,9.8,130,-86.14223946372667,-68.09639792820666,-18.04584153552001,15
HORN2,E,9,8.8,9.8,140,-84.90613580974,-68.09639792820666,-16.809737881533337,15
HORN2,E,9,8.8,9.8,150,-80.13249912029333,-68.09639792820666,-12.036101192086676,15
HORN2,E,9,8.8,9.8,160,-84.5964304038,-68.09639792820666,-16.500032475593343,15
HORN2,E,9,8.8,9.8,170,-81.82137797120666,-68.09639792820666,-13.724980043000002,15
HORN2,E,9,8.8,9.8,180,-81.27764863710667,-68.09639792820666,-13.18125070890001,15
HORN3,E,9,8.8,9.8,0,-65.49311521594667,-65.49311521594667,0.0,15
HORN3,E,9,8.8,9.8,10,-69.50439881583333,-65.49311521594667,-4.011283599886653,15
HORN3,E,9,8.8,9.8,20,-75.94480784548666,-65.49311521594667,-10.451692629539991,15
HORN3,E,9,8.8,9.8,30,-82.74124430471333,-65.49311521594667,-17.24812908876666,15
HORN3,E,9,8.8,9.8,40,-85.86796929170002,-65.49311521594667,-20.374854075753348,15
HORN3,E,9,8.8,9.8,50,-85.65603818266,-65.49311521594667,-20.162922966713325,15
HORN3,E,9,8.8,9.8,60,-89.20986010947335,-65.49311521594667,-23.71674489352668,15
HORN3,E,9,8.8,9.8,70,-85.61959872712,-65.49311521594667,-20.126483511173333,15
HORN3,E,9,8.8,9.8,80,-85.03527338426001,-65.49311521594667,-19.542158168313335,15
HORN3,E,9,8.8,9.8,90,-86.0102568295,-65.49311521594667,-20.51714161355332,15
HORN3,E,9,8.8,9.8,100,-86.81893923447335,-65.49311521594667,-21.325824018526674,15
HORN3,E,9,8.8,9.8,110,-84.60292323538667,-65.49311521594667,-19.109808019439996,15
HORN3,E,9,8.8,9.8,120,-86.80655069373333,-65.49311521594667,-21.313435477786655,15
HORN3,E,9,8.8,9.8,130,-83.77901368116666,-65.49311521594667,-18.285898465219987,15
HORN3,E,9,8.8,9.8,140,-86.89501739207334,-65.49311521594667,-21.40190217612667,15
HORN3,E,9,8.8,9.8,150,-85.79948493200001,-65.49311521594667,-20.30636971605334,15
HORN3,E,9,8.8,9.8,160,-88.51450669432666,-65.49311521594667,-23.021391478379982,15
HORN3,E,9,8.8,9.8,170,-86.82832587437333,-65.49311521594667,-21.33521065842666,15
HORN3,E,9,8.8,9.8,180,-86.35964688310666,-65.49311521594667,-20.86653166715999,15
HORN4,E,9,8.8,9.8,0,-68.25333050868666,-68.25333050868666,0.0,15
HORN4,E,9,8.8,9.8,10,-72.09568004285333,-68.25333050868666,-3.8423495341666722,15
HORN4,E,9,8.8,9.8,20,-77.31437996713335,-68.25333050868666,-9.06104945844669,15
HORN4,E,9,8.8,9.8,30,-85.92507221620667,-68.25333050868666,-17.671741707520013,15
HORN4,E,9,8.8,9.8,40,-88.54729388292665,-68.25333050868666,-20.293963374239993,15
HORN4,E,9,8.8,9.8,50,-86.92447765083999,-68.25333050868666,-18.67114714215333,15
HORN4,E,9,8.8,9.8,60,-91.22318192218,-68.25333050868666,-22.969851413493345,15
HORN4,E,9,8.8,9.8,70,-87.61235612778,-68.25333050868666,-19.359025619093345,15
HORN4,E,9,8.8,9.8,80,-85.32111268797331,-68.25333050868666,-17.067782179286652,15
HORN4,E,9,8.8,9.8,90,-86.82337468299998,-68.25333050868666,-18.570044174313324,15
HORN4,E,9,8.8,9.8,100,-85.93773690906,-68.25333050868666,-17.684406400373348,15
HORN4,E,9,8.8,9.8,110,-85.61184790893334,-68.25333050868666,-17.358517400246683,15
HORN4,E,9,8.8,9.8,120,-87.27032776109998,-68.25333050868666,-19.01699725241332,15
HORN4,E,9,8.8,9.8,130,-83.08705022754002,-68.25333050868666,-14.83371971885336,15
HORN4,E,9,8.8,9.8,140,-85.27438880690667,-68.25333050868666,-17.021058298220012,15
HORN4,E,9,8.8,9.8,150,-86.69529033396,-68.25333050868666,-18.441959825273344,15
HORN4,E,9,8.8,9.8,160,-91.31287648105332,-68.25333050868666,-23.059545972366664,15
HORN4,E,9,8.8,9.8,170,-91.13747670000664,-68.25333050868666,-22.884146191319985,15
HORN4,E,9,8.8,9.8,180,-87.94167532976667,-68.25333050868666,-19.68834482108001,15
HORN5,E,9,8.8,9.8,0,-67.96724439585999,-67.96724439585999,0.0,15
HORN5,E,9,8.8,9.8,10,-71.80969161987333,-67.96724439585999,-3.842447224013341,15
HORN5,E,9,8.8,9.8,20,-77.30743060185998,-67.96724439585999,-9.340186205999984,15
HORN5,E,9,8.8,9.8,30,-85.86151989013334,-67.96724439585999,-17.894275494273344,15
HORN5,E,9,8.8,9.8,40,-89.24060130844,-67.96724439585999,-21.273356912580013,15
HORN5,E,9,8.8,9.8,50,-89.42948916562,-67.96724439585999,-21.462244769760005,15
HORN5,E,9,8.8,9.8,60,-92.3962167007,-67.96724439585999,-24.428972304840002,15
HORN5,E,9,8.8,9.8,70,-89.13569699502666,-67.96724439585999,-21.16845259916667,15
HORN5,E,9,8.8,9.8,80,-85.36090311902666,-67.96724439585999,-17.393658723166666,15
HORN5,E,9,8.8,9.8,90,-87.86226664301999,-67.96724439585999,-19.89502224716,15
HORN5,E,9,8.8,9.8,100,-82.87528959750001,-67.96724439585999,-14.908045201640022,15
HORN5,E,9,8.8,9.8,110,-84.09787788515999,-67.96724439585999,-16.130633489299996,15
HORN5,E,9,8.8,9.8,120,-86.08753873053335,-67.96724439585999,-18.12029433467336,15
HORN5,E,9,8.8,9.8,130,-86.76374536451334,-67.96724439585999,-18.796500968653348,15
HORN5,E,9,8.8,9.8,140,-87.81737373862,-67.96724439585999,-19.850129342760013,15
HORN5,E,9,8.8,9.8,150,-91.75292950817999,-67.96724439585999,-23.785685112319996,15
HORN5,E,9,8.8,9.8,160,-90.51154229795334,-67.96724439585999,-22.544297902093348,15
HORN5,E,9,8.8,9.8,170,-90.45510355821332,-67.96724439585999,-22.48785916235333,15
HORN5,E,9,8.8,9.8,180,-89.95821148419331,-67.96724439585999,-21.99096708833332,15
HORN6,E,9,8.8,9.8,0,-72.27991569600665,-72.27991569600665,0.0,15
HORN6,E,9,8.8,9.8,10,-77.04171105207999,-72.27991569600665,-4.7617953560733355,15
HORN6,E,9,8.8,9.8,20,-81.37676350465334,-72.27991569600665,-9.096847808646686,15
HORN6,E,9,8.8,9.8,30,-89.13176610687333,-72.27991569600665,-16.851850410866675,15
HORN6,E,9,8.8,9.8,40,-88.74953754898664,-72.27991569600665,-16.469621852979984,15
HORN6,E,9,8.8,9.8,50,-87.35688819400666,-72.27991569600665,-15.076972498000003,15
HORN6,E,9,8.8,9.8,60,-89.30158268782667,-72.27991569600665,-17.021666991820013,15
HORN6,E,9,8.8,9.8,70,-88.76233595786668,-72.27991569600665,-16.482420261860028,15
HORN6,E,9,8.8,9.8,80,-88.97099383732001,-72.27991569600665,-16.691078141313355,15
HORN6,E,9,8.8,9.8,90,-87.62549536029331,-72.27991569600665,-15.34557966428666,15
HORN6,E,9,8.8,9.8,100,-83.66149482358,-72.27991569600665,-11.381579127573346,15
HORN6,E,9,8.8,9.8,110,-82.28272683964666,-72.27991569600665,-10.002811143640002,15
HORN6,E,9,8.8,9.8,120,-86.85974657239335,-72.27991569600665,-14.579830876386694,15
HORN6,E,9,8.8,9.8,130,-84.6013850617,-72.27991569600665,-12.321469365693346,15
HORN6,E,9,8.8,9.8,140,-86.65543046045333,-72.27991569600665,-14.375514764446677,15
HORN6,E,9,8.8,9.8,150,-89.99718758847332,-72.27991569600665,-17.71727189246667,15
HORN6,E,9,8.8,9.8,160,-86.80258702060665,-72.27991569600665,-14.522671324599997,15
HORN6,E,9,8.8,9.8,170,-90.42873191348002,-72.27991569600665,-18.148816217473367,15
HORN6,E,9,8.8,9.8,180,-89.61082846518666,-72.27991569600665,-17.330912769180003,15
HORN7,E,9,8.8,9.8,0,-71.55356638833332,-71.55356638833332,0.0,15
HORN7,E,9,8.8,9.8,10,-75.38379504271333,-71.55356638833332,-3.830228654380008,15
HORN7,E,9,8.8,9.8,20,-81.36993620329332,-71.55356638833332,-9.816369814959998,15
HORN7,E,9,8.8,9.8,30,-86.56320399746666,-71.55356638833332,-15.009637609133335,15
HORN7,E,9,8.8,9.8,40,-87.63358210950001,-71.55356638833332,-16.08001572116669,15
HORN7,E,9,8.8,9.8,50,-87.41280292372667,-71.55356638833332,-15.85923653539335,15
HORN7,E,9,8.8,9.8,60,-87.01662712556667,-71.55356638833332,-15.463060737233349,15
HORN7,E,9,8.8,9.8,70,-84.57204744939331,-71.55356638833332,-13.018481061059987,15
HORN7,E,9,8.8,9.8,80,-85.53847796391334,-71.55356638833332,-13.984911575580014,15
HORN7,E,9,8.8,9.8,90,-83.88510885362001,-71.55356638833332,-12.331542465286688,15
HORN7,E,9,8.8,9.8,100,-85.84992165396667,-71.55356638833332,-14.296355265633352,15
HORN7,E,9,8.8,9.8,110,-88.43179666277334,-71.55356638833332,-16.878230274440014,15
HORN7,E,9,8.8,9.8,120,-87.15365683908666,-71.55356638833332,-15.600090450753342,15
HORN7,E,9,8.8,9.8,130,-81.56371241812666,-71.55356638833332,-10.010146029793333,15
HORN7,E,9,8.8,9.8,140,-87.91257804393334,-71.55356638833332,-16.359011655600014,15
HORN7,E,9,8.8,9.8,150,-89.38835086407335,-71.55356638833332,-17.834784475740022,15
HORN7,E,9,8.8,9.8,160,-87.93609810627336,-71.55356638833332,-16.38253171794004,15
HORN7,E,9,8.8,9.8,170,-86.89778152621332,-71.55356638833332,-15.34421513788,15
HORN7,E,9,8.8,9.8,180,-89.13984937169334,-71.55356638833332,-17.58628298336002,15
HORN8,E,9,8.8,9.8,0,-74.34364628851334,-74.34364628851334,0.0,15
HORN8,E,9,8.8,9.8,10,-79.49877412662002,-74.34364628851334,-5.155127838106679,15
HORN8,E,9,8.8,9.8,20,-85.11304036319333,-74.34364628851334,-10.769394074679994,15
HORN8,E,9,8.8,9.8,30,-88.90666703614,-74.34364628851334,-14.563020747626666,15
HORN8,E,9,8.8,9.8,40,-92.71254629874001,-74.34364628851334,-18.368900010226668,15
HORN8,E,9,8.8,9.8,50,-91.96051312612668,-74.34364628851334,-17.616866837613344,15
HORN8,E,9,8.8,9.8,60,-88.96141135449332,-74.34364628851334,-14.617765065979981,15
HORN8,E,9,8.8,9.8,70,-90.38351892986,-74.34364628851334,-16.039872641346662,15
HORN8,E,9,8.8,9.8,80,-89.9376567042,-74.34364628851334,-15.594010415686654,15
HORN8,E,9,8.8,9.8,90,-88.13953156770667,-74.34364628851334,-13.795885279193328,15
HORN8,E,9,8.8,9.8,100,-88.56557066664,-74.34364628851334,-14.221924378126658,15
HORN8,E,9,8.8,9.8,110,-89.77100654138667,-74.34364628851334,-15.427360252873328,15
HORN8,E,9,8.8,9.8,120,-88.86036325827332,-74.34364628851334,-14.516716969759983,15
HORN8,E,9,8.8,9.8,130,-87.70140727527333,-74.34364628851334,-13.357760986759985,15
HORN8,E,9,8.8,9.8,140,-88.37501259518666,-74.34364628851334,-14.03136630667332,15
HORN8,E,9,8.8,9.8,150,-91.62629394452667,-74.34364628851334,-17.282647656013324,15
HORN8,E,9,8.8,9.8,160,-92.11239820619333,-74.34364628851334,-17.768751917679992,15
HORN8,E,9,8.8,9.8,170,-91.44677407917999,-74.34364628851334,-17.103127790666647,15
HORN8,E,9,8.8,9.8,180,-90.29233546917999,-74.34364628851334,-15.948689180666648,15
HORN1,E,10,9.8,10.8,0,-56.409751203875,-56.409751203875,0.0,16
HORN1,E,10,9.8,10.8,10,-61.971006860174995,-56.409751203875,-5.561255656299998,16
HORN1,E,10,9.8,10.8,20,-66.49016329150001,-56.409751203875,-10.080412087625014,16
HORN1,E,10,9.8,10.8,30,-74.2780061970625,-56.409751203875,-17.8682549931875,16
HORN1,E,10,9.8,10.8,40,-77.20228623636875,-56.409751203875,-20.792535032493753,16
HORN1,E,10,9.8,10.8,50,-78.44031455456876,-56.409751203875,-22.03056335069376,16
HORN1,E,10,9.8,10.8,60,-78.87075911104375,-56.409751203875,-22.461007907168757,16
HORN1,E,10,9.8,10.8,70,-76.7261129315125,-56.409751203875,-20.316361727637506,16
HORN1,E,10,9.8,10.8,80,-75.632473178825,-56.409751203875,-19.222721974949998,16
HORN1,E,10,9.8,10.8,90,-79.26899878179375,-56.409751203875,-22.859247577918758,16
HORN1,E,10,9.8,10.8,100,-80.94383313157499,-56.409751203875,-24.534081927699994,16
HORN1,E,10,9.8,10.8,110,-78.1577577873125,-56.409751203875,-21.74800658343751,16
HORN1,E,10,9.8,10.8,120,-77.8562756677625,-56.409751203875,-21.446524463887506,16
HORN1,E,10,9.8,10.8,130,-80.22902656674376,-56.409751203875,-23.81927536286876,16
HORN1,E,10,9.8,10.8,140,-77.90683331586875,-56.409751203875,-21.497082111993755,16
HORN1,E,10,9.8,10.8,150,-77.40432972073124,-56.409751203875,-20.994578516856244,16
HORN1,E,10,9.8,10.8,160,-81.94053039174375,-56.409751203875,-25.530779187868752,16
HORN1,E,10,9.8,10.8,170,-83.29307571320001,-56.409751203875,-26.883324509325014,16
HORN1,E,10,9.8,10.8,180,-79.66085048160001,-56.409751203875,-23.25109927772501,16
HORN2,E,10,9.8,10.8,0,-63.597321537599996,-63.597321537599996,0.0,16
HORN2,E,10,9.8,10.8,10,-67.513836146475,-63.597321537599996,-3.916514608875005,16
HORN2,E,10,9.8,10.8,20,-72.43566271105624,-63.597321537599996,-8.838341173456243,16
HORN2,E,10,9.8,10.8,30,-79.6954964705375,-63.597321537599996,-16.09817493293751,16
HORN2,E,10,9.8,10.8,40,-80.90187361133749,-63.597321537599996,-17.304552073737497,16
HORN2,E,10,9.8,10.8,50,-85.40045205404999,-63.597321537599996,-21.803130516449997,16
HORN2,E,10,9.8,10.8,60,-86.41835378073125,-63.597321537599996,-22.821032243131256,16
HORN2,E,10,9.8,10.8,70,-83.5095804272,-63.597321537599996,-19.91225888960001,16
HORN2,E,10,9.8,10.8,80,-84.279997071775,-63.597321537599996,-20.682675534175004,16
HORN2,E,10,9.8,10.8,90,-81.9457479546875,-63.597321537599996,-18.34842641708751,16
HORN2,E,10,9.8,10.8,100,-80.106403778725,-63.597321537599996,-16.509082241125,16
HORN2,E,10,9.8,10.8,110,-83.26589661010625,-63.597321537599996,-19.668575072506258,16
HORN2,E,10,9.8,10.8,120,-80.16973761739375,-63.597321537599996,-16.572416079793754,16
HORN2,E,10,9.8,10.8,130,-83.00186473015,-63.597321537599996,-19.40454319255001,16
HORN2,E,10,9.8,10.8,140,-83.45674078425,-63.597321537599996,-19.859419246650006,16
HORN2,E,10,9.8,10.8,150,-82.663500812175,-63.597321537599996,-19.066179274575006,16
HORN2,E,10,9.8,10.8,160,-81.94097331919374,-63.597321537599996,-18.34365178159375,16
HORN2,E,10,9.8,10.8,170,-84.84014968795626,-63.597321537599996,-21.24282815035626,16
HORN2,E,10,9.8,10.8,180,-83.671118413425,-63.597321537599996,-20.07379687582501,16
HORN3,E,10,9.8,10.8,0,-61.975390573843754,-61.975390573843754,0.0,16
HORN3,E,10,9.8,10.8,10,-66.38466663610626,-61.975390573843754,-4.4092760622625065,16
HORN3,E,10,9.8,10.8,20,-70.9333121790375,-61.975390573843754,-8.957921605193746,16
HORN3,E,10,9.8,10.8,30,-76.63134325691875,-61.975390573843754,-14.655952683075,16
HORN3,E,10,9.8,10.8,40,-82.385660536675,-61.975390573843754,-20.41026996283125,16
HORN3,E,10,9.8,10.8,50,-83.7426889698625,-61.975390573843754,-21.767298396018745,16
HORN3,E,10,9.8,10.8,60,-87.02480809920625,-61.975390573843754,-25.0494175253625,16
HORN3,E,10,9.8,10.8,70,-84.7727383779,-61.975390573843754,-22.797347804056244,16
HORN3,E,10,9.8,10.8,80,-87.06758946971874,-61.975390573843754,-25.092198895874986,16
HORN3,E,10,9.8,10.8,90,-86.17965657386875,-61.975390573843754,-24.204266000025,16
HORN3,E,10,9.8,10.8,100,-86.571044699575,-61.975390573843754,-24.595654125731244,16
HORN3,E,10,9.8,10.8,110,-86.485361244525,-61.975390573843754,-24.50997067068124,16
HORN3,E,10,9.8,10.8,120,-84.7177531029,-61.975390573843754,-22.74236252905625,16
HORN3,E,10,9.8,10.8,130,-84.34593896236875,-61.975390573843754,-22.370548388524995,16
HORN3,E,10,9.8,10.8,140,-84.8232335141125,-61.975390573843754,-22.847842940268748,16
HORN3,E,10,9.8,10.8,150,-84.82216574410626,-61.975390573843754,-22.846775170262504,16
HORN3,E,10,9.8,10.8,160,-87.52717067806876,-61.975390573843754,-25.551780104225003,16
HORN3,E,10,9.8,10.8,170,-89.2156268579875,-61.975390573843754,-27.240236284143748,16
HORN3,E,10,9.8,10.8,180,-84.37724441760625,-61.975390573843754,-22.401853843762495,16
HORN4,E,10,9.8,10.8,0,-64.33617766841874,-64.33617766841874,0.0,16
HORN4,E,10,9.8,10.8,10,-67.82247271946875,-64.33617766841874,-3.486295051050007,16
HORN4,E,10,9.8,10.8,20,-73.0957440229875,-64.33617766841874,-8.759566354568761,16
HORN4,E,10,9.8,10.8,30,-78.28095984436874,-64.33617766841874,-13.944782175949996,16
HORN4,E,10,9.8,10.8,40,-84.15885677703125,-64.33617766841874,-19.822679108612505,16
HORN4,E,10,9.8,10.8,50,-84.704825800225,-64.33617766841874,-20.368648131806253,16
HORN4,E,10,9.8,10.8,60,-90.03471888198125,-64.33617766841874,-25.698541213562507,16
HORN4,E,10,9.8,10.8,70,-90.14463264624375,-64.33617766841874,-25.808454977825008,16
HORN4,E,10,9.8,10.8,80,-86.72277840933126,-64.33617766841874,-22.386600740912513,16
HORN4,E,10,9.8,10.8,90,-85.32135261645,-64.33617766841874,-20.985174948031258,16
HORN4,E,10,9.8,10.8,100,-87.65378222155624,-64.33617766841874,-23.3176045531375,16
HORN4,E,10,9.8,10.8,110,-87.8091571945625,-64.33617766841874,-23.47297952614376,16
HORN4,E,10,9.8,10.8,120,-84.31667549040625,-64.33617766841874,-19.980497821987512,16
HORN4,E,10,9.8,10.8,130,-82.0146114871875,-64.33617766841874,-17.678433818768752,16
HORN4,E,10,9.8,10.8,140,-84.82040094424374,-64.33617766841874,-20.484223275825002,16
HORN4,E,10,9.8,10.8,150,-87.76790626895001,-64.33617766841874,-23.431728600531272,16
HORN4,E,10,9.8,10.8,160,-89.160171513275,-64.33617766841874,-24.82399384485626,16
HORN4,E,10,9.8,10.8,170,-89.18563322234375,-64.33617766841874,-24.84945555392501,16
HORN4,E,10,9.8,10.8,180,-86.5327583987125,-64.33617766841874,-22.19658073029376,16
HORN5,E,10,9.8,10.8,0,-64.015986679425,-64.015986679425,0.0,16
HORN5,E,10,9.8,10.8,10,-67.34021186553124,-64.015986679425,-3.324225186106247,16
HORN5,E,10,9.8,10.8,20,-71.9809341491875,-64.015986679425,-7.964947469762507,16
HORN5,E,10,9.8,10.8,30,-79.23675916853125,-64.015986679425,-15.220772489106253,16
HORN5,E,10,9.8,10.8,40,-84.49246970801875,-64.015986679425,-20.476483028593748,16
HORN5,E,10,9.8,10.8,50,-84.36139088480624,-64.015986679425,-20.345404205381243,16
HORN5,E,10,9.8,10.8,60,-87.75283457411875,-64.015986679425,-23.736847894693753,16
HORN5,E,10,9.8,10.8,70,-87.38201278714374,-64.015986679425,-23.36602610771874,16
HORN5,E,10,9.8,10.8,80,-87.68817373821875,-64.015986679425,-23.672187058793753,16
HORN5,E,10,9.8,10.8,90,-84.4482717212,-64.015986679425,-20.432285041775003,16
HORN5,E,10,9.8,10.8,100,-86.48980612610626,-64.015986679425,-22.47381944668126,16
HORN5,E,10,9.8,10.8,110,-88.2329013744125,-64.015986679425,-24.21691469498751,16
HORN5,E,10,9.8,10.8,120,-88.65222183185,-64.015986679425,-24.636235152425,16
HORN5,E,10,9.8,10.8,130,-87.24070560540625,-64.015986679425,-23.22471892598125,16
HORN5,E,10,9.8,10.8,140,-87.47275647988126,-64.015986679425,-23.456769800456257,16
HORN5,E,10,9.8,10.8,150,-87.45981790195624,-64.015986679425,-23.443831222531244,16
HORN5,E,10,9.8,10.8,160,-87.28537591534375,-64.015986679425,-23.26938923591875,16
HORN5,E,10,9.8,10.8,170,-90.23488919356875,-64.015986679425,-26.21890251414375,16
HORN5,E,10,9.8,10.8,180,-87.92555418808749,-64.015986679425,-23.90956750866249,16
HORN6,E,10,9.8,10.8,0,-67.59721051909375,-67.59721051909375,0.0,16
HORN6,E,10,9.8,10.8,10,-70.9775432788125,-67.59721051909375,-3.3803327597187547,16
HORN6,E,10,9.8,10.8,20,-76.60721777631875,-67.59721051909375,-9.010007257224999,16
HORN6,E,10,9.8,10.8,30,-82.2547827235375,-67.59721051909375,-14.657572204443753,16
HORN6,E,10,9.8,10.8,40,-86.93815756574375,-67.59721051909375,-19.34094704665,16
HORN6,E,10,9.8,10.8,50,-86.46894518115,-67.59721051909375,-18.871734662056255,16
HORN6,E,10,9.8,10.8,60,-90.6063436624125,-67.59721051909375,-23.00913314331875,16
HORN6,E,10,9.8,10.8,70,-88.01009635856875,-67.59721051909375,-20.412885839474995,16
HORN6,E,10,9.8,10.8,80,-90.01546720349376,-67.59721051909375,-22.418256684400006,16
HORN6,E,10,9.8,10.8,90,-89.58188802380624,-67.59721051909375,-21.984677504712494,16
HORN6,E,10,9.8,10.8,100,-89.65594400526875,-67.59721051909375,-22.058733486175,16
HORN6,E,10,9.8,10.8,110,-88.90278313626875,-67.59721051909375,-21.305572617175002,16
HORN6,E,10,9.8,10.8,120,-88.56049634891251,-67.59721051909375,-20.96328582981876,16
HORN6,E,10,9.8,10.8,130,-86.19469003651875,-67.59721051909375,-18.597479517425,16
HORN6,E,10,9.8,10.8,140,-85.2029528333625,-67.59721051909375,-17.605742314268753,16
HORN6,E,10,9.8,10.8,150,-88.633196806625,-67.59721051909375,-21.035986287531244,16
HORN6,E,10,9.8,10.8,160,-89.11113030351875,-67.59721051909375,-21.513919784425,16
HORN6,E,10,9.8,10.8,170,-89.79761026222499,-67.59721051909375,-22.200399743131243,16
HORN6,E,10,9.8,10.8,180,-89.02781849370625,-67.59721051909375,-21.4306079746125,16
HORN7,E,10,9.8,10.8,0,-68.06497214302499,-68.06497214302499,0.0,16
HORN7,E,10,9.8,10.8,10,-72.00602600521874,-68.06497214302499,-3.9410538621937548,16
HORN7,E,10,9.8,10.8,20,-76.79178604395,-68.06497214302499,-8.72681390092501,16
HORN7,E,10,9.8,10.8,30,-82.18961599206875,-68.06497214302499,-14.124643849043764,16
HORN7,E,10,9.8,10.8,40,-86.28635604226875,-68.06497214302499,-18.22138389924376,16
HORN7,E,10,9.8,10.8,50,-84.22413557569999,-68.06497214302499,-16.159163432675,16
HORN7,E,10,9.8,10.8,60,-89.8631888186625,-68.06497214302499,-21.798216675637505,16
HORN7,E,10,9.8,10.8,70,-86.69672416625,-68.06497214302499,-18.631752023225005,16
HORN7,E,10,9.8,10.8,80,-87.38611737978124,-68.06497214302499,-19.32114523675625,16
HORN7,E,10,9.8,10.8,90,-86.882277091125,-68.06497214302499,-18.817304948100016,16
HORN7,E,10,9.8,10.8,100,-88.18100458341875,-68.06497214302499,-20.116032440393766,16
HORN7,E,10,9.8,10.8,110,-87.933455714775,-68.06497214302499,-19.868483571750005,16
HORN7,E,10,9.8,10.8,120,-88.2707864934125,-68.06497214302499,-20.205814350387513,16
HORN7,E,10,9.8,10.8,130,-85.91272166115624,-68.06497214302499,-17.847749518131252,16
HORN7,E,10,9.8,10.8,140,-86.19608716815,-68.06497214302499,-18.131115025125013,16
HORN7,E,10,9.8,10.8,150,-87.7890638905375,-68.06497214302499,-19.724091747512517,16
HORN7,E,10,9.8,10.8,160,-88.8354714896,-68.06497214302499,-20.770499346575008,16
HORN7,E,10,9.8,10.8,170,-86.94727484681874,-68.06497214302499,-18.882302703793755,16
HORN7,E,10,9.8,10.8,180,-86.754157732175,-68.06497214302499,-18.689185589150014,16
HORN8,E,10,9.8,10.8,0,-69.20359185646251,-69.20359185646251,0.0,16
HORN8,E,10,9.8,10.8,10,-73.71420816881874,-69.20359185646251,-4.510616312356234,16
HORN8,E,10,9.8,10.8,20,-78.74349581885625,-69.20359185646251,-9.539903962393737,16
HORN8,E,10,9.8,10.8,30,-83.29701571831876,-69.20359185646251,-14.093423861856252,16
HORN8,E,10,9.8,10.8,40,-90.48739415024374,-69.20359185646251,-21.283802293781235,16
HORN8,E,10,9.8,10.8,50,-86.5744268398375,-69.20359185646251,-17.37083498337499,16
HORN8,E,10,9.8,10.8,60,-89.02256875554374,-69.20359185646251,-19.818976899081235,16
HORN8,E,10,9.8,10.8,70,-87.6389402088,-69.20359185646251,-18.435348352337485,16
HORN8,E,10,9.8,10.8,80,-86.731446672725,-69.20359185646251,-17.52785481626249,16
HORN8,E,10,9.8,10.8,90,-88.7768387145375,-69.20359185646251,-19.573246858074995,16
HORN8,E,10,9.8,10.8,100,-89.62743539033124,-69.20359185646251,-20.423843533868734,16
HORN8,E,10,9.8,10.8,110,-88.82119491537499,-69.20359185646251,-19.61760305891248,16
HORN8,E,10,9.8,10.8,120,-89.0901098549625,-69.20359185646251,-19.886517998499997,16
HORN8,E,10,9.8,10.8,130,-85.89381793070626,-69.20359185646251,-16.690226074243753,16
HORN8,E,10,9.8,10.8,140,-86.05430653584375,-69.20359185646251,-16.85071467938124,16
HORN8,E,10,9.8,10.8,150,-89.85404151295,-69.20359185646251,-20.650449656487496,16
HORN8,E,10,9.8,10.8,160,-90.40413250545,-69.20359185646251,-21.200540648987484,16
HORN8,E,10,9.8,10.8,170,-90.81653673612499,-69.20359185646251,-21.61294487966248,16
HORN8,E,10,9.8,10.8,180,-91.57035768549375,-69.20359185646251,-22.366765829031237,16
HORN1,E,11,10.8,11.8,0,-58.12185481862666,-58.12185481862666,0.0,15
HORN1,E,11,10.8,11.8,10,-63.067263643653334,-58.12185481862666,-4.945408825026675,15
HORN1,E,11,10.8,11.8,20,-67.37620840961334,-58.12185481862666,-9.254353590986682,15
HORN1,E,11,10.8,11.8,30,-73.84223310285334,-58.12185481862666,-15.720378284226683,15
HORN1,E,11,10.8,11.8,40,-74.88931449437334,-58.12185481862666,-16.76745967574668,15
HORN1,E,11,10.8,11.8,50,-79.05093059434667,-58.12185481862666,-20.92907577572001,15
HORN1,E,11,10.8,11.8,60,-81.21428729562668,-58.12185481862666,-23.092432477000017,15
HORN1,E,11,10.8,11.8,70,-76.98218667341332,-58.12185481862666,-18.860331854786665,15
HORN1,E,11,10.8,11.8,80,-73.44982259561334,-58.12185481862666,-15.327967776986682,15
HORN1,E,11,10.8,11.8,90,-76.72561748089998,-58.12185481862666,-18.603762662273326,15
HORN1,E,11,10.8,11.8,100,-78.84981485034,-58.12185481862666,-20.727960031713337,15
HORN1,E,11,10.8,11.8,110,-81.44349831342,-58.12185481862666,-23.321643494793335,15
HORN1,E,11,10.8,11.8,120,-79.40437797032665,-58.12185481862666,-21.28252315169999,15
HORN1,E,11,10.8,11.8,130,-81.26504313159333,-58.12185481862666,-23.14318831296667,15
HORN1,E,11,10.8,11.8,140,-82.83999535491999,-58.12185481862666,-24.718140536293333,15
HORN1,E,11,10.8,11.8,150,-83.06282132214002,-58.12185481862666,-24.940966503513366,15
HORN1,E,11,10.8,11.8,160,-83.69704663187333,-58.12185481862666,-25.575191813246676,15
HORN1,E,11,10.8,11.8,170,-83.25145490104667,-58.12185481862666,-25.129600082420012,15
HORN1,E,11,10.8,11.8,180,-80.10204712811333,-58.12185481862666,-21.980192309486668,15
HORN2,E,11,10.8,11.8,0,-65.74128990031333,-65.74128990031333,0.0,15
HORN2,E,11,10.8,11.8,10,-70.02799778242667,-65.74128990031333,-4.286707882113333,15
HORN2,E,11,10.8,11.8,20,-72.68600928634001,-65.74128990031333,-6.9447193860266765,15
HORN2,E,11,10.8,11.8,30,-79.63003096804667,-65.74128990031333,-13.888741067733335,15
HORN2,E,11,10.8,11.8,40,-83.68348177101333,-65.74128990031333,-17.9421918707,15
HORN2,E,11,10.8,11.8,50,-86.26966663038,-65.74128990031333,-20.528376730066668,15
HORN2,E,11,10.8,11.8,60,-85.99353933475331,-65.74128990031333,-20.252249434439975,15
HORN2,E,11,10.8,11.8,70,-82.55030665259333,-65.74128990031333,-16.80901675228,15
HORN2,E,11,10.8,11.8,80,-82.10234863854,-65.74128990031333,-16.36105873822666,15
HORN2,E,11,10.8,11.8,90,-83.19527605863335,-65.74128990031333,-17.45398615832002,15
HORN2,E,11,10.8,11.8,100,-84.06570587648666,-65.74128990031333,-18.324415976173327,15
HORN2,E,11,10.8,11.8,110,-90.0853210993733,-65.74128990031333,-24.34403119905997,15
HORN2,E,11,10.8,11.8,120,-83.70366155409333,-65.74128990031333,-17.962371653779996,15
HORN2,E,11,10.8,11.8,130,-84.59138443583332,-65.74128990031333,-18.850094535519986,15
HORN2,E,11,10.8,11.8,140,-84.42598655105333,-65.74128990031333,-18.684696650739994,15
HORN2,E,11,10.8,11.8,150,-83.40018656608001,-65.74128990031333,-17.658896665766676,15
HORN2,E,11,10.8,11.8,160,-84.77542237221333,-65.74128990031333,-19.034132471899994,15
HORN2,E,11,10.8,11.8,170,-82.53464797772668,-65.74128990031333,-16.793358077413345,15
HORN2,E,11,10.8,11.8,180,-86.92275549395335,-65.74128990031333,-21.181465593640013,15
HORN3,E,11,10.8,11.8,0,-64.68807434170667,-64.68807434170667,0.0,15
HORN3,E,11,10.8,11.8,10,-68.36546256279331,-64.68807434170667,-3.6773882210866446,15
HORN3,E,11,10.8,11.8,20,-71.95776085401333,-64.68807434170667,-7.269686512306663,15
HORN3,E,11,10.8,11.8,30,-79.48699063782668,-64.68807434170667,-14.798916296120012,15
HORN3,E,11,10.8,11.8,40,-81.16949970008666,-64.68807434170667,-16.481425358379994,15
HORN3,E,11,10.8,11.8,50,-84.41365343275999,-64.68807434170667,-19.72557909105332,15
HORN3,E,11,10.8,11.8,60,-87.53161315654665,-64.68807434170667,-22.843538814839988,15
HORN3,E,11,10.8,11.8,70,-85.79721583354,-64.68807434170667,-21.109141491833327,15
HORN3,E,11,10.8,11.8,80,-84.33635173212,-64.68807434170667,-19.648277390413327,15
HORN3,E,11,10.8,11.8,90,-85.40657057673334,-64.68807434170667,-20.718496235026677,15
HORN3,E,11,10.8,11.8,100,-88.00439152790668,-64.68807434170667,-23.31631718620001,15
HORN3,E,11,10.8,11.8,110,-86.60303744321332,-64.68807434170667,-21.914963101506657,15
HORN3,E,11,10.8,11.8,120,-88.56767705954,-64.68807434170667,-23.879602717833336,15
HORN3,E,11,10.8,11.8,130,-84.90017745021332,-64.68807434170667,-20.212103108506653,15
HORN3,E,11,10.8,11.8,140,-85.27763962880665,-64.68807434170667,-20.589565287099987,15
HORN3,E,11,10.8,11.8,150,-88.30400192142666,-64.68807434170667,-23.615927579719994,15
HORN3,E,11,10.8,11.8,160,-87.53331103876667,-64.68807434170667,-22.845236697060002,15
HORN3,E,11,10.8,11.8,170,-89.49531880866,-64.68807434170667,-24.807244466953335,15
HORN3,E,11,10.8,11.8,180,-87.38424273885998,-64.68807434170667,-22.696168397153315,15
HORN4,E,11,10.8,11.8,0,-66.99323871099332,-66.99323871099332,0.0,15
HORN4,E,11,10.8,11.8,10,-69.91890576336002,-66.99323871099332,-2.9256670523666912,15
HORN4,E,11,10.8,11.8,20,-73.90108664574,-66.99323871099332,-6.90784793474667,15
HORN4,E,11,10.8,11.8,30,-81.20588334864667,-66.99323871099332,-14.21264463765334,15
HORN4,E,11,10.8,11.8,40,-83.23855748922666,-66.99323871099332,-16.24531877823334,15
HORN4,E,11,10.8,11.8,50,-85.13314080492665,-66.99323871099332,-18.13990209393333,15
HORN4,E,11,10.8,11.8,60,-85.45873516909334,-66.99323871099332,-18.46549645810002,15
HORN4,E,11,10.8,11.8,70,-87.11534319490667,-66.99323871099332,-20.122104483913347,15
HORN4,E,11,10.8,11.8,80,-85.31816209301333,-66.99323871099332,-18.324923382020003,15
HORN4,E,11,10.8,11.8,90,-85.27472028417333,-66.99323871099332,-18.281481573180002,15
HORN4,E,11,10.8,11.8,100,-90.95746015965332,-66.99323871099332,-23.96422144866,15
HORN4,E,11,10.8,11.8,110,-88.28979973811998,-66.99323871099332,-21.296561027126657,15
HORN4,E,11,10.8,11.8,120,-91.08780332558668,-66.99323871099332,-24.094564614593352,15
HORN4,E,11,10.8,11.8,130,-89.05575527124665,-66.99323871099332,-22.06251656025333,15
HORN4,E,11,10.8,11.8,140,-89.94770082172664,-66.99323871099332,-22.954462110733317,15
HORN4,E,11,10.8,11.8,150,-88.02805626366666,-66.99323871099332,-21.03481755267333,15
HORN4,E,11,10.8,11.8,160,-90.45275394682,-66.99323871099332,-23.45951523582667,15
HORN4,E,11,10.8,11.8,170,-89.96102659014001,-66.99323871099332,-22.967787879146684,15
HORN4,E,11,10.8,11.8,180,-87.34933048645999,-66.99323871099332,-20.356091775466666,15
HORN5,E,11,10.8,11.8,0,-66.51559456564667,-66.51559456564667,0.0,15
HORN5,E,11,10.8,11.8,10,-69.58918788518666,-66.51559456564667,-3.073593319539995,15
HORN5,E,11,10.8,11.8,20,-73.40477697808,-66.51559456564667,-6.889182412433328,15
HORN5,E,11,10.8,11.8,30,-80.71122427477333,-66.51559456564667,-14.195629709126663,15
HORN5,E,11,10.8,11.8,40,-85.40058792821334,-66.51559456564667,-18.884993362566675,15
HORN5,E,11,10.8,11.8,50,-85.708086839,-66.51559456564667,-19.192492273353338,15
HORN5,E,11,10.8,11.8,60,-87.84442527314667,-66.51559456564667,-21.328830707500003,15
HORN5,E,11,10.8,11.8,70,-86.01676977200667,-66.51559456564667,-19.501175206360003,15
HORN5,E,11,10.8,11.8,80,-84.57808904946666,-66.51559456564667,-18.06249448381999,15
HORN5,E,11,10.8,11.8,90,-86.17878597157332,-66.51559456564667,-19.663191405926653,15
HORN5,E,11,10.8,11.8,100,-86.01086919626,-66.51559456564667,-19.495274630613338,15
HORN5,E,11,10.8,11.8,110,-88.61308438366667,-66.51559456564667,-22.09748981802001,15
HORN5,E,11,10.8,11.8,120,-87.37043821866,-66.51559456564667,-20.854843653013333,15
HORN5,E,11,10.8,11.8,130,-87.95248223156666,-66.51559456564667,-21.436887665919997,15
HORN5,E,11,10.8,11.8,140,-88.91999153678667,-66.51559456564667,-22.404396971140002,15
HORN5,E,11,10.8,11.8,150,-89.45599199131999,-66.51559456564667,-22.940397425673325,15
HORN5,E,11,10.8,11.8,160,-89.82556971250001,-66.51559456564667,-23.309975146853347,15
HORN5,E,11,10.8,11.8,170,-89.92733374737332,-66.51559456564667,-23.41173918172666,15
HORN5,E,11,10.8,11.8,180,-91.40843312681997,-66.51559456564667,-24.892838561173306,15
HORN6,E,11,10.8,11.8,0,-69.71489906885334,-69.71489906885334,0.0,15
HORN6,E,11,10.8,11.8,10,-73.04109651632,-69.71489906885334,-3.3261974474666545,15
HORN6,E,11,10.8,11.8,20,-76.63744835706001,-69.71489906885334,-6.9225492882066675,15
HORN6,E,11,10.8,11.8,30,-83.34258601654001,-69.71489906885334,-13.62768694768667,15
HORN6,E,11,10.8,11.8,40,-85.28759101940666,-69.71489906885334,-15.57269195055332,15
HORN6,E,11,10.8,11.8,50,-86.85486891582667,-69.71489906885334,-17.13996984697333,15
HORN6,E,11,10.8,11.8,60,-88.90631043888,-69.71489906885334,-19.191411370026657,15
HORN6,E,11,10.8,11.8,70,-87.30837540066,-69.71489906885334,-17.593476331806656,15
HORN6,E,11,10.8,11.8,80,-85.66384644788668,-69.71489906885334,-15.948947379033342,15
HORN6,E,11,10.8,11.8,90,-88.15440906480002,-69.71489906885334,-18.43950999594668,15
HORN6,E,11,10.8,11.8,100,-88.13506683554002,-69.71489906885334,-18.420167766686674,15
HORN6,E,11,10.8,11.8,110,-88.95059238025333,-69.71489906885334,-19.235693311399984,15
HORN6,E,11,10.8,11.8,120,-89.10728765582665,-69.71489906885334,-19.39238858697331,15
HORN6,E,11,10.8,11.8,130,-89.76901617244667,-69.71489906885334,-20.054117103593327,15
HORN6,E,11,10.8,11.8,140,-90.30771063259336,-69.71489906885334,-20.592811563740014,15
HORN6,E,11,10.8,11.8,150,-89.13947432375333,-69.71489906885334,-19.42457525489999,15
HORN6,E,11,10.8,11.8,160,-91.92228514006001,-69.71489906885334,-22.20738607120667,15
HORN6,E,11,10.8,11.8,170,-90.16788354875999,-69.71489906885334,-20.452984479906647,15
HORN6,E,11,10.8,11.8,180,-91.00968710329334,-69.71489906885334,-21.294788034440003,15
HORN7,E,11,10.8,11.8,0,-70.12819552176667,-70.12819552176667,0.0,15
HORN7,E,11,10.8,11.8,10,-74.01536323157333,-70.12819552176667,-3.8871677098066613,15
HORN7,E,11,10.8,11.8,20,-77.17311000363999,-70.12819552176667,-7.04491448187332,15
HORN7,E,11,10.8,11.8,30,-85.08950710318,-70.12819552176667,-14.961311581413327,15
HORN7,E,11,10.8,11.8,40,-85.29291223402001,-70.12819552176667,-15.164716712253338,15
HORN7,E,11,10.8,11.8,50,-89.1379815991,-70.12819552176667,-19.00978607733333,15
HORN7,E,11,10.8,11.8,60,-88.84528051334,-70.12819552176667,-18.71708499157333,15
HORN7,E,11,10.8,11.8,70,-89.1615015469,-70.12819552176667,-19.033306025133328,15
HORN7,E,11,10.8,11.8,80,-89.06839448733334,-70.12819552176667,-18.940198965566665,15
HORN7,E,11,10.8,11.8,90,-90.53381868144666,-70.12819552176667,-20.40562315967999,15
HORN7,E,11,10.8,11.8,100,-89.10411364468665,-70.12819552176667,-18.97591812291998,15
HORN7,E,11,10.8,11.8,110,-86.61369005740669,-70.12819552176667,-16.485494535640015,15
HORN7,E,11,10.8,11.8,120,-88.52977933348666,-70.12819552176667,-18.401583811719988,15
HORN7,E,11,10.8,11.8,130,-89.36802561528667,-70.12819552176667,-19.23983009352,15
HORN7,E,11,10.8,11.8,140,-91.26463209300668,-70.12819552176667,-21.13643657124001,15
HORN7,E,11,10.8,11.8,150,-91.48547498294667,-70.12819552176667,-21.35727946118,15
HORN7,E,11,10.8,11.8,160,-91.60353662989333,-70.12819552176667,-21.475341108126656,15
HORN7,E,11,10.8,11.8,170,-89.89261298336001,-70.12819552176667,-19.76441746159334,15
HORN7,E,11,10.8,11.8,180,-87.75446800715332,-70.12819552176667,-17.62627248538665,15
HORN8,E,11,10.8,11.8,0,-70.7416680018,-70.7416680018,0.0,15
HORN8,E,11,10.8,11.8,10,-74.11488263872,-70.7416680018,-3.373214636920011,15
HORN8,E,11,10.8,11.8,20,-77.18651692656,-70.7416680018,-6.444848924760009,15
HORN8,E,11,10.8,11.8,30,-83.9385191118,-70.7416680018,-13.196851110000011,15
HORN8,E,11,10.8,11.8,40,-90.11383631921333,-70.7416680018,-19.37216831741334,15
HORN8,E,11,10.8,11.8,50,-87.62272189536667,-70.7416680018,-16.881053893566673,15
HORN8,E,11,10.8,11.8,60,-86.74918077910665,-70.7416680018,-16.00751277730666,15
HORN8,E,11,10.8,11.8,70,-87.79739784849333,-70.7416680018,-17.05572984669334,15
HORN8,E,11,10.8,11.8,80,-88.10646887431332,-70.7416680018,-17.364800872513328,15
HORN8,E,11,10.8,11.8,90,-89.10667335781335,-70.7416680018,-18.365005356013356,15
HORN8,E,11,10.8,11.8,100,-87.86101927232,-70.7416680018,-17.11935127052,15
HORN8,E,11,10.8,11.8,110,-88.44297574423332,-70.7416680018,-17.70130774243333,15
HORN8,E,11,10.8,11.8,120,-89.93183675286001,-70.7416680018,-19.190168751060014,15
HORN8,E,11,10.8,11.8,130,-88.91550302453999,-70.7416680018,-18.173835022739993,15
HORN8,E,11,10.8,11.8,140,-87.69834428260666,-70.7416680018,-16.95667628080666,15
HORN8,E,11,10.8,11.8,150,-90.03533174456,-70.7416680018,-19.293663742760003,15
HORN8,E,11,10.8,11.8,160,-91.36640098480667,-70.7416680018,-20.62473298300668,15
HORN8,E,11,10.8,11.8,170,-92.26543336758667,-70.7416680018,-21.523765365786673,15
HORN8,E,11,10.8,11.8,180,-91.65381394718666,-70.7416680018,-20.91214594538667,15
HORN1,E,12,11.8,12.8,0,-61.05054603860667,-61.05054603860667,0.0,15
HORN1,E,12,11.8,12.8,10,-65.64167763942667,-61.05054603860667,-4.591131600820006,15
HORN1,E,12,11.8,12.8,20,-70.57552840615999,-61.05054603860667,-9.52498236755332,15
HORN1,E,12,11.8,12.8,30,-74.70199133173332,-61.05054603860667,-13.651445293126656,15
HORN1,E,12,11.8,12.8,40,-79.23089664007333,-61.05054603860667,-18.180350601466657,15
HORN1,E,12,11.8,12.8,50,-83.43392814423332,-61.05054603860667,-22.38338210562665,15
HORN1,E,12,11.8,12.8,60,-81.88897473395998,-61.05054603860667,-20.838428695353315,15
HORN1,E,12,11.8,12.8,70,-81.07670688631335,-61.05054603860667,-20.026160847706677,15
HORN1,E,12,11.8,12.8,80,-78.60797950722666,-61.05054603860667,-17.55743346861999,15
HORN1,E,12,11.8,12.8,90,-82.03874016512,-61.05054603860667,-20.988194126513335,15
HORN1,E,12,11.8,12.8,100,-84.21267528165332,-61.05054603860667,-23.16212924304665,15
HORN1,E,12,11.8,12.8,110,-84.39560707507333,-61.05054603860667,-23.34506103646666,15
HORN1,E,12,11.8,12.8,120,-83.24344587567998,-61.05054603860667,-22.192899837073313,15
HORN1,E,12,11.8,12.8,130,-85.49402989636665,-61.05054603860667,-24.443483857759986,15
HORN1,E,12,11.8,12.8,140,-86.74050025724667,-61.05054603860667,-25.689954218639997,15
HORN1,E,12,11.8,12.8,150,-84.12801043960665,-61.05054603860667,-23.077464400999986,15
HORN1,E,12,11.8,12.8,160,-86.669636284,-61.05054603860667,-25.619090245393338,15
HORN1,E,12,11.8,12.8,170,-88.69934132882666,-61.05054603860667,-27.648795290219994,15
HORN1,E,12,11.8,12.8,180,-85.57027488214668,-61.05054603860667,-24.51972884354001,15
HORN2,E,12,11.8,12.8,0,-68.42698388936668,-68.42698388936668,0.0,15
HORN2,E,12,11.8,12.8,10,-72.13487353587334,-68.42698388936668,-3.7078896465066578,15
HORN2,E,12,11.8,12.8,20,-75.56277790387334,-68.42698388936668,-7.135794014506658,15
HORN2,E,12,11.8,12.8,30,-80.50095713341334,-68.42698388936668,-12.073973244046655,15
HORN2,E,12,11.8,12.8,40,-84.44746511935332,-68.42698388936668,-16.020481229986643,15
HORN2,E,12,11.8,12.8,50,-88.19198365274,-68.42698388936668,-19.764999763373325,15
HORN2,E,12,11.8,12.8,60,-87.81127590604001,-68.42698388936668,-19.384292016673328,15
HORN2,E,12,11.8,12.8,70,-87.89733627673333,-68.42698388936668,-19.470352387366646,15
HORN2,E,12,11.8,12.8,80,-86.06393242023333,-68.42698388936668,-17.636948530866647,15
HORN2,E,12,11.8,12.8,90,-87.94089804496,-68.42698388936668,-19.513914155593312,15
HORN2,E,12,11.8,12.8,100,-87.33873516547332,-68.42698388936668,-18.911751276106642,15
HORN2,E,12,11.8,12.8,110,-92.41684681794668,-68.42698388936668,-23.989862928579996,15
HORN2,E,12,11.8,12.8,120,-88.92511925654668,-68.42698388936668,-20.498135367179998,15
HORN2,E,12,11.8,12.8,130,-90.67241566841335,-68.42698388936668,-22.24543177904667,15
HORN2,E,12,11.8,12.8,140,-90.98185849488665,-68.42698388936668,-22.55487460551997,15
HORN2,E,12,11.8,12.8,150,-88.90712777245335,-68.42698388936668,-20.48014388308667,15
HORN2,E,12,11.8,12.8,160,-90.43581397009334,-68.42698388936668,-22.008830080726653,15
HORN2,E,12,11.8,12.8,170,-89.27016300307999,-68.42698388936668,-20.843179113713305,15
HORN2,E,12,11.8,12.8,180,-90.99307805209334,-68.42698388936668,-22.566094162726657,15
HORN3,E,12,11.8,12.8,0,-67.70068727350666,-67.70068727350666,0.0,15
HORN3,E,12,11.8,12.8,10,-71.16359547568666,-67.70068727350666,-3.462908202180003,15
HORN3,E,12,11.8,12.8,20,-75.27552586650667,-67.70068727350666,-7.57483859300001,15
HORN3,E,12,11.8,12.8,30,-80.82043731150667,-67.70068727350666,-13.119750038000006,15
HORN3,E,12,11.8,12.8,40,-83.93216282123333,-67.70068727350666,-16.231475547726674,15
HORN3,E,12,11.8,12.8,50,-88.36469513614001,-67.70068727350666,-20.664007862633355,15
HORN3,E,12,11.8,12.8,60,-88.46942617336667,-67.70068727350666,-20.76873889986001,15
HORN3,E,12,11.8,12.8,70,-88.83900615462666,-67.70068727350666,-21.13831888112,15
HORN3,E,12,11.8,12.8,80,-87.05772840938,-67.70068727350666,-19.357041135873345,15
HORN3,E,12,11.8,12.8,90,-89.13116233615334,-67.70068727350666,-21.43047506264668,15
HORN3,E,12,11.8,12.8,100,-90.27404591292,-67.70068727350666,-22.573358639413343,15
HORN3,E,12,11.8,12.8,110,-88.88097445572001,-67.70068727350666,-21.18028718221335,15
HORN3,E,12,11.8,12.8,120,-93.07511552344,-67.70068727350666,-25.374428249933345,15
HORN3,E,12,11.8,12.8,130,-90.53129795603334,-67.70068727350666,-22.830610682526682,15
HORN3,E,12,11.8,12.8,140,-91.94980270833334,-67.70068727350666,-24.249115434826678,15
HORN3,E,12,11.8,12.8,150,-90.45480064559334,-67.70068727350666,-22.754113372086678,15
HORN3,E,12,11.8,12.8,160,-92.18047170902666,-67.70068727350666,-24.479784435520003,15
HORN3,E,12,11.8,12.8,170,-91.45449084679332,-67.70068727350666,-23.75380357328666,15
HORN3,E,12,11.8,12.8,180,-88.38482287240001,-67.70068727350666,-20.68413559889335,15
HORN4,E,12,11.8,12.8,0,-70.02699280970664,-70.02699280970664,0.0,15
HORN4,E,12,11.8,12.8,10,-72.72250513125333,-70.02699280970664,-2.695512321546687,15
HORN4,E,12,11.8,12.8,20,-77.14310468948666,-70.02699280970664,-7.116111879780021,15
HORN4,E,12,11.8,12.8,30,-82.14818711812669,-70.02699280970664,-12.121194308420044,15
HORN4,E,12,11.8,12.8,40,-85.40636811771999,-70.02699280970664,-15.379375308013351,15
HORN4,E,12,11.8,12.8,50,-90.12601021524003,-70.02699280970664,-20.099017405533388,15
HORN4,E,12,11.8,12.8,60,-90.11603601108666,-70.02699280970664,-20.089043201380022,15
HORN4,E,12,11.8,12.8,70,-89.08813141376666,-70.02699280970664,-19.06113860406002,15
HORN4,E,12,11.8,12.8,80,-89.75303302994001,-70.02699280970664,-19.726040220233372,15
HORN4,E,12,11.8,12.8,90,-90.24737597880667,-70.02699280970664,-20.22038316910003,15
HORN4,E,12,11.8,12.8,100,-90.83478630747335,-70.02699280970664,-20.80779349776671,15
HORN4,E,12,11.8,12.8,110,-91.70380413413334,-70.02699280970664,-21.676811324426694,15
HORN4,E,12,11.8,12.8,120,-93.02099939276668,-70.02699280970664,-22.99400658306004,15
HORN4,E,12,11.8,12.8,130,-89.99674032486,-70.02699280970664,-19.969747515153358,15
HORN4,E,12,11.8,12.8,140,-92.38720713952667,-70.02699280970664,-22.360214329820025,15
HORN4,E,12,11.8,12.8,150,-92.87762877010665,-70.02699280970664,-22.850635960400012,15
HORN4,E,12,11.8,12.8,160,-93.70844690543332,-70.02699280970664,-23.68145409572668,15
HORN4,E,12,11.8,12.8,170,-92.15916939238669,-70.02699280970664,-22.132176582680046,15
HORN4,E,12,11.8,12.8,180,-91.36170673992665,-70.02699280970664,-21.334713930220005,15
HORN5,E,12,11.8,12.8,0,-69.53349977560667,-69.53349977560667,0.0,15
HORN5,E,12,11.8,12.8,10,-72.26629980557333,-69.53349977560667,-2.732800029966654,15
HORN5,E,12,11.8,12.8,20,-76.63062201187999,-69.53349977560667,-7.0971222362733215,15
HORN5,E,12,11.8,12.8,30,-81.77619045744,-69.53349977560667,-12.242690681833324,15
HORN5,E,12,11.8,12.8,40,-86.93340295300665,-69.53349977560667,-17.399903177399977,15
HORN5,E,12,11.8,12.8,50,-89.44603408830001,-69.53349977560667,-19.91253431269334,15
HORN5,E,12,11.8,12.8,60,-88.71412936886667,-69.53349977560667,-19.180629593259994,15
HORN5,E,12,11.8,12.8,70,-91.47684784936,-69.53349977560667,-21.943348073753327,15
HORN5,E,12,11.8,12.8,80,-87.38348772151333,-69.53349977560667,-17.849987945906662,15
HORN5,E,12,11.8,12.8,90,-89.94146327039999,-69.53349977560667,-20.40796349479332,15
HORN5,E,12,11.8,12.8,100,-89.11245560166664,-69.53349977560667,-19.578955826059968,15
HORN5,E,12,11.8,12.8,110,-87.60075270742666,-69.53349977560667,-18.067252931819993,15
HORN5,E,12,11.8,12.8,120,-90.69079971150667,-69.53349977560667,-21.1572999359,15
HORN5,E,12,11.8,12.8,130,-93.01273067636001,-69.53349977560667,-23.479230900753336,15
HORN5,E,12,11.8,12.8,140,-93.04760263598668,-69.53349977560667,-23.514102860380007,15
HORN5,E,12,11.8,12.8,150,-95.40644245104664,-69.53349977560667,-25.872942675439973,15
HORN5,E,12,11.8,12.8,160,-92.49846179262666,-69.53349977560667,-22.964962017019985,15
HORN5,E,12,11.8,12.8,170,-93.39813860422001,-69.53349977560667,-23.864638828613337,15
HORN5,E,12,11.8,12.8,180,-93.8082245282,-69.53349977560667,-24.27472475259333,15
HORN6,E,12,11.8,12.8,0,-72.28959321428667,-72.28959321428667,0.0,15
HORN6,E,12,11.8,12.8,10,-75.06763785384666,-72.28959321428667,-2.778044639559994,15
HORN6,E,12,11.8,12.8,20,-79.25606689091336,-72.28959321428667,-6.966473676626691,15
HORN6,E,12,11.8,12.8,30,-83.86311303796667,-72.28959321428667,-11.573519823680002,15
HORN6,E,12,11.8,12.8,40,-90.02747656318667,-72.28959321428667,-17.7378833489,15
HORN6,E,12,11.8,12.8,50,-92.94726558821334,-72.28959321428667,-20.657672373926673,15
HORN6,E,12,11.8,12.8,60,-93.96288510774,-72.28959321428667,-21.673291893453325,15
HORN6,E,12,11.8,12.8,70,-90.63489649902665,-72.28959321428667,-18.345303284739984,15
HORN6,E,12,11.8,12.8,80,-88.32171429603335,-72.28959321428667,-16.03212108174668,15
HORN6,E,12,11.8,12.8,90,-90.58856089235333,-72.28959321428667,-18.29896767806666,15
HORN6,E,12,11.8,12.8,100,-91.49333654029333,-72.28959321428667,-19.20374332600666,15
HORN6,E,12,11.8,12.8,110,-91.76057030744,-72.28959321428667,-19.470977093153337,15
HORN6,E,12,11.8,12.8,120,-93.69000097317331,-72.28959321428667,-21.400407758886644,15
HORN6,E,12,11.8,12.8,130,-92.78210150237997,-72.28959321428667,-20.492508288093305,15
HORN6,E,12,11.8,12.8,140,-96.85001439682,-72.28959321428667,-24.560421182533332,15
HORN6,E,12,11.8,12.8,150,-93.65953890866665,-72.28959321428667,-21.36994569437998,15
HORN6,E,12,11.8,12.8,160,-93.79540160405999,-72.28959321428667,-21.50580838977332,15
HORN6,E,12,11.8,12.8,170,-94.40940765046666,-72.28959321428667,-22.119814436179993,15
HORN6,E,12,11.8,12.8,180,-94.86905467262002,-72.28959321428667,-22.579461458333355,15
HORN7,E,12,11.8,12.8,0,-72.87705800722,-72.87705800722,0.0,15
HORN7,E,12,11.8,12.8,10,-76.17301876540667,-72.87705800722,-3.2959607581866663,15
HORN7,E,12,11.8,12.8,20,-79.62292671579331,-72.87705800722,-6.745868708573312,15
HORN7,E,12,11.8,12.8,30,-83.86257806264666,-72.87705800722,-10.985520055426662,15
HORN7,E,12,11.8,12.8,40,-90.95018732545333,-72.87705800722,-18.073129318233327,15
HORN7,E,12,11.8,12.8,50,-92.72298960858666,-72.87705800722,-19.845931601366658,15
HORN7,E,12,11.8,12.8,60,-89.94145341313333,-72.87705800722,-17.06439540591333,15
HORN7,E,12,11.8,12.8,70,-90.68859020782665,-72.87705800722,-17.81153220060665,15
HORN7,E,12,11.8,12.8,80,-90.70463603917332,-72.87705800722,-17.827578031953323,15
HORN7,E,12,11.8,12.8,90,-93.41384699928,-72.87705800722,-20.536788992059996,15
HORN7,E,12,11.8,12.8,100,-92.92667402103334,-72.87705800722,-20.049616013813335,15
HORN7,E,12,11.8,12.8,110,-93.58273829426666,-72.87705800722,-20.70568028704666,15
HORN7,E,12,11.8,12.8,120,-91.54713364510665,-72.87705800722,-18.670075637886654,15
HORN7,E,12,11.8,12.8,130,-93.56310411618001,-72.87705800722,-20.686046108960014,15
HORN7,E,12,11.8,12.8,140,-91.88042408712664,-72.87705800722,-19.00336607990664,15
HORN7,E,12,11.8,12.8,150,-91.81631683840001,-72.87705800722,-18.939258831180013,15
HORN7,E,12,11.8,12.8,160,-92.95638572004667,-72.87705800722,-20.079327712826668,15
HORN7,E,12,11.8,12.8,170,-95.22821762898,-72.87705800722,-22.351159621760004,15
HORN7,E,12,11.8,12.8,180,-92.77783586786667,-72.87705800722,-19.90077786064667,15
HORN8,E,12,11.8,12.8,0,-73.58944844764666,-73.58944844764666,0.0,15
HORN8,E,12,11.8,12.8,10,-76.65487989458,-73.58944844764666,-3.0654314469333457,15
HORN8,E,12,11.8,12.8,20,-80.05467756136001,-73.58944844764666,-6.465229113713349,15
HORN8,E,12,11.8,12.8,30,-85.10795028696666,-73.58944844764666,-11.518501839319995,15
HORN8,E,12,11.8,12.8,40,-90.24032050897998,-73.58944844764666,-16.650872061333317,15
HORN8,E,12,11.8,12.8,50,-91.30661244858,-73.58944844764666,-17.717164000933337,15
HORN8,E,12,11.8,12.8,60,-91.65141056203333,-73.58944844764666,-18.061962114386674,15
HORN8,E,12,11.8,12.8,70,-90.07566685811334,-73.58944844764666,-16.486218410466677,15
HORN8,E,12,11.8,12.8,80,-91.01602205501331,-73.58944844764666,-17.42657360736665,15
HORN8,E,12,11.8,12.8,90,-92.96833189348,-73.58944844764666,-19.37888344583334,15
HORN8,E,12,11.8,12.8,100,-93.73987773826667,-73.58944844764666,-20.15042929062001,15
HORN8,E,12,11.8,12.8,110,-92.77032960476667,-73.58944844764666,-19.180881157120012,15
HORN8,E,12,11.8,12.8,120,-95.9007313051267,-73.58944844764666,-22.311282857480037,15
HORN8,E,12,11.8,12.8,130,-94.32678050416001,-73.58944844764666,-20.737332056513353,15
HORN8,E,12,11.8,12.8,140,-94.69119311396666,-73.58944844764666,-21.101744666320002,15
HORN8,E,12,11.8,12.8,150,-93.98015076346,-73.58944844764666,-20.390702315813343,15
HORN8,E,12,11.8,12.8,160,-94.89381732483334,-73.58944844764666,-21.304368877186675,15
HORN8,E,12,11.8,12.8,170,-94.49173336934668,-73.58944844764666,-20.902284921700016,15
HORN8,E,12,11.8,12.8,180,-93.56108057990666,-73.58944844764666,-19.971632132259998,15
HORN1,E,13,12.8,13.8,0,-61.26185108294375,-61.26185108294375,0.0,16
HORN1,E,13,12.8,13.8,10,-65.56564094541875,-61.26185108294375,-4.303789862475,16
HORN1,E,13,12.8,13.8,20,-72.2541838077625,-61.26185108294375,-10.992332724818752,16
HORN1,E,13,12.8,13.8,30,-75.96566863640001,-61.26185108294375,-14.703817553456261,16
HORN1,E,13,12.8,13.8,40,-82.08546989801876,-61.26185108294375,-20.823618815075008,16
HORN1,E,13,12.8,13.8,50,-80.39071260347501,-61.26185108294375,-19.12886152053126,16
HORN1,E,13,12.8,13.8,60,-83.09629542833125,-61.26185108294375,-21.834444345387496,16
HORN1,E,13,12.8,13.8,70,-84.9706031661,-61.26185108294375,-23.708752083156256,16
HORN1,E,13,12.8,13.8,80,-82.73008397108126,-61.26185108294375,-21.468232888137507,16
HORN1,E,13,12.8,13.8,90,-83.34846961540626,-61.26185108294375,-22.08661853246251,16
HORN1,E,13,12.8,13.8,100,-85.56452037876875,-61.26185108294375,-24.302669295824998,16
HORN1,E,13,12.8,13.8,110,-85.21206748955625,-61.26185108294375,-23.950216406612498,16
HORN1,E,13,12.8,13.8,120,-83.734662645475,-61.26185108294375,-22.47281156253125,16
HORN1,E,13,12.8,13.8,130,-84.57074685820625,-61.26185108294375,-23.3088957752625,16
HORN1,E,13,12.8,13.8,140,-86.72815414203124,-61.26185108294375,-25.466303059087494,16
HORN1,E,13,12.8,13.8,150,-85.92136142029375,-61.26185108294375,-24.65951033735,16
HORN1,E,13,12.8,13.8,160,-86.7741973771,-61.26185108294375,-25.512346294156245,16
HORN1,E,13,12.8,13.8,170,-89.32644785786249,-61.26185108294375,-28.06459677491874,16
HORN1,E,13,12.8,13.8,180,-82.551429075075,-61.26185108294375,-21.289577992131257,16
HORN2,E,13,12.8,13.8,0,-69.13612837288125,-69.13612837288125,0.0,16
HORN2,E,13,12.8,13.8,10,-72.1765243538875,-69.13612837288125,-3.040395981006256,16
HORN2,E,13,12.8,13.8,20,-77.3251370382875,-69.13612837288125,-8.189008665406249,16
HORN2,E,13,12.8,13.8,30,-80.19718007734376,-69.13612837288125,-11.061051704462514,16
HORN2,E,13,12.8,13.8,40,-89.31891180764376,-69.13612837288125,-20.182783434762513,16
HORN2,E,13,12.8,13.8,50,-87.5922340409125,-69.13612837288125,-18.456105668031256,16
HORN2,E,13,12.8,13.8,60,-88.2402952571375,-69.13612837288125,-19.10416688425626,16
HORN2,E,13,12.8,13.8,70,-91.85019361031875,-69.13612837288125,-22.71406523743751,16
HORN2,E,13,12.8,13.8,80,-90.6687614228,-69.13612837288125,-21.532633049918758,16
HORN2,E,13,12.8,13.8,90,-90.37152907720001,-69.13612837288125,-21.235400704318764,16
HORN2,E,13,12.8,13.8,100,-89.50259282317501,-69.13612837288125,-20.366464450293762,16
HORN2,E,13,12.8,13.8,110,-92.618652695225,-69.13612837288125,-23.48252432234375,16
HORN2,E,13,12.8,13.8,120,-89.79575901618125,-69.13612837288125,-20.659630643300005,16
HORN2,E,13,12.8,13.8,130,-90.94527387533125,-69.13612837288125,-21.809145502450008,16
HORN2,E,13,12.8,13.8,140,-89.74666089193124,-69.13612837288125,-20.610532519049997,16
HORN2,E,13,12.8,13.8,150,-92.01241573201875,-69.13612837288125,-22.876287359137507,16
HORN2,E,13,12.8,13.8,160,-93.00274519324375,-69.13612837288125,-23.86661682036251,16
HORN2,E,13,12.8,13.8,170,-93.43444764855624,-69.13612837288125,-24.298319275675,16
HORN2,E,13,12.8,13.8,180,-91.22909067143125,-69.13612837288125,-22.092962298550006,16
HORN3,E,13,12.8,13.8,0,-68.40795798191249,-68.40795798191249,0.0,16
HORN3,E,13,12.8,13.8,10,-71.56626628788749,-68.40795798191249,-3.158308305974998,16
HORN3,E,13,12.8,13.8,20,-77.42352859593126,-68.40795798191249,-9.01557061401877,16
HORN3,E,13,12.8,13.8,30,-80.8005629637,-68.40795798191249,-12.392604981787514,16
HORN3,E,13,12.8,13.8,40,-88.46072393748125,-68.40795798191249,-20.05276595556876,16
HORN3,E,13,12.8,13.8,50,-88.451857757475,-68.40795798191249,-20.043899775562508,16
HORN3,E,13,12.8,13.8,60,-88.95971782101876,-68.40795798191249,-20.551759839106268,16
HORN3,E,13,12.8,13.8,70,-89.3876254029125,-68.40795798191249,-20.979667421000016,16
HORN3,E,13,12.8,13.8,80,-87.79383527133126,-68.40795798191249,-19.385877289418772,16
HORN3,E,13,12.8,13.8,90,-90.188862569675,-68.40795798191249,-21.780904587762507,16
HORN3,E,13,12.8,13.8,100,-90.47848742349376,-68.40795798191249,-22.07052944158127,16
HORN3,E,13,12.8,13.8,110,-93.40914123694999,-68.40795798191249,-25.001183255037503,16
HORN3,E,13,12.8,13.8,120,-90.2405386270625,-68.40795798191249,-21.832580645150017,16
HORN3,E,13,12.8,13.8,130,-91.38086139875,-68.40795798191249,-22.97290341683751,16
HORN3,E,13,12.8,13.8,140,-94.26945449115001,-68.40795798191249,-25.861496509237526,16
HORN3,E,13,12.8,13.8,150,-93.63274319006251,-68.40795798191249,-25.224785208150024,16
HORN3,E,13,12.8,13.8,160,-91.95071044985625,-68.40795798191249,-23.542752467943757,16
HORN3,E,13,12.8,13.8,170,-93.65421954544374,-68.40795798191249,-25.24626156353125,16
HORN3,E,13,12.8,13.8,180,-92.3165938530625,-68.40795798191249,-23.90863587115001,16
HORN4,E,13,12.8,13.8,0,-70.90740351516875,-70.90740351516875,0.0,16
HORN4,E,13,12.8,13.8,10,-73.19125282557499,-70.90740351516875,-2.2838493104062394,16
HORN4,E,13,12.8,13.8,20,-78.26319342171875,-70.90740351516875,-7.355789906550001,16
HORN4,E,13,12.8,13.8,30,-81.83760913565,-70.90740351516875,-10.930205620481246,16
HORN4,E,13,12.8,13.8,40,-88.262383992325,-70.90740351516875,-17.354980477156246,16
HORN4,E,13,12.8,13.8,50,-92.3232202628875,-70.90740351516875,-21.41581674771875,16
HORN4,E,13,12.8,13.8,60,-90.31098734540001,-70.90740351516875,-19.403583830231256,16
HORN4,E,13,12.8,13.8,70,-90.80399799266249,-70.90740351516875,-19.896594477493736,16
HORN4,E,13,12.8,13.8,80,-91.991283854825,-70.90740351516875,-21.083880339656247,16
HORN4,E,13,12.8,13.8,90,-94.0872460199875,-70.90740351516875,-23.17984250481875,16
HORN4,E,13,12.8,13.8,100,-91.1046780414125,-70.90740351516875,-20.197274526243746,16
HORN4,E,13,12.8,13.8,110,-94.73282226297499,-70.90740351516875,-23.82541874780624,16
HORN4,E,13,12.8,13.8,120,-94.27969422254375,-70.90740351516875,-23.372290707375,16
HORN4,E,13,12.8,13.8,130,-94.449214047775,-70.90740351516875,-23.54181053260625,16
HORN4,E,13,12.8,13.8,140,-94.75733086020625,-70.90740351516875,-23.8499273450375,16
HORN4,E,13,12.8,13.8,150,-92.67564480868751,-70.90740351516875,-21.768241293518756,16
HORN4,E,13,12.8,13.8,160,-94.01725817515626,-70.90740351516875,-23.109854659987505,16
HORN4,E,13,12.8,13.8,170,-94.529906162225,-70.90740351516875,-23.62250264705625,16
HORN4,E,13,12.8,13.8,180,-96.06852191914376,-70.90740351516875,-25.16111840397501,16
HORN5,E,13,12.8,13.8,0,-70.67711553446875,-70.67711553446875,0.0,16
HORN5,E,13,12.8,13.8,10,-73.13414256328751,-70.67711553446875,-2.4570270288187572,16
HORN5,E,13,12.8,13.8,20,-78.48591857795626,-70.67711553446875,-7.808803043487501,16
HORN5,E,13,12.8,13.8,30,-81.76521434723125,-70.67711553446875,-11.088098812762496,16
HORN5,E,13,12.8,13.8,40,-90.45454673110625,-70.67711553446875,-19.777431196637494,16
HORN5,E,13,12.8,13.8,50,-90.01614383564376,-70.67711553446875,-19.339028301175006,16
HORN5,E,13,12.8,13.8,60,-89.548441420025,-70.67711553446875,-18.871325885556246,16
HORN5,E,13,12.8,13.8,70,-92.53666052238125,-70.67711553446875,-21.8595449879125,16
HORN5,E,13,12.8,13.8,80,-93.67030967504999,-70.67711553446875,-22.993194140581238,16
HORN5,E,13,12.8,13.8,90,-93.74737992464375,-70.67711553446875,-23.070264390174998,16
HORN5,E,13,12.8,13.8,100,-91.60369505484375,-70.67711553446875,-20.926579520375,16
HORN5,E,13,12.8,13.8,110,-91.4850673612625,-70.67711553446875,-20.80795182679374,16
HORN5,E,13,12.8,13.8,120,-93.31683271065,-70.67711553446875,-22.63971717618125,16
HORN5,E,13,12.8,13.8,130,-93.75232859250625,-70.67711553446875,-23.07521305803749,16
HORN5,E,13,12.8,13.8,140,-95.9325980715625,-70.67711553446875,-25.25548253709374,16
HORN5,E,13,12.8,13.8,150,-94.62466266744374,-70.67711553446875,-23.94754713297499,16
HORN5,E,13,12.8,13.8,160,-91.96873691621875,-70.67711553446875,-21.29162138174999,16
HORN5,E,13,12.8,13.8,170,-94.2942145641,-70.67711553446875,-23.617099029631248,16
HORN5,E,13,12.8,13.8,180,-94.73226431966874,-70.67711553446875,-24.05514878519999,16
HORN6,E,13,12.8,13.8,0,-72.6405841177,-72.6405841177,0.0,16
HORN6,E,13,12.8,13.8,10,-75.52773834103124,-72.6405841177,-2.887154223331237,16
HORN6,E,13,12.8,13.8,20,-80.41745996705626,-72.6405841177,-7.776875849356259,16
HORN6,E,13,12.8,13.8,30,-85.2088728978375,-72.6405841177,-12.568288780137493,16
HORN6,E,13,12.8,13.8,40,-92.6548264844125,-72.6405841177,-20.014242366712494,16
HORN6,E,13,12.8,13.8,50,-92.82644454975626,-72.6405841177,-20.18586043205626,16
HORN6,E,13,12.8,13.8,60,-92.64157508114374,-72.6405841177,-20.00099096344374,16
HORN6,E,13,12.8,13.8,70,-91.71291627681876,-72.6405841177,-19.07233215911876,16
HORN6,E,13,12.8,13.8,80,-92.5511896757875,-72.6405841177,-19.910605558087497,16
HORN6,E,13,12.8,13.8,90,-93.63165277490624,-72.6405841177,-20.99106865720624,16
HORN6,E,13,12.8,13.8,100,-92.9579220127125,-72.6405841177,-20.3173378950125,16
HORN6,E,13,12.8,13.8,110,-92.51595682886875,-72.6405841177,-19.87537271116875,16
HORN6,E,13,12.8,13.8,120,-94.11375437081875,-72.6405841177,-21.473170253118752,16
HORN6,E,13,12.8,13.8,130,-93.134477615725,-72.6405841177,-20.493893498025002,16
HORN6,E,13,12.8,13.8,140,-93.34512580865625,-72.6405841177,-20.704541690956248,16
HORN6,E,13,12.8,13.8,150,-93.66631870770625,-72.6405841177,-21.025734590006252,16
HORN6,E,13,12.8,13.8,160,-94.91781657811875,-72.6405841177,-22.277232460418745,16
HORN6,E,13,12.8,13.8,170,-96.8489893113375,-72.6405841177,-24.208405193637503,16
HORN6,E,13,12.8,13.8,180,-94.95455366580624,-72.6405841177,-22.313969548106243,16
HORN7,E,13,12.8,13.8,0,-73.6032833791875,-73.6032833791875,0.0,16
HORN7,E,13,12.8,13.8,10,-76.76992689573751,-73.6032833791875,-3.1666435165500104,16
HORN7,E,13,12.8,13.8,20,-81.16328882023126,-73.6032833791875,-7.5600054410437565,16
HORN7,E,13,12.8,13.8,30,-84.99062476688125,-73.6032833791875,-11.387341387693752,16
HORN7,E,13,12.8,13.8,40,-90.21847843092499,-73.6032833791875,-16.615195051737487,16
HORN7,E,13,12.8,13.8,50,-93.526283536475,-73.6032833791875,-19.923000157287504,16
HORN7,E,13,12.8,13.8,60,-92.35472092796874,-73.6032833791875,-18.75143754878124,16
HORN7,E,13,12.8,13.8,70,-93.87900308643125,-73.6032833791875,-20.275719707243752,16
HORN7,E,13,12.8,13.8,80,-91.6355640870125,-73.6032833791875,-18.032280707824995,16
HORN7,E,13,12.8,13.8,90,-93.87579510698126,-73.6032833791875,-20.272511727793756,16
HORN7,E,13,12.8,13.8,100,-94.45198596977501,-73.6032833791875,-20.848702590587507,16
HORN7,E,13,12.8,13.8,110,-94.19356468584999,-73.6032833791875,-20.59028130666249,16
HORN7,E,13,12.8,13.8,120,-93.42583907895624,-73.6032833791875,-19.822555699768742,16
HORN7,E,13,12.8,13.8,130,-95.15267157705625,-73.6032833791875,-21.54938819786875,16
HORN7,E,13,12.8,13.8,140,-94.1479126859,-73.6032833791875,-20.544629306712494,16
HORN7,E,13,12.8,13.8,150,-96.5571675503125,-73.6032833791875,-22.953884171124997,16
HORN7,E,13,12.8,13.8,160,-94.64911134863124,-73.6032833791875,-21.045827969443735,16
HORN7,E,13,12.8,13.8,170,-94.53198897903125,-73.6032833791875,-20.928705599843752,16
HORN7,E,13,12.8,13.8,180,-92.13027909571875,-73.6032833791875,-18.526995716531246,16
HORN8,E,13,12.8,13.8,0,-74.3395409430875,-74.3395409430875,0.0,16
HORN8,E,13,12.8,13.8,10,-77.03333204041874,-74.3395409430875,-2.6937910973312427,16
HORN8,E,13,12.8,13.8,20,-82.32997947935625,-74.3395409430875,-7.990438536268755,16
HORN8,E,13,12.8,13.8,30,-85.54331612343749,-74.3395409430875,-11.203775180349993,16
HORN8,E,13,12.8,13.8,40,-92.22998021361249,-74.3395409430875,-17.890439270524993,16
HORN8,E,13,12.8,13.8,50,-92.39290367098751,-74.3395409430875,-18.05336272790001,16
HORN8,E,13,12.8,13.8,60,-92.2914794987,-74.3395409430875,-17.9519385556125,16
HORN8,E,13,12.8,13.8,70,-94.68468936321875,-74.3395409430875,-20.345148420131252,16
HORN8,E,13,12.8,13.8,80,-92.78633757041877,-74.3395409430875,-18.446796627331267,16
HORN8,E,13,12.8,13.8,90,-95.64924265449375,-74.3395409430875,-21.309701711406248,16
HORN8,E,13,12.8,13.8,100,-94.603532803625,-74.3395409430875,-20.2639918605375,16
HORN8,E,13,12.8,13.8,110,-93.06368582328125,-74.3395409430875,-18.724144880193748,16
HORN8,E,13,12.8,13.8,120,-93.40263215772501,-74.3395409430875,-19.06309121463751,16
HORN8,E,13,12.8,13.8,130,-94.50346017428126,-74.3395409430875,-20.16391923119376,16
HORN8,E,13,12.8,13.8,140,-97.37130600888125,-74.3395409430875,-23.03176506579375,16
HORN8,E,13,12.8,13.8,150,-94.26524003356249,-74.3395409430875,-19.925699090474993,16
HORN8,E,13,12.8,13.8,160,-94.789162541175,-74.3395409430875,-20.449621598087504,16
HORN8,E,13,12.8,13.8,170,-95.859745705275,-74.3395409430875,-21.520204762187504,16
HORN8,E,13,12.8,13.8,180,-94.8396102020625,-74.3395409430875,-20.500069258975003,16
HORN1,E,14,13.8,14.8,0,-62.85286624206667,-62.85286624206667,0.0,15
HORN1,E,14,13.8,14.8,10,-67.37542149562,-62.85286624206667,-4.522555253553335,15
HORN1,E,14,13.8,14.8,20,-75.58593285065332,-62.85286624206667,-12.733066608586654,15
HORN1,E,14,13.8,14.8,30,-79.44536500078667,-62.85286624206667,-16.592498758719998,15
HORN1,E,14,13.8,14.8,40,-84.6238979252,-62.85286624206667,-21.77103168313333,15
HORN1,E,14,13.8,14.8,50,-85.44337864067333,-62.85286624206667,-22.590512398606663,15
HORN1,E,14,13.8,14.8,60,-87.48556682977336,-62.85286624206667,-24.632700587706694,15
HORN1,E,14,13.8,14.8,70,-88.54459187034,-62.85286624206667,-25.691725628273332,15
HORN1,E,14,13.8,14.8,80,-83.65174169656666,-62.85286624206667,-20.798875454499992,15
HORN1,E,14,13.8,14.8,90,-83.56114233967999,-62.85286624206667,-20.70827609761332,15
HORN1,E,14,13.8,14.8,100,-84.68016349399998,-62.85286624206667,-21.827297251933317,15
HORN1,E,14,13.8,14.8,110,-87.69109654788002,-62.85286624206667,-24.838230305813354,15
HORN1,E,14,13.8,14.8,120,-88.95390149943334,-62.85286624206667,-26.101035257366675,15
HORN1,E,14,13.8,14.8,130,-88.54893371745332,-62.85286624206667,-25.696067475386656,15
HORN1,E,14,13.8,14.8,140,-92.53091247679332,-62.85286624206667,-29.67804623472665,15
HORN1,E,14,13.8,14.8,150,-89.12144647528667,-62.85286624206667,-26.268580233220007,15
HORN1,E,14,13.8,14.8,160,-92.13530580461999,-62.85286624206667,-29.28243956255332,15
HORN1,E,14,13.8,14.8,170,-88.86602603551334,-62.85286624206667,-26.013159793446675,15
HORN1,E,14,13.8,14.8,180,-89.42630739404667,-62.85286624206667,-26.573441151980006,15
HORN2,E,14,13.8,14.8,0,-71.46705354052668,-71.46705354052668,0.0,15
HORN2,E,14,13.8,14.8,10,-73.51196485124667,-71.46705354052668,-2.0449113107199963,15
HORN2,E,14,13.8,14.8,20,-79.84173691457335,-71.46705354052668,-8.374683374046668,15
HORN2,E,14,13.8,14.8,30,-86.26828725855334,-71.46705354052668,-14.801233718026666,15
HORN2,E,14,13.8,14.8,40,-91.67390988492666,-71.46705354052668,-20.20685634439998,15
HORN2,E,14,13.8,14.8,50,-89.71437045920668,-71.46705354052668,-18.24731691868,15
HORN2,E,14,13.8,14.8,60,-93.57955345429332,-71.46705354052668,-22.11249991376664,15
HORN2,E,14,13.8,14.8,70,-90.67743968070667,-71.46705354052668,-19.210386140179992,15
HORN2,E,14,13.8,14.8,80,-89.26979542150667,-71.46705354052668,-17.802741880979994,15
HORN2,E,14,13.8,14.8,90,-90.81766484780665,-71.46705354052668,-19.350611307279976,15
HORN2,E,14,13.8,14.8,100,-92.24875755938668,-71.46705354052668,-20.781704018859998,15
HORN2,E,14,13.8,14.8,110,-87.61031649778667,-71.46705354052668,-16.143262957259992,15
HORN2,E,14,13.8,14.8,120,-87.71288363445335,-71.46705354052668,-16.24583009392667,15
HORN2,E,14,13.8,14.8,130,-89.63635870948,-71.46705354052668,-18.16930516895333,15
HORN2,E,14,13.8,14.8,140,-84.07093483484,-71.46705354052668,-12.603881294313325,15
HORN2,E,14,13.8,14.8,150,-92.99638087887334,-71.46705354052668,-21.52932733834666,15
HORN2,E,14,13.8,14.8,160,-91.81009357001999,-71.46705354052668,-20.34304002949331,15
HORN2,E,14,13.8,14.8,170,-92.37925611565333,-71.46705354052668,-20.912202575126656,15
HORN2,E,14,13.8,14.8,180,-95.96508498769334,-71.46705354052668,-24.498031447166667,15
HORN3,E,14,13.8,14.8,0,-71.42356352580667,-71.42356352580667,0.0,15
HORN3,E,14,13.8,14.8,10,-73.84493357130665,-71.42356352580667,-2.421370045499984,15
HORN3,E,14,13.8,14.8,20,-79.08245244543333,-71.42356352580667,-7.658888919626662,15
HORN3,E,14,13.8,14.8,30,-84.61560901530666,-71.42356352580667,-13.19204548949999,15
HORN3,E,14,13.8,14.8,40,-91.58800448430665,-71.42356352580667,-20.16444095849998,15
HORN3,E,14,13.8,14.8,50,-91.56849556098668,-71.42356352580667,-20.144932035180005,15
HORN3,E,14,13.8,14.8,60,-91.54038252583999,-71.42356352580667,-20.116819000033317,15
HORN3,E,14,13.8,14.8,70,-90.03751583968668,-71.42356352580667,-18.613952313880006,15
HORN3,E,14,13.8,14.8,80,-90.33727525062666,-71.42356352580667,-18.91371172481999,15
HORN3,E,14,13.8,14.8,90,-92.26896954824,-71.42356352580667,-20.845406022433323,15
HORN3,E,14,13.8,14.8,100,-92.82290353294,-71.42356352580667,-21.399340007133333,15
HORN3,E,14,13.8,14.8,110,-92.07027289213335,-71.42356352580667,-20.646709366326675,15
HORN3,E,14,13.8,14.8,120,-91.21735857099334,-71.42356352580667,-19.79379504518667,15
HORN3,E,14,13.8,14.8,130,-91.35548170364669,-71.42356352580667,-19.931918177840018,15
HORN3,E,14,13.8,14.8,140,-93.75286477727333,-71.42356352580667,-22.32930125146666,15
HORN3,E,14,13.8,14.8,150,-94.96550582876665,-71.42356352580667,-23.54194230295998,15
HORN3,E,14,13.8,14.8,160,-94.86440467482664,-71.42356352580667,-23.440841149019974,15
HORN3,E,14,13.8,14.8,170,-93.23865025388,-71.42356352580667,-21.815086728073325,15
HORN3,E,14,13.8,14.8,180,-94.09520853632667,-71.42356352580667,-22.671645010519995,15
HORN4,E,14,13.8,14.8,0,-72.65391612246,-72.65391612246,0.0,15
HORN4,E,14,13.8,14.8,10,-74.61540693696,-72.65391612246,-1.9614908144999958,15
HORN4,E,14,13.8,14.8,20,-81.38175449010001,-72.65391612246,-8.727838367640004,15
HORN4,E,14,13.8,14.8,30,-85.69601420470002,-72.65391612246,-13.042098082240017,15
HORN4,E,14,13.8,14.8,40,-93.06947037887998,-72.65391612246,-20.41555425641998,15
HORN4,E,14,13.8,14.8,50,-91.70929775102667,-72.65391612246,-19.055381628566664,15
HORN4,E,14,13.8,14.8,60,-92.62412721398665,-72.65391612246,-19.97021109152665,15
HORN4,E,14,13.8,14.8,70,-94.05213204810666,-72.65391612246,-21.398215925646653,15
HORN4,E,14,13.8,14.8,80,-93.20908914223332,-72.65391612246,-20.55517301977332,15
HORN4,E,14,13.8,14.8,90,-94.23362020965331,-72.65391612246,-21.579704087193306,15
HORN4,E,14,13.8,14.8,100,-92.31115276817332,-72.65391612246,-19.65723664571331,15
HORN4,E,14,13.8,14.8,110,-94.26917714244665,-72.65391612246,-21.615261019986647,15
HORN4,E,14,13.8,14.8,120,-92.21855615217333,-72.65391612246,-19.56464002971333,15
HORN4,E,14,13.8,14.8,130,-97.85736789489334,-72.65391612246,-25.20345177243334,15
HORN4,E,14,13.8,14.8,140,-97.36960786085334,-72.65391612246,-24.715691738393332,15
HORN4,E,14,13.8,14.8,150,-94.25604330501999,-72.65391612246,-21.602127182559983,15
HORN4,E,14,13.8,14.8,160,-95.29450920702,-72.65391612246,-22.640593084559995,15
HORN4,E,14,13.8,14.8,170,-94.31151127829334,-72.65391612246,-21.657595155833334,15
HORN4,E,14,13.8,14.8,180,-92.29784659120669,-72.65391612246,-19.64393046874669,15
HORN5,E,14,13.8,14.8,0,-72.86657938110001,-72.86657938110001,0.0,15
HORN5,E,14,13.8,14.8,10,-75.35301465931335,-72.86657938110001,-2.486435278213335,15
HORN5,E,14,13.8,14.8,20,-81.78740500179333,-72.86657938110001,-8.920825620693321,15
HORN5,E,14,13.8,14.8,30,-86.3531008886,-72.86657938110001,-13.486521507499987,15
HORN5,E,14,13.8,14.8,40,-93.40618383807333,-72.86657938110001,-20.539604456973322,15
HORN5,E,14,13.8,14.8,50,-91.69099332305333,-72.86657938110001,-18.824413941953324,15
HORN5,E,14,13.8,14.8,60,-95.72358394755999,-72.86657938110001,-22.857004566459977,15
HORN5,E,14,13.8,14.8,70,-94.37065885778665,-72.86657938110001,-21.50407947668664,15
HORN5,E,14,13.8,14.8,80,-92.67969065222,-72.86657938110001,-19.813111271119993,15
HORN5,E,14,13.8,14.8,90,-93.33173239154002,-72.86657938110001,-20.465153010440005,15
HORN5,E,14,13.8,14.8,100,-93.92206442616,-72.86657938110001,-21.055485045059996,15
HORN5,E,14,13.8,14.8,110,-93.32757344646,-72.86657938110001,-20.460994065359984,15
HORN5,E,14,13.8,14.8,120,-96.12540225434,-72.86657938110001,-23.258822873239993,15
HORN5,E,14,13.8,14.8,130,-92.27510266739333,-72.86657938110001,-19.408523286293317,15
HORN5,E,14,13.8,14.8,140,-96.55130108737333,-72.86657938110001,-23.684721706273322,15
HORN5,E,14,13.8,14.8,150,-94.22820306402,-72.86657938110001,-21.361623682919983,15
HORN5,E,14,13.8,14.8,160,-93.89507632570667,-72.86657938110001,-21.02849694460666,15
HORN5,E,14,13.8,14.8,170,-97.46975048765334,-72.86657938110001,-24.603171106553333,15
HORN5,E,14,13.8,14.8,180,-96.79611285362002,-72.86657938110001,-23.929533472520006,15
HORN6,E,14,13.8,14.8,0,-75.19475471886668,-75.19475471886668,0.0,15
HORN6,E,14,13.8,14.8,10,-78.3292730989,-75.19475471886668,-3.1345183800333274,15
HORN6,E,14,13.8,14.8,20,-84.69513033819334,-75.19475471886668,-9.500375619326661,15
HORN6,E,14,13.8,14.8,30,-87.99346649279332,-75.19475471886668,-12.798711773926641,15
HORN6,E,14,13.8,14.8,40,-94.48833479802002,-75.19475471886668,-19.293580079153344,15
HORN6,E,14,13.8,14.8,50,-93.25634369133331,-75.19475471886668,-18.061588972466637,15
HORN6,E,14,13.8,14.8,60,-94.50214382909999,-75.19475471886668,-19.307389110233316,15
HORN6,E,14,13.8,14.8,70,-97.44425766878666,-75.19475471886668,-22.249502949919986,15
HORN6,E,14,13.8,14.8,80,-92.68045760770664,-75.19475471886668,-17.485702888839967,15
HORN6,E,14,13.8,14.8,90,-93.14036323040003,-75.19475471886668,-17.94560851153335,15
HORN6,E,14,13.8,14.8,100,-92.83954582038669,-75.19475471886668,-17.644791101520013,15
HORN6,E,14,13.8,14.8,110,-92.92130975017334,-75.19475471886668,-17.72655503130666,15
HORN6,E,14,13.8,14.8,120,-93.41899025366668,-75.19475471886668,-18.224235534800002,15
HORN6,E,14,13.8,14.8,130,-94.13367864552669,-75.19475471886668,-18.93892392666001,15
HORN6,E,14,13.8,14.8,140,-92.96735696891334,-75.19475471886668,-17.77260225004666,15
HORN6,E,14,13.8,14.8,150,-95.10041118848,-75.19475471886668,-19.90565646961332,15
HORN6,E,14,13.8,14.8,160,-96.26514142056,-75.19475471886668,-21.070386701693323,15
HORN6,E,14,13.8,14.8,170,-94.09015225729335,-75.19475471886668,-18.89539753842668,15
HORN6,E,14,13.8,14.8,180,-94.4275739931,-75.19475471886668,-19.23281927423332,15
HORN7,E,14,13.8,14.8,0,-74.94858968063333,-74.94858968063333,0.0,15
HORN7,E,14,13.8,14.8,10,-77.07340319454,-74.94858968063333,-2.1248135139066733,15
HORN7,E,14,13.8,14.8,20,-83.43246711278668,-74.94858968063333,-8.48387743215335,15
HORN7,E,14,13.8,14.8,30,-89.09054157305998,-74.94858968063333,-14.141951892426647,15
HORN7,E,14,13.8,14.8,40,-97.65935593764,-74.94858968063333,-22.710766257006668,15
HORN7,E,14,13.8,14.8,50,-95.08499536177332,-74.94858968063333,-20.13640568113999,15
HORN7,E,14,13.8,14.8,60,-96.17251941661333,-74.94858968063333,-21.223929735979993,15
HORN7,E,14,13.8,14.8,70,-90.66210802030665,-74.94858968063333,-15.713518339673314,15
HORN7,E,14,13.8,14.8,80,-92.66679388671999,-74.94858968063333,-17.718204206086654,15
HORN7,E,14,13.8,14.8,90,-92.85555240692666,-74.94858968063333,-17.90696272629333,15
HORN7,E,14,13.8,14.8,100,-94.19554349791335,-74.94858968063333,-19.246953817280016,15
HORN7,E,14,13.8,14.8,110,-94.08285264809335,-74.94858968063333,-19.134262967460018,15
HORN7,E,14,13.8,14.8,120,-94.13697068660665,-74.94858968063333,-19.188381005973312,15
HORN7,E,14,13.8,14.8,130,-93.78711573429334,-74.94858968063333,-18.838526053660004,15
HORN7,E,14,13.8,14.8,140,-95.90129395757332,-74.94858968063333,-20.952704276939983,15
HORN7,E,14,13.8,14.8,150,-93.37217682898668,-74.94858968063333,-18.42358714835335,15
HORN7,E,14,13.8,14.8,160,-95.91025670728001,-74.94858968063333,-20.96166702664668,15
HORN7,E,14,13.8,14.8,170,-91.42610936334668,-74.94858968063333,-16.47751968271335,15
HORN7,E,14,13.8,14.8,180,-92.2693628962667,-74.94858968063333,-17.320773215633366,15
HORN8,E,14,13.8,14.8,0,-78.21893864308666,-78.21893864308666,0.0,15
HORN8,E,14,13.8,14.8,10,-81.0948011796,-78.21893864308666,-2.8758625365133383,15
HORN8,E,14,13.8,14.8,20,-86.83461655572002,-78.21893864308666,-8.615677912633359,15
HORN8,E,14,13.8,14.8,30,-89.83726683945333,-78.21893864308666,-11.618328196366676,15
HORN8,E,14,13.8,14.8,40,-94.53841261281333,-78.21893864308666,-16.319473969726673,15
HORN8,E,14,13.8,14.8,50,-94.50579433599334,-78.21893864308666,-16.286855692906684,15
HORN8,E,14,13.8,14.8,60,-95.38184078944664,-78.21893864308666,-17.162902146359983,15
HORN8,E,14,13.8,14.8,70,-93.12791032455999,-78.21893864308666,-14.908971681473332,15
HORN8,E,14,13.8,14.8,80,-93.38036628388666,-78.21893864308666,-15.1614276408,15
HORN8,E,14,13.8,14.8,90,-93.32877075196667,-78.21893864308666,-15.109832108880013,15
HORN8,E,14,13.8,14.8,100,-93.07647547321999,-78.21893864308666,-14.857536830133327,15
HORN8,E,14,13.8,14.8,110,-93.09611811316664,-78.21893864308666,-14.87717947007998,15
HORN8,E,14,13.8,14.8,120,-94.68309151084668,-78.21893864308666,-16.46415286776002,15
HORN8,E,14,13.8,14.8,130,-94.06388060599998,-78.21893864308666,-15.844941962913325,15
HORN8,E,14,13.8,14.8,140,-93.84299507468,-78.21893864308666,-15.624056431593345,15
HORN8,E,14,13.8,14.8,150,-93.38807735054002,-78.21893864308666,-15.169138707453357,15
HORN8,E,14,13.8,14.8,160,-91.62128991022001,-78.21893864308666,-13.402351267133355,15
HORN8,E,14,13.8,14.8,170,-95.21261946092667,-78.21893864308666,-16.993680817840016,15
HORN8,E,14,13.8,14.8,180,-93.49667412294,-78.21893864308666,-15.277735479853334,15
HORN1,E,15,14.8,15.8,0,-61.4471516390375,-61.4471516390375,0.0,16
HORN1,E,15,14.8,15.8,10,-65.44950744883124,-61.4471516390375,-4.002355809793741,16
HORN1,E,15,14.8,15.8,20,-73.20766004555,-61.4471516390375,-11.7605084065125,16
HORN1,E,15,14.8,15.8,30,-79.25767157956875,-61.4471516390375,-17.81051994053125,16
HORN1,E,15,14.8,15.8,40,-84.3581300338625,-61.4471516390375,-22.910978394824994,16
HORN1,E,15,14.8,15.8,50,-89.04943584208125,-61.4471516390375,-27.60228420304375,16
HORN1,E,15,14.8,15.8,60,-91.854220270025,-61.4471516390375,-30.407068630987496,16
HORN1,E,15,14.8,15.8,70,-88.86240605453125,-61.4471516390375,-27.41525441549375,16
HORN1,E,15,14.8,15.8,80,-86.73081962685,-61.4471516390375,-25.283667987812507,16
HORN1,E,15,14.8,15.8,90,-85.3933837009625,-61.4471516390375,-23.946232061925002,16
HORN1,E,15,14.8,15.8,100,-86.12245794800626,-61.4471516390375,-24.675306308968757,16
HORN1,E,15,14.8,15.8,110,-88.74065719631875,-61.4471516390375,-27.29350555728125,16
HORN1,E,15,14.8,15.8,120,-90.92496143035626,-61.4471516390375,-29.477809791318762,16
HORN1,E,15,14.8,15.8,130,-90.4724076906875,-61.4471516390375,-29.025256051650004,16
HORN1,E,15,14.8,15.8,140,-89.1140707878125,-61.4471516390375,-27.666919148774994,16
HORN1,E,15,14.8,15.8,150,-91.9642680310875,-61.4471516390375,-30.51711639205,16
HORN1,E,15,14.8,15.8,160,-90.14643828236875,-61.4471516390375,-28.69928664333125,16
HORN1,E,15,14.8,15.8,170,-86.48639627509375,-61.4471516390375,-25.039244636056253,16
HORN1,E,15,14.8,15.8,180,-84.60959592373125,-61.4471516390375,-23.16244428469375,16
HORN2,E,15,14.8,15.8,0,-71.1035671933875,-71.1035671933875,0.0,16
HORN2,E,15,14.8,15.8,10,-73.11596145217499,-71.1035671933875,-2.012394258787481,16
HORN2,E,15,14.8,15.8,20,-78.89653946986249,-71.1035671933875,-7.792972276474984,16
HORN2,E,15,14.8,15.8,30,-84.1054578914,-71.1035671933875,-13.001890698012488,16
HORN2,E,15,14.8,15.8,40,-90.80946374700625,-71.1035671933875,-19.705896553618743,16
HORN2,E,15,14.8,15.8,50,-93.35519891385626,-71.1035671933875,-22.25163172046875,16
HORN2,E,15,14.8,15.8,60,-94.953096545,-71.1035671933875,-23.84952935161249,16
HORN2,E,15,14.8,15.8,70,-94.5725681283125,-71.1035671933875,-23.469000934924992,16
HORN2,E,15,14.8,15.8,80,-96.5481118649625,-71.1035671933875,-25.444544671574988,16
HORN2,E,15,14.8,15.8,90,-92.46049848226875,-71.1035671933875,-21.356931288881242,16
HORN2,E,15,14.8,15.8,100,-94.2402645610625,-71.1035671933875,-23.136697367674998,16
HORN2,E,15,14.8,15.8,110,-88.73277195531875,-71.1035671933875,-17.62920476193125,16
HORN2,E,15,14.8,15.8,120,-87.62246692304375,-71.1035671933875,-16.51889972965624,16
HORN2,E,15,14.8,15.8,130,-89.50890348494374,-71.1035671933875,-18.40533629155624,16
HORN2,E,15,14.8,15.8,140,-87.214215734525,-71.1035671933875,-16.110648541137493,16
HORN2,E,15,14.8,15.8,150,-93.64248675278125,-71.1035671933875,-22.538919559393747,16
HORN2,E,15,14.8,15.8,160,-95.10365976195625,-71.1035671933875,-24.000092568568746,16
HORN2,E,15,14.8,15.8,170,-92.3774406756625,-71.1035671933875,-21.273873482274993,16
HORN2,E,15,14.8,15.8,180,-90.50176775756876,-71.1035671933875,-19.398200564181252,16
HORN3,E,15,14.8,15.8,0,-70.2414595013625,-70.2414595013625,0.0,16
HORN3,E,15,14.8,15.8,10,-72.3044086332875,-70.2414595013625,-2.062949131924995,16
HORN3,E,15,14.8,15.8,20,-77.79219903785625,-70.2414595013625,-7.550739536493751,16
HORN3,E,15,14.8,15.8,30,-83.2567047314125,-70.2414595013625,-13.015245230049999,16
HORN3,E,15,14.8,15.8,40,-88.14256884544375,-70.2414595013625,-17.90110934408125,16
HORN3,E,15,14.8,15.8,50,-91.784965256875,-70.2414595013625,-21.5435057555125,16
HORN3,E,15,14.8,15.8,60,-93.33431953981875,-70.2414595013625,-23.09286003845625,16
HORN3,E,15,14.8,15.8,70,-92.78564111015625,-70.2414595013625,-22.54418160879375,16
HORN3,E,15,14.8,15.8,80,-91.23645496874374,-70.2414595013625,-20.994995467381244,16
HORN3,E,15,14.8,15.8,90,-92.923411217975,-70.2414595013625,-22.681951716612502,16
HORN3,E,15,14.8,15.8,100,-97.36438406508125,-70.2414595013625,-27.122924563718755,16
HORN3,E,15,14.8,15.8,110,-95.63319958628749,-70.2414595013625,-25.39174008492499,16
HORN3,E,15,14.8,15.8,120,-93.1586385554125,-70.2414595013625,-22.917179054049996,16
HORN3,E,15,14.8,15.8,130,-91.720193777775,-70.2414595013625,-21.478734276412496,16
HORN3,E,15,14.8,15.8,140,-95.27955919101875,-70.2414595013625,-25.03809968965625,16
HORN3,E,15,14.8,15.8,150,-98.218219096175,-70.2414595013625,-27.976759594812506,16
HORN3,E,15,14.8,15.8,160,-96.98029729008125,-70.2414595013625,-26.738837788718754,16
HORN3,E,15,14.8,15.8,170,-96.11031816426876,-70.2414595013625,-25.868858662906263,16
HORN3,E,15,14.8,15.8,180,-91.35002920074375,-70.2414595013625,-21.10856969938125,16
HORN4,E,15,14.8,15.8,0,-71.88065406200624,-71.88065406200624,0.0,16
HORN4,E,15,14.8,15.8,10,-73.24813477697501,-71.88065406200624,-1.3674807149687638,16
HORN4,E,15,14.8,15.8,20,-79.183444242925,-71.88065406200624,-7.3027901809187625,16
HORN4,E,15,14.8,15.8,30,-83.25901042473126,-71.88065406200624,-11.378356362725015,16
HORN4,E,15,14.8,15.8,40,-93.02447164650624,-71.88065406200624,-21.1438175845,16
HORN4,E,15,14.8,15.8,50,-91.82184453241874,-71.88065406200624,-19.941190470412494,16
HORN4,E,15,14.8,15.8,60,-94.28224818195,-71.88065406200624,-22.401594119943752,16
HORN4,E,15,14.8,15.8,70,-94.01087246569375,-71.88065406200624,-22.130218403687508,16
HORN4,E,15,14.8,15.8,80,-93.60105281586875,-71.88065406200624,-21.72039875386251,16
HORN4,E,15,14.8,15.8,90,-93.13187484275001,-71.88065406200624,-21.251220780743765,16
HORN4,E,15,14.8,15.8,100,-96.19004742921875,-71.88065406200624,-24.309393367212508,16
HORN4,E,15,14.8,15.8,110,-94.14613208376875,-71.88065406200624,-22.265478021762505,16
HORN4,E,15,14.8,15.8,120,-93.3149790744875,-71.88065406200624,-21.434325012481253,16
HORN4,E,15,14.8,15.8,130,-97.21304618978749,-71.88065406200624,-25.332392127781247,16
HORN4,E,15,14.8,15.8,140,-97.44225035666875,-71.88065406200624,-25.561596294662507,16
HORN4,E,15,14.8,15.8,150,-96.3339412684125,-71.88065406200624,-24.45328720640626,16
HORN4,E,15,14.8,15.8,160,-95.3147299763875,-71.88065406200624,-23.434075914381253,16
HORN4,E,15,14.8,15.8,170,-94.07506016678126,-71.88065406200624,-22.194406104775013,16
HORN4,E,15,14.8,15.8,180,-94.58941663787499,-71.88065406200624,-22.708762575868747,16
HORN5,E,15,14.8,15.8,0,-72.528473928025,-72.528473928025,0.0,16
HORN5,E,15,14.8,15.8,10,-74.3445878885875,-72.528473928025,-1.8161139605625038,16
HORN5,E,15,14.8,15.8,20,-80.07371435838124,-72.528473928025,-7.545240430356245,16
HORN5,E,15,14.8,15.8,30,-86.44724358453125,-72.528473928025,-13.918769656506257,16
HORN5,E,15,14.8,15.8,40,-93.23413263340001,-72.528473928025,-20.705658705375015,16
HORN5,E,15,14.8,15.8,50,-92.5081298882375,-72.528473928025,-19.97965596021251,16
HORN5,E,15,14.8,15.8,60,-97.14929237619376,-72.528473928025,-24.620818448168762,16
HORN5,E,15,14.8,15.8,70,-94.29392839151876,-72.528473928025,-21.765454463493768,16
HORN5,E,15,14.8,15.8,80,-97.8593959020125,-72.528473928025,-25.3309219739875,16
HORN5,E,15,14.8,15.8,90,-94.718701743025,-72.528473928025,-22.190227815,16
HORN5,E,15,14.8,15.8,100,-94.47832026135625,-72.528473928025,-21.94984633333125,16
HORN5,E,15,14.8,15.8,110,-95.8817193892375,-72.528473928025,-23.35324546121251,16
HORN5,E,15,14.8,15.8,120,-95.67616588954375,-72.528473928025,-23.14769196151876,16
HORN5,E,15,14.8,15.8,130,-97.52512790265001,-72.528473928025,-24.99665397462502,16
HORN5,E,15,14.8,15.8,140,-97.5285419009125,-72.528473928025,-25.000067972887507,16
HORN5,E,15,14.8,15.8,150,-97.2694166158375,-72.528473928025,-24.740942687812506,16
HORN5,E,15,14.8,15.8,160,-97.286563303875,-72.528473928025,-24.758089375850005,16
HORN5,E,15,14.8,15.8,170,-94.44696218858125,-72.528473928025,-21.91848826055626,16
HORN5,E,15,14.8,15.8,180,-97.69935689320626,-72.528473928025,-25.170882965181264,16
HORN6,E,15,14.8,15.8,0,-74.24138072110625,-74.24138072110625,0.0,16
HORN6,E,15,14.8,15.8,10,-76.93864541381875,-74.24138072110625,-2.697264692712494,16
HORN6,E,15,14.8,15.8,20,-82.62354492065626,-74.24138072110625,-8.382164199550004,16
HORN6,E,15,14.8,15.8,30,-86.88263860825626,-74.24138072110625,-12.641257887150005,16
HORN6,E,15,14.8,15.8,40,-96.52030115606874,-74.24138072110625,-22.278920434962487,16
HORN6,E,15,14.8,15.8,50,-93.6589006225625,-74.24138072110625,-19.417519901456245,16
HORN6,E,15,14.8,15.8,60,-95.60582219040626,-74.24138072110625,-21.364441469300004,16
HORN6,E,15,14.8,15.8,70,-95.52760023038124,-74.24138072110625,-21.286219509274986,16
HORN6,E,15,14.8,15.8,80,-94.48210843468749,-74.24138072110625,-20.240727713581236,16
HORN6,E,15,14.8,15.8,90,-94.68801313669374,-74.24138072110625,-20.446632415587487,16
HORN6,E,15,14.8,15.8,100,-95.7656199676875,-74.24138072110625,-21.524239246581246,16
HORN6,E,15,14.8,15.8,110,-95.97716083982499,-74.24138072110625,-21.735780118718736,16
HORN6,E,15,14.8,15.8,120,-93.3310147439875,-74.24138072110625,-19.089634022881242,16
HORN6,E,15,14.8,15.8,130,-95.52802046260625,-74.24138072110625,-21.286639741499997,16
HORN6,E,15,14.8,15.8,140,-95.97484668621874,-74.24138072110625,-21.733465965112487,16
HORN6,E,15,14.8,15.8,150,-94.67221748225626,-74.24138072110625,-20.430836761150005,16
HORN6,E,15,14.8,15.8,160,-95.02183494555001,-74.24138072110625,-20.78045422444376,16
HORN6,E,15,14.8,15.8,170,-95.4457522210125,-74.24138072110625,-21.204371499906244,16
HORN6,E,15,14.8,15.8,180,-93.94854445000624,-74.24138072110625,-19.707163728899985,16
HORN7,E,15,14.8,15.8,0,-73.96024982141874,-73.96024982141874,0.0,16
HORN7,E,15,14.8,15.8,10,-75.47733769816875,-73.96024982141874,-1.5170878767500113,16
HORN7,E,15,14.8,15.8,20,-81.97439591650624,-73.96024982141874,-8.014146095087497,16
HORN7,E,15,14.8,15.8,30,-87.496015522875,-73.96024982141874,-13.535765701456256,16
HORN7,E,15,14.8,15.8,40,-94.58592683168125,-73.96024982141874,-20.625677010262507,16
HORN7,E,15,14.8,15.8,50,-94.83549495726875,-73.96024982141874,-20.875245135850008,16
HORN7,E,15,14.8,15.8,60,-96.01255556756249,-73.96024982141874,-22.052305746143745,16
HORN7,E,15,14.8,15.8,70,-92.35738946476874,-73.96024982141874,-18.397139643350002,16
HORN7,E,15,14.8,15.8,80,-91.256429575875,-73.96024982141874,-17.29617975445626,16
HORN7,E,15,14.8,15.8,90,-93.13178046020624,-73.96024982141874,-19.1715306387875,16
HORN7,E,15,14.8,15.8,100,-94.7558992183875,-73.96024982141874,-20.795649396968756,16
HORN7,E,15,14.8,15.8,110,-94.383800921375,-73.96024982141874,-20.423551099956256,16
HORN7,E,15,14.8,15.8,120,-92.08073453215,-73.96024982141874,-18.12048471073126,16
HORN7,E,15,14.8,15.8,130,-95.18909845278125,-73.96024982141874,-21.22884863136251,16
HORN7,E,15,14.8,15.8,140,-95.34885352768751,-73.96024982141874,-21.388603706268768,16
HORN7,E,15,14.8,15.8,150,-96.5036500281875,-73.96024982141874,-22.54340020676875,16
HORN7,E,15,14.8,15.8,160,-97.943213223975,-73.96024982141874,-23.98296340255625,16
HORN7,E,15,14.8,15.8,170,-98.30162873411251,-73.96024982141874,-24.34137891269377,16
HORN7,E,15,14.8,15.8,180,-94.72764216143125,-73.96024982141874,-20.767392340012506,16
HORN8,E,15,14.8,15.8,0,-76.53921685740625,-76.53921685740625,0.0,16
HORN8,E,15,14.8,15.8,10,-79.11737604635624,-76.53921685740625,-2.5781591889499964,16
HORN8,E,15,14.8,15.8,20,-86.04470168495625,-76.53921685740625,-9.505484827550006,16
HORN8,E,15,14.8,15.8,30,-89.53479862532501,-76.53921685740625,-12.995581767918765,16
HORN8,E,15,14.8,15.8,40,-94.617000625325,-76.53921685740625,-18.07778376791876,16
HORN8,E,15,14.8,15.8,50,-93.20965422656874,-76.53921685740625,-16.6704373691625,16
HORN8,E,15,14.8,15.8,60,-95.7234253707,-76.53921685740625,-19.184208513293754,16
HORN8,E,15,14.8,15.8,70,-92.57496903291874,-76.53921685740625,-16.0357521755125,16
HORN8,E,15,14.8,15.8,80,-94.33162291401875,-76.53921685740625,-17.792406056612506,16
HORN8,E,15,14.8,15.8,90,-94.77873512593125,-76.53921685740625,-18.239518268525003,16
HORN8,E,15,14.8,15.8,100,-95.91551447871875,-76.53921685740625,-19.376297621312503,16
HORN8,E,15,14.8,15.8,110,-95.56717626685625,-76.53921685740625,-19.027959409450006,16
HORN8,E,15,14.8,15.8,120,-94.025279494575,-76.53921685740625,-17.486062637168757,16
HORN8,E,15,14.8,15.8,130,-94.46352872123126,-76.53921685740625,-17.92431186382501,16
HORN8,E,15,14.8,15.8,140,-95.825707085275,-76.53921685740625,-19.286490227868754,16
HORN8,E,15,14.8,15.8,150,-96.62395070596875,-76.53921685740625,-20.084733848562507,16
HORN8,E,15,14.8,15.8,160,-96.2188690521875,-76.53921685740625,-19.679652194781255,16
HORN8,E,15,14.8,15.8,170,-96.05551076895625,-76.53921685740625,-19.516293911550008,16
HORN8,E,15,14.8,15.8,180,-94.528954738425,-76.53921685740625,-17.989737881018755,16
HORN1,E,16,15.8,16.8,0,-60.76949238504,-60.76949238504,0.0,15
HORN1,E,16,15.8,16.8,10,-64.75028990954,-60.76949238504,-3.980797524499998,15
HORN1,E,16,15.8,16.8,20,-72.35677216458,-60.76949238504,-11.58727977953999,15
HORN1,E,16,15.8,16.8,30,-78.89227089418667,-60.76949238504,-18.122778509146663,15
HORN1,E,16,15.8,16.8,40,-81.52851013395333,-60.76949238504,-20.75901774891333,15
HORN1,E,16,15.8,16.8,50,-87.53999587996667,-60.76949238504,-26.770503494926665,15
HORN1,E,16,15.8,16.8,60,-86.17033493592,-60.76949238504,-25.400842550879993,15
HORN1,E,16,15.8,16.8,70,-86.84949688633999,-60.76949238504,-26.08000450129999,15
HORN1,E,16,15.8,16.8,80,-86.97276594968666,-60.76949238504,-26.203273564646658,15
HORN1,E,16,15.8,16.8,90,-86.61529178685333,-60.76949238504,-25.84579940181333,15
HORN1,E,16,15.8,16.8,100,-89.43341967022,-60.76949238504,-28.66392728518,15
HORN1,E,16,15.8,16.8,110,-91.08263435742667,-60.76949238504,-30.313141972386667,15
HORN1,E,16,15.8,16.8,120,-90.27224671954667,-60.76949238504,-29.50275433450667,15
HORN1,E,16,15.8,16.8,130,-90.98271155121333,-60.76949238504,-30.213219166173324,15
HORN1,E,16,15.8,16.8,140,-92.63306450289335,-60.76949238504,-31.863572117853344,15
HORN1,E,16,15.8,16.8,150,-93.06141629024,-60.76949238504,-32.2919239052,15
HORN1,E,16,15.8,16.8,160,-93.53245693249336,-60.76949238504,-32.76296454745336,15
HORN1,E,16,15.8,16.8,170,-96.10591611925335,-60.76949238504,-35.33642373421335,15
HORN1,E,16,15.8,16.8,180,-90.31165863912666,-60.76949238504,-29.54216625408666,15
HORN2,E,16,15.8,16.8,0,-71.63340933895333,-71.63340933895333,0.0,15
HORN2,E,16,15.8,16.8,10,-72.41945212006665,-71.63340933895333,-0.7860427811133235,15
HORN2,E,16,15.8,16.8,20,-77.91138296043333,-71.63340933895333,-6.277973621480001,15
HORN2,E,16,15.8,16.8,30,-84.50595276504666,-71.63340933895333,-12.87254342609333,15
HORN2,E,16,15.8,16.8,40,-88.60420613443333,-71.63340933895333,-16.97079679548,15
HORN2,E,16,15.8,16.8,50,-92.39451260260667,-71.63340933895333,-20.76110326365334,15
HORN2,E,16,15.8,16.8,60,-94.56486845792001,-71.63340933895333,-22.931459118966686,15
HORN2,E,16,15.8,16.8,70,-93.23145173042667,-71.63340933895333,-21.598042391473342,15
HORN2,E,16,15.8,16.8,80,-91.26974397438667,-71.63340933895333,-19.636334635433343,15
HORN2,E,16,15.8,16.8,90,-92.71939250322667,-71.63340933895333,-21.085983164273344,15
HORN2,E,16,15.8,16.8,100,-93.34170552873334,-71.63340933895333,-21.708296189780015,15
HORN2,E,16,15.8,16.8,110,-92.44786914368,-71.63340933895333,-20.814459804726667,15
HORN2,E,16,15.8,16.8,120,-88.43781191993334,-71.63340933895333,-16.80440258098001,15
HORN2,E,16,15.8,16.8,130,-93.85336622216,-71.63340933895333,-22.219956883206677,15
HORN2,E,16,15.8,16.8,140,-89.46685188349332,-71.63340933895333,-17.83344254453999,15
HORN2,E,16,15.8,16.8,150,-94.22838751351331,-71.63340933895333,-22.594978174559984,15
HORN2,E,16,15.8,16.8,160,-94.79213742923334,-71.63340933895333,-23.158728090280007,15
HORN2,E,16,15.8,16.8,170,-95.99043698397331,-71.63340933895333,-24.357027645019983,15
HORN2,E,16,15.8,16.8,180,-92.24847880217999,-71.63340933895333,-20.61506946322666,15
HORN3,E,16,15.8,16.8,0,-69.75944609485333,-69.75944609485333,0.0,15
HORN3,E,16,15.8,16.8,10,-71.81737552454665,-69.75944609485333,-2.057929429693317,15
HORN3,E,16,15.8,16.8,20,-77.92321222296,-69.75944609485333,-8.163766128106673,15
HORN3,E,16,15.8,16.8,30,-83.32658610105334,-69.75944609485333,-13.567140006200006,15
HORN3,E,16,15.8,16.8,40,-87.77936261364,-69.75944609485333,-18.019916518786673,15
HORN3,E,16,15.8,16.8,50,-93.33741651718667,-69.75944609485333,-23.577970422333337,15
HORN3,E,16,15.8,16.8,60,-97.36358042378667,-69.75944609485333,-27.60413432893334,15
HORN3,E,16,15.8,16.8,70,-93.21757117777332,-69.75944609485333,-23.45812508291999,15
HORN3,E,16,15.8,16.8,80,-93.1851270143,-69.75944609485333,-23.425680919446663,15
HORN3,E,16,15.8,16.8,90,-90.7896978882,-69.75944609485333,-21.030251793346665,15
HORN3,E,16,15.8,16.8,100,-90.71449193254001,-69.75944609485333,-20.955045837686683,15
HORN3,E,16,15.8,16.8,110,-93.36058799600667,-69.75944609485333,-23.60114190115334,15
HORN3,E,16,15.8,16.8,120,-93.33942686909334,-69.75944609485333,-23.579980774240013,15
HORN3,E,16,15.8,16.8,130,-94.27183082851336,-69.75944609485333,-24.512384733660028,15
HORN3,E,16,15.8,16.8,140,-97.98133723273334,-69.75944609485333,-28.221891137880007,15
HORN3,E,16,15.8,16.8,150,-97.18761963971333,-69.75944609485333,-27.42817354486,15
HORN3,E,16,15.8,16.8,160,-95.608035748,-69.75944609485333,-25.848589653146675,15
HORN3,E,16,15.8,16.8,170,-96.69765080116002,-69.75944609485333,-26.938204706306692,15
HORN3,E,16,15.8,16.8,180,-97.25267352910669,-69.75944609485333,-27.493227434253356,15
HORN4,E,16,15.8,16.8,0,-71.2040087661,-71.2040087661,0.0,15
HORN4,E,16,15.8,16.8,10,-72.53623576992665,-71.2040087661,-1.3322270038266453,15
HORN4,E,16,15.8,16.8,20,-79.14926606040667,-71.2040087661,-7.945257294306671,15
HORN4,E,16,15.8,16.8,30,-83.94510683493333,-71.2040087661,-12.741098068833324,15
HORN4,E,16,15.8,16.8,40,-89.62213787429333,-71.2040087661,-18.418129108193327,15
HORN4,E,16,15.8,16.8,50,-92.12271743801334,-71.2040087661,-20.918708671913336,15
HORN4,E,16,15.8,16.8,60,-95.59530569256668,-71.2040087661,-24.39129692646668,15
HORN4,E,16,15.8,16.8,70,-92.92514408828667,-71.2040087661,-21.72113532218667,15
HORN4,E,16,15.8,16.8,80,-89.64779488612,-71.2040087661,-18.443786120019993,15
HORN4,E,16,15.8,16.8,90,-91.76360777654666,-71.2040087661,-20.55959901044666,15
HORN4,E,16,15.8,16.8,100,-96.73328148911997,-71.2040087661,-25.52927272301997,15
HORN4,E,16,15.8,16.8,110,-96.81600696875333,-71.2040087661,-25.611998202653325,15
HORN4,E,16,15.8,16.8,120,-92.39934337395334,-71.2040087661,-21.19533460785334,15
HORN4,E,16,15.8,16.8,130,-95.27536251215999,-71.2040087661,-24.071353746059984,15
HORN4,E,16,15.8,16.8,140,-100.03245460592667,-71.2040087661,-28.82844583982667,15
HORN4,E,16,15.8,16.8,150,-94.40711184035334,-71.2040087661,-23.203103074253335,15
HORN4,E,16,15.8,16.8,160,-97.05480725467334,-71.2040087661,-25.850798488573332,15
HORN4,E,16,15.8,16.8,170,-94.01521652316,-71.2040087661,-22.811207757060004,15
HORN4,E,16,15.8,16.8,180,-99.09900092953998,-71.2040087661,-27.89499216343998,15
HORN5,E,16,15.8,16.8,0,-72.68381785094668,-72.68381785094668,0.0,15
HORN5,E,16,15.8,16.8,10,-74.65809893995333,-72.68381785094668,-1.9742810890066522,15
HORN5,E,16,15.8,16.8,20,-80.59441246240667,-72.68381785094668,-7.9105946114599845,15
HORN5,E,16,15.8,16.8,30,-86.90621414163334,-72.68381785094668,-14.22239629068666,15
HORN5,E,16,15.8,16.8,40,-90.87132307305333,-72.68381785094668,-18.18750522210665,15
HORN5,E,16,15.8,16.8,50,-93.59292967168668,-72.68381785094668,-20.909111820739994,15
HORN5,E,16,15.8,16.8,60,-95.50821822043333,-72.68381785094668,-22.824400369486654,15
HORN5,E,16,15.8,16.8,70,-94.79232979109334,-72.68381785094668,-22.108511940146656,15
HORN5,E,16,15.8,16.8,80,-96.67186524020666,-72.68381785094668,-23.988047389259975,15
HORN5,E,16,15.8,16.8,90,-93.20224605064,-72.68381785094668,-20.518428199693318,15
HORN5,E,16,15.8,16.8,100,-94.83451741002666,-72.68381785094668,-22.150699559079982,15
HORN5,E,16,15.8,16.8,110,-94.56140862266001,-72.68381785094668,-21.87759077171333,15
HORN5,E,16,15.8,16.8,120,-97.19441560936667,-72.68381785094668,-24.51059775841999,15
HORN5,E,16,15.8,16.8,130,-99.60138049453332,-72.68381785094668,-26.917562643586635,15
HORN5,E,16,15.8,16.8,140,-97.38769001307332,-72.68381785094668,-24.703872162126643,15
HORN5,E,16,15.8,16.8,150,-94.94335167495998,-72.68381785094668,-22.259533824013303,15
HORN5,E,16,15.8,16.8,160,-95.48316670784668,-72.68381785094668,-22.799348856899996,15
HORN5,E,16,15.8,16.8,170,-96.65711060340666,-72.68381785094668,-23.973292752459983,15
HORN5,E,16,15.8,16.8,180,-96.53908882822,-72.68381785094668,-23.85527097727332,15
HORN6,E,16,15.8,16.8,0,-74.16955592782668,-74.16955592782668,0.0,15
HORN6,E,16,15.8,16.8,10,-76.28523630286666,-74.16955592782668,-2.115680375039986,15
HORN6,E,16,15.8,16.8,20,-81.96026852726666,-74.16955592782668,-7.790712599439985,15
HORN6,E,16,15.8,16.8,30,-85.50607957111998,-74.16955592782668,-11.336523643293305,15
HORN6,E,16,15.8,16.8,40,-93.36812618825334,-74.16955592782668,-19.198570260426663,15
HORN6,E,16,15.8,16.8,50,-95.20134062806001,-74.16955592782668,-21.03178470023333,15
HORN6,E,16,15.8,16.8,60,-93.90922731537331,-74.16955592782668,-19.739671387546636,15
HORN6,E,16,15.8,16.8,70,-93.37500375578,-74.16955592782668,-19.20544782795332,15
HORN6,E,16,15.8,16.8,80,-93.74369791739998,-74.16955592782668,-19.574141989573306,15
HORN6,E,16,15.8,16.8,90,-95.08371418498668,-74.16955592782668,-20.914158257159997,15
HORN6,E,16,15.8,16.8,100,-95.44002338325332,-74.16955592782668,-21.27046745542664,15
HORN6,E,16,15.8,16.8,110,-98.34050139131334,-74.16955592782668,-24.17094546348666,15
HORN6,E,16,15.8,16.8,120,-96.17075444535335,-74.16955592782668,-22.001198517526674,15
HORN6,E,16,15.8,16.8,130,-96.15810327638664,-74.16955592782668,-21.988547348559962,15
HORN6,E,16,15.8,16.8,140,-96.27089924015999,-74.16955592782668,-22.101343312333313,15
HORN6,E,16,15.8,16.8,150,-97.0865920222,-74.16955592782668,-22.917036094373316,15
HORN6,E,16,15.8,16.8,160,-99.75427192959333,-74.16955592782668,-25.58471600176665,15
HORN6,E,16,15.8,16.8,170,-95.58492894983334,-74.16955592782668,-21.415373022006662,15
HORN6,E,16,15.8,16.8,180,-97.53582647374,-74.16955592782668,-23.366270545913324,15
HORN7,E,16,15.8,16.8,0,-73.83813387764667,-73.83813387764667,0.0,15
HORN7,E,16,15.8,16.8,10,-75.26761321431333,-73.83813387764667,-1.4294793366666596,15
HORN7,E,16,15.8,16.8,20,-81.97254253489334,-73.83813387764667,-8.134408657246667,15
HORN7,E,16,15.8,16.8,30,-86.89269941868666,-73.83813387764667,-13.054565541039992,15
HORN7,E,16,15.8,16.8,40,-94.74442091847337,-73.83813387764667,-20.906287040826697,15
HORN7,E,16,15.8,16.8,50,-95.83846905744001,-73.83813387764667,-22.00033517979334,15
HORN7,E,16,15.8,16.8,60,-97.86302106927334,-73.83813387764667,-24.024887191626675,15
HORN7,E,16,15.8,16.8,70,-93.28468100630667,-73.83813387764667,-19.44654712866,15
HORN7,E,16,15.8,16.8,80,-93.1646345086,-73.83813387764667,-19.326500630953333,15
HORN7,E,16,15.8,16.8,90,-92.14373710382,-73.83813387764667,-18.305603226173332,15
HORN7,E,16,15.8,16.8,100,-95.41044976779999,-73.83813387764667,-21.57231589015332,15
HORN7,E,16,15.8,16.8,110,-93.74318244027998,-73.83813387764667,-19.90504856263331,15
HORN7,E,16,15.8,16.8,120,-90.91155311866,-73.83813387764667,-17.073419241013326,15
HORN7,E,16,15.8,16.8,130,-92.83926738373333,-73.83813387764667,-19.00113350608666,15
HORN7,E,16,15.8,16.8,140,-98.55852118206667,-73.83813387764667,-24.72038730442,15
HORN7,E,16,15.8,16.8,150,-96.43691325142001,-73.83813387764667,-22.59877937377334,15
HORN7,E,16,15.8,16.8,160,-94.40927935832669,-73.83813387764667,-20.571145480680016,15
HORN7,E,16,15.8,16.8,170,-93.70256179061334,-73.83813387764667,-19.864427912966676,15
HORN7,E,16,15.8,16.8,180,-92.99950058051999,-73.83813387764667,-19.161366702873323,15
HORN8,E,16,15.8,16.8,0,-75.70198663372,-75.70198663372,0.0,15
HORN8,E,16,15.8,16.8,10,-78.51446062393333,-75.70198663372,-2.812473990213334,15
HORN8,E,16,15.8,16.8,20,-84.62417472726665,-75.70198663372,-8.922188093546652,15
HORN8,E,16,15.8,16.8,30,-89.27787011038666,-75.70198663372,-13.575883476666661,15
HORN8,E,16,15.8,16.8,40,-94.10217443423998,-75.70198663372,-18.400187800519987,15
HORN8,E,16,15.8,16.8,50,-95.92634740304668,-75.70198663372,-20.22436076932668,15
HORN8,E,16,15.8,16.8,60,-97.67818404774,-75.70198663372,-21.976197414020007,15
HORN8,E,16,15.8,16.8,70,-95.48937506127331,-75.70198663372,-19.78738842755331,15
HORN8,E,16,15.8,16.8,80,-95.14062439369333,-75.70198663372,-19.438637759973332,15
HORN8,E,16,15.8,16.8,90,-96.55755974503334,-75.70198663372,-20.855573111313348,15
HORN8,E,16,15.8,16.8,100,-93.74126542826666,-75.70198663372,-18.03927879454666,15
HORN8,E,16,15.8,16.8,110,-95.93653977477332,-75.70198663372,-20.234553141053325,15
HORN8,E,16,15.8,16.8,120,-95.43893093880666,-75.70198663372,-19.736944305086666,15
HORN8,E,16,15.8,16.8,130,-95.42985707492,-75.70198663372,-19.727870441199997,15
HORN8,E,16,15.8,16.8,140,-93.51725588688667,-75.70198663372,-17.815269253166676,15
HORN8,E,16,15.8,16.8,150,-96.83059723896001,-75.70198663372,-21.128610605240013,15
HORN8,E,16,15.8,16.8,160,-93.16634396109333,-75.70198663372,-17.464357327373335,15
HORN8,E,16,15.8,16.8,170,-98.06201074684667,-75.70198663372,-22.36002411312667,15
HORN8,E,16,15.8,16.8,180,-95.36395206428,-75.70198663372,-19.661965430560002,15
HORN1,E,17,16.8,17.8,0,-66.79765686824,-66.79765686824,0.0,15
HORN1,E,17,16.8,17.8,10,-70.20010311164668,-66.79765686824,-3.402446243406686,15
HORN1,E,17,16.8,17.8,20,-78.50190259292667,-66.79765686824,-11.704245724686672,15
HORN1,E,17,16.8,17.8,30,-84.92710798990666,-66.79765686824,-18.129451121666662,15
HORN1,E,17,16.8,17.8,40,-87.48764510720666,-66.79765686824,-20.689988238966663,15
HORN1,E,17,16.8,17.8,50,-90.46106114262001,-66.79765686824,-23.663404274380014,15
HORN1,E,17,16.8,17.8,60,-90.12579616464667,-66.79765686824,-23.328139296406675,15
HORN1,E,17,16.8,17.8,70,-90.78077554299999,-66.79765686824,-23.983118674759993,15
HORN1,E,17,16.8,17.8,80,-90.89186370425999,-66.79765686824,-24.094206836019993,15
HORN1,E,17,16.8,17.8,90,-89.28583564010667,-66.79765686824,-22.48817877186667,15
HORN1,E,17,16.8,17.8,100,-90.73610058167999,-66.79765686824,-23.938443713439995,15
HORN1,E,17,16.8,17.8,110,-91.50703187949333,-66.79765686824,-24.70937501125333,15
HORN1,E,17,16.8,17.8,120,-92.97604759845333,-66.79765686824,-26.178390730213337,15
HORN1,E,17,16.8,17.8,130,-92.19312755500002,-66.79765686824,-25.39547068676002,15
HORN1,E,17,16.8,17.8,140,-93.36705106731333,-66.79765686824,-26.56939419907333,15
HORN1,E,17,16.8,17.8,150,-93.22797687104001,-66.79765686824,-26.430320002800016,15
HORN1,E,17,16.8,17.8,160,-95.8703608204867,-66.79765686824,-29.072703952246698,15
HORN1,E,17,16.8,17.8,170,-93.18836621396667,-66.79765686824,-26.390709345726677,15
HORN1,E,17,16.8,17.8,180,-91.95434393870666,-66.79765686824,-25.15668707046666,15
HORN2,E,17,16.8,17.8,0,-76.80398636808667,-76.80398636808667,0.0,15
HORN2,E,17,16.8,17.8,10,-78.40191773152,-76.80398636808667,-1.5979313634333323,15
HORN2,E,17,16.8,17.8,20,-83.97551749423334,-76.80398636808667,-7.171531126146675,15
HORN2,E,17,16.8,17.8,30,-91.74238760990667,-76.80398636808667,-14.938401241820003,15
HORN2,E,17,16.8,17.8,40,-94.10339010850666,-76.80398636808667,-17.29940374041999,15
HORN2,E,17,16.8,17.8,50,-96.48498396857333,-76.80398636808667,-19.680997600486663,15
HORN2,E,17,16.8,17.8,60,-98.79209818261333,-76.80398636808667,-21.98811181452666,15
HORN2,E,17,16.8,17.8,70,-96.00657152941334,-76.80398636808667,-19.202585161326667,15
HORN2,E,17,16.8,17.8,80,-99.09094135778669,-76.80398636808667,-22.28695498970002,15
HORN2,E,17,16.8,17.8,90,-96.12078308948665,-76.80398636808667,-19.31679672139998,15
HORN2,E,17,16.8,17.8,100,-96.17227000306667,-76.80398636808667,-19.368283634980003,15
HORN2,E,17,16.8,17.8,110,-93.02121011356,-76.80398636808667,-16.217223745473333,15
HORN2,E,17,16.8,17.8,120,-92.63375103095998,-76.80398636808667,-15.829764662873316,15
HORN2,E,17,16.8,17.8,130,-95.50389220396666,-76.80398636808667,-18.69990583587999,15
HORN2,E,17,16.8,17.8,140,-96.51443515068665,-76.80398636808667,-19.710448782599983,15
HORN2,E,17,16.8,17.8,150,-94.75896262605332,-76.80398636808667,-17.95497625796665,15
HORN2,E,17,16.8,17.8,160,-95.47259772327334,-76.80398636808667,-18.66861135518667,15
HORN2,E,17,16.8,17.8,170,-93.16011429224666,-76.80398636808667,-16.356127924159992,15
HORN2,E,17,16.8,17.8,180,-93.94508975947333,-76.80398636808667,-17.141103391386665,15
HORN3,E,17,16.8,17.8,0,-75.32172645248001,-75.32172645248001,0.0,15
HORN3,E,17,16.8,17.8,10,-78.46971536147333,-75.32172645248001,-3.1479889089933266,15
HORN3,E,17,16.8,17.8,20,-85.28726944225333,-75.32172645248001,-9.965542989773326,15
HORN3,E,17,16.8,17.8,30,-89.21117344695999,-75.32172645248001,-13.889446994479982,15
HORN3,E,17,16.8,17.8,40,-94.53067109152,-75.32172645248001,-19.20894463904,15
HORN3,E,17,16.8,17.8,50,-97.68898502,-75.32172645248001,-22.367258567519997,15
HORN3,E,17,16.8,17.8,60,-94.92116394634,-75.32172645248001,-19.599437493859995,15
HORN3,E,17,16.8,17.8,70,-94.28465205973333,-75.32172645248001,-18.962925607253325,15
HORN3,E,17,16.8,17.8,80,-93.75225961919334,-75.32172645248001,-18.43053316671333,15
HORN3,E,17,16.8,17.8,90,-93.77202109416,-75.32172645248001,-18.45029464167999,15
HORN3,E,17,16.8,17.8,100,-95.69578539368,-75.32172645248001,-20.37405894119999,15
HORN3,E,17,16.8,17.8,110,-95.99989942833331,-75.32172645248001,-20.6781729758533,15
HORN3,E,17,16.8,17.8,120,-95.01799774502666,-75.32172645248001,-19.696271292546655,15
HORN3,E,17,16.8,17.8,130,-95.60394546382001,-75.32172645248001,-20.282219011340004,15
HORN3,E,17,16.8,17.8,140,-99.28879711402668,-75.32172645248001,-23.96707066154667,15
HORN3,E,17,16.8,17.8,150,-97.4287224255,-75.32172645248001,-22.10699597301999,15
HORN3,E,17,16.8,17.8,160,-97.97926125641999,-75.32172645248001,-22.65753480393998,15
HORN3,E,17,16.8,17.8,170,-98.36254041611333,-75.32172645248001,-23.040813963633326,15
HORN3,E,17,16.8,17.8,180,-94.55554862349332,-75.32172645248001,-19.233822171013315,15
HORN4,E,17,16.8,17.8,0,-76.11643626547334,-76.11643626547334,0.0,15
HORN4,E,17,16.8,17.8,10,-77.66230813445999,-76.11643626547334,-1.5458718689866515,15
HORN4,E,17,16.8,17.8,20,-83.76212993376,-76.11643626547334,-7.645693668286654,15
HORN4,E,17,16.8,17.8,30,-90.36486627218001,-76.11643626547334,-14.24843000670667,15
HORN4,E,17,16.8,17.8,40,-94.70684079773334,-76.11643626547334,-18.590404532259996,15
HORN4,E,17,16.8,17.8,50,-95.75596460041334,-76.11643626547334,-19.639528334939996,15
HORN4,E,17,16.8,17.8,60,-93.87481544583333,-76.11643626547334,-17.758379180359995,15
HORN4,E,17,16.8,17.8,70,-96.03678810303335,-76.11643626547334,-19.920351837560005,15
HORN4,E,17,16.8,17.8,80,-95.45332433060001,-76.11643626547334,-19.336888065126672,15
HORN4,E,17,16.8,17.8,90,-96.48956115900667,-76.11643626547334,-20.37312489353333,15
HORN4,E,17,16.8,17.8,100,-95.04958750578666,-76.11643626547334,-18.93315124031332,15
HORN4,E,17,16.8,17.8,110,-98.44927706863334,-76.11643626547334,-22.332840803159996,15
HORN4,E,17,16.8,17.8,120,-94.63021891164001,-76.11643626547334,-18.513782646166675,15
HORN4,E,17,16.8,17.8,130,-95.12784466564,-76.11643626547334,-19.01140840016666,15
HORN4,E,17,16.8,17.8,140,-98.74094318290668,-76.11643626547334,-22.624506917433337,15
HORN4,E,17,16.8,17.8,150,-96.39825158885999,-76.11643626547334,-20.281815323386652,15
HORN4,E,17,16.8,17.8,160,-95.75956335368669,-76.11643626547334,-19.643127088213348,15
HORN4,E,17,16.8,17.8,170,-96.64854974372003,-76.11643626547334,-20.532113478246686,15
HORN4,E,17,16.8,17.8,180,-99.38449926340667,-76.11643626547334,-23.268062997933328,15
HORN5,E,17,16.8,17.8,0,-77.41771521250666,-77.41771521250666,0.0,15
HORN5,E,17,16.8,17.8,10,-80.72224791283999,-77.41771521250666,-3.3045327003333256,15
HORN5,E,17,16.8,17.8,20,-86.24787774047331,-77.41771521250666,-8.83016252796665,15
HORN5,E,17,16.8,17.8,30,-92.78813400918668,-77.41771521250666,-15.370418796680013,15
HORN5,E,17,16.8,17.8,40,-95.74357205411334,-77.41771521250666,-18.32585684160668,15
HORN5,E,17,16.8,17.8,50,-96.39125989472001,-77.41771521250666,-18.973544682213344,15
HORN5,E,17,16.8,17.8,60,-97.30046097670666,-77.41771521250666,-19.882745764199996,15
HORN5,E,17,16.8,17.8,70,-97.10961477937332,-77.41771521250666,-19.691899566866653,15
HORN5,E,17,16.8,17.8,80,-97.23240277978667,-77.41771521250666,-19.814687567280004,15
HORN5,E,17,16.8,17.8,90,-96.12797900423334,-77.41771521250666,-18.710263791726675,15
HORN5,E,17,16.8,17.8,100,-95.40290616110666,-77.41771521250666,-17.985190948599993,15
HORN5,E,17,16.8,17.8,110,-96.40207605776,-77.41771521250666,-18.984360845253335,15
HORN5,E,17,16.8,17.8,120,-97.08802484151333,-77.41771521250666,-19.670309629006667,15
HORN5,E,17,16.8,17.8,130,-95.25134182477335,-77.41771521250666,-17.833626612266684,15
HORN5,E,17,16.8,17.8,140,-96.04304620334,-77.41771521250666,-18.625330990833334,15
HORN5,E,17,16.8,17.8,150,-97.51379459740666,-77.41771521250666,-20.096079384899994,15
HORN5,E,17,16.8,17.8,160,-94.79639987268666,-77.41771521250666,-17.37868466018,15
HORN5,E,17,16.8,17.8,170,-96.01178652273332,-77.41771521250666,-18.594071310226653,15
HORN5,E,17,16.8,17.8,180,-95.79165485004665,-77.41771521250666,-18.37393963753999,15
HORN6,E,17,16.8,17.8,0,-80.18440716104001,-80.18440716104001,0.0,15
HORN6,E,17,16.8,17.8,10,-83.29669754976666,-80.18440716104001,-3.112290388726649,15
HORN6,E,17,16.8,17.8,20,-88.39997341633332,-80.18440716104001,-8.21556625529331,15
HORN6,E,17,16.8,17.8,30,-93.21120164279334,-80.18440716104001,-13.026794481753328,15
HORN6,E,17,16.8,17.8,40,-95.14419403559332,-80.18440716104001,-14.959786874553302,15
HORN6,E,17,16.8,17.8,50,-94.13328013824666,-80.18440716104001,-13.948872977206648,15
HORN6,E,17,16.8,17.8,60,-97.71023047347333,-80.18440716104001,-17.525823312433317,15
HORN6,E,17,16.8,17.8,70,-94.34447325039334,-80.18440716104001,-14.160066089353322,15
HORN6,E,17,16.8,17.8,80,-96.39854922598,-80.18440716104001,-16.214142064939992,15
HORN6,E,17,16.8,17.8,90,-95.31422418415335,-80.18440716104001,-15.129817023113333,15
HORN6,E,17,16.8,17.8,100,-95.25639754824667,-80.18440716104001,-15.071990387206654,15
HORN6,E,17,16.8,17.8,110,-98.45965338817332,-80.18440716104001,-18.27524622713331,15
HORN6,E,17,16.8,17.8,120,-98.00346752389332,-80.18440716104001,-17.819060362853307,15
HORN6,E,17,16.8,17.8,130,-96.19711634607333,-80.18440716104001,-16.012709185033316,15
HORN6,E,17,16.8,17.8,140,-98.66236413382666,-80.18440716104001,-18.477956972786643,15
HORN6,E,17,16.8,17.8,150,-97.57988474264667,-80.18440716104001,-17.395477581606656,15
HORN6,E,17,16.8,17.8,160,-101.32730245763334,-80.18440716104001,-21.142895296593323,15
HORN6,E,17,16.8,17.8,170,-95.78281526538,-80.18440716104001,-15.598408104339981,15
HORN6,E,17,16.8,17.8,180,-96.92158167269334,-80.18440716104001,-16.737174511653322,15
HORN7,E,17,16.8,17.8,0,-78.20300747667999,-78.20300747667999,0.0,15
HORN7,E,17,16.8,17.8,10,-80.64440635429999,-78.20300747667999,-2.441398877620003,15
HORN7,E,17,16.8,17.8,20,-88.53724963146001,-78.20300747667999,-10.334242154780028,15
HORN7,E,17,16.8,17.8,30,-91.20340358285334,-78.20300747667999,-13.000396106173355,15
HORN7,E,17,16.8,17.8,40,-97.11548474263333,-78.20300747667999,-18.912477265953342,15
HORN7,E,17,16.8,17.8,50,-97.41188088590667,-78.20300747667999,-19.208873409226683,15
HORN7,E,17,16.8,17.8,60,-98.32405780478001,-78.20300747667999,-20.121050328100026,15
HORN7,E,17,16.8,17.8,70,-95.82970671270002,-78.20300747667999,-17.62669923602003,15
HORN7,E,17,16.8,17.8,80,-96.20859274444,-78.20300747667999,-18.00558526776001,15
HORN7,E,17,16.8,17.8,90,-97.25669247156667,-78.20300747667999,-19.05368499488668,15
HORN7,E,17,16.8,17.8,100,-95.53292550680665,-78.20300747667999,-17.329918030126663,15
HORN7,E,17,16.8,17.8,110,-93.25682434161332,-78.20300747667999,-15.053816864933339,15
HORN7,E,17,16.8,17.8,120,-94.74003365035331,-78.20300747667999,-16.537026173673326,15
HORN7,E,17,16.8,17.8,130,-94.29823976625998,-78.20300747667999,-16.095232289579997,15
HORN7,E,17,16.8,17.8,140,-98.50636155706667,-78.20300747667999,-20.303354080386683,15
HORN7,E,17,16.8,17.8,150,-94.19424174964665,-78.20300747667999,-15.991234272966665,15
HORN7,E,17,16.8,17.8,160,-94.27385508678667,-78.20300747667999,-16.070847610106682,15
HORN7,E,17,16.8,17.8,170,-95.35534130918,-78.20300747667999,-17.15233383250002,15
HORN7,E,17,16.8,17.8,180,-97.96426382863999,-78.20300747667999,-19.76125635196,15
HORN8,E,17,16.8,17.8,0,-82.02170937154666,-82.02170937154666,0.0,15
HORN8,E,17,16.8,17.8,10,-86.03543951763332,-82.02170937154666,-4.013730146086658,15
HORN8,E,17,16.8,17.8,20,-89.96084231838667,-82.02170937154666,-7.9391329468400045,15
HORN8,E,17,16.8,17.8,30,-95.22827797432001,-82.02170937154666,-13.206568602773345,15
HORN8,E,17,16.8,17.8,40,-96.72167212944001,-82.02170937154666,-14.699962757893346,15
HORN8,E,17,16.8,17.8,50,-95.73201232565333,-82.02170937154666,-13.710302954106666,15
HORN8,E,17,16.8,17.8,60,-95.90473703682666,-82.02170937154666,-13.883027665279997,15
HORN8,E,17,16.8,17.8,70,-96.88554536274,-82.02170937154666,-14.86383599119334,15
HORN8,E,17,16.8,17.8,80,-95.98259413704001,-82.02170937154666,-13.960884765493347,15
HORN8,E,17,16.8,17.8,90,-95.22413553976,-82.02170937154666,-13.202426168213336,15
HORN8,E,17,16.8,17.8,100,-96.37905148837999,-82.02170937154666,-14.357342116833323,15
HORN8,E,17,16.8,17.8,110,-94.21007238847334,-82.02170937154666,-12.188363016926672,15
HORN8,E,17,16.8,17.8,120,-96.69893519446666,-82.02170937154666,-14.677225822919993,15
HORN8,E,17,16.8,17.8,130,-95.85540198845334,-82.02170937154666,-13.833692616906674,15
HORN8,E,17,16.8,17.8,140,-95.23123389904,-82.02170937154666,-13.209524527493343,15
HORN8,E,17,16.8,17.8,150,-95.98757130826,-82.02170937154666,-13.965861936713338,15
HORN8,E,17,16.8,17.8,160,-97.3500397009,-82.02170937154666,-15.328330329353335,15
HORN8,E,17,16.8,17.8,170,-95.84065451170001,-82.02170937154666,-13.818945140153346,15
HORN8,E,17,16.8,17.8,180,-96.19660245131334,-82.02170937154666,-14.174893079766676,15
HORN1,E,18,17.8,18.8,0,-66.9783407089,-66.9783407089,0.0,4
HORN1,E,18,17.8,18.8,10,-73.937070654625,-66.9783407089,-6.958729945724997,4
HORN1,E,18,17.8,18.8,20,-84.32696022454999,-66.9783407089,-17.348619515649986,4
HORN1,E,18,17.8,18.8,30,-95.122153600225,-66.9783407089,-28.143812891325,4
HORN1,E,18,17.8,18.8,40,-99.753965763225,-66.9783407089,-32.77562505432499,4
HORN1,E,18,17.8,18.8,50,-93.81054018814999,-66.9783407089,-26.83219947924998,4
HORN1,E,18,17.8,18.8,60,-94.71898804525,-66.9783407089,-27.740647336349994,4
HORN1,E,18,17.8,18.8,70,-89.68793295545001,-66.9783407089,-22.709592246550002,4
HORN1,E,18,17.8,18.8,80,-91.235350433775,-66.9783407089,-24.25700972487499,4
HORN1,E,18,17.8,18.8,90,-88.97721172132499,-66.9783407089,-21.998871012424985,4
HORN1,E,18,17.8,18.8,100,-97.05263633065,-66.9783407089,-30.074295621749997,4
HORN1,E,18,17.8,18.8,110,-91.9725784879,-66.9783407089,-24.994237778999988,4
HORN1,E,18,17.8,18.8,120,-92.10966791152501,-66.9783407089,-25.131327202625002,4
HORN1,E,18,17.8,18.8,130,-93.66725943085,-66.9783407089,-26.68891872194999,4
HORN1,E,18,17.8,18.8,140,-91.34614225685,-66.9783407089,-24.367801547949995,4
HORN1,E,18,17.8,18.8,150,-94.793432226175,-66.9783407089,-27.815091517274993,4
HORN1,E,18,17.8,18.8,160,-98.503105328625,-66.9783407089,-31.52476461972499,4
HORN1,E,18,17.8,18.8,170,-91.64919931782501,-66.9783407089,-24.670858608925002,4
HORN1,E,18,17.8,18.8,180,-97.1370406731,-66.9783407089,-30.158699964199997,4
HORN2,E,18,17.8,18.8,0,-76.7801224732,-76.7801224732,0.0,4
HORN2,E,18,17.8,18.8,10,-78.890382397,-76.7801224732,-2.110259923800001,4
HORN2,E,18,17.8,18.8,20,-86.89488762272501,-76.7801224732,-10.114765149525013,4
HORN2,E,18,17.8,18.8,30,-94.289390543425,-76.7801224732,-17.509268070225005,4
HORN2,E,18,17.8,18.8,40,-94.1783881545,-76.7801224732,-17.398265681300003,4
HORN2,E,18,17.8,18.8,50,-99.000657222075,-76.7801224732,-22.22053474887501,4
HORN2,E,18,17.8,18.8,60,-99.7641380277,-76.7801224732,-22.984015554500004,4
HORN2,E,18,17.8,18.8,70,-93.396746242275,-76.7801224732,-16.616623769075005,4
HORN2,E,18,17.8,18.8,80,-102.22744234597499,-76.7801224732,-25.447319872774997,4
HORN2,E,18,17.8,18.8,90,-103.77211998524999,-76.7801224732,-26.99199751204999,4
HORN2,E,18,17.8,18.8,100,-93.02317207295,-76.7801224732,-16.24304959975001,4
HORN2,E,18,17.8,18.8,110,-94.63905724202499,-76.7801224732,-17.858934768824994,4
HORN2,E,18,17.8,18.8,120,-98.16265521215,-76.7801224732,-21.382532738950005,4
HORN2,E,18,17.8,18.8,130,-95.9108213973,-76.7801224732,-19.130698924100003,4
HORN2,E,18,17.8,18.8,140,-93.34500889762501,-76.7801224732,-16.564886424425012,4
HORN2,E,18,17.8,18.8,150,-97.2605105356,-76.7801224732,-20.48038806240001,4
HORN2,E,18,17.8,18.8,160,-98.2979992291,-76.7801224732,-21.517876755900005,4
HORN2,E,18,17.8,18.8,170,-97.470447935875,-76.7801224732,-20.690325462675005,4
HORN2,E,18,17.8,18.8,180,-93.996651382175,-76.7801224732,-17.216528908975008,4
HORN3,E,18,17.8,18.8,0,-77.335013278775,-77.335013278775,0.0,4
HORN3,E,18,17.8,18.8,10,-80.07349700037499,-77.335013278775,-2.738483721599991,4
HORN3,E,18,17.8,18.8,20,-86.576174410675,-77.335013278775,-9.2411611319,4
HORN3,E,18,17.8,18.8,30,-91.1996472575,-77.335013278775,-13.86463397872501,4
HORN3,E,18,17.8,18.8,40,-96.524855761825,-77.335013278775,-19.18984248305,4
HORN3,E,18,17.8,18.8,50,-98.001646503475,-77.335013278775,-20.666633224700007,4
HORN3,E,18,17.8,18.8,60,-94.07991920787501,-77.335013278775,-16.744905929100014,4
HORN3,E,18,17.8,18.8,70,-93.7615643217,-77.335013278775,-16.426551042925013,4
HORN3,E,18,17.8,18.8,80,-96.80469155855,-77.335013278775,-19.46967827977501,4
HORN3,E,18,17.8,18.8,90,-93.048433894775,-77.335013278775,-15.713420616000008,4
HORN3,E,18,17.8,18.8,100,-93.7707693287,-77.335013278775,-16.435756049925004,4
HORN3,E,18,17.8,18.8,110,-100.48903379104999,-77.335013278775,-23.154020512274997,4
HORN3,E,18,17.8,18.8,120,-93.06966285672499,-77.335013278775,-15.734649577949995,4
HORN3,E,18,17.8,18.8,130,-97.214500632425,-77.335013278775,-19.879487353650006,4
HORN3,E,18,17.8,18.8,140,-101.099973434725,-77.335013278775,-23.764960155950007,4
HORN3,E,18,17.8,18.8,150,-91.554823813675,-77.335013278775,-14.219810534900006,4
HORN3,E,18,17.8,18.8,160,-100.4660891826,-77.335013278775,-23.131075903825007,4
HORN3,E,18,17.8,18.8,170,-96.29772126374999,-77.335013278775,-18.962707984974998,4
HORN3,E,18,17.8,18.8,180,-90.84837588265,-77.335013278775,-13.51336260387501,4
HORN4,E,18,17.8,18.8,0,-78.032709589225,-78.032709589225,0.0,4
HORN4,E,18,17.8,18.8,10,-79.61965973405,-78.032709589225,-1.5869501448250105,4
HORN4,E,18,17.8,18.8,20,-85.95009945277499,-78.032709589225,-7.9173898635499995,4
HORN4,E,18,17.8,18.8,30,-94.70742064142499,-78.032709589225,-16.674711052199996,4
HORN4,E,18,17.8,18.8,40,-95.33047339385,-78.032709589225,-17.297763804625006,4
HORN4,E,18,17.8,18.8,50,-97.59484311435,-78.032709589225,-19.562133525125006,4
HORN4,E,18,17.8,18.8,60,-94.44348227085001,-78.032709589225,-16.41077268162502,4
HORN4,E,18,17.8,18.8,70,-92.71814395122499,-78.032709589225,-14.685434361999995,4
HORN4,E,18,17.8,18.8,80,-93.64979988635,-78.032709589225,-15.617090297125003,4
HORN4,E,18,17.8,18.8,90,-103.2171988399,-78.032709589225,-25.184489250675014,4
HORN4,E,18,17.8,18.8,100,-92.89183183342499,-78.032709589225,-14.859122244199995,4
HORN4,E,18,17.8,18.8,110,-95.2346200291,-78.032709589225,-17.201910439875007,4
HORN4,E,18,17.8,18.8,120,-90.93024834215001,-78.032709589225,-12.897538752925016,4
HORN4,E,18,17.8,18.8,130,-95.13743869105,-78.032709589225,-17.104729101825,4
HORN4,E,18,17.8,18.8,140,-103.34471231360001,-78.032709589225,-25.31200272437502,4
HORN4,E,18,17.8,18.8,150,-92.304220346925,-78.032709589225,-14.271510757700014,4
HORN4,E,18,17.8,18.8,160,-95.09008836955,-78.032709589225,-17.05737878032501,4
HORN4,E,18,17.8,18.8,170,-94.88521922437499,-78.032709589225,-16.85250963515,4
HORN4,E,18,17.8,18.8,180,-99.84553791955,-78.032709589225,-21.812828330325004,4
HORN5,E,18,17.8,18.8,0,-80.154156153675,-80.154156153675,0.0,4
HORN5,E,18,17.8,18.8,10,-83.59762121345,-80.154156153675,-3.4434650597749936,4
HORN5,E,18,17.8,18.8,20,-89.763071875225,-80.154156153675,-9.608915721549991,4
HORN5,E,18,17.8,18.8,30,-100.427629633425,-80.154156153675,-20.273473479749995,4
HORN5,E,18,17.8,18.8,40,-96.28313989237499,-80.154156153675,-16.128983738699986,4
HORN5,E,18,17.8,18.8,50,-99.00072994445,-80.154156153675,-18.846573790774997,4
HORN5,E,18,17.8,18.8,60,-96.35542495125,-80.154156153675,-16.201268797574997,4
HORN5,E,18,17.8,18.8,70,-101.82058800600001,-80.154156153675,-21.666431852325005,4
HORN5,E,18,17.8,18.8,80,-94.7012160078,-80.154156153675,-14.547059854124996,4
HORN5,E,18,17.8,18.8,90,-96.942083279275,-80.154156153675,-16.787927125599992,4
HORN5,E,18,17.8,18.8,100,-94.997124717275,-80.154156153675,-14.842968563599996,4
HORN5,E,18,17.8,18.8,110,-91.763162736875,-80.154156153675,-11.6090065832,4
HORN5,E,18,17.8,18.8,120,-97.13167777260001,-80.154156153675,-16.97752161892501,4
HORN5,E,18,17.8,18.8,130,-95.84108767674999,-80.154156153675,-15.686931523074989,4
HORN5,E,18,17.8,18.8,140,-93.988729534,-80.154156153675,-13.834573380324997,4
HORN5,E,18,17.8,18.8,150,-98.3753338164,-80.154156153675,-18.221177662724998,4
HORN5,E,18,17.8,18.8,160,-95.1082663005,-80.154156153675,-14.954110146825002,4
HORN5,E,18,17.8,18.8,170,-95.10749022557499,-80.154156153675,-14.953334071899988,4
HORN5,E,18,17.8,18.8,180,-94.33255797977499,-80.154156153675,-14.178401826099986,4
HORN6,E,18,17.8,18.8,0,-82.74809842735,-82.74809842735,0.0,4
HORN6,E,18,17.8,18.8,10,-86.307652831125,-82.74809842735,-3.559554403774996,4
HORN6,E,18,17.8,18.8,20,-92.15828987485,-82.74809842735,-9.410191447499997,4
HORN6,E,18,17.8,18.8,30,-92.45593739695,-82.74809842735,-9.707838969600004,4
HORN6,E,18,17.8,18.8,40,-95.249627347475,-82.74809842735,-12.501528920124997,4
HORN6,E,18,17.8,18.8,50,-100.606690687175,-82.74809842735,-17.858592259825002,4
HORN6,E,18,17.8,18.8,60,-93.65829125095,-82.74809842735,-10.9101928236,4
HORN6,E,18,17.8,18.8,70,-93.582144197325,-82.74809842735,-10.834045769974992,4
HORN6,E,18,17.8,18.8,80,-95.2250720429,-82.74809842735,-12.476973615549994,4
HORN6,E,18,17.8,18.8,90,-103.225698517275,-82.74809842735,-20.477600089925005,4
HORN6,E,18,17.8,18.8,100,-93.240873403425,-82.74809842735,-10.492774976074998,4
HORN6,E,18,17.8,18.8,110,-96.64240643369999,-82.74809842735,-13.894308006349988,4
HORN6,E,18,17.8,18.8,120,-98.33619249030001,-82.74809842735,-15.588094062950006,4
HORN6,E,18,17.8,18.8,130,-92.710549107525,-82.74809842735,-9.962450680174996,4
HORN6,E,18,17.8,18.8,140,-97.845182367275,-82.74809842735,-15.097083939925,4
HORN6,E,18,17.8,18.8,150,-95.03703676855,-82.74809842735,-12.288938341199994,4
HORN6,E,18,17.8,18.8,160,-98.653606815925,-82.74809842735,-15.905508388575,4
HORN6,E,18,17.8,18.8,170,-94.76347351367501,-82.74809842735,-12.015375086325008,4
HORN6,E,18,17.8,18.8,180,-96.810970916825,-82.74809842735,-14.062872489474998,4
HORN7,E,18,17.8,18.8,0,-80.28314898369999,-80.28314898369999,0.0,4
HORN7,E,18,17.8,18.8,10,-81.83749106595,-80.28314898369999,-1.5543420822500167,4
HORN7,E,18,17.8,18.8,20,-90.49846558797499,-80.28314898369999,-10.215316604275003,4
HORN7,E,18,17.8,18.8,30,-92.09318176722499,-80.28314898369999,-11.810032783525003,4
HORN7,E,18,17.8,18.8,40,-96.999765468325,-80.28314898369999,-16.716616484625007,4
HORN7,E,18,17.8,18.8,50,-99.816402605575,-80.28314898369999,-19.53325362187502,4
HORN7,E,18,17.8,18.8,60,-95.78862588185,-80.28314898369999,-15.505476898150008,4
HORN7,E,18,17.8,18.8,70,-96.86863290882499,-80.28314898369999,-16.585483925125004,4
HORN7,E,18,17.8,18.8,80,-102.50623075535,-80.28314898369999,-22.223081771650016,4
HORN7,E,18,17.8,18.8,90,-94.71519512277501,-80.28314898369999,-14.432046139075027,4
HORN7,E,18,17.8,18.8,100,-100.62501394695,-80.28314898369999,-20.341864963250018,4
HORN7,E,18,17.8,18.8,110,-94.645341187,-80.28314898369999,-14.362192203300012,4
HORN7,E,18,17.8,18.8,120,-92.850010903625,-80.28314898369999,-12.566861919925017,4
HORN7,E,18,17.8,18.8,130,-93.8453264506,-80.28314898369999,-13.56217746690001,4
HORN7,E,18,17.8,18.8,140,-94.50098190559999,-80.28314898369999,-14.217832921899998,4
HORN7,E,18,17.8,18.8,150,-99.656831357225,-80.28314898369999,-19.373682373525014,4
HORN7,E,18,17.8,18.8,160,-97.08094130092499,-80.28314898369999,-16.797792317225003,4
HORN7,E,18,17.8,18.8,170,-95.36349668265,-80.28314898369999,-15.080347698950007,4
HORN7,E,18,17.8,18.8,180,-94.94417444795002,-80.28314898369999,-14.66102546425003,4
HORN8,E,18,17.8,18.8,0,-86.32834634390001,-86.32834634390001,0.0,4
HORN8,E,18,17.8,18.8,10,-92.32581955945,-86.32834634390001,-5.997473215549988,4
HORN8,E,18,17.8,18.8,20,-95.52761968320002,-86.32834634390001,-9.199273339300007,4
HORN8,E,18,17.8,18.8,30,-96.393670358175,-86.32834634390001,-10.065324014274992,4
HORN8,E,18,17.8,18.8,40,-95.68046820347502,-86.32834634390001,-9.352121859575007,4
HORN8,E,18,17.8,18.8,50,-94.6397944478,-86.32834634390001,-8.311448103899991,4
HORN8,E,18,17.8,18.8,60,-97.660125815925,-86.32834634390001,-11.33177947202499,4
HORN8,E,18,17.8,18.8,70,-96.63756259389999,-86.32834634390001,-10.309216249999977,4
HORN8,E,18,17.8,18.8,80,-98.58932941055001,-86.32834634390001,-12.260983066649999,4
HORN8,E,18,17.8,18.8,90,-95.494884832525,-86.32834634390001,-9.166538488624994,4
HORN8,E,18,17.8,18.8,100,-96.981231095125,-86.32834634390001,-10.652884751224988,4
HORN8,E,18,17.8,18.8,110,-91.735682838625,-86.32834634390001,-5.407336494724987,4
HORN8,E,18,17.8,18.8,120,-93.666206658825,-86.32834634390001,-7.3378603149249955,4
HORN8,E,18,17.8,18.8,130,-92.9277230006,-86.32834634390001,-6.599376656699988,4
HORN8,E,18,17.8,18.8,140,-97.332988057175,-86.32834634390001,-11.004641713274992,4
HORN8,E,18,17.8,18.8,150,-90.37092295517499,-86.32834634390001,-4.042576611274981,4
HORN8,E,18,17.8,18.8,160,-93.9827432013,-86.32834634390001,-7.654396857399988,4
HORN8,E,18,17.8,18.8,170,-94.01733098802501,-86.32834634390001,-7.688984644125,4
HORN8,E,18,17.8,18.8,180,-92.730352504675,-86.32834634390001,-6.402006160774988,4
