Frequency_GHz,Angle_Deg,Sim_dB
10.0,0.0,-27.403059741273523
10.0,0.5,-27.164192723450928
10.0,1.0,-27.164192723450928
10.0,1.5,-26.865029239926642
10.0,2.0,-26.624891273224133
10.0,2.5,-26.443803645218317
10.0,3.0,-26.202682839460465
10.0,3.5,-25.96116895406005
10.0,4.0,-25.778786854771447
10.0,4.5,-25.35353697957016
10.0,5.0,-25.17017504692956
10.0,5.5,-25.045870126998395
10.0,6.0,-24.677745799146276
10.0,6.5,-24.4933406527431
10.0,7.0,-24.18307994801397
10.0,7.5,-23.87195707604279
10.0,8.0,-23.74561747117887
10.0,8.5,-23.492282958001574
10.0,9.0,-23.23813947864751
10.0,9.5,-22.983257106263185
10.0,10.0,-22.727698219211064
10.0,10.5,-22.471518506310737
10.0,11.0,-22.273259098404623
10.0,11.5,-22.015897233156018
10.0,12.0,-21.816358489272826
10.0,12.5,-21.544956491151616
10.0,13.0,-21.34386398017476
10.0,13.5,-21.012266347982965
10.0,14.0,-20.867724193873535
10.0,14.5,-20.664813541105147
10.0,15.0,-20.38839600338717
10.0,15.5,-20.11091122036649
10.0,16.0,-19.832433520626196
10.0,16.5,-19.610120819862217
10.0,17.0,-19.32971182128267
10.0,17.5,-19.105279952035445
10.0,18.0,-18.82317740068616
10.0,18.5,-18.596853756966745
10.0,19.0,-18.369578896408033
10.0,19.5,-18.141400354386334
10.0,20.0,-17.912362721804598
10.0,20.5,-17.661477132957838
10.0,21.0,-17.43043935703627
10.0,21.5,-17.254097961928924
10.0,22.0,-16.99899524947303
10.0,22.5,-16.82037422321274
10.0,23.0,-16.640808622746775
10.0,23.5,-16.381785509426646
10.0,24.0,-16.121372351641348
10.0,24.5,-15.992888541399605
10.0,25.0,-15.72992705904317
10.0,25.5,-15.599060104484959
10.0,26.0,-15.333750760377882
10.0,26.5,-15.120577000289366
10.0,27.0,-14.986204332854136
10.0,27.5,-14.770281632220193
10.0,28.0,-14.552938877489126
10.0,28.5,-14.33422912676355
10.0,29.0,-14.11420313700529
10.0,29.5,-13.892909466585959
10.0,30.0,-13.75191424661385
10.0,30.5,-13.497946633420213
10.0,31.0,-13.272882433308173
10.0,31.5,-13.097445051650595
10.0,32.0,-12.920435879054743
10.0,32.5,-12.691753258725388
10.0,33.0,-12.512014689315361
10.0,33.5,-12.33083050157487
10.0,34.0,-12.065419146022624
10.0,34.5,-11.881335107676719
10.0,35.0,-11.661544203501961
10.0,35.5,-11.47446997189931
10.0,36.0,-11.334244437975435
10.0,36.5,-11.144453409227523
10.0,37.0,-10.917432570362884
10.0,37.5,-10.772127237962206
10.0,38.0,-10.578315221395243
10.0,38.5,-10.346180002987502
10.0,39.0,-10.19615722135481
10.0,39.5,-10.044553607968059
10.0,40.0,-9.807380920893216
10.0,40.5,-9.652658315875975
10.0,41.0,-9.457180683158878
10.0,41.5,-9.21499778095503
10.0,42.0,-9.01547151708671
10.0,42.5,-8.854310200291938
10.0,43.0,-8.650980117350635
10.0,43.5,-8.571142006461947
10.0,44.0,-8.364199156096173
10.0,44.5,-8.155307841749195
10.0,45.0,-8.028834709466032
10.0,45.5,-7.816192296502511
10.0,46.0,-7.686041084429316
10.0,46.5,-7.469817739081645
10.0,47.0,-7.336130766682555
10.0,47.5,-7.1565807192964
10.0,48.0,-7.0191302566758615
10.0,48.5,-6.880011978154865
10.0,49.0,-6.694091619828935
10.0,49.5,-6.551412123752762
10.0,50.0,-6.445280394996768
10.0,50.5,-6.299112036271836
10.0,51.0,-6.104938313991582
10.0,51.5,-6.039204523607825
10.0,52.0,-5.841084274495497
10.0,52.5,-5.724476276869968
10.0,53.0,-5.569986563148035
10.0,53.5,-5.449449645780408
10.0,54.0,-5.278386857700294
10.0,54.5,-5.153296565492763
10.0,55.0,-5.041082635947902
10.0,55.5,-4.896929138910117
10.0,56.0,-4.7657107067783
10.0,56.5,-4.632508086336973
10.0,57.0,-4.497350334386237
10.0,57.5,-4.360266357245266
10.0,58.0,-4.221284894088946
10.0,58.5,-4.111372923902547
10.0,59.0,-3.9682676814734705
10.0,59.5,-3.823352298093454
10.0,60.0,-3.7062621053087383
10.0,60.5,-3.609395060922271
10.0,61.0,-3.4355173740159124
10.0,61.5,-3.363575099262178
10.0,62.0,-3.2090367278154943
10.0,62.5,-3.133196634017345
10.0,63.0,-3.0021150467292195
10.0,63.5,-2.8685543979284667
10.0,64.0,-2.786249387910509
10.0,64.5,-2.6480660482762843
10.0,65.0,-2.561637950282737
10.0,65.5,-2.4732817910816998
10.0,66.0,-2.352504438866273
10.0,66.5,-2.2597173427658745
10.0,67.0,-2.1650607270754634
10.0,67.5,-2.068552456781454
10.0,68.0,-1.970210512781108
10.0,68.5,-1.8918055645807819
10.0,69.0,-1.7894211634908999
10.0,69.5,-1.6707962543180912
10.0,70.0,-1.6199651393245453
10.0,70.5,-1.531186817097499
10.0,71.0,-1.4397396466212733
10.0,71.5,-1.34564768134452
10.0,72.0,-1.2875485254658692
10.0,72.5,-1.2280475534604882
10.0,73.0,-1.1448126975835393
10.0,73.5,-1.081651861910899
10.0,74.0,-1.0335283234585617
10.0,74.5,-0.9414822040140045
10.0,75.0,-0.888284377144803
10.0,75.5,-0.8328810679791339
10.0,76.0,-0.775284097680796
10.0,76.5,-0.7155056660786379
10.0,77.0,-0.6535583395918607
10.0,77.5,-0.6022195598726405
10.0,78.0,-0.5476649875307835
10.0,78.5,-0.513261495216458
10.0,79.0,-0.46544382886168734
10.0,79.5,-0.4026308906060514
10.0,80.0,-0.3751755830851131
10.0,80.5,-0.34661357813860505
10.0,81.0,-0.2953236937408157
10.0,81.5,-0.2717967295241017
10.0,82.0,-0.23814478218782398
10.0,82.5,-0.2112828225941641
10.0,83.0,-0.1825315056734027
10.0,83.5,-0.15875126523396332
10.0,84.0,-0.13206898042638926
10.0,84.5,-0.11360116420335942
10.0,85.0,-0.10249198331616682
10.0,85.5,-0.08000501129636106
10.0,86.0,-0.059886805374421925
10.0,86.5,-0.05193270655043847
10.0,87.0,-0.030600919742791888
10.0,87.5,-0.030600919742791888
10.0,88.0,-0.030600919742791888
10.0,88.5,0.0
10.0,89.0,0.0
10.0,89.5,-0.005032861049784287
10.0,90.0,-0.005032861049784287
10.0,90.5,-0.005032861049784287
10.0,91.0,0.0
10.0,91.5,0.0
10.0,92.0,-0.030600919742791888
10.0,92.5,-0.030600919742791888
10.0,93.0,-0.030600919742791888
10.0,93.5,-0.05193270655043847
10.0,94.0,-0.059886805374421925
10.0,94.5,-0.08000501129636106
10.0,95.0,-0.10249198331616682
10.0,95.5,-0.11360116420335942
10.0,96.0,-0.13206898042638926
10.0,96.5,-0.15875126523396332
10.0,97.0,-0.1825315056734027
10.0,97.5,-0.2112828225941641
10.0,98.0,-0.23814478218782398
10.0,98.5,-0.2717967295241017
10.0,99.0,-0.2953236937408157
10.0,99.5,-0.34661357813860505
10.0,100.0,-0.3751755830851131
10.0,100.5,-0.4026308906060514
10.0,101.0,-0.46544382886168734
10.0,101.5,-0.513261495216458
10.0,102.0,-0.5476649875307835
10.0,102.5,-0.6022195598726405
10.0,103.0,-0.6535583395918607
10.0,103.5,-0.7155056660786379
10.0,104.0,-0.775284097680796
10.0,104.5,-0.8328810679791339
10.0,105.0,-0.888284377144803
10.0,105.5,-0.9414822040140045
10.0,106.0,-1.0335283234585617
10.0,106.5,-1.081651861910899
10.0,107.0,-1.1448126975835393
10.0,107.5,-1.2280475534604882
10.0,108.0,-1.2875485254658692
10.0,108.5,-1.34564768134452
10.0,109.0,-1.4397396466212733
10.0,109.5,-1.531186817097499
10.0,110.0,-1.6199651393245453
10.0,110.5,-1.6707962543180912
10.0,111.0,-1.7894211634908999
10.0,111.5,-1.8918055645807819
10.0,112.0,-1.970210512781108
10.0,112.5,-2.068552456781454
10.0,113.0,-2.1650607270754634
10.0,113.5,-2.2597173427658745
10.0,114.0,-2.352504438866273
10.0,114.5,-2.4732817910816998
10.0,115.0,-2.561637950282737
10.0,115.5,-2.6480660482762843
10.0,116.0,-2.786249387910509
10.0,116.5,-2.8685543979284667
10.0,117.0,-3.0021150467292195
10.0,117.5,-3.133196634017345
10.0,118.0,-3.2090367278154943
10.0,118.5,-3.363575099262178
10.0,119.0,-3.4355173740159124
10.0,119.5,-3.609395060922271
10.0,120.0,-3.7062621053087383
10.0,120.5,-3.823352298093454
10.0,121.0,-3.9682676814734705
10.0,121.5,-4.111372923902547
10.0,122.0,-4.221284894088946
10.0,122.5,-4.360266357245266
10.0,123.0,-4.497350334386237
10.0,123.5,-4.632508086336973
10.0,124.0,-4.7657107067783
10.0,124.5,-4.896929138910117
10.0,125.0,-5.041082635947902
10.0,125.5,-5.153296565492763
10.0,126.0,-5.278386857700294
10.0,126.5,-5.449449645780408
10.0,127.0,-5.569986563148035
10.0,127.5,-5.724476276869968
10.0,128.0,-5.841084274495497
10.0,128.5,-6.039204523607825
10.0,129.0,-6.104938313991582
10.0,129.5,-6.299112036271836
10.0,130.0,-6.445280394996768
10.0,130.5,-6.551412123752762
10.0,131.0,-6.694091619828935
10.0,131.5,-6.880011978154865
10.0,132.0,-7.0191302566758615
10.0,132.5,-7.1565807192964
10.0,133.0,-7.336130766682555
10.0,133.5,-7.469817739081645
10.0,134.0,-7.686041084429316
10.0,134.5,-7.816192296502511
10.0,135.0,-8.028834709466032
10.0,135.5,-8.155307841749195
10.0,136.0,-8.364199156096173
10.0,136.5,-8.569074930235931
10.0,137.0,-8.650980117350635
10.0,137.5,-8.854310200291938
10.0,138.0,-9.01547151708671
10.0,138.5,-9.21499778095503
10.0,139.0,-9.457180683158878
10.0,139.5,-9.652658315875975
10.0,140.0,-9.807380920893216
10.0,140.5,-10.044553607968059
10.0,141.0,-10.19615722135481
10.0,141.5,-10.346180002987502
10.0,142.0,-10.578315221395243
10.0,142.5,-10.772127237962206
10.0,143.0,-10.917432570362884
10.0,143.5,-11.144453409227523
10.0,144.0,-11.334244437975435
10.0,144.5,-11.47446997189931
10.0,145.0,-11.661544203501961
10.0,145.5,-11.881335107676719
10.0,146.0,-12.065419146022624
10.0,146.5,-12.33083050157487
10.0,147.0,-12.512014689315361
10.0,147.5,-12.691753258725388
10.0,148.0,-12.920435879054743
10.0,148.5,-13.097445051650595
10.0,149.0,-13.272882433308173
10.0,149.5,-13.497946633420213
10.0,150.0,-13.75191424661385
10.0,150.5,-13.892909466585959
10.0,151.0,-14.11420313700529
10.0,151.5,-14.33422912676355
10.0,152.0,-14.552938877489126
10.0,152.5,-14.770281632220193
10.0,153.0,-14.986204332854136
10.0,153.5,-15.120577000289366
10.0,154.0,-15.333750760377882
10.0,154.5,-15.599060104484959
10.0,155.0,-15.72992705904317
10.0,155.5,-15.992888541399605
10.0,156.0,-16.121372351641348
10.0,156.5,-16.381785509426646
10.0,157.0,-16.640808622746775
10.0,157.5,-16.82037422321274
10.0,158.0,-16.99899524947303
10.0,158.5,-17.254097961928924
10.0,159.0,-17.43043935703627
10.0,159.5,-17.661477132957838
10.0,160.0,-17.912362721804598
10.0,160.5,-18.141400354386334
10.0,161.0,-18.369578896408033
10.0,161.5,-18.596853756966745
10.0,162.0,-18.82317740068616
10.0,162.5,-18.970316178629687
10.0,163.0,-18.98766431919652
10.0,163.5,-18.98766431919652
10.0,164.0,-19.021595825345138
10.0,164.5,-19.05450086243076
10.0,165.0,-19.89684312395323
10.0,165.5,-19.92738038435283
10.0,166.0,-19.942228315560477
10.0,166.5,-19.971077492654153
10.0,167.0,-19.998790881752583
10.0,167.5,-20.025360452997198
10.0,168.0,-20.05077843672632
10.0,168.5,-20.063053229005263
10.0,169.0,-20.08672985847759
10.0,169.5,-20.1092366834582
10.0,170.0,-20.130566926731845
10.0,170.5,-20.140788795732444
10.0,171.0,-20.160342130881105
10.0,171.5,-20.178703299990516
10.0,172.0,-20.187435038482743
10.0,172.5,-20.20399743922392
10.0,173.0,-20.219354142798608
10.0,173.5,-20.233500340672805
10.0,174.0,-20.240118094563766
10.0,174.5,-20.240118094563766
10.0,175.0,-19.550706168831425
10.0,175.5,-19.550706168831425
10.0,176.0,-19.560007019043304
10.0,176.5,-19.568151071413965
10.0,177.0,-26.202682839460465
10.0,177.5,-26.443803645218317
10.0,178.0,-26.624891273224133
10.0,178.5,-26.865029239926642
10.0,179.0,-27.164192723450928
10.0,179.5,-27.164192723450928
10.0,180.0,-27.403059741273523
10.0,180.5,-27.551893649963617
10.0,181.0,-27.70072755865371
10.0,181.5,-27.997388354747386
10.0,182.0,-28.71239836716822
10.0,182.5,-28.352326491873676
10.0,183.0,-28.590460784825304
10.0,183.5,-28.590460784825304
10.0,184.0,-28.64602036488051
10.0,184.5,-28.883756987905247
10.0,185.0,-28.883756987905247
10.0,185.5,-29.056106302427583
10.0,186.0,-29.056106302427583
10.0,186.5,-29.056106302427583
10.0,187.0,-29.233823014242894
10.0,187.5,-29.41136771343826
10.0,188.0,-29.58869868742339
10.0,188.5,-29.58869868742339
10.0,189.0,-29.579815848373812
10.0,189.5,-29.579815848373812
10.0,190.0,-29.697388313156186
10.0,190.5,-29.814760212099884
10.0,191.0,-29.873359403137332
10.0,191.5,-29.990355942266543
10.0,192.0,-29.990355942266543
10.0,192.5,-29.91946800673144
10.0,193.0,-29.91946800673144
10.0,193.5,-29.977528605297906
10.0,194.0,-30.035484277868417
10.0,194.5,-30.093324241432985
10.0,195.0,-30.1510362094543
10.0,195.5,-30.20860612562094
10.0,196.0,-30.26601784025835
10.0,196.5,-30.323252714849335
10.0,197.0,-30.38028913588133
10.0,197.5,-30.38028913588133
10.0,198.0,-30.437101913625337
10.0,198.5,-30.465381723799624
10.0,199.0,-30.493661533973906
10.0,199.5,-30.549933221457223
10.0,200.0,-30.549933221457223
10.0,200.5,-30.605875758111587
10.0,201.0,-30.605875758111587
10.0,201.5,-30.605875758111587
10.0,202.0,-30.528536012319933
10.0,202.5,-30.661439984771203
10.0,203.0,-30.583482028112492
10.0,203.5,-30.71656688697388
10.0,204.0,-30.63796112092755
10.0,204.5,-30.904381401275497
10.0,205.0,-30.82520790350035
10.0,205.5,-30.82520790350035
10.0,206.0,-30.71856454344845
10.0,206.5,-30.71856454344845
10.0,207.0,-30.745225600527526
10.0,207.5,-30.745225600527526
10.0,208.0,-30.971473142836714
10.0,208.5,-30.971473142836714
10.0,209.0,-30.93101618246139
10.0,209.5,-30.93101618246139
10.0,210.0,-30.93101618246139
10.0,210.5,-30.91604636651085
10.0,211.0,-30.91604636651085
10.0,211.5,-30.982506721239925
10.0,212.0,-30.982506721239925
10.0,212.5,-30.966575277908813
10.0,213.0,-30.966575277908813
10.0,213.5,-31.00518145545949
10.0,214.0,-31.00518145545949
10.0,214.5,-30.977567256937398
10.0,215.0,-30.977567256937398
10.0,215.5,-31.164861441778854
10.0,216.0,-31.164861441778854
10.0,216.5,-31.08162526467046
10.0,217.0,-31.039892186964174
10.0,217.5,-31.039892186964174
10.0,218.0,-31.105347772372365
10.0,218.5,-31.170603141224362
10.0,219.0,-31.170603141224362
10.0,219.5,-31.128669846961877
10.0,220.0,-31.128669846961877
10.0,220.5,-31.171870758712384
10.0,221.0,-31.29904039854754
10.0,221.5,-31.34201162143476
10.0,222.0,-31.34201162143476
10.0,222.5,-31.25777555118546
10.0,223.0,-31.089245145993218
10.0,223.5,-31.089245145993218
10.0,224.0,-31.08222183108326
10.0,224.5,-31.0751985161733
10.0,225.0,-31.068175201263347
10.0,225.5,-31.06115188635339
10.0,226.0,-31.05412857144343
10.0,226.5,-31.05412857144343
10.0,227.0,-31.131382683837007
10.0,227.5,-31.299897067677055
10.0,228.0,-31.309761751532093
10.0,228.5,-31.309761751532093
10.0,229.0,-31.23540648406115
10.0,229.5,-31.16105121659021
10.0,230.0,-31.12865723624115
10.0,230.5,-31.12865723624115
10.0,231.0,-31.170618523363032
10.0,231.5,-31.21251740879197
10.0,232.0,-31.254416294220913
10.0,232.5,-31.296217692543966
10.0,233.0,-31.296217692543966
10.0,233.5,-31.230648309806153
10.0,234.0,-31.15097244310346
10.0,234.5,-31.15097244310346
10.0,235.0,-31.17866735746163
10.0,235.5,-31.206362271819803
10.0,236.0,-31.233918621847263
10.0,236.5,-31.261474971874723
10.0,237.0,-31.28903132190218
10.0,237.5,-31.28903132190218
10.0,238.0,-31.22267797846181
10.0,238.5,-31.176725784716208
10.0,239.0,-31.176725784716208
10.0,239.5,-31.197126934410974
10.0,240.0,-31.217528084105737
10.0,240.5,-31.237929233800504
10.0,241.0,-31.237929233800504
10.0,241.5,-31.237929233800504
10.0,242.0,-31.237929233800504
10.0,242.5,-31.237929233800504
10.0,243.0,-31.237929233800504
10.0,243.5,-31.237929233800504
10.0,244.0,-31.237929233800504
10.0,244.5,-31.237929233800504
10.0,245.0,-31.237929233800504
10.0,245.5,-31.237929233800504
10.0,246.0,-31.237929233800504
10.0,246.5,-31.237929233800504
10.0,247.0,-31.237929233800504
10.0,247.5,-31.237929233800504
10.0,248.0,-31.237929233800504
10.0,248.5,-31.237929233800504
10.0,249.0,-31.237929233800504
10.0,249.5,-31.237929233800504
10.0,250.0,-31.237929233800504
10.0,250.5,-31.237929233800504
10.0,251.0,-31.237929233800504
10.0,251.5,-31.237929233800504
10.0,252.0,-31.237929233800504
10.0,252.5,-31.237929233800504
10.0,253.0,-31.237929233800504
10.0,253.5,-31.237929233800504
10.0,254.0,-31.237929233800504
10.0,254.5,-31.237929233800504
10.0,255.0,-31.237929233800504
10.0,255.5,-31.237929233800504
10.0,256.0,-31.237929233800504
10.0,256.5,-31.237929233800504
10.0,257.0,-31.237929233800504
10.0,257.5,-31.237929233800504
10.0,258.0,-31.237929233800504
10.0,258.5,-31.237929233800504
10.0,259.0,-31.237929233800504
10.0,259.5,-31.237929233800504
10.0,260.0,-31.237929233800504
10.0,260.5,-31.237929233800504
10.0,261.0,-31.237929233800504
10.0,261.5,-31.237929233800504
10.0,262.0,-31.237929233800504
10.0,262.5,-31.237929233800504
10.0,263.0,-31.237929233800504
10.0,263.5,-31.237929233800504
10.0,264.0,-31.237929233800504
10.0,264.5,-31.237929233800504
10.0,265.0,-31.237929233800504
10.0,265.5,-31.237929233800504
10.0,266.0,-31.237929233800504
10.0,266.5,-31.237929233800504
10.0,267.0,-31.237929233800504
10.0,267.5,-31.237929233800504
10.0,268.0,-31.237929233800504
10.0,268.5,-31.237929233800504
10.0,269.0,-31.237929233800504
10.0,269.5,-31.237929233800504
10.0,270.0,-31.237929233800504
10.0,270.5,-31.237929233800504
10.0,271.0,-31.237929233800504
10.0,271.5,-31.237929233800504
10.0,272.0,-31.237929233800504
10.0,272.5,-31.237929233800504
10.0,273.0,-31.237929233800504
10.0,273.5,-31.237929233800504
10.0,274.0,-31.237929233800504
10.0,274.5,-31.237929233800504
10.0,275.0,-31.237929233800504
10.0,275.5,-31.237929233800504
10.0,276.0,-31.237929233800504
10.0,276.5,-31.237929233800504
10.0,277.0,-31.237929233800504
10.0,277.5,-31.237929233800504
10.0,278.0,-31.237929233800504
10.0,278.5,-31.237929233800504
10.0,279.0,-31.237929233800504
10.0,279.5,-31.237929233800504
10.0,280.0,-31.237929233800504
10.0,280.5,-31.237929233800504
10.0,281.0,-31.237929233800504
10.0,281.5,-31.237929233800504
10.0,282.0,-31.237929233800504
10.0,282.5,-31.237929233800504
10.0,283.0,-31.237929233800504
10.0,283.5,-31.237929233800504
10.0,284.0,-31.237929233800504
10.0,284.5,-31.237929233800504
10.0,285.0,-31.237929233800504
10.0,285.5,-31.237929233800504
10.0,286.0,-31.237929233800504
10.0,286.5,-31.237929233800504
10.0,287.0,-31.237929233800504
10.0,287.5,-31.237929233800504
10.0,288.0,-31.237929233800504
10.0,288.5,-31.237929233800504
10.0,289.0,-31.237929233800504
10.0,289.5,-31.237929233800504
10.0,290.0,-31.237929233800504
10.0,290.5,-31.237929233800504
10.0,291.0,-31.237929233800504
10.0,291.5,-31.237929233800504
10.0,292.0,-31.237929233800504
10.0,292.5,-31.237929233800504
10.0,293.0,-31.237929233800504
10.0,293.5,-31.237929233800504
10.0,294.0,-31.237929233800504
10.0,294.5,-31.237929233800504
10.0,295.0,-31.237929233800504
10.0,295.5,-31.237929233800504
10.0,296.0,-31.237929233800504
10.0,296.5,-31.237929233800504
10.0,297.0,-31.237929233800504
10.0,297.5,-31.237929233800504
10.0,298.0,-31.237929233800504
10.0,298.5,-31.237929233800504
10.0,299.0,-31.237929233800504
10.0,299.5,-31.237929233800504
10.0,300.0,-31.217528084105737
10.0,300.5,-31.197126934410974
10.0,301.0,-31.176725784716208
10.0,301.5,-31.176725784716208
10.0,302.0,-31.22267797846181
10.0,302.5,-31.28903132190218
10.0,303.0,-31.28903132190218
10.0,303.5,-31.261474971874723
10.0,304.0,-31.233918621847263
10.0,304.5,-31.206362271819803
10.0,305.0,-31.17866735746163
10.0,305.5,-31.15097244310346
10.0,306.0,-31.15097244310346
10.0,306.5,-31.230648309806153
10.0,307.0,-31.296217692543966
10.0,307.5,-31.296217692543966
10.0,308.0,-31.254416294220913
10.0,308.5,-31.21251740879197
10.0,309.0,-31.170618523363032
10.0,309.5,-31.12865723624115
10.0,310.0,-31.12865723624115
10.0,310.5,-31.16105121659021
10.0,311.0,-31.23540648406115
10.0,311.5,-31.309761751532093
10.0,312.0,-31.309761751532093
10.0,312.5,-31.299897067677055
10.0,313.0,-31.131382683837007
10.0,313.5,-31.05412857144343
10.0,314.0,-31.05412857144343
10.0,314.5,-31.06115188635339
10.0,315.0,-31.068175201263347
10.0,315.5,-31.0751985161733
10.0,316.0,-31.08222183108326
10.0,316.5,-31.089245145993218
10.0,317.0,-31.089245145993218
10.0,317.5,-31.25777555118546
10.0,318.0,-31.34201162143476
10.0,318.5,-31.34201162143476
10.0,319.0,-31.29904039854754
10.0,319.5,-31.171870758712384
10.0,320.0,-31.128669846961877
10.0,320.5,-31.128669846961877
10.0,321.0,-31.170603141224362
10.0,321.5,-31.170603141224362
10.0,322.0,-31.105347772372365
10.0,322.5,-31.039892186964174
10.0,323.0,-31.039892186964174
10.0,323.5,-31.08162526467046
10.0,324.0,-31.164861441778854
10.0,324.5,-31.164861441778854
10.0,325.0,-30.977567256937398
10.0,325.5,-30.977567256937398
10.0,326.0,-31.00518145545949
10.0,326.5,-31.00518145545949
10.0,327.0,-30.966575277908813
10.0,327.5,-30.966575277908813
10.0,328.0,-30.982506721239925
10.0,328.5,-30.982506721239925
10.0,329.0,-30.91604636651085
10.0,329.5,-30.91604636651085
10.0,330.0,-30.93101618246139
10.0,330.5,-30.93101618246139
10.0,331.0,-30.93101618246139
10.0,331.5,-30.971473142836714
10.0,332.0,-30.971473142836714
10.0,332.5,-30.745225600527526
10.0,333.0,-30.745225600527526
10.0,333.5,-30.71856454344845
10.0,334.0,-30.71856454344845
10.0,334.5,-30.82520790350035
10.0,335.0,-30.82520790350035
10.0,335.5,-30.904381401275497
10.0,336.0,-30.63796112092755
10.0,336.5,-30.71656688697388
10.0,337.0,-30.583482028112492
10.0,337.5,-30.661439984771203
10.0,338.0,-30.528536012319933
10.0,338.5,-30.605875758111587
10.0,339.0,-30.605875758111587
10.0,339.5,-30.605875758111587
10.0,340.0,-30.549933221457223
10.0,340.5,-30.549933221457223
10.0,341.0,-30.493661533973906
10.0,341.5,-30.465381723799624
10.0,342.0,-30.437101913625337
10.0,342.5,-30.38028913588133
10.0,343.0,-30.38028913588133
10.0,343.5,-30.323252714849335
10.0,344.0,-30.26601784025835
10.0,344.5,-30.20860612562094
10.0,345.0,-30.1510362094543
10.0,345.5,-30.093324241432985
10.0,346.0,-30.035484277868417
10.0,346.5,-29.977528605297906
10.0,347.0,-29.91946800673144
10.0,347.5,-29.91946800673144
10.0,348.0,-29.990355942266543
10.0,348.5,-29.990355942266543
10.0,349.0,-29.873359403137332
10.0,349.5,-29.814760212099884
10.0,350.0,-29.697388313156186
10.0,350.5,-29.579815848373812
10.0,351.0,-29.579815848373812
10.0,351.5,-29.58869868742339
10.0,352.0,-29.58869868742339
10.0,352.5,-29.41136771343826
10.0,353.0,-29.233823014242894
10.0,353.5,-29.056106302427583
10.0,354.0,-29.056106302427583
10.0,354.5,-29.056106302427583
10.0,355.0,-28.883756987905247
10.0,355.5,-28.883756987905247
10.0,356.0,-28.64602036488051
10.0,356.5,-28.590460784825304
10.0,357.0,-28.590460784825304
10.0,357.5,-28.352326491873676
10.0,358.0,-28.71239836716822
10.0,358.5,-27.997388354747386
10.0,359.0,-27.70072755865371
10.0,359.5,-27.551893649963617
11.0,0.0,-27.999265703333144
11.0,0.5,-27.849996630993427
11.0,1.0,-27.70072755865371
11.0,1.5,-27.461035944163097
11.0,2.0,-27.28026640493995
11.0,2.5,-27.28026640493995
11.0,3.0,-27.039340399425924
11.0,3.5,-26.79793652662952
11.0,4.0,-26.615600279984452
11.0,4.5,-26.432834363189276
11.0,5.0,-26.19028011606057
11.0,5.5,-25.82303941653605
11.0,6.0,-25.698249386235933
11.0,6.5,-25.513877487687132
11.0,7.0,-25.144432003891406
11.0,7.5,-25.01849854393055
11.0,8.0,-24.70681259302271
11.0,8.5,-24.58014106433272
11.0,9.0,-24.2672433302303
11.0,9.5,-24.01245630554914
11.0,10.0,-23.756899977512568
11.0,10.5,-23.500645538889323
11.0,11.0,-23.43078765808596
11.0,11.5,-23.173505218675015
11.0,12.0,-22.97397355255788
11.0,12.5,-22.773731970326107
11.0,13.0,-22.443128378816397
11.0,13.5,-22.241361115610825
11.0,14.0,-22.039029513102907
11.0,14.5,-21.893857903995748
11.0,15.0,-21.61723964064739
11.0,15.5,-21.413031714274858
11.0,16.0,-21.134550189429238
11.0,16.5,-20.986395646233987
11.0,17.0,-20.706125037987377
11.0,17.5,-20.42494650901317
11.0,18.0,-20.199547802636726
11.0,18.5,-19.91659355598127
11.0,19.0,-19.689206593284915
11.0,19.5,-19.460823331057405
11.0,20.0,-19.231498144842973
11.0,20.5,-19.00128172494818
11.0,21.0,-18.77022136534336
11.0,21.5,-18.53836122775202
11.0,22.0,-18.3609704110331
11.0,22.5,-18.049482275827888
11.0,23.0,-17.869893724672366
11.0,23.5,-17.634698873159962
11.0,24.0,-17.37458438953821
11.0,24.5,-17.11302452206587
11.0,25.0,-16.929442476822157
11.0,25.5,-16.745028791985696
11.0,26.0,-16.533571291441138
11.0,26.5,-16.267173847360755
11.0,27.0,-15.999642552801484
11.0,27.5,-15.783817458792303
11.0,28.0,-15.513965705890236
11.0,28.5,-15.295443403584905
11.0,29.0,-15.075524226432318
11.0,29.5,-14.854262607251943
11.0,30.0,-14.631710494232749
11.0,30.5,-14.407917469722957
11.0,31.0,-14.182930864105465
11.0,31.5,-13.956795864793214
11.0,32.0,-13.697789006556619
11.0,32.5,-13.55147864799963
11.0,33.0,-13.2893068998419
11.0,33.5,-13.108004757362405
11.0,34.0,-12.9252413655087
11.0,34.5,-12.74105879437964
11.0,35.0,-12.555497822792436
11.0,35.5,-12.36859797013609
11.0,36.0,-12.145163665181482
11.0,36.5,-11.955319346600113
11.0,37.0,-11.76425688499388
11.0,37.5,-11.535553483413658
11.0,38.0,-11.388632988818244
11.0,38.5,-11.193506504420952
11.0,39.0,-10.95963444711586
11.0,39.5,-10.723971159322879
11.0,40.0,-10.570606271957736
11.0,40.5,-10.331594439859298
11.0,41.0,-10.175092393189736
11.0,41.5,-10.017102751959762
11.0,42.0,-9.773442419673177
11.0,42.5,-9.572100391246245
11.0,43.0,-9.409471667026665
11.0,43.5,-9.204290884518901
11.0,44.0,-9.038665908889001
11.0,44.5,-8.82983098105029
11.0,45.0,-8.619042543224243
11.0,45.5,-8.44904082255384
11.0,46.0,-8.276110204667525
11.0,46.5,-8.103166529054981
11.0,47.0,-7.925889196375465
11.0,47.5,-7.790253717834396
11.0,48.0,-7.613138986721136
11.0,48.5,-7.429649192451485
11.0,49.0,-7.243765307206516
11.0,49.5,-7.101076670672782
11.0,50.0,-6.9109313622978235
11.0,50.5,-6.810885773464886
11.0,51.0,-6.663439116768437
11.0,51.5,-6.504687391655242
11.0,52.0,-6.3064354169004275
11.0,52.5,-6.200972579034435
11.0,53.0,-6.0349938874646405
11.0,53.5,-5.878926801682166
11.0,54.0,-5.708045550642396
11.0,54.5,-5.583074627089445
11.0,55.0,-5.421996919255609
11.0,55.5,-5.244011960921121
11.0,56.0,-5.112951781096736
11.0,56.5,-4.979880149234049
11.0,57.0,-4.844826871971431
11.0,57.5,-4.657392809672675
11.0,58.0,-4.5182005076969425
11.0,58.5,-4.377121183884661
11.0,59.0,-4.234183826627238
11.0,59.5,-4.119466265688498
11.0,60.0,-3.972484944327565
11.0,60.5,-3.8237336723644013
11.0,61.0,-3.7019582466883136
11.0,61.5,-3.6018265641570686
11.0,62.0,-3.4228563381505204
11.0,62.5,-3.2938105780787765
11.0,63.0,-3.188643873113257
11.0,63.5,-3.1087668766173238
11.0,64.0,-2.973231288982152
11.0,64.5,-2.835260514176163
11.0,65.0,-2.749009740419339
11.0,65.5,-2.6064950101571505
11.0,66.0,-2.5161816757519944
11.0,66.5,-2.392809193362197
11.0,67.0,-2.298086983540479
11.0,67.5,-2.2015052169472717
11.0,68.0,-2.069868273810581
11.0,68.5,-2.0245659251730537
11.0,69.0,-1.8875251169375566
11.0,69.5,-1.8385813400146276
11.0,70.0,-1.7321199775665406
11.0,70.5,-1.6071235030467932
11.0,71.0,-1.5526367960223482
11.0,71.5,-1.4588978221936948
11.0,72.0,-1.4010500704005153
11.0,72.5,-1.3204927805424944
11.0,73.0,-1.2190916952066146
11.0,73.5,-1.1556616363313594
11.0,74.0,-1.1071902619864282
11.0,74.5,-1.0146927479556709
11.0,75.0,-0.9611379290080144
11.0,75.5,-0.8906429446552195
11.0,76.0,-0.8331681736901686
11.0,76.5,-0.7735074076389203
11.0,77.0,-0.7116732377558073
11.0,77.5,-0.6604670110692261
11.0,78.0,-0.6060385345359975
11.0,78.5,-0.5367996283215888
11.0,79.0,-0.5127499934297362
11.0,79.5,-0.4506363035655596
11.0,80.0,-0.4235923392705523
11.0,80.5,-0.36617999284424485
11.0,81.0,-0.3358176796006802
11.0,81.5,-0.2803704705528389
11.0,82.0,-0.25448713842773074
11.0,82.5,-0.22671016817876577
11.0,83.0,-0.19704455530841258
11.0,83.5,-0.16549561559531156
11.0,84.0,-0.1382460342300078
11.0,84.5,-0.11360116420335942
11.0,85.0,-0.10810219378350894
11.0,85.5,-0.08482631001831109
11.0,86.0,-0.059886805374421925
11.0,86.5,-0.05596552154371537
11.0,87.0,-0.030600919742791888
11.0,87.5,-0.030600919742791888
11.0,88.0,-0.030600919742791888
11.0,88.5,0.0
11.0,89.0,0.0
11.0,89.5,-0.005032861049784287
11.0,90.0,-0.005032861049784287
11.0,90.5,-0.005032861049784287
11.0,91.0,0.0
11.0,91.5,0.0
11.0,92.0,-0.030600919742791888
11.0,92.5,-0.030600919742791888
11.0,93.0,-0.030600919742791888
11.0,93.5,-0.05596552154371537
11.0,94.0,-0.059886805374421925
11.0,94.5,-0.08482631001831109
11.0,95.0,-0.10810219378350894
11.0,95.5,-0.11360116420335942
11.0,96.0,-0.1382460342300078
11.0,96.5,-0.16549561559531156
11.0,97.0,-0.19704455530841258
11.0,97.5,-0.22671016817876577
11.0,98.0,-0.25448713842773074
11.0,98.5,-0.2803704705528389
11.0,99.0,-0.3358176796006802
11.0,99.5,-0.36617999284424485
11.0,100.0,-0.4235923392705523
11.0,100.5,-0.4506363035655596
11.0,101.0,-0.5127499934297362
11.0,101.5,-0.5367996283215888
11.0,102.0,-0.6060385345359975
11.0,102.5,-0.6604670110692261
11.0,103.0,-0.7116732377558073
11.0,103.5,-0.7735074076389203
11.0,104.0,-0.8331681736901686
11.0,104.5,-0.8906429446552195
11.0,105.0,-0.9611379290080144
11.0,105.5,-1.0146927479556709
11.0,106.0,-1.1071902619864282
11.0,106.5,-1.1556616363313594
11.0,107.0,-1.2190916952066146
11.0,107.5,-1.3204927805424944
11.0,108.0,-1.4010500704005153
11.0,108.5,-1.4588978221936948
11.0,109.0,-1.5526367960223482
11.0,109.5,-1.6071235030467932
11.0,110.0,-1.7321199775665406
11.0,110.5,-1.8385813400146276
11.0,111.0,-1.8875251169375566
11.0,111.5,-2.0245659251730537
11.0,112.0,-2.069868273810581
11.0,112.5,-2.2015052169472717
11.0,113.0,-2.298086983540479
11.0,113.5,-2.392809193362197
11.0,114.0,-2.5161816757519944
11.0,114.5,-2.6064950101571505
11.0,115.0,-2.749009740419339
11.0,115.5,-2.835260514176163
11.0,116.0,-2.973231288982152
11.0,116.5,-3.1087668766173238
11.0,117.0,-3.188643873113257
11.0,117.5,-3.2938105780787765
11.0,118.0,-3.4228563381505204
11.0,118.5,-3.6018265641570686
11.0,119.0,-3.7019582466883136
11.0,119.5,-3.8237336723644013
11.0,120.0,-3.972484944327565
11.0,120.5,-4.119466265688498
11.0,121.0,-4.234183826627238
11.0,121.5,-4.377121183884661
11.0,122.0,-4.5182005076969425
11.0,122.5,-4.657392809672675
11.0,123.0,-4.844826871971431
11.0,123.5,-4.979880149234049
11.0,124.0,-5.112951781096736
11.0,124.5,-5.244011960921121
11.0,125.0,-5.421996919255609
11.0,125.5,-5.583074627089445
11.0,126.0,-5.708045550642396
11.0,126.5,-5.878926801682166
11.0,127.0,-6.0349938874646405
11.0,127.5,-6.200972579034435
11.0,128.0,-6.3064354169004275
11.0,128.5,-6.504687391655242
11.0,129.0,-6.663439116768437
11.0,129.5,-6.810885773464886
11.0,130.0,-6.9109313622978235
11.0,130.5,-7.101076670672782
11.0,131.0,-7.243765307206516
11.0,131.5,-7.429649192451485
11.0,132.0,-7.613138986721136
11.0,132.5,-7.790253717834396
11.0,133.0,-7.925889196375465
11.0,133.5,-8.103166529054981
11.0,134.0,-8.276110204667525
11.0,134.5,-8.44904082255384
11.0,135.0,-8.619042543224243
11.0,135.5,-8.82983098105029
11.0,136.0,-9.038665908889001
11.0,136.5,-9.204290884518901
11.0,137.0,-9.409471667026665
11.0,137.5,-9.572100391246245
11.0,138.0,-9.773442419673177
11.0,138.5,-10.017102751959762
11.0,139.0,-10.175092393189736
11.0,139.5,-10.331594439859298
11.0,140.0,-10.570606271957736
11.0,140.5,-10.723971159322879
11.0,141.0,-10.95963444711586
11.0,141.5,-11.193506504420952
11.0,142.0,-11.388632988818244
11.0,142.5,-11.535553483413658
11.0,143.0,-11.76425688499388
11.0,143.5,-11.955319346600113
11.0,144.0,-12.145163665181482
11.0,144.5,-12.36859797013609
11.0,145.0,-12.555497822792436
11.0,145.5,-12.658086233147262
11.0,146.0,-12.9252413655087
11.0,146.5,-13.108004757362405
11.0,147.0,-13.2893068998419
11.0,147.5,-13.55147864799963
11.0,148.0,-13.697789006556619
11.0,148.5,-13.956795864793214
11.0,149.0,-14.182930864105465
11.0,149.5,-14.407917469722957
11.0,150.0,-14.631710494232749
11.0,150.5,-14.854262607251943
11.0,151.0,-15.075524226432318
11.0,151.5,-15.295443403584905
11.0,152.0,-15.513965705890236
11.0,152.5,-15.783817458792303
11.0,153.0,-15.999642552801484
11.0,153.5,-16.267173847360755
11.0,154.0,-16.533571291441138
11.0,154.5,-16.745028791985696
11.0,155.0,-16.929442476822157
11.0,155.5,-17.11302452206587
11.0,156.0,-17.37458438953821
11.0,156.5,-17.634698873159962
11.0,157.0,-17.869893724672366
11.0,157.5,-18.049482275827888
11.0,158.0,-18.3609704110331
11.0,158.5,-18.53836122775202
11.0,159.0,-18.77022136534336
11.0,159.5,-19.00128172494818
11.0,160.0,-19.231498144842973
11.0,160.5,-19.460823331057405
11.0,161.0,-19.460823331057405
11.0,161.5,-19.388784128929395
11.0,162.0,-19.23702085033957
11.0,162.5,-19.084272244227478
11.0,163.0,-18.98766431919652
11.0,163.5,-18.98766431919652
11.0,164.0,-19.021595825345138
11.0,164.5,-19.05450086243076
11.0,165.0,-19.89684312395323
11.0,165.5,-19.92738038435283
11.0,166.0,-19.942228315560477
11.0,166.5,-19.971077492654153
11.0,167.0,-19.998790881752583
11.0,167.5,-20.025360452997198
11.0,168.0,-20.05077843672632
11.0,168.5,-20.063053229005263
11.0,169.0,-20.08672985847759
11.0,169.5,-20.1092366834582
11.0,170.0,-20.130566926731845
11.0,170.5,-20.140788795732444
11.0,171.0,-20.160342130881105
11.0,171.5,-20.178703299990516
11.0,172.0,-20.187435038482743
11.0,172.5,-20.20399743922392
11.0,173.0,-20.219354142798608
11.0,173.5,-20.233500340672805
11.0,174.0,-20.240118094563766
11.0,174.5,-20.240118094563766
11.0,175.0,-19.550706168831425
11.0,175.5,-19.550706168831425
11.0,176.0,-19.560007019043304
11.0,176.5,-19.568151071413965
11.0,177.0,-27.039340399425924
11.0,177.5,-27.28026640493995
11.0,178.0,-27.28026640493995
11.0,178.5,-27.461035944163097
11.0,179.0,-27.70072755865371
11.0,179.5,-27.849996630993427
11.0,180.0,-27.999265703333144
11.0,180.5,-28.118256406725727
11.0,181.0,-28.237247110118307
11.0,181.5,-28.533663893512486
11.0,182.0,-28.71239836716822
11.0,182.5,-28.71239836716822
11.0,183.0,-28.828538963989264
11.0,183.5,-29.066546287177754
11.0,184.0,-29.066546287177754
11.0,184.5,-29.12136028520668
11.0,185.0,-29.180736000763936
11.0,185.5,-29.180736000763936
11.0,186.0,-29.41811575382465
11.0,186.5,-29.595993273575868
11.0,187.0,-29.595993273575868
11.0,187.5,-29.58869868742339
11.0,188.0,-29.58869868742339
11.0,188.5,-29.706773582475833
11.0,189.0,-29.824707291170206
11.0,189.5,-29.942472705330093
11.0,190.0,-29.942472705330093
11.0,190.5,-29.873359403137332
11.0,191.0,-29.873359403137332
11.0,191.5,-29.990355942266543
11.0,192.0,-30.048739690635934
11.0,192.5,-30.107036463274465
11.0,193.0,-30.165236870150178
11.0,193.5,-30.223330138327974
11.0,194.0,-30.281303851713375
11.0,194.5,-30.339143630791312
11.0,195.0,-30.339143630791312
11.0,195.5,-30.26601784025835
11.0,196.0,-30.26601784025835
11.0,196.5,-30.323252714849335
11.0,197.0,-30.38028913588133
11.0,197.5,-30.38028913588133
11.0,198.0,-30.437101913625337
11.0,198.5,-30.465381723799624
11.0,199.0,-30.493661533973906
11.0,199.5,-30.549933221457223
11.0,200.0,-30.549933221457223
11.0,200.5,-30.605875758111587
11.0,201.0,-30.605875758111587
11.0,201.5,-30.633657871441393
11.0,202.0,-30.661439984771203
11.0,202.5,-30.71656688697388
11.0,203.0,-30.849586011781778
11.0,203.5,-30.904381401275497
11.0,204.0,-30.904381401275497
11.0,204.5,-30.904381401275497
11.0,205.0,-30.82520790350035
11.0,205.5,-30.82520790350035
11.0,206.0,-30.71856454344845
11.0,206.5,-30.71856454344845
11.0,207.0,-30.745225600527526
11.0,207.5,-30.745225600527526
11.0,208.0,-30.971473142836714
11.0,208.5,-30.971473142836714
11.0,209.0,-30.93101618246139
11.0,209.5,-30.93101618246139
11.0,210.0,-30.93101618246139
11.0,210.5,-30.91604636651085
11.0,211.0,-30.91604636651085
11.0,211.5,-30.982506721239925
11.0,212.0,-30.982506721239925
11.0,212.5,-30.966575277908813
11.0,213.0,-30.966575277908813
11.0,213.5,-31.00518145545949
11.0,214.0,-31.00518145545949
11.0,214.5,-30.977567256937398
11.0,215.0,-30.977567256937398
11.0,215.5,-31.164861441778854
11.0,216.0,-31.164861441778854
11.0,216.5,-31.08162526467046
11.0,217.0,-31.039892186964174
11.0,217.5,-31.039892186964174
11.0,218.0,-31.105347772372365
11.0,218.5,-31.170603141224362
11.0,219.0,-31.170603141224362
11.0,219.5,-31.128669846961877
11.0,220.0,-31.128669846961877
11.0,220.5,-31.171870758712384
11.0,221.0,-31.29904039854754
11.0,221.5,-31.34201162143476
11.0,222.0,-31.34201162143476
11.0,222.5,-31.25777555118546
11.0,223.0,-31.089245145993218
11.0,223.5,-31.089245145993218
11.0,224.0,-31.095264794256618
11.0,224.5,-31.101284442520015
11.0,225.0,-31.107304090783416
11.0,225.5,-31.113323739046812
11.0,226.0,-31.11934338731021
11.0,226.5,-31.12536303557361
11.0,227.0,-31.131382683837007
11.0,227.5,-31.299897067677055
11.0,228.0,-31.384117019003035
11.0,228.5,-31.4262013829295
11.0,229.0,-31.4262013829295
11.0,229.5,-31.393868940982728
11.0,230.0,-31.319452135109497
11.0,230.5,-31.245035329236263
11.0,231.0,-31.21251740879197
11.0,231.5,-31.21251740879197
11.0,232.0,-31.254416294220913
11.0,232.5,-31.296217692543966
11.0,233.0,-31.296217692543966
11.0,233.5,-31.230648309806153
11.0,234.0,-31.230648309806153
11.0,234.5,-31.27228501472069
11.0,235.0,-31.27228501472069
11.0,235.5,-31.233918621847263
11.0,236.0,-31.233918621847263
11.0,236.5,-31.261474971874723
11.0,237.0,-31.28903132190218
11.0,237.5,-31.28903132190218
11.0,238.0,-31.28903132190218
11.0,238.5,-31.263680150364355
11.0,239.0,-31.263680150364355
11.0,239.5,-31.371035665707268
11.0,240.0,-31.371035665707268
11.0,240.5,-31.237929233800504
11.0,241.0,-31.22914984242068
11.0,241.5,-31.220370451040854
11.0,242.0,-31.211591059661025
11.0,242.5,-31.2028116682812
11.0,243.0,-31.194032276901375
11.0,243.5,-31.194032276901375
11.0,244.0,-31.19847058588748
11.0,244.5,-31.211688286253413
11.0,245.0,-31.224905986619348
11.0,245.5,-31.238123686985283
11.0,246.0,-31.251341387351214
11.0,246.5,-31.26455908771715
11.0,247.0,-31.331099387395064
11.0,247.5,-31.331099387395064
11.0,248.0,-31.303540382094518
11.0,248.5,-31.20944107711605
11.0,249.0,-31.20944107711605
11.0,249.5,-31.436242942602796
11.0,250.0,-31.436242942602796
11.0,250.5,-31.34201162143476
11.0,251.0,-31.32787419288724
11.0,251.5,-31.313736764339723
11.0,252.0,-31.2995993357922
11.0,252.5,-31.2995993357922
11.0,253.0,-31.37970341016965
11.0,253.5,-31.37970341016965
11.0,254.0,-31.35110807431827
11.0,254.5,-31.290994336688783
11.0,255.0,-31.290994336688783
11.0,255.5,-31.35371743783565
11.0,256.0,-31.401919166319466
11.0,256.5,-31.401919166319466
11.0,257.0,-31.38739779365642
11.0,257.5,-31.37287642099337
11.0,258.0,-31.358355048330328
11.0,258.5,-31.338869054779238
11.0,259.0,-31.319383061228145
11.0,259.5,-31.299897067677055
11.0,260.0,-31.270541868567644
11.0,260.5,-31.241186669458237
11.0,261.0,-31.241186669458237
11.0,261.5,-31.241186669458237
11.0,262.0,-31.241186669458237
11.0,262.5,-31.241186669458237
11.0,263.0,-31.241186669458237
11.0,263.5,-31.241186669458237
11.0,264.0,-31.241186669458237
11.0,264.5,-31.241186669458237
11.0,265.0,-31.241186669458237
11.0,265.5,-31.241186669458237
11.0,266.0,-31.241186669458237
11.0,266.5,-31.241186669458237
11.0,267.0,-31.241186669458237
11.0,267.5,-31.241186669458237
11.0,268.0,-31.241186669458237
11.0,268.5,-31.241186669458237
11.0,269.0,-31.241186669458237
11.0,269.5,-31.241186669458237
11.0,270.0,-31.241186669458237
11.0,270.5,-31.241186669458237
11.0,271.0,-31.241186669458237
11.0,271.5,-31.241186669458237
11.0,272.0,-31.241186669458237
11.0,272.5,-31.241186669458237
11.0,273.0,-31.241186669458237
11.0,273.5,-31.241186669458237
11.0,274.0,-31.241186669458237
11.0,274.5,-31.241186669458237
11.0,275.0,-31.241186669458237
11.0,275.5,-31.241186669458237
11.0,276.0,-31.241186669458237
11.0,276.5,-31.241186669458237
11.0,277.0,-31.241186669458237
11.0,277.5,-31.241186669458237
11.0,278.0,-31.241186669458237
11.0,278.5,-31.241186669458237
11.0,279.0,-31.241186669458237
11.0,279.5,-31.241186669458237
11.0,280.0,-31.270541868567644
11.0,280.5,-31.299897067677055
11.0,281.0,-31.319383061228145
11.0,281.5,-31.338869054779238
11.0,282.0,-31.358355048330328
11.0,282.5,-31.37287642099337
11.0,283.0,-31.38739779365642
11.0,283.5,-31.401919166319466
11.0,284.0,-31.401919166319466
11.0,284.5,-31.35371743783565
11.0,285.0,-31.290994336688783
11.0,285.5,-31.290994336688783
11.0,286.0,-31.35110807431827
11.0,286.5,-31.37970341016965
11.0,287.0,-31.37970341016965
11.0,287.5,-31.2995993357922
11.0,288.0,-31.2995993357922
11.0,288.5,-31.313736764339723
11.0,289.0,-31.32787419288724
11.0,289.5,-31.34201162143476
11.0,290.0,-31.436242942602796
11.0,290.5,-31.436242942602796
11.0,291.0,-31.20944107711605
11.0,291.5,-31.20944107711605
11.0,292.0,-31.303540382094518
11.0,292.5,-31.331099387395064
11.0,293.0,-31.331099387395064
11.0,293.5,-31.26455908771715
11.0,294.0,-31.251341387351214
11.0,294.5,-31.238123686985283
11.0,295.0,-31.224905986619348
11.0,295.5,-31.211688286253413
11.0,296.0,-31.19847058588748
11.0,296.5,-31.194032276901375
11.0,297.0,-31.194032276901375
11.0,297.5,-31.2028116682812
11.0,298.0,-31.211591059661025
11.0,298.5,-31.220370451040854
11.0,299.0,-31.22914984242068
11.0,299.5,-31.237929233800504
11.0,300.0,-31.371035665707268
11.0,300.5,-31.371035665707268
11.0,301.0,-31.263680150364355
11.0,301.5,-31.263680150364355
11.0,302.0,-31.28903132190218
11.0,302.5,-31.28903132190218
11.0,303.0,-31.28903132190218
11.0,303.5,-31.261474971874723
11.0,304.0,-31.233918621847263
11.0,304.5,-31.233918621847263
11.0,305.0,-31.27228501472069
11.0,305.5,-31.27228501472069
11.0,306.0,-31.230648309806153
11.0,306.5,-31.230648309806153
11.0,307.0,-31.296217692543966
11.0,307.5,-31.296217692543966
11.0,308.0,-31.254416294220913
11.0,308.5,-31.21251740879197
11.0,309.0,-31.21251740879197
11.0,309.5,-31.245035329236263
11.0,310.0,-31.319452135109497
11.0,310.5,-31.393868940982728
11.0,311.0,-31.4262013829295
11.0,311.5,-31.4262013829295
11.0,312.0,-31.384117019003035
11.0,312.5,-31.299897067677055
11.0,313.0,-31.131382683837007
11.0,313.5,-31.12536303557361
11.0,314.0,-31.11934338731021
11.0,314.5,-31.113323739046812
11.0,315.0,-31.107304090783416
11.0,315.5,-31.101284442520015
11.0,316.0,-31.095264794256618
11.0,316.5,-31.089245145993218
11.0,317.0,-31.089245145993218
11.0,317.5,-31.25777555118546
11.0,318.0,-31.34201162143476
11.0,318.5,-31.34201162143476
11.0,319.0,-31.29904039854754
11.0,319.5,-31.171870758712384
11.0,320.0,-31.128669846961877
11.0,320.5,-31.128669846961877
11.0,321.0,-31.170603141224362
11.0,321.5,-31.170603141224362
11.0,322.0,-31.105347772372365
11.0,322.5,-31.039892186964174
11.0,323.0,-31.039892186964174
11.0,323.5,-31.08162526467046
11.0,324.0,-31.164861441778854
11.0,324.5,-31.164861441778854
11.0,325.0,-30.977567256937398
11.0,325.5,-30.977567256937398
11.0,326.0,-31.00518145545949
11.0,326.5,-31.00518145545949
11.0,327.0,-30.966575277908813
11.0,327.5,-30.966575277908813
11.0,328.0,-30.982506721239925
11.0,328.5,-30.982506721239925
11.0,329.0,-30.91604636651085
11.0,329.5,-30.91604636651085
11.0,330.0,-30.93101618246139
11.0,330.5,-30.93101618246139
11.0,331.0,-30.93101618246139
11.0,331.5,-30.971473142836714
11.0,332.0,-30.971473142836714
11.0,332.5,-30.745225600527526
11.0,333.0,-30.745225600527526
11.0,333.5,-30.71856454344845
11.0,334.0,-30.71856454344845
11.0,334.5,-30.82520790350035
11.0,335.0,-30.82520790350035
11.0,335.5,-30.904381401275497
11.0,336.0,-30.904381401275497
11.0,336.5,-30.904381401275497
11.0,337.0,-30.849586011781778
11.0,337.5,-30.71656688697388
11.0,338.0,-30.661439984771203
11.0,338.5,-30.633657871441393
11.0,339.0,-30.605875758111587
11.0,339.5,-30.605875758111587
11.0,340.0,-30.549933221457223
11.0,340.5,-30.549933221457223
11.0,341.0,-30.493661533973906
11.0,341.5,-30.465381723799624
11.0,342.0,-30.437101913625337
11.0,342.5,-30.38028913588133
11.0,343.0,-30.38028913588133
11.0,343.5,-30.323252714849335
11.0,344.0,-30.26601784025835
11.0,344.5,-30.26601784025835
11.0,345.0,-30.339143630791312
11.0,345.5,-30.339143630791312
11.0,346.0,-30.281303851713375
11.0,346.5,-30.223330138327974
11.0,347.0,-30.165236870150178
11.0,347.5,-30.107036463274465
11.0,348.0,-30.048739690635934
11.0,348.5,-29.990355942266543
11.0,349.0,-29.873359403137332
11.0,349.5,-29.873359403137332
11.0,350.0,-29.942472705330093
11.0,350.5,-29.942472705330093
11.0,351.0,-29.824707291170206
11.0,351.5,-29.706773582475833
11.0,352.0,-29.58869868742339
11.0,352.5,-29.58869868742339
11.0,353.0,-29.595993273575868
11.0,353.5,-29.595993273575868
11.0,354.0,-29.41811575382465
11.0,354.5,-29.180736000763936
11.0,355.0,-29.180736000763936
11.0,355.5,-29.12136028520668
11.0,356.0,-29.066546287177754
11.0,356.5,-29.066546287177754
11.0,357.0,-28.828538963989264
11.0,357.5,-28.71239836716822
11.0,358.0,-28.71239836716822
11.0,358.5,-28.533663893512486
11.0,359.0,-28.237247110118307
11.0,359.5,-28.118256406725727
12.0,0.0,-28.77433345401065
12.0,0.5,-28.68462398311469
12.0,1.0,-28.68462398311469
12.0,1.5,-28.594914512218732
12.0,2.0,-28.71239836716822
12.0,2.5,-28.35491614754591
12.0,3.0,-28.173695624800377
12.0,3.5,-27.932257400817445
12.0,4.0,-27.74975757115185
12.0,4.5,-27.74975757115185
12.0,5.0,-27.56672671474415
12.0,5.5,-27.38323107067967
12.0,6.0,-27.199326431916095
12.0,6.5,-27.015060102768143
12.0,7.0,-26.83047243708541
12.0,7.5,-26.704725576165472
12.0,8.0,-26.334125997849522
12.0,8.5,-26.207460461197428
12.0,9.0,-26.080491846249533
12.0,9.5,-25.76696237457559
12.0,10.0,-25.580548317343432
12.0,10.5,-25.32458661071754
12.0,11.0,-25.06779477982534
12.0,11.5,-24.9391167473326
12.0,12.0,-24.68124754976568
12.0,12.5,-24.422754103382978
12.0,13.0,-24.221753980906634
12.0,13.5,-23.962085707935632
12.0,14.0,-23.75977844736635
12.0,14.5,-23.556829261817114
12.0,15.0,-23.353284503105247
12.0,15.5,-23.018259349251522
12.0,16.0,-22.813462362552038
12.0,16.5,-22.608200265662084
12.0,17.0,-22.327976882267187
12.0,17.5,-22.121623891457155
12.0,18.0,-21.839741478636014
12.0,18.5,-21.556939247654263
12.0,19.0,-21.27329143613355
12.0,19.5,-21.044981944787565
12.0,20.0,-20.759674514852534
12.0,20.5,-20.52946659205137
12.0,21.0,-20.375459638928895
12.0,21.5,-20.143689168223613
12.0,22.0,-19.833325721447913
12.0,22.5,-19.59961483089338
12.0,23.0,-19.365150110633348
12.0,23.5,-19.184582352750216
12.0,24.0,-18.94856013055557
12.0,24.5,-18.68704962203161
12.0,25.0,-18.50338935722707
12.0,25.5,-18.318802388579584
12.0,26.0,-18.053494056973047
12.0,26.5,-17.86695639501164
12.0,27.0,-17.599323728866825
12.0,27.5,-17.411013804735006
12.0,28.0,-17.193801517262163
12.0,28.5,-16.92274426720895
12.0,29.0,-16.650669879620246
12.0,29.5,-16.510747993235704
12.0,30.0,-16.236738178837538
12.0,30.5,-15.931447159481
12.0,31.0,-15.70636535459624
12.0,31.5,-15.480030492566417
12.0,32.0,-15.25249403693212
12.0,32.5,-15.023804922709925
12.0,33.0,-14.794009691757566
12.0,33.5,-14.530057310254417
12.0,34.0,-14.380630717302555
12.0,34.5,-14.113599680367702
12.0,35.0,-13.927909219248523
12.0,35.5,-13.692385388019058
12.0,36.0,-13.420844332392566
12.0,36.5,-13.23116643220704
12.0,37.0,-13.040184097662408
12.0,37.5,-12.764311120332998
12.0,38.0,-12.533882460877265
12.0,38.5,-12.33878026234369
12.0,39.0,-12.104844620223957
12.0,39.5,-11.823199849050056
12.0,40.0,-11.585908262236277
12.0,40.5,-11.430938650319174
12.0,41.0,-11.229530114273267
12.0,41.5,-10.98756023354995
12.0,42.0,-10.788119161722989
12.0,42.5,-10.542642948204929
12.0,43.0,-10.37994718342176
12.0,43.5,-10.131546744922268
12.0,44.0,-9.92446669773777
12.0,44.5,-9.757299606929848
12.0,45.0,-9.546511357481837
12.0,45.5,-9.376453042136774
12.0,46.0,-9.1621424565575
12.0,46.5,-9.03022884912141
12.0,47.0,-8.812184959275413
12.0,47.5,-8.592359317707384
12.0,48.0,-8.454982152054747
12.0,48.5,-8.276488212503889
12.0,49.0,-8.09086171191396
12.0,49.5,-7.948321605907406
12.0,50.0,-7.72013764234579
12.0,50.5,-7.528216917923686
12.0,51.0,-7.334022720852893
12.0,51.5,-7.1844519499862685
12.0,52.0,-6.986212504891768
12.0,52.5,-6.833312976772554
12.0,53.0,-6.631198802510426
12.0,53.5,-6.475106906001621
12.0,54.0,-6.304133556188134
12.0,54.5,-6.095942697550193
12.0,55.0,-5.983762116473727
12.0,55.5,-5.756754288837904
12.0,56.0,-5.625571131976102
12.0,56.5,-5.459642090592553
12.0,57.0,-5.274699306730742
12.0,57.5,-5.137618195743837
12.0,58.0,-4.9985845037462795
12.0,58.5,-4.806656142602332
12.0,59.0,-4.663552026957113
12.0,59.5,-4.518591600721141
12.0,60.0,-4.4235254923970935
12.0,60.5,-4.252381588974469
12.0,61.0,-4.101612676305905
12.0,61.5,-3.977341978681224
12.0,62.0,-3.8227166858674018
12.0,62.5,-3.6937321169601205
12.0,63.0,-3.535374140680574
12.0,63.5,-3.4018089074783617
12.0,64.0,-3.26575313217862
12.0,64.5,-3.155722703520553
12.0,65.0,-3.0404863785737426
12.0,65.5,-2.927249854625053
12.0,66.0,-2.806543064221607
12.0,66.5,-2.6589867519617805
12.0,67.0,-2.5641315817054036
12.0,67.5,-2.4674008482902714
12.0,68.0,-2.368813054128612
12.0,68.5,-2.234506076391167
12.0,69.0,-2.1316576628245336
12.0,69.5,-2.0270145517723286
12.0,70.0,-1.9408366274357256
12.0,70.5,-1.832231643592241
12.0,71.0,-1.74116960815644
12.0,71.5,-1.6474339592324796
12.0,72.0,-1.5510495640325388
12.0,72.5,-1.4520416719475406
12.0,73.0,-1.390347439980708
12.0,73.5,-1.3272609657788834
12.0,74.0,-1.2381696695366635
12.0,74.5,-1.1714487740739337
12.0,75.0,-1.0764425530163564
12.0,75.5,-1.0209314771648152
12.0,76.0,-0.9489164741457046
12.0,76.5,-0.8589611330248879
12.0,77.0,-0.7962682034808424
12.0,77.5,-0.7641098373271014
12.0,78.0,-0.7105293209046195
12.0,78.5,-0.641971200956089
12.0,79.0,-0.5825620904661015
12.0,79.5,-0.5199686260876675
12.0,80.0,-0.49263755521070607
12.0,80.5,-0.43464522882937473
12.0,81.0,-0.39470318179179387
12.0,81.5,-0.33937822078124924
12.0,82.0,-0.3054281921204769
12.0,82.5,-0.2781704065895667
12.0,83.0,-0.24169429831846045
12.0,83.5,-0.21798209395202406
12.0,84.0,-0.1850623716391837
12.0,84.5,-0.15611011994564095
12.0,85.0,-0.12426515422667705
12.0,85.5,-0.094134612092315
12.0,86.0,-0.059886805374421925
12.0,86.5,-0.059886805374421925
12.0,87.0,-0.030600919742791888
12.0,87.5,-0.030600919742791888
12.0,88.0,-0.030600919742791888
12.0,88.5,0.0
12.0,89.0,0.0
12.0,89.5,-0.005032861049784287
12.0,90.0,-0.005032861049784287
12.0,90.5,-0.005032861049784287
12.0,91.0,0.0
12.0,91.5,0.0
12.0,92.0,-0.030600919742791888
12.0,92.5,-0.030600919742791888
12.0,93.0,-0.030600919742791888
12.0,93.5,-0.059886805374421925
12.0,94.0,-0.059886805374421925
12.0,94.5,-0.094134612092315
12.0,95.0,-0.12426515422667705
12.0,95.5,-0.15611011994564095
12.0,96.0,-0.1850623716391837
12.0,96.5,-0.21798209395202406
12.0,97.0,-0.24169429831846045
12.0,97.5,-0.2781704065895667
12.0,98.0,-0.3054281921204769
12.0,98.5,-0.33937822078124924
12.0,99.0,-0.39470318179179387
12.0,99.5,-0.43464522882937473
12.0,100.0,-0.49263755521070607
12.0,100.5,-0.5199686260876675
12.0,101.0,-0.5825620904661015
12.0,101.5,-0.641971200956089
12.0,102.0,-0.7105293209046195
12.0,102.5,-0.7641098373271014
12.0,103.0,-0.7962682034808424
12.0,103.5,-0.8589611330248879
12.0,104.0,-0.9489164741457046
12.0,104.5,-1.0209314771648152
12.0,105.0,-1.0764425530163564
12.0,105.5,-1.1714487740739337
12.0,106.0,-1.2381696695366635
12.0,106.5,-1.3272609657788834
12.0,107.0,-1.390347439980708
12.0,107.5,-1.4520416719475406
12.0,108.0,-1.5510495640325388
12.0,108.5,-1.6474339592324796
12.0,109.0,-1.74116960815644
12.0,109.5,-1.832231643592241
12.0,110.0,-1.9408366274357256
12.0,110.5,-2.0270145517723286
12.0,111.0,-2.1316576628245336
12.0,111.5,-2.234506076391167
12.0,112.0,-2.368813054128612
12.0,112.5,-2.4674008482902714
12.0,113.0,-2.5641315817054036
12.0,113.5,-2.6589867519617805
12.0,114.0,-2.806543064221607
12.0,114.5,-2.927249854625053
12.0,115.0,-3.0404863785737426
12.0,115.5,-3.155722703520553
12.0,116.0,-3.26575313217862
12.0,116.5,-3.4018089074783617
12.0,117.0,-3.535374140680574
12.0,117.5,-3.6937321169601205
12.0,118.0,-3.8227166858674018
12.0,118.5,-3.977341978681224
12.0,119.0,-4.101612676305905
12.0,119.5,-4.252381588974469
12.0,120.0,-4.4235254923970935
12.0,120.5,-4.518591600721141
12.0,121.0,-4.663552026957113
12.0,121.5,-4.806656142602332
12.0,122.0,-4.9985845037462795
12.0,122.5,-5.137618195743837
12.0,123.0,-5.274699306730742
12.0,123.5,-5.459642090592553
12.0,124.0,-5.625571131976102
12.0,124.5,-5.756754288837904
12.0,125.0,-5.983762116473727
12.0,125.5,-6.095942697550193
12.0,126.0,-6.304133556188134
12.0,126.5,-6.475106906001621
12.0,127.0,-6.631198802510426
12.0,127.5,-6.833312976772554
12.0,128.0,-6.986212504891768
12.0,128.5,-7.1844519499862685
12.0,129.0,-7.334022720852893
12.0,129.5,-7.528216917923686
12.0,130.0,-7.72013764234579
12.0,130.5,-7.948321605907406
12.0,131.0,-8.09086171191396
12.0,131.5,-8.276488212503889
12.0,132.0,-8.454982152054747
12.0,132.5,-8.592359317707384
12.0,133.0,-8.812184959275413
12.0,133.5,-9.03022884912141
12.0,134.0,-9.1621424565575
12.0,134.5,-9.376453042136774
12.0,135.0,-9.546511357481837
12.0,135.5,-9.757299606929848
12.0,136.0,-9.92446669773777
12.0,136.5,-10.131546744922268
12.0,137.0,-10.37994718342176
12.0,137.5,-10.542642948204929
12.0,138.0,-10.788119161722989
12.0,138.5,-10.98756023354995
12.0,139.0,-11.229530114273267
12.0,139.5,-11.430938650319174
12.0,140.0,-11.585908262236277
12.0,140.5,-11.823199849050056
12.0,141.0,-12.104844620223957
12.0,141.5,-12.33878026234369
12.0,142.0,-12.533882460877265
12.0,142.5,-12.764311120332998
12.0,143.0,-13.040184097662408
12.0,143.5,-13.23116643220704
12.0,144.0,-13.420844332392566
12.0,144.5,-13.692385388019058
12.0,145.0,-13.927909219248523
12.0,145.5,-14.113599680367702
12.0,146.0,-14.380630717302555
12.0,146.5,-14.530057310254417
12.0,147.0,-14.794009691757566
12.0,147.5,-15.023804922709925
12.0,148.0,-15.25249403693212
12.0,148.5,-15.480030492566417
12.0,149.0,-15.70636535459624
12.0,149.5,-15.931447159481
12.0,150.0,-16.236738178837538
12.0,150.5,-16.510747993235704
12.0,151.0,-16.650669879620246
12.0,151.5,-16.92274426720895
12.0,152.0,-17.193801517262163
12.0,152.5,-17.411013804735006
12.0,153.0,-17.599323728866825
12.0,153.5,-17.86695639501164
12.0,154.0,-18.053494056973047
12.0,154.5,-18.318802388579584
12.0,155.0,-18.50338935722707
12.0,155.5,-18.68704962203161
12.0,156.0,-18.94856013055557
12.0,156.5,-19.184582352750216
12.0,157.0,-19.365150110633348
12.0,157.5,-19.59961483089338
12.0,158.0,-19.833325721447913
12.0,158.5,-20.143689168223613
12.0,159.0,-20.375459638928895
12.0,159.5,-20.52946659205137
12.0,160.0,-20.759674514852534
12.0,160.5,-21.044981944787565
12.0,161.0,-21.27329143613355
12.0,161.5,-21.556939247654263
12.0,162.0,-21.839741478636014
12.0,162.5,-21.933106810852486
12.0,163.0,-21.95098257669889
12.0,163.5,-21.985743672411985
12.0,164.0,-22.002625482884156
12.0,164.5,-22.035382993393497
12.0,165.0,-22.051255307571246
12.0,165.5,-22.08197876949592
12.0,166.0,-22.0968266789429
12.0,166.5,-23.65832641887659
12.0,167.0,-23.730157409199116
12.0,167.5,-23.756678599501083
12.0,168.0,-23.769306903937412
12.0,168.5,-23.769306903937412
12.0,169.0,-23.746059624103886
12.0,169.5,-23.734792310372477
12.0,170.0,-23.708563039009746
12.0,170.5,-23.708563039009746
12.0,171.0,-23.66904959001706
12.0,171.5,-23.619056046545513
12.0,172.0,-23.56850144454294
12.0,172.5,-23.51739607603998
12.0,173.0,-23.347384613745902
12.0,173.5,-22.221827356905674
12.0,174.0,-22.221827356905674
12.0,174.5,-22.227962236133934
12.0,175.0,-22.239126663008015
12.0,175.5,-22.244154917249542
12.0,176.0,-22.669410565860623
12.0,176.5,-27.932257400817445
12.0,177.0,-28.173695624800377
12.0,177.5,-28.35491614754591
12.0,178.0,-28.71239836716822
12.0,178.5,-28.594914512218732
12.0,179.0,-28.68462398311469
12.0,179.5,-28.68462398311469
12.0,180.0,-28.77433345401065
12.0,180.5,-28.89325414263522
12.0,181.0,-29.012174831259788
12.0,181.5,-29.012174831259788
12.0,182.0,-29.24849410014016
12.0,182.5,-29.308047204515102
12.0,183.0,-29.308047204515102
12.0,183.5,-29.665286151320448
12.0,184.0,-29.665286151320448
12.0,184.5,-29.661098301701067
12.0,185.0,-29.661098301701067
12.0,185.5,-29.839266536676845
12.0,186.0,-30.017294700243603
12.0,186.5,-30.017294700243603
12.0,187.0,-29.892043595990252
12.0,187.5,-29.892043595990252
12.0,188.0,-30.0102713172882
12.0,188.5,-30.128353773279024
12.0,189.0,-30.246257524573867
12.0,189.5,-30.246257524573867
12.0,190.0,-30.11872723771677
12.0,190.5,-30.11872723771677
12.0,191.0,-30.23589821214562
12.0,191.5,-30.294360584085993
12.0,192.0,-30.352727475213104
12.0,192.5,-30.410986719183796
12.0,193.0,-30.410986719183796
12.0,193.5,-30.281303851713375
12.0,194.0,-30.281303851713375
12.0,194.5,-30.339143630791312
12.0,195.0,-30.396832735916938
12.0,195.5,-30.45435157248736
12.0,196.0,-30.511677069207224
12.0,196.5,-30.56878189089881
12.0,197.0,-30.56878189089881
12.0,197.5,-30.62563343381258
12.0,198.0,-30.653912983207007
12.0,198.5,-30.653912983207007
12.0,199.0,-30.682192532601437
12.0,199.5,-30.710302157189854
12.0,200.0,-30.710302157189854
12.0,200.5,-30.605875758111587
12.0,201.0,-30.605875758111587
12.0,201.5,-30.633657871441393
12.0,202.0,-30.661439984771203
12.0,202.5,-30.71656688697388
12.0,203.0,-30.849586011781778
12.0,203.5,-30.904381401275497
12.0,204.0,-30.904381401275497
12.0,204.5,-30.79819651921988
12.0,205.0,-30.79819651921988
12.0,205.5,-30.82520790350035
12.0,206.0,-30.82520790350035
12.0,206.5,-30.84298151594109
12.0,207.0,-30.86075512838183
12.0,207.5,-30.87852874082257
12.0,208.0,-30.896024554702176
12.0,208.5,-30.913520368581786
12.0,209.0,-30.93101618246139
12.0,209.5,-30.93101618246139
12.0,210.0,-30.943888817156026
12.0,210.5,-30.95676145185066
12.0,211.0,-30.96963408654529
12.0,211.5,-30.96963408654529
12.0,212.0,-30.941430811537987
12.0,212.5,-30.910274533151902
12.0,213.0,-30.910274533151902
12.0,213.5,-30.920194164467752
12.0,214.0,-30.930113795783605
12.0,214.5,-30.940033427099458
12.0,215.0,-30.949953058415307
12.0,215.5,-30.949953058415307
12.0,216.0,-30.949953058415307
12.0,216.5,-30.949953058415307
12.0,217.0,-30.949953058415307
12.0,217.5,-30.949953058415307
12.0,218.0,-30.949953058415307
12.0,218.5,-30.949953058415307
12.0,219.0,-30.949953058415307
12.0,219.5,-30.949953058415307
12.0,220.0,-30.949953058415307
12.0,220.5,-30.949953058415307
12.0,221.0,-30.949953058415307
12.0,221.5,-30.949953058415307
12.0,222.0,-30.949953058415307
12.0,222.5,-30.949953058415307
12.0,223.0,-30.949953058415307
12.0,223.5,-30.949953058415307
12.0,224.0,-30.949953058415307
12.0,224.5,-30.949953058415307
12.0,225.0,-30.949953058415307
12.0,225.5,-30.949953058415307
12.0,226.0,-30.949953058415307
12.0,226.5,-30.949953058415307
12.0,227.0,-30.949953058415307
12.0,227.5,-30.949953058415307
12.0,228.0,-30.949953058415307
12.0,228.5,-30.949953058415307
12.0,229.0,-30.949953058415307
12.0,229.5,-30.949953058415307
12.0,230.0,-30.949953058415307
12.0,230.5,-30.949953058415307
12.0,231.0,-30.949953058415307
12.0,231.5,-30.949953058415307
12.0,232.0,-30.949953058415307
12.0,232.5,-30.949953058415307
12.0,233.0,-30.949953058415307
12.0,233.5,-30.949953058415307
12.0,234.0,-30.949953058415307
12.0,234.5,-30.949953058415307
12.0,235.0,-30.949953058415307
12.0,235.5,-30.949953058415307
12.0,236.0,-30.949953058415307
12.0,236.5,-30.949953058415307
12.0,237.0,-30.949953058415307
12.0,237.5,-30.949953058415307
12.0,238.0,-30.949953058415307
12.0,238.5,-30.949953058415307
12.0,239.0,-30.949953058415307
12.0,239.5,-30.949953058415307
12.0,240.0,-30.949953058415307
12.0,240.5,-30.949953058415307
12.0,241.0,-30.949953058415307
12.0,241.5,-30.949953058415307
12.0,242.0,-30.949953058415307
12.0,242.5,-30.949953058415307
12.0,243.0,-30.949953058415307
12.0,243.5,-30.949953058415307
12.0,244.0,-30.949953058415307
12.0,244.5,-30.949953058415307
12.0,245.0,-30.949953058415307
12.0,245.5,-30.949953058415307
12.0,246.0,-30.949953058415307
12.0,246.5,-30.949953058415307
12.0,247.0,-30.949953058415307
12.0,247.5,-30.949953058415307
12.0,248.0,-30.949953058415307
12.0,248.5,-30.949953058415307
12.0,249.0,-30.949953058415307
12.0,249.5,-30.949953058415307
12.0,250.0,-30.949953058415307
12.0,250.5,-30.949953058415307
12.0,251.0,-30.949953058415307
12.0,251.5,-30.949953058415307
12.0,252.0,-30.949953058415307
12.0,252.5,-30.949953058415307
12.0,253.0,-30.949953058415307
12.0,253.5,-30.949953058415307
12.0,254.0,-30.949953058415307
12.0,254.5,-30.949953058415307
12.0,255.0,-30.949953058415307
12.0,255.5,-30.949953058415307
12.0,256.0,-30.949953058415307
12.0,256.5,-30.949953058415307
12.0,257.0,-30.949953058415307
12.0,257.5,-30.949953058415307
12.0,258.0,-30.949953058415307
12.0,258.5,-30.949953058415307
12.0,259.0,-30.949953058415307
12.0,259.5,-30.949953058415307
12.0,260.0,-30.949953058415307
12.0,260.5,-30.949953058415307
12.0,261.0,-30.949953058415307
12.0,261.5,-30.949953058415307
12.0,262.0,-30.949953058415307
12.0,262.5,-30.949953058415307
12.0,263.0,-30.949953058415307
12.0,263.5,-30.949953058415307
12.0,264.0,-30.949953058415307
12.0,264.5,-30.949953058415307
12.0,265.0,-30.949953058415307
12.0,265.5,-30.949953058415307
12.0,266.0,-30.949953058415307
12.0,266.5,-30.949953058415307
12.0,267.0,-30.949953058415307
12.0,267.5,-30.949953058415307
12.0,268.0,-30.949953058415307
12.0,268.5,-30.949953058415307
12.0,269.0,-30.949953058415307
12.0,269.5,-30.949953058415307
12.0,270.0,-30.949953058415307
12.0,270.5,-30.949953058415307
12.0,271.0,-30.949953058415307
12.0,271.5,-30.949953058415307
12.0,272.0,-30.949953058415307
12.0,272.5,-30.949953058415307
12.0,273.0,-30.949953058415307
12.0,273.5,-30.949953058415307
12.0,274.0,-30.949953058415307
12.0,274.5,-30.949953058415307
12.0,275.0,-30.949953058415307
12.0,275.5,-30.949953058415307
12.0,276.0,-30.949953058415307
12.0,276.5,-30.949953058415307
12.0,277.0,-30.949953058415307
12.0,277.5,-30.949953058415307
12.0,278.0,-30.949953058415307
12.0,278.5,-30.949953058415307
12.0,279.0,-30.949953058415307
12.0,279.5,-30.949953058415307
12.0,280.0,-30.949953058415307
12.0,280.5,-30.949953058415307
12.0,281.0,-30.949953058415307
12.0,281.5,-30.949953058415307
12.0,282.0,-30.949953058415307
12.0,282.5,-30.949953058415307
12.0,283.0,-30.949953058415307
12.0,283.5,-30.949953058415307
12.0,284.0,-30.949953058415307
12.0,284.5,-30.949953058415307
12.0,285.0,-30.949953058415307
12.0,285.5,-30.949953058415307
12.0,286.0,-30.949953058415307
12.0,286.5,-30.949953058415307
12.0,287.0,-30.949953058415307
12.0,287.5,-30.949953058415307
12.0,288.0,-30.949953058415307
12.0,288.5,-30.949953058415307
12.0,289.0,-30.949953058415307
12.0,289.5,-30.949953058415307
12.0,290.0,-30.949953058415307
12.0,290.5,-30.949953058415307
12.0,291.0,-30.949953058415307
12.0,291.5,-30.949953058415307
12.0,292.0,-30.949953058415307
12.0,292.5,-30.949953058415307
12.0,293.0,-30.949953058415307
12.0,293.5,-30.949953058415307
12.0,294.0,-30.949953058415307
12.0,294.5,-30.949953058415307
12.0,295.0,-30.949953058415307
12.0,295.5,-30.949953058415307
12.0,296.0,-30.949953058415307
12.0,296.5,-30.949953058415307
12.0,297.0,-30.949953058415307
12.0,297.5,-30.949953058415307
12.0,298.0,-30.949953058415307
12.0,298.5,-30.949953058415307
12.0,299.0,-30.949953058415307
12.0,299.5,-30.949953058415307
12.0,300.0,-30.949953058415307
12.0,300.5,-30.949953058415307
12.0,301.0,-30.949953058415307
12.0,301.5,-30.949953058415307
12.0,302.0,-30.949953058415307
12.0,302.5,-30.949953058415307
12.0,303.0,-30.949953058415307
12.0,303.5,-30.949953058415307
12.0,304.0,-30.949953058415307
12.0,304.5,-30.949953058415307
12.0,305.0,-30.949953058415307
12.0,305.5,-30.949953058415307
12.0,306.0,-30.949953058415307
12.0,306.5,-30.949953058415307
12.0,307.0,-30.949953058415307
12.0,307.5,-30.949953058415307
12.0,308.0,-30.949953058415307
12.0,308.5,-30.949953058415307
12.0,309.0,-30.949953058415307
12.0,309.5,-30.949953058415307
12.0,310.0,-30.949953058415307
12.0,310.5,-30.949953058415307
12.0,311.0,-30.949953058415307
12.0,311.5,-30.949953058415307
12.0,312.0,-30.949953058415307
12.0,312.5,-30.949953058415307
12.0,313.0,-30.949953058415307
12.0,313.5,-30.949953058415307
12.0,314.0,-30.949953058415307
12.0,314.5,-30.949953058415307
12.0,315.0,-30.949953058415307
12.0,315.5,-30.949953058415307
12.0,316.0,-30.949953058415307
12.0,316.5,-30.949953058415307
12.0,317.0,-30.949953058415307
12.0,317.5,-30.949953058415307
12.0,318.0,-30.949953058415307
12.0,318.5,-30.949953058415307
12.0,319.0,-30.949953058415307
12.0,319.5,-30.949953058415307
12.0,320.0,-30.949953058415307
12.0,320.5,-30.949953058415307
12.0,321.0,-30.949953058415307
12.0,321.5,-30.949953058415307
12.0,322.0,-30.949953058415307
12.0,322.5,-30.949953058415307
12.0,323.0,-30.949953058415307
12.0,323.5,-30.949953058415307
12.0,324.0,-30.949953058415307
12.0,324.5,-30.949953058415307
12.0,325.0,-30.949953058415307
12.0,325.5,-30.940033427099458
12.0,326.0,-30.930113795783605
12.0,326.5,-30.920194164467752
12.0,327.0,-30.910274533151902
12.0,327.5,-30.910274533151902
12.0,328.0,-30.941430811537987
12.0,328.5,-30.96963408654529
12.0,329.0,-30.96963408654529
12.0,329.5,-30.95676145185066
12.0,330.0,-30.943888817156026
12.0,330.5,-30.93101618246139
12.0,331.0,-30.93101618246139
12.0,331.5,-30.913520368581786
12.0,332.0,-30.896024554702176
12.0,332.5,-30.87852874082257
12.0,333.0,-30.86075512838183
12.0,333.5,-30.84298151594109
12.0,334.0,-30.82520790350035
12.0,334.5,-30.82520790350035
12.0,335.0,-30.79819651921988
12.0,335.5,-30.79819651921988
12.0,336.0,-30.904381401275497
12.0,336.5,-30.904381401275497
12.0,337.0,-30.849586011781778
12.0,337.5,-30.71656688697388
12.0,338.0,-30.661439984771203
12.0,338.5,-30.633657871441393
12.0,339.0,-30.605875758111587
12.0,339.5,-30.605875758111587
12.0,340.0,-30.710302157189854
12.0,340.5,-30.710302157189854
12.0,341.0,-30.682192532601437
12.0,341.5,-30.653912983207007
12.0,342.0,-30.653912983207007
12.0,342.5,-30.62563343381258
12.0,343.0,-30.56878189089881
12.0,343.5,-30.56878189089881
12.0,344.0,-30.511677069207224
12.0,344.5,-30.45435157248736
12.0,345.0,-30.396832735916938
12.0,345.5,-30.339143630791312
12.0,346.0,-30.281303851713375
12.0,346.5,-30.281303851713375
12.0,347.0,-30.410986719183796
12.0,347.5,-30.410986719183796
12.0,348.0,-30.352727475213104
12.0,348.5,-30.294360584085993
12.0,349.0,-30.23589821214562
12.0,349.5,-30.11872723771677
12.0,350.0,-30.11872723771677
12.0,350.5,-30.246257524573867
12.0,351.0,-30.246257524573867
12.0,351.5,-30.128353773279024
12.0,352.0,-30.0102713172882
12.0,352.5,-29.892043595990252
12.0,353.0,-29.892043595990252
12.0,353.5,-30.017294700243603
12.0,354.0,-30.017294700243603
12.0,354.5,-29.839266536676845
12.0,355.0,-29.661098301701067
12.0,355.5,-29.661098301701067
12.0,356.0,-29.665286151320448
12.0,356.5,-29.665286151320448
12.0,357.0,-29.308047204515102
12.0,357.5,-29.308047204515102
12.0,358.0,-29.24849410014016
12.0,358.5,-29.012174831259788
12.0,359.0,-29.012174831259788
12.0,359.5,-28.89325414263522
13.0,0.0,-29.132057031246426
13.0,0.5,-29.04231237908743
13.0,1.0,-28.95256772692844
13.0,1.5,-28.95256772692844
13.0,2.0,-28.71239836716822
13.0,2.5,-28.71239836716822
13.0,3.0,-28.590460784825304
13.0,3.5,-28.530931991107437
13.0,4.0,-28.348704252473784
13.0,4.5,-28.165830149342884
13.0,5.0,-28.165830149342884
13.0,5.5,-27.982402930997925
13.0,6.0,-27.798498943333698
13.0,6.5,-27.614181249844172
13.0,7.0,-27.429502370226366
13.0,7.5,-27.3036039508342
13.0,8.0,-27.11826690241976
13.0,8.5,-26.991644257831855
13.0,9.0,-26.805782865724563
13.0,9.5,-26.67855551297331
13.0,10.0,-26.36453335018884
13.0,10.5,-26.23653287935342
13.0,11.0,-25.97981413055117
13.0,11.5,-25.85112690627791
13.0,12.0,-25.780562535145584
13.0,12.5,-25.522101583934276
13.0,13.0,-25.262982807298002
13.0,13.5,-25.19116527067757
13.0,14.0,-24.98888322456358
13.0,14.5,-24.728187541726005
13.0,15.0,-24.524606339421755
13.0,15.5,-24.32038682026365
13.0,16.0,-24.115579973783063
13.0,16.5,-23.91023162443473
13.0,17.0,-23.704383053985293
13.0,17.5,-23.498071538276186
13.0,18.0,-23.21612572317227
13.0,18.5,-23.00873625852627
13.0,19.0,-22.72514764666053
13.0,19.5,-22.440655478864983
13.0,20.0,-22.155339835499376
13.0,20.5,-21.869271799242483
13.0,21.0,-21.715247803357922
13.0,21.5,-21.483353879381802
13.0,22.0,-21.19529854853449
13.0,22.5,-20.96173617834925
13.0,23.0,-20.72732083407376
13.0,23.5,-20.49210563229584
13.0,24.0,-20.1773252048609
13.0,24.5,-19.94042757502052
13.0,25.0,-19.623558346553168
13.0,25.5,-19.3852003215595
13.0,26.0,-19.12000608054217
13.0,26.5,-18.880206337833926
13.0,27.0,-18.61276548102274
13.0,27.5,-18.344034435371416
13.0,28.0,-18.07408906202067
13.0,28.5,-17.83162929544565
13.0,29.0,-17.530831599715697
13.0,29.5,-17.2576454086727
13.0,30.0,-16.98349749176078
13.0,30.5,-16.759689131140597
13.0,31.0,-16.565417920399213
13.0,31.5,-16.257327218226386
13.0,32.0,-16.02984581896181
13.0,32.5,-15.801154132428117
13.0,33.0,-15.571303370741184
13.0,33.5,-15.423012670710758
13.0,34.0,-15.157626328902143
13.0,34.5,-15.007271467908854
13.0,35.0,-14.738765105652654
13.0,35.5,-14.551701259299016
13.0,36.0,-14.315092583533367
13.0,36.5,-14.125471445997363
13.0,37.0,-13.8509404640082
13.0,37.5,-13.658526705693646
13.0,38.0,-13.38111055894074
13.0,38.5,-13.186103572640818
13.0,39.0,-12.906026758804892
13.0,39.5,-12.6705417002652
13.0,40.0,-12.471665995605296
13.0,40.5,-12.148783768368023
13.0,41.0,-11.908141576106484
13.0,41.5,-11.705486944456908
13.0,42.0,-11.461873019131474
13.0,42.5,-11.300899730966613
13.0,43.0,-11.054152619773411
13.0,43.5,-10.764685414018182
13.0,44.0,-10.598942059737173
13.0,44.5,-10.431821688084632
13.0,45.0,-10.13671833865256
13.0,45.5,-9.966621506916141
13.0,46.0,-9.752217070497395
13.0,46.5,-9.535884573201152
13.0,47.0,-9.361467854305157
13.0,47.5,-9.226024894144548
13.0,48.0,-9.004546323423071
13.0,48.5,-8.781336992371482
13.0,49.0,-8.64053413855348
13.0,49.5,-8.413956884753325
13.0,50.0,-8.223927855459568
13.0,50.5,-7.993847501298365
13.0,51.0,-7.846093528244808
13.0,51.5,-7.649930705079541
13.0,52.0,-7.498707049231381
13.0,52.5,-7.29850403688766
13.0,53.0,-7.0961810107864345
13.0,53.5,-6.939886167098994
13.0,54.0,-6.733790199932322
13.0,54.5,-6.525716897674943
13.0,55.0,-6.364678914052842
13.0,55.5,-6.1866659740934935
13.0,56.0,-6.022366108116572
13.0,56.5,-5.839714204574012
13.0,57.0,-5.672288266537571
13.0,57.5,-5.485174273100277
13.0,58.0,-5.295490392192072
13.0,58.5,-5.154297625885679
13.0,59.0,-5.011194096251977
13.0,59.5,-4.866210276621466
13.0,60.0,-4.667615255072654
13.0,60.5,-4.518721966309119
13.0,61.0,-4.420277876845276
13.0,61.5,-4.243861990565534
13.0,62.0,-4.089288858918618
13.0,62.5,-3.9603460677087305
13.0,63.0,-3.8020036343464234
13.0,63.5,-3.6684360439865458
13.0,64.0,-3.560110170459815
13.0,64.5,-3.4222923641086958
13.0,65.0,-3.227888189051999
13.0,65.5,-3.139338350787323
13.0,66.0,-2.9942740682194398
13.0,66.5,-2.846866024263953
13.0,67.0,-2.75213162555141
13.0,67.5,-2.655508765159599
13.0,68.0,-2.5237730640613627
13.0,68.5,-2.367242201487162
13.0,69.0,-2.3200349258673967
13.0,69.5,-2.1801854476686415
13.0,70.0,-2.0732178891946234
13.0,70.5,-1.9841628140206247
13.0,71.0,-1.8732613820239123
13.0,71.5,-1.7793500174563803
13.0,72.0,-1.7213586050063405
13.0,72.5,-1.6050622815076423
13.0,73.0,-1.5217301515925712
13.0,73.5,-1.4180182480738281
13.0,74.0,-1.3528886737748245
13.0,74.5,-1.2604617849369788
13.0,75.0,-1.1917169971689567
13.0,75.5,-1.0934049938157102
13.0,76.0,-1.0353200371966764
13.0,76.5,-0.9613109088949514
13.0,77.0,-0.899330929383094
13.0,77.5,-0.8351779882403179
13.0,78.0,-0.7688655688750181
13.0,78.5,-0.7121880140778778
13.0,79.0,-0.6411151794880965
13.0,79.5,-0.5786320824890048
13.0,80.0,-0.5129773265242825
13.0,80.5,-0.4838353296264515
13.0,81.0,-0.45358590362179996
13.0,81.5,-0.3897776855577817
13.0,82.0,-0.3562256122956313
13.0,82.5,-0.2934047699453366
13.0,83.0,-0.2562345810987381
13.0,83.5,-0.22473910172408296
13.0,84.0,-0.19136229605626554
13.0,84.5,-0.16184224726775653
13.0,85.0,-0.129430061330865
13.0,85.5,-0.09862151724111357
13.0,86.0,-0.09862151724111357
13.0,86.5,-0.07445581922057443
13.0,87.0,-0.06369651668143916
13.0,87.5,-0.04347666140485629
13.0,88.0,-0.03339954986337901
13.0,88.5,0.0
13.0,89.0,0.0
13.0,89.5,-0.005032861049784287
13.0,90.0,-0.005032861049784287
13.0,90.5,-0.005032861049784287
13.0,91.0,0.0
13.0,91.5,0.0
13.0,92.0,-0.03339954986337901
13.0,92.5,-0.04347666140485629
13.0,93.0,-0.06369651668143916
13.0,93.5,-0.07445581922057443
13.0,94.0,-0.09862151724111357
13.0,94.5,-0.09862151724111357
13.0,95.0,-0.129430061330865
13.0,95.5,-0.16184224726775653
13.0,96.0,-0.19136229605626554
13.0,96.5,-0.22473910172408296
13.0,97.0,-0.2562345810987381
13.0,97.5,-0.2934047699453366
13.0,98.0,-0.3562256122956313
13.0,98.5,-0.3897776855577817
13.0,99.0,-0.45358590362179996
13.0,99.5,-0.4838353296264515
13.0,100.0,-0.5129773265242825
13.0,100.5,-0.5786320824890048
13.0,101.0,-0.6411151794880965
13.0,101.5,-0.7121880140778778
13.0,102.0,-0.7688655688750181
13.0,102.5,-0.8351779882403179
13.0,103.0,-0.899330929383094
13.0,103.5,-0.9613109088949514
13.0,104.0,-1.0353200371966764
13.0,104.5,-1.0934049938157102
13.0,105.0,-1.1917169971689567
13.0,105.5,-1.2604617849369788
13.0,106.0,-1.3528886737748245
13.0,106.5,-1.4180182480738281
13.0,107.0,-1.5217301515925712
13.0,107.5,-1.6050622815076423
13.0,108.0,-1.7213586050063405
13.0,108.5,-1.7793500174563803
13.0,109.0,-1.8732613820239123
13.0,109.5,-1.9841628140206247
13.0,110.0,-2.0732178891946234
13.0,110.5,-2.1801854476686415
13.0,111.0,-2.3200349258673967
13.0,111.5,-2.367242201487162
13.0,112.0,-2.5237730640613627
13.0,112.5,-2.655508765159599
13.0,113.0,-2.75213162555141
13.0,113.5,-2.846866024263953
13.0,114.0,-2.9942740682194398
13.0,114.5,-3.139338350787323
13.0,115.0,-3.227888189051999
13.0,115.5,-3.4222923641086958
13.0,116.0,-3.560110170459815
13.0,116.5,-3.6684360439865458
13.0,117.0,-3.8020036343464234
13.0,117.5,-3.9603460677087305
13.0,118.0,-4.089288858918618
13.0,118.5,-4.243861990565534
13.0,119.0,-4.420277876845276
13.0,119.5,-4.518721966309119
13.0,120.0,-4.667615255072654
13.0,120.5,-4.866210276621466
13.0,121.0,-5.011194096251977
13.0,121.5,-5.154297625885679
13.0,122.0,-5.295490392192072
13.0,122.5,-5.485174273100277
13.0,123.0,-5.672288266537571
13.0,123.5,-5.839714204574012
13.0,124.0,-6.022366108116572
13.0,124.5,-6.1866659740934935
13.0,125.0,-6.364678914052842
13.0,125.5,-6.525716897674943
13.0,126.0,-6.733790199932322
13.0,126.5,-6.939886167098994
13.0,127.0,-7.0961810107864345
13.0,127.5,-7.29850403688766
13.0,128.0,-7.498707049231381
13.0,128.5,-7.649930705079541
13.0,129.0,-7.846093528244808
13.0,129.5,-7.993847501298365
13.0,130.0,-8.223927855459568
13.0,130.5,-8.413956884753325
13.0,131.0,-8.64053413855348
13.0,131.5,-8.781336992371482
13.0,132.0,-9.004546323423071
13.0,132.5,-9.226024894144548
13.0,133.0,-9.361467854305157
13.0,133.5,-9.535884573201152
13.0,134.0,-9.752217070497395
13.0,134.5,-9.966621506916141
13.0,135.0,-10.13671833865256
13.0,135.5,-10.431821688084632
13.0,136.0,-10.598942059737173
13.0,136.5,-10.764685414018182
13.0,137.0,-11.054152619773411
13.0,137.5,-11.300899730966613
13.0,138.0,-11.461873019131474
13.0,138.5,-11.705486944456908
13.0,139.0,-11.908141576106484
13.0,139.5,-12.148783768368023
13.0,140.0,-12.471665995605296
13.0,140.5,-12.6705417002652
13.0,141.0,-12.906026758804892
13.0,141.5,-13.186103572640818
13.0,142.0,-13.38111055894074
13.0,142.5,-13.658526705693646
13.0,143.0,-13.8509404640082
13.0,143.5,-14.125471445997363
13.0,144.0,-14.315092583533367
13.0,144.5,-14.551701259299016
13.0,145.0,-14.738765105652654
13.0,145.5,-15.007271467908854
13.0,146.0,-15.157626328902143
13.0,146.5,-15.423012670710758
13.0,147.0,-15.571303370741184
13.0,147.5,-15.801154132428117
13.0,148.0,-16.02984581896181
13.0,148.5,-16.257327218226386
13.0,149.0,-16.565417920399213
13.0,149.5,-16.759689131140597
13.0,150.0,-16.98349749176078
13.0,150.5,-17.2576454086727
13.0,151.0,-17.530831599715697
13.0,151.5,-17.83162929544565
13.0,152.0,-18.07408906202067
13.0,152.5,-18.344034435371416
13.0,153.0,-18.61276548102274
13.0,153.5,-18.880206337833926
13.0,154.0,-19.12000608054217
13.0,154.5,-19.3852003215595
13.0,155.0,-19.623558346553168
13.0,155.5,-19.94042757502052
13.0,156.0,-20.1773252048609
13.0,156.5,-20.49210563229584
13.0,157.0,-20.72732083407376
13.0,157.5,-20.96173617834925
13.0,158.0,-21.19529854853449
13.0,158.5,-21.483353879381802
13.0,159.0,-21.715247803357922
13.0,159.5,-21.75769645823511
13.0,160.0,-21.778455465941356
13.0,160.5,-21.819033149490483
13.0,161.0,-21.83884798909295
13.0,161.5,-21.87752018412921
13.0,162.0,-21.896373795122585
13.0,162.5,-21.933106810852486
13.0,163.0,-21.95098257669889
13.0,163.5,-21.985743672411985
13.0,164.0,-22.002625482884156
13.0,164.5,-22.035382993393497
13.0,165.0,-22.051255307571246
13.0,165.5,-22.08197876949592
13.0,166.0,-22.0968266789429
13.0,166.5,-23.65832641887659
13.0,167.0,-23.730157409199116
13.0,167.5,-23.756678599501083
13.0,168.0,-23.769306903937412
13.0,168.5,-23.769306903937412
13.0,169.0,-23.746059624103886
13.0,169.5,-23.734792310372477
13.0,170.0,-23.708563039009746
13.0,170.5,-23.708563039009746
13.0,171.0,-23.66904959001706
13.0,171.5,-23.619056046545513
13.0,172.0,-23.56850144454294
13.0,172.5,-23.51739607603998
13.0,173.0,-23.347384613745902
13.0,173.5,-22.221827356905674
13.0,174.0,-22.221827356905674
13.0,174.5,-22.227962236133934
13.0,175.0,-22.239126663008015
13.0,175.5,-22.244154917249542
13.0,176.0,-22.669410565860623
13.0,176.5,-28.530931991107437
13.0,177.0,-28.590460784825304
13.0,177.5,-28.71239836716822
13.0,178.0,-28.71239836716822
13.0,178.5,-28.95256772692844
13.0,179.0,-28.95256772692844
13.0,179.5,-29.04231237908743
13.0,180.0,-29.132057031246426
13.0,180.5,-29.21130584465744
13.0,181.0,-29.29055465806846
13.0,181.5,-29.369803471479475
13.0,182.0,-29.786993928010023
13.0,182.5,-29.786993928010023
13.0,183.0,-29.665286151320448
13.0,183.5,-29.665286151320448
13.0,184.0,-29.962840024510843
13.0,184.5,-29.962840024510843
13.0,185.0,-29.839266536676845
13.0,185.5,-29.839266536676845
13.0,186.0,-30.017294700243603
13.0,186.5,-30.13587992414774
13.0,187.0,-30.13587992414774
13.0,187.5,-30.0102713172882
13.0,188.0,-30.0102713172882
13.0,188.5,-30.128353773279024
13.0,189.0,-30.246257524573867
13.0,189.5,-30.305129037096066
13.0,190.0,-30.422676611709395
13.0,190.5,-30.481335052845775
13.0,191.0,-30.481335052845775
13.0,191.5,-30.352727475213104
13.0,192.0,-30.352727475213104
13.0,192.5,-30.410986719183796
13.0,193.0,-30.469124019858427
13.0,193.5,-30.527122471321757
13.0,194.0,-30.527122471321757
13.0,194.5,-30.584961944356607
13.0,195.0,-30.642618294855613
13.0,195.5,-30.700062332302174
13.0,196.0,-30.700062332302174
13.0,196.5,-30.56878189089881
13.0,197.0,-30.56878189089881
13.0,197.5,-30.62563343381258
13.0,198.0,-30.653912983207007
13.0,198.5,-30.653912983207007
13.0,199.0,-30.682192532601437
13.0,199.5,-30.73841178177827
13.0,200.0,-30.92686472480866
13.0,200.5,-30.79423333734647
13.0,201.0,-30.8883700292932
13.0,201.5,-30.8883700292932
13.0,202.0,-30.8883700292932
13.0,202.5,-30.982506721239925
13.0,203.0,-31.037535089545454
13.0,203.5,-31.037535089545454
13.0,204.0,-30.904381401275497
13.0,204.5,-30.904381401275497
13.0,205.0,-30.82520790350035
13.0,205.5,-30.82520790350035
13.0,206.0,-30.82520790350035
13.0,206.5,-30.84298151594109
13.0,207.0,-30.86075512838183
13.0,207.5,-30.87852874082257
13.0,208.0,-31.145119318266957
13.0,208.5,-31.145119318266957
13.0,209.0,-30.93101618246139
13.0,209.5,-30.93101618246139
13.0,210.0,-31.06415864183219
13.0,210.5,-31.0898646510989
13.0,211.0,-31.0898646510989
13.0,211.5,-31.0898646510989
13.0,212.0,-31.115270430713398
13.0,212.5,-31.115270430713398
13.0,213.0,-31.074033042347487
13.0,213.5,-31.074033042347487
13.0,214.0,-31.076817583247337
13.0,214.5,-31.120839512513097
13.0,215.0,-31.164861441778854
13.0,215.5,-31.164861441778854
13.0,216.0,-31.164861441778854
13.0,216.5,-31.08162526467046
13.0,217.0,-31.039892186964174
13.0,217.5,-31.039892186964174
13.0,218.0,-31.105347772372365
13.0,218.5,-31.170603141224362
13.0,219.0,-31.170603141224362
13.0,219.5,-31.128669846961877
13.0,220.0,-31.128669846961877
13.0,220.5,-31.171870758712384
13.0,221.0,-31.29904039854754
13.0,221.5,-31.34201162143476
13.0,222.0,-31.34201162143476
13.0,222.5,-31.25777555118546
13.0,223.0,-31.089245145993218
13.0,223.5,-31.089245145993218
13.0,224.0,-31.095264794256618
13.0,224.5,-31.101284442520015
13.0,225.0,-31.107304090783416
13.0,225.5,-31.113323739046812
13.0,226.0,-31.11934338731021
13.0,226.5,-31.12536303557361
13.0,227.0,-31.131382683837007
13.0,227.5,-31.299897067677055
13.0,228.0,-31.384117019003035
13.0,228.5,-31.4262013829295
13.0,229.0,-31.4262013829295
13.0,229.5,-31.393868940982728
13.0,230.0,-31.319452135109497
13.0,230.5,-31.245035329236263
13.0,231.0,-31.21251740879197
13.0,231.5,-31.21251740879197
13.0,232.0,-31.254416294220913
13.0,232.5,-31.296217692543966
13.0,233.0,-31.33801909086702
13.0,233.5,-31.35883744332429
13.0,234.0,-31.37965579578156
13.0,234.5,-31.40047414823883
13.0,235.0,-31.40047414823883
13.0,235.5,-31.233918621847263
13.0,236.0,-31.233918621847263
13.0,236.5,-31.261474971874723
13.0,237.0,-31.28903132190218
13.0,237.5,-31.28903132190218
13.0,238.0,-31.459641070280576
13.0,238.5,-31.459641070280576
13.0,239.0,-31.41533836799392
13.0,239.5,-31.371035665707268
13.0,240.0,-31.371035665707268
13.0,240.5,-31.237929233800504
13.0,241.0,-31.22914984242068
13.0,241.5,-31.220370451040854
13.0,242.0,-31.211591059661025
13.0,242.5,-31.2028116682812
13.0,243.0,-31.194032276901375
13.0,243.5,-31.194032276901375
13.0,244.0,-31.19847058588748
13.0,244.5,-31.211688286253413
13.0,245.0,-31.224905986619348
13.0,245.5,-31.238123686985283
13.0,246.0,-31.251341387351214
13.0,246.5,-31.26455908771715
13.0,247.0,-31.331099387395064
13.0,247.5,-31.331099387395064
13.0,248.0,-31.303540382094518
13.0,248.5,-31.20944107711605
13.0,249.0,-31.20944107711605
13.0,249.5,-31.436242942602796
13.0,250.0,-31.436242942602796
13.0,250.5,-31.34201162143476
13.0,251.0,-31.32787419288724
13.0,251.5,-31.313736764339723
13.0,252.0,-31.2995993357922
13.0,252.5,-31.285461907244684
13.0,253.0,-31.271164239318992
13.0,253.5,-31.2568665713933
13.0,254.0,-31.242568903467607
13.0,254.5,-31.228271235541914
13.0,255.0,-31.228271235541914
13.0,255.5,-31.228271235541914
13.0,256.0,-31.228271235541914
13.0,256.5,-31.228271235541914
13.0,257.0,-31.228271235541914
13.0,257.5,-31.228271235541914
13.0,258.0,-31.228271235541914
13.0,258.5,-31.228271235541914
13.0,259.0,-31.228271235541914
13.0,259.5,-31.228271235541914
13.0,260.0,-31.228271235541914
13.0,260.5,-31.228271235541914
13.0,261.0,-31.228271235541914
13.0,261.5,-31.228271235541914
13.0,262.0,-31.228271235541914
13.0,262.5,-31.228271235541914
13.0,263.0,-31.228271235541914
13.0,263.5,-31.228271235541914
13.0,264.0,-31.228271235541914
13.0,264.5,-31.228271235541914
13.0,265.0,-31.228271235541914
13.0,265.5,-31.228271235541914
13.0,266.0,-31.228271235541914
13.0,266.5,-31.228271235541914
13.0,267.0,-31.228271235541914
13.0,267.5,-31.228271235541914
13.0,268.0,-31.228271235541914
13.0,268.5,-31.228271235541914
13.0,269.0,-31.228271235541914
13.0,269.5,-31.228271235541914
13.0,270.0,-31.228271235541914
13.0,270.5,-31.228271235541914
13.0,271.0,-31.228271235541914
13.0,271.5,-31.228271235541914
13.0,272.0,-31.228271235541914
13.0,272.5,-31.228271235541914
13.0,273.0,-31.228271235541914
13.0,273.5,-31.228271235541914
13.0,274.0,-31.228271235541914
13.0,274.5,-31.228271235541914
13.0,275.0,-31.228271235541914
13.0,275.5,-31.228271235541914
13.0,276.0,-31.228271235541914
13.0,276.5,-31.228271235541914
13.0,277.0,-31.228271235541914
13.0,277.5,-31.228271235541914
13.0,278.0,-31.228271235541914
13.0,278.5,-31.228271235541914
13.0,279.0,-31.228271235541914
13.0,279.5,-31.228271235541914
13.0,280.0,-31.228271235541914
13.0,280.5,-31.228271235541914
13.0,281.0,-31.228271235541914
13.0,281.5,-31.228271235541914
13.0,282.0,-31.228271235541914
13.0,282.5,-31.228271235541914
13.0,283.0,-31.228271235541914
13.0,283.5,-31.228271235541914
13.0,284.0,-31.228271235541914
13.0,284.5,-31.228271235541914
13.0,285.0,-31.228271235541914
13.0,285.5,-31.228271235541914
13.0,286.0,-31.242568903467607
13.0,286.5,-31.2568665713933
13.0,287.0,-31.271164239318992
13.0,287.5,-31.285461907244684
13.0,288.0,-31.2995993357922
13.0,288.5,-31.313736764339723
13.0,289.0,-31.32787419288724
13.0,289.5,-31.34201162143476
13.0,290.0,-31.436242942602796
13.0,290.5,-31.436242942602796
13.0,291.0,-31.20944107711605
13.0,291.5,-31.20944107711605
13.0,292.0,-31.303540382094518
13.0,292.5,-31.331099387395064
13.0,293.0,-31.331099387395064
13.0,293.5,-31.26455908771715
13.0,294.0,-31.251341387351214
13.0,294.5,-31.238123686985283
13.0,295.0,-31.224905986619348
13.0,295.5,-31.211688286253413
13.0,296.0,-31.19847058588748
13.0,296.5,-31.194032276901375
13.0,297.0,-31.194032276901375
13.0,297.5,-31.2028116682812
13.0,298.0,-31.211591059661025
13.0,298.5,-31.220370451040854
13.0,299.0,-31.22914984242068
13.0,299.5,-31.237929233800504
13.0,300.0,-31.371035665707268
13.0,300.5,-31.371035665707268
13.0,301.0,-31.41533836799392
13.0,301.5,-31.459641070280576
13.0,302.0,-31.459641070280576
13.0,302.5,-31.28903132190218
13.0,303.0,-31.28903132190218
13.0,303.5,-31.261474971874723
13.0,304.0,-31.233918621847263
13.0,304.5,-31.233918621847263
13.0,305.0,-31.40047414823883
13.0,305.5,-31.40047414823883
13.0,306.0,-31.37965579578156
13.0,306.5,-31.35883744332429
13.0,307.0,-31.33801909086702
13.0,307.5,-31.296217692543966
13.0,308.0,-31.254416294220913
13.0,308.5,-31.21251740879197
13.0,309.0,-31.21251740879197
13.0,309.5,-31.245035329236263
13.0,310.0,-31.319452135109497
13.0,310.5,-31.393868940982728
13.0,311.0,-31.4262013829295
13.0,311.5,-31.4262013829295
13.0,312.0,-31.384117019003035
13.0,312.5,-31.299897067677055
13.0,313.0,-31.131382683837007
13.0,313.5,-31.12536303557361
13.0,314.0,-31.11934338731021
13.0,314.5,-31.113323739046812
13.0,315.0,-31.107304090783416
13.0,315.5,-31.101284442520015
13.0,316.0,-31.095264794256618
13.0,316.5,-31.089245145993218
13.0,317.0,-31.089245145993218
13.0,317.5,-31.25777555118546
13.0,318.0,-31.34201162143476
13.0,318.5,-31.34201162143476
13.0,319.0,-31.29904039854754
13.0,319.5,-31.171870758712384
13.0,320.0,-31.128669846961877
13.0,320.5,-31.128669846961877
13.0,321.0,-31.170603141224362
13.0,321.5,-31.170603141224362
13.0,322.0,-31.105347772372365
13.0,322.5,-31.039892186964174
13.0,323.0,-31.039892186964174
13.0,323.5,-31.08162526467046
13.0,324.0,-31.164861441778854
13.0,324.5,-31.164861441778854
13.0,325.0,-31.164861441778854
13.0,325.5,-31.120839512513097
13.0,326.0,-31.076817583247337
13.0,326.5,-31.074033042347487
13.0,327.0,-31.074033042347487
13.0,327.5,-31.115270430713398
13.0,328.0,-31.115270430713398
13.0,328.5,-31.0898646510989
13.0,329.0,-31.0898646510989
13.0,329.5,-31.0898646510989
13.0,330.0,-31.06415864183219
13.0,330.5,-30.93101618246139
13.0,331.0,-30.93101618246139
13.0,331.5,-31.145119318266957
13.0,332.0,-31.145119318266957
13.0,332.5,-30.87852874082257
13.0,333.0,-30.86075512838183
13.0,333.5,-30.84298151594109
13.0,334.0,-30.82520790350035
13.0,334.5,-30.82520790350035
13.0,335.0,-30.82520790350035
13.0,335.5,-30.904381401275497
13.0,336.0,-30.904381401275497
13.0,336.5,-31.037535089545454
13.0,337.0,-31.037535089545454
13.0,337.5,-30.982506721239925
13.0,338.0,-30.8883700292932
13.0,338.5,-30.8883700292932
13.0,339.0,-30.8883700292932
13.0,339.5,-30.79423333734647
13.0,340.0,-30.92686472480866
13.0,340.5,-30.73841178177827
13.0,341.0,-30.682192532601437
13.0,341.5,-30.653912983207007
13.0,342.0,-30.653912983207007
13.0,342.5,-30.62563343381258
13.0,343.0,-30.56878189089881
13.0,343.5,-30.56878189089881
13.0,344.0,-30.700062332302174
13.0,344.5,-30.700062332302174
13.0,345.0,-30.642618294855613
13.0,345.5,-30.584961944356607
13.0,346.0,-30.527122471321757
13.0,346.5,-30.527122471321757
13.0,347.0,-30.469124019858427
13.0,347.5,-30.410986719183796
13.0,348.0,-30.352727475213104
13.0,348.5,-30.352727475213104
13.0,349.0,-30.481335052845775
13.0,349.5,-30.481335052845775
13.0,350.0,-30.422676611709395
13.0,350.5,-30.305129037096066
13.0,351.0,-30.246257524573867
13.0,351.5,-30.128353773279024
13.0,352.0,-30.0102713172882
13.0,352.5,-30.0102713172882
13.0,353.0,-30.13587992414774
13.0,353.5,-30.13587992414774
13.0,354.0,-30.017294700243603
13.0,354.5,-29.839266536676845
13.0,355.0,-29.839266536676845
13.0,355.5,-29.962840024510843
13.0,356.0,-29.962840024510843
13.0,356.5,-29.665286151320448
13.0,357.0,-29.665286151320448
13.0,357.5,-29.786993928010023
13.0,358.0,-29.786993928010023
13.0,358.5,-29.369803471479475
13.0,359.0,-29.29055465806846
13.0,359.5,-29.21130584465744
14.0,0.0,-29.430160012276232
14.0,0.5,-29.350437482770424
14.0,1.0,-29.270714953264612
14.0,1.5,-29.270714953264612
14.0,2.0,-29.190992423758804
14.0,2.5,-29.308047204515102
14.0,3.0,-29.010252696973197
14.0,3.5,-29.066546287177754
14.0,4.0,-28.828538963989264
14.0,4.5,-28.64602036488051
14.0,5.0,-28.522205273832096
14.0,5.5,-28.4628295470528
14.0,6.0,-28.279071877484267
14.0,6.5,-28.154063881676137
14.0,7.0,-27.969338960529978
14.0,7.5,-27.784258390336284
14.0,8.0,-27.784258390336284
14.0,8.5,-27.47214776568037
14.0,9.0,-27.345039986464727
14.0,9.5,-27.158811219173767
14.0,10.0,-27.03110857003743
14.0,10.5,-26.90310581119944
14.0,11.0,-26.774825943927084
14.0,11.5,-26.517515906102922
14.0,12.0,-26.33021481490291
14.0,12.5,-26.071775036447523
14.0,13.0,-26.000362511467074
14.0,13.5,-25.740735897899008
14.0,14.0,-25.48052455672499
14.0,14.5,-25.35022177396378
14.0,15.0,-25.146841173352612
14.0,15.5,-24.885329075931047
14.0,16.0,-24.549617908602066
14.0,16.5,-24.344234135393506
14.0,17.0,-24.138323655651273
14.0,17.5,-23.931927899675756
14.0,18.0,-23.593197334023394
14.0,18.5,-23.442283499499982
14.0,19.0,-23.23439729894404
14.0,19.5,-22.950002660997825
14.0,20.0,-22.66473246665889
14.0,20.5,-22.51129570675129
14.0,21.0,-22.22461545035636
14.0,21.5,-22.070080191977993
14.0,22.0,-21.83741857274744
14.0,22.5,-21.603789293548953
14.0,23.0,-21.369257468096627
14.0,23.5,-21.267037481814135
14.0,24.0,-21.03092517862867
14.0,24.5,-20.79406369361584
14.0,25.0,-20.610446233021086
14.0,25.5,-20.37203318140611
14.0,26.0,-20.13300715506231
14.0,26.5,-19.866682343161127
14.0,27.0,-19.62618916486654
14.0,27.5,-19.357568114707874
14.0,28.0,-19.168372081268664
14.0,28.5,-18.84513469006379
14.0,29.0,-18.57329114536818
14.0,29.5,-18.300337680566855
14.0,30.0,-18.10783324534146
14.0,30.5,-17.802618361650048
14.0,31.0,-17.526468279964256
14.0,31.5,-17.30015983504606
14.0,32.0,-17.02209180664124
14.0,32.5,-16.793438606804884
14.0,33.0,-16.56354961322539
14.0,33.5,-16.28287267402989
14.0,34.0,-16.01744195613311
14.0,34.5,-15.784039604974382
14.0,35.0,-15.466519731622654
14.0,35.5,-15.314208271472559
14.0,36.0,-14.959352943179539
14.0,36.5,-14.805101111527538
14.0,37.0,-14.530675332022309
14.0,37.5,-14.254665137774396
14.0,38.0,-14.060876775181587
14.0,38.5,-13.781999291584796
14.0,39.0,-13.585626457890871
14.0,39.5,-13.388065020026357
14.0,40.0,-13.066846097589352
14.0,40.5,-12.866622668559764
14.0,41.0,-12.626055314276364
14.0,41.5,-12.423413630360994
14.0,42.0,-12.17976294071407
14.0,42.5,-12.018697910869239
14.0,43.0,-11.771803973876871
14.0,43.5,-11.523357136011466
14.0,44.0,-11.273413825310268
14.0,44.5,-11.106343249625649
14.0,45.0,-10.811240133601132
14.0,45.5,-10.641096654020608
14.0,46.0,-10.469643054458587
14.0,46.5,-10.169253830873778
14.0,47.0,-9.951231267756143
14.0,47.5,-9.731334504619404
14.0,48.0,-9.554105027740672
14.0,48.5,-9.330973406356883
14.0,49.0,-9.106118646527264
14.0,49.5,-8.834089727969225
14.0,50.0,-8.689578974340467
14.0,50.5,-8.459477239903592
14.0,51.0,-8.274295851653285
14.0,51.5,-8.031677813211296
14.0,52.0,-7.880418375943776
14.0,52.5,-7.680141817344413
14.0,53.0,-7.525506078586336
14.0,53.5,-7.321305610107963
14.0,54.0,-7.115049039918592
14.0,54.5,-6.955485695295074
14.0,55.0,-6.745570087071997
14.0,55.5,-6.582986185067735
14.0,56.0,-6.402741895220743
14.0,56.5,-6.187082558271701
14.0,57.0,-6.052047765774709
14.0,57.5,-5.883112067565385
14.0,58.0,-5.643105768881522
14.0,58.5,-5.501939020678126
14.0,59.0,-5.3588360929532435
14.0,59.5,-5.18374563617645
14.0,60.0,-4.985582930571123
14.0,60.5,-4.8370433039101535
14.0,61.0,-4.6631588436378415
14.0,61.5,-4.510379824867595
14.0,62.0,-4.303101939417456
14.0,62.5,-4.199628265553997
14.0,63.0,-4.015396804731317
14.0,63.5,-3.8552149864271854
14.0,64.0,-3.719367619788329
14.0,64.5,-3.5810236703058713
14.0,65.0,-3.469391503026646
14.0,65.5,-3.272546735201047
14.0,66.0,-3.181994471118955
14.0,66.5,-3.034736686818839
14.0,67.0,-2.8851542246857953
14.0,67.5,-2.7884558667696737
14.0,68.0,-2.6898797388687257
14.0,68.5,-2.5555568146237597
14.0,69.0,-2.4526733539155288
14.0,69.5,-2.347975871428936
14.0,70.0,-2.2055907573587987
14.0,70.5,-2.0967356439411766
14.0,71.0,-2.0053422478109297
14.0,71.5,-1.892578488508427
14.0,72.0,-1.7963544465344583
14.0,72.5,-1.6974844778066789
14.0,73.0,-1.6185511134185937
14.0,73.5,-1.515681784789745
14.0,74.0,-1.4265058933787635
14.0,74.5,-1.3179842662632097
14.0,75.0,-1.2493427949859104
14.0,75.5,-1.1511939609498931
14.0,76.0,-1.078989215838238
14.0,76.5,-1.0193139073744284
14.0,77.0,-0.9125689818283185
14.0,77.5,-0.8479289953528166
14.0,78.0,-0.7811306996712091
14.0,78.5,-0.7238585656733285
14.0,79.0,-0.6523023822180747
14.0,79.5,-0.6157305700694451
14.0,80.0,-0.5513634848886291
14.0,80.5,-0.493489514895316
14.0,81.0,-0.45358590362179996
14.0,81.5,-0.3897776855577817
14.0,82.0,-0.3562256122956313
14.0,82.5,-0.2934047699453366
14.0,83.0,-0.26333808705637196
14.0,83.5,-0.23138490368946663
14.0,84.0,-0.19755094484245106
14.0,84.5,-0.16746298877641763
14.0,85.0,-0.13448350339489323
14.0,85.5,-0.09862151724111357
14.0,86.0,-0.09862151724111357
14.0,86.5,-0.07445581922057443
14.0,87.0,-0.06739461526089485
14.0,87.5,-0.04347666140485629
14.0,88.0,-0.03339954986337901
14.0,88.5,0.0
14.0,89.0,0.0
14.0,89.5,-0.005032861049784287
14.0,90.0,-0.005032861049784287
14.0,90.5,-0.005032861049784287
14.0,91.0,0.0
14.0,91.5,0.0
14.0,92.0,-0.03339954986337901
14.0,92.5,-0.04347666140485629
14.0,93.0,-0.06739461526089485
14.0,93.5,-0.07445581922057443
14.0,94.0,-0.09862151724111357
14.0,94.5,-0.09862151724111357
14.0,95.0,-0.13448350339489323
14.0,95.5,-0.16746298877641763
14.0,96.0,-0.19755094484245106
14.0,96.5,-0.23138490368946663
14.0,97.0,-0.26333808705637196
14.0,97.5,-0.2934047699453366
14.0,98.0,-0.3562256122956313
14.0,98.5,-0.3897776855577817
14.0,99.0,-0.45358590362179996
14.0,99.5,-0.493489514895316
14.0,100.0,-0.5513634848886291
14.0,100.5,-0.6157305700694451
14.0,101.0,-0.6523023822180747
14.0,101.5,-0.7238585656733285
14.0,102.0,-0.7811306996712091
14.0,102.5,-0.8479289953528166
14.0,103.0,-0.9125689818283185
14.0,103.5,-1.0193139073744284
14.0,104.0,-1.078989215838238
14.0,104.5,-1.1511939609498931
14.0,105.0,-1.2493427949859104
14.0,105.5,-1.3179842662632097
14.0,106.0,-1.4265058933787635
14.0,106.5,-1.515681784789745
14.0,107.0,-1.6185511134185937
14.0,107.5,-1.6974844778066789
14.0,108.0,-1.7963544465344583
14.0,108.5,-1.892578488508427
14.0,109.0,-2.0053422478109297
14.0,109.5,-2.0967356439411766
14.0,110.0,-2.2055907573587987
14.0,110.5,-2.347975871428936
14.0,111.0,-2.4526733539155288
14.0,111.5,-2.5555568146237597
14.0,112.0,-2.6898797388687257
14.0,112.5,-2.7884558667696737
14.0,113.0,-2.8851542246857953
14.0,113.5,-3.034736686818839
14.0,114.0,-3.181994471118955
14.0,114.5,-3.272546735201047
14.0,115.0,-3.469391503026646
14.0,115.5,-3.5810236703058713
14.0,116.0,-3.719367619788329
14.0,116.5,-3.8552149864271854
14.0,117.0,-4.015396804731317
14.0,117.5,-4.199628265553997
14.0,118.0,-4.303101939417456
14.0,118.5,-4.510379824867595
14.0,119.0,-4.6631588436378415
14.0,119.5,-4.8370433039101535
14.0,120.0,-4.985582930571123
14.0,120.5,-5.18374563617645
14.0,121.0,-5.3588360929532435
14.0,121.5,-5.501939020678126
14.0,122.0,-5.643105768881522
14.0,122.5,-5.883112067565385
14.0,123.0,-6.052047765774709
14.0,123.5,-6.187082558271701
14.0,124.0,-6.402741895220743
14.0,124.5,-6.582986185067735
14.0,125.0,-6.745570087071997
14.0,125.5,-6.955485695295074
14.0,126.0,-7.115049039918592
14.0,126.5,-7.321305610107963
14.0,127.0,-7.525506078586336
14.0,127.5,-7.680141817344413
14.0,128.0,-7.880418375943776
14.0,128.5,-8.031677813211296
14.0,129.0,-8.274295851653285
14.0,129.5,-8.459477239903592
14.0,130.0,-8.689578974340467
14.0,130.5,-8.834089727969225
14.0,131.0,-9.106118646527264
14.0,131.5,-9.330973406356883
14.0,132.0,-9.554105027740672
14.0,132.5,-9.731334504619404
14.0,133.0,-9.951231267756143
14.0,133.5,-10.169253830873778
14.0,134.0,-10.469643054458587
14.0,134.5,-10.641096654020608
14.0,135.0,-10.811240133601132
14.0,135.5,-11.106343249625649
14.0,136.0,-11.273413825310268
14.0,136.5,-11.523357136011466
14.0,137.0,-11.771803973876871
14.0,137.5,-12.018697910869239
14.0,138.0,-12.17976294071407
14.0,138.5,-12.423413630360994
14.0,139.0,-12.626055314276364
14.0,139.5,-12.866622668559764
14.0,140.0,-13.066846097589352
14.0,140.5,-13.388065020026357
14.0,141.0,-13.585626457890871
14.0,141.5,-13.781999291584796
14.0,142.0,-14.060876775181587
14.0,142.5,-14.254665137774396
14.0,143.0,-14.530675332022309
14.0,143.5,-14.805101111527538
14.0,144.0,-14.959352943179539
14.0,144.5,-15.314208271472559
14.0,145.0,-15.466519731622654
14.0,145.5,-15.784039604974382
14.0,146.0,-16.01744195613311
14.0,146.5,-16.28287267402989
14.0,147.0,-16.56354961322539
14.0,147.5,-16.793438606804884
14.0,148.0,-17.02209180664124
14.0,148.5,-17.30015983504606
14.0,149.0,-17.526468279964256
14.0,149.5,-17.802618361650048
14.0,150.0,-18.10783324534146
14.0,150.5,-18.300337680566855
14.0,151.0,-18.57329114536818
14.0,151.5,-18.84513469006379
14.0,152.0,-19.168372081268664
14.0,152.5,-19.357568114707874
14.0,153.0,-19.62618916486654
14.0,153.5,-19.866682343161127
14.0,154.0,-20.13300715506231
14.0,154.5,-20.37203318140611
14.0,155.0,-20.610446233021086
14.0,155.5,-20.79406369361584
14.0,156.0,-21.03092517862867
14.0,156.5,-21.267037481814135
14.0,157.0,-21.369257468096627
14.0,157.5,-21.603789293548953
14.0,158.0,-21.64927766701411
14.0,158.5,-21.69356207076354
14.0,159.0,-21.715247803357922
14.0,159.5,-21.75769645823511
14.0,160.0,-21.778455465941356
14.0,160.5,-21.819033149490483
14.0,161.0,-21.83884798909295
14.0,161.5,-21.87752018412921
14.0,162.0,-21.896373795122585
14.0,162.5,-21.933106810852486
14.0,163.0,-21.95098257669889
14.0,163.5,-21.985743672411985
14.0,164.0,-22.002625482884156
14.0,164.5,-22.035382993393497
14.0,165.0,-22.051255307571246
14.0,165.5,-22.08197876949592
14.0,166.0,-22.0968266789429
14.0,166.5,-23.65832641887659
14.0,167.0,-23.730157409199116
14.0,167.5,-23.756678599501083
14.0,168.0,-23.769306903937412
14.0,168.5,-23.769306903937412
14.0,169.0,-23.746059624103886
14.0,169.5,-23.734792310372477
14.0,170.0,-23.708563039009746
14.0,170.5,-23.708563039009746
14.0,171.0,-23.66904959001706
14.0,171.5,-23.619056046545513
14.0,172.0,-23.56850144454294
14.0,172.5,-23.51739607603998
14.0,173.0,-23.347384613745902
14.0,173.5,-22.221827356905674
14.0,174.0,-22.221827356905674
14.0,174.5,-22.227962236133934
14.0,175.0,-22.239126663008015
14.0,175.5,-22.244154917249542
14.0,176.0,-22.669410565860623
14.0,176.5,-28.828538963989264
14.0,177.0,-29.010252696973197
14.0,177.5,-29.308047204515102
14.0,178.0,-29.190992423758804
14.0,178.5,-29.270714953264612
14.0,179.0,-29.270714953264612
14.0,179.5,-29.350437482770424
14.0,180.0,-29.430160012276232
14.0,180.5,-29.489508419384247
14.0,181.0,-29.54885682649226
14.0,181.5,-29.608205233600273
14.0,182.0,-29.786993928010023
14.0,182.5,-30.263679776970832
14.0,183.0,-30.263679776970832
14.0,183.5,-29.962840024510843
14.0,184.0,-29.962840024510843
14.0,184.5,-30.200734484632857
14.0,185.0,-30.379024613189205
14.0,185.5,-30.379024613189205
14.0,186.0,-30.13587992414774
14.0,186.5,-30.13587992414774
14.0,187.0,-30.25436323351043
14.0,187.5,-30.37271898089083
14.0,188.0,-30.490912170503787
14.0,188.5,-30.490912170503787
14.0,189.0,-30.305129037096066
14.0,189.5,-30.305129037096066
14.0,190.0,-30.422676611709395
14.0,190.5,-30.481335052845775
14.0,191.0,-30.53990210270301
14.0,191.5,-30.59836423118497
14.0,192.0,-30.656705131310247
14.0,192.5,-30.656705131310247
14.0,193.0,-30.527122471321757
14.0,193.5,-30.527122471321757
14.0,194.0,-30.527122471321757
14.0,194.5,-30.584961944356607
14.0,195.0,-30.642618294855613
14.0,195.5,-30.700062332302174
14.0,196.0,-30.888383868528784
14.0,196.5,-30.75725846135356
14.0,197.0,-30.94570794591517
14.0,197.5,-30.814162872851163
14.0,198.0,-30.814162872851163
14.0,198.5,-30.7481777027263
14.0,199.0,-30.7481777027263
14.0,199.5,-30.73841178177827
14.0,200.0,-30.92686472480866
14.0,200.5,-30.79423333734647
14.0,201.0,-30.8883700292932
14.0,201.5,-30.8883700292932
14.0,202.0,-30.8883700292932
14.0,202.5,-30.982506721239925
14.0,203.0,-31.037535089545454
14.0,203.5,-31.037535089545454
14.0,204.0,-31.037535089545454
14.0,204.5,-31.22508891062687
14.0,205.0,-31.22508891062687
14.0,205.5,-30.958508679688254
14.0,206.0,-30.93851369497183
14.0,206.5,-30.918518710255412
14.0,207.0,-30.89852372553899
14.0,207.5,-30.89852372553899
14.0,208.0,-31.145119318266957
14.0,208.5,-31.145119318266957
14.0,209.0,-30.93101618246139
14.0,209.5,-30.93101618246139
14.0,210.0,-31.06415864183219
14.0,210.5,-31.0898646510989
14.0,211.0,-31.0898646510989
14.0,211.5,-31.0898646510989
14.0,212.0,-31.115270430713398
14.0,212.5,-31.115270430713398
14.0,213.0,-31.074033042347487
14.0,213.5,-31.074033042347487
14.0,214.0,-31.076817583247337
14.0,214.5,-31.120839512513097
14.0,215.0,-31.164861441778854
14.0,215.5,-31.164861441778854
14.0,216.0,-31.164861441778854
14.0,216.5,-31.18893679276139
14.0,217.0,-31.18893679276139
14.0,217.5,-31.254392378169584
14.0,218.0,-31.254392378169584
14.0,218.5,-31.212536435486847
14.0,219.0,-31.170603141224362
14.0,219.5,-31.170603141224362
14.0,220.0,-31.203054894817082
14.0,220.5,-31.277439942672288
14.0,221.0,-31.351824990527493
14.0,221.5,-31.351824990527493
14.0,222.0,-31.34201162143476
14.0,222.5,-31.25777555118546
14.0,223.0,-31.089245145993218
14.0,223.5,-31.089245145993218
14.0,224.0,-31.095264794256618
14.0,224.5,-31.101284442520015
14.0,225.0,-31.107304090783416
14.0,225.5,-31.113323739046812
14.0,226.0,-31.11934338731021
14.0,226.5,-31.12536303557361
14.0,227.0,-31.131382683837007
14.0,227.5,-31.299897067677055
14.0,228.0,-31.348533936396368
14.0,228.5,-31.348533936396368
14.0,229.0,-31.3129508537897
14.0,229.5,-31.277367771183034
14.0,230.0,-31.241784688576367
14.0,230.5,-31.2062016059697
14.0,231.0,-31.2062016059697
14.0,231.5,-31.21251740879197
14.0,232.0,-31.254416294220913
14.0,232.5,-31.296217692543966
14.0,233.0,-31.311687727057578
14.0,233.5,-31.311687727057578
14.0,234.0,-31.285356363248134
14.0,234.5,-31.25902499943869
14.0,235.0,-31.232693635629246
14.0,235.5,-31.232693635629246
14.0,236.0,-31.233918621847263
14.0,236.5,-31.261474971874723
14.0,237.0,-31.28903132190218
14.0,237.5,-31.28903132190218
14.0,238.0,-31.280514307218567
14.0,238.5,-31.271997292534955
14.0,239.0,-31.263480277851343
14.0,239.5,-31.25496326316773
14.0,240.0,-31.24644624848412
14.0,240.5,-31.237929233800504
14.0,241.0,-31.237929233800504
14.0,241.5,-31.237929233800504
14.0,242.0,-31.237929233800504
14.0,242.5,-31.237929233800504
14.0,243.0,-31.237929233800504
14.0,243.5,-31.237929233800504
14.0,244.0,-31.237929233800504
14.0,244.5,-31.237929233800504
14.0,245.0,-31.237929233800504
14.0,245.5,-31.237929233800504
14.0,246.0,-31.237929233800504
14.0,246.5,-31.237929233800504
14.0,247.0,-31.237929233800504
14.0,247.5,-31.237929233800504
14.0,248.0,-31.237929233800504
14.0,248.5,-31.237929233800504
14.0,249.0,-31.237929233800504
14.0,249.5,-31.237929233800504
14.0,250.0,-31.237929233800504
14.0,250.5,-31.237929233800504
14.0,251.0,-31.237929233800504
14.0,251.5,-31.237929233800504
14.0,252.0,-31.237929233800504
14.0,252.5,-31.237929233800504
14.0,253.0,-31.237929233800504
14.0,253.5,-31.237929233800504
14.0,254.0,-31.237929233800504
14.0,254.5,-31.237929233800504
14.0,255.0,-31.237929233800504
14.0,255.5,-31.237929233800504
14.0,256.0,-31.237929233800504
14.0,256.5,-31.237929233800504
14.0,257.0,-31.237929233800504
14.0,257.5,-31.237929233800504
14.0,258.0,-31.237929233800504
14.0,258.5,-31.237929233800504
14.0,259.0,-31.237929233800504
14.0,259.5,-31.237929233800504
14.0,260.0,-31.237929233800504
14.0,260.5,-31.237929233800504
14.0,261.0,-31.237929233800504
14.0,261.5,-31.237929233800504
14.0,262.0,-31.237929233800504
14.0,262.5,-31.237929233800504
14.0,263.0,-31.237929233800504
14.0,263.5,-31.237929233800504
14.0,264.0,-31.237929233800504
14.0,264.5,-31.237929233800504
14.0,265.0,-31.237929233800504
14.0,265.5,-31.237929233800504
14.0,266.0,-31.237929233800504
14.0,266.5,-31.237929233800504
14.0,267.0,-31.237929233800504
14.0,267.5,-31.237929233800504
14.0,268.0,-31.237929233800504
14.0,268.5,-31.237929233800504
14.0,269.0,-31.237929233800504
14.0,269.5,-31.237929233800504
14.0,270.0,-31.237929233800504
14.0,270.5,-31.237929233800504
14.0,271.0,-31.237929233800504
14.0,271.5,-31.237929233800504
14.0,272.0,-31.237929233800504
14.0,272.5,-31.237929233800504
14.0,273.0,-31.237929233800504
14.0,273.5,-31.237929233800504
14.0,274.0,-31.237929233800504
14.0,274.5,-31.237929233800504
14.0,275.0,-31.237929233800504
14.0,275.5,-31.237929233800504
14.0,276.0,-31.237929233800504
14.0,276.5,-31.237929233800504
14.0,277.0,-31.237929233800504
14.0,277.5,-31.237929233800504
14.0,278.0,-31.237929233800504
14.0,278.5,-31.237929233800504
14.0,279.0,-31.237929233800504
14.0,279.5,-31.237929233800504
14.0,280.0,-31.237929233800504
14.0,280.5,-31.237929233800504
14.0,281.0,-31.237929233800504
14.0,281.5,-31.237929233800504
14.0,282.0,-31.237929233800504
14.0,282.5,-31.237929233800504
14.0,283.0,-31.237929233800504
14.0,283.5,-31.237929233800504
14.0,284.0,-31.237929233800504
14.0,284.5,-31.237929233800504
14.0,285.0,-31.237929233800504
14.0,285.5,-31.237929233800504
14.0,286.0,-31.237929233800504
14.0,286.5,-31.237929233800504
14.0,287.0,-31.237929233800504
14.0,287.5,-31.237929233800504
14.0,288.0,-31.237929233800504
14.0,288.5,-31.237929233800504
14.0,289.0,-31.237929233800504
14.0,289.5,-31.237929233800504
14.0,290.0,-31.237929233800504
14.0,290.5,-31.237929233800504
14.0,291.0,-31.237929233800504
14.0,291.5,-31.237929233800504
14.0,292.0,-31.237929233800504
14.0,292.5,-31.237929233800504
14.0,293.0,-31.237929233800504
14.0,293.5,-31.237929233800504
14.0,294.0,-31.237929233800504
14.0,294.5,-31.237929233800504
14.0,295.0,-31.237929233800504
14.0,295.5,-31.237929233800504
14.0,296.0,-31.237929233800504
14.0,296.5,-31.237929233800504
14.0,297.0,-31.237929233800504
14.0,297.5,-31.237929233800504
14.0,298.0,-31.237929233800504
14.0,298.5,-31.237929233800504
14.0,299.0,-31.237929233800504
14.0,299.5,-31.237929233800504
14.0,300.0,-31.24644624848412
14.0,300.5,-31.25496326316773
14.0,301.0,-31.263480277851343
14.0,301.5,-31.271997292534955
14.0,302.0,-31.280514307218567
14.0,302.5,-31.28903132190218
14.0,303.0,-31.28903132190218
14.0,303.5,-31.261474971874723
14.0,304.0,-31.233918621847263
14.0,304.5,-31.232693635629246
14.0,305.0,-31.232693635629246
14.0,305.5,-31.25902499943869
14.0,306.0,-31.285356363248134
14.0,306.5,-31.311687727057578
14.0,307.0,-31.311687727057578
14.0,307.5,-31.296217692543966
14.0,308.0,-31.254416294220913
14.0,308.5,-31.21251740879197
14.0,309.0,-31.2062016059697
14.0,309.5,-31.2062016059697
14.0,310.0,-31.241784688576367
14.0,310.5,-31.277367771183034
14.0,311.0,-31.3129508537897
14.0,311.5,-31.348533936396368
14.0,312.0,-31.348533936396368
14.0,312.5,-31.299897067677055
14.0,313.0,-31.131382683837007
14.0,313.5,-31.12536303557361
14.0,314.0,-31.11934338731021
14.0,314.5,-31.113323739046812
14.0,315.0,-31.107304090783416
14.0,315.5,-31.101284442520015
14.0,316.0,-31.095264794256618
14.0,316.5,-31.089245145993218
14.0,317.0,-31.089245145993218
14.0,317.5,-31.25777555118546
14.0,318.0,-31.34201162143476
14.0,318.5,-31.351824990527493
14.0,319.0,-31.351824990527493
14.0,319.5,-31.277439942672288
14.0,320.0,-31.203054894817082
14.0,320.5,-31.170603141224362
14.0,321.0,-31.170603141224362
14.0,321.5,-31.212536435486847
14.0,322.0,-31.254392378169584
14.0,322.5,-31.254392378169584
14.0,323.0,-31.18893679276139
14.0,323.5,-31.18893679276139
14.0,324.0,-31.164861441778854
14.0,324.5,-31.164861441778854
14.0,325.0,-31.164861441778854
14.0,325.5,-31.120839512513097
14.0,326.0,-31.076817583247337
14.0,326.5,-31.074033042347487
14.0,327.0,-31.074033042347487
14.0,327.5,-31.115270430713398
14.0,328.0,-31.115270430713398
14.0,328.5,-31.0898646510989
14.0,329.0,-31.0898646510989
14.0,329.5,-31.0898646510989
14.0,330.0,-31.06415864183219
14.0,330.5,-30.93101618246139
14.0,331.0,-30.93101618246139
14.0,331.5,-31.145119318266957
14.0,332.0,-31.145119318266957
14.0,332.5,-30.89852372553899
14.0,333.0,-30.89852372553899
14.0,333.5,-30.918518710255412
14.0,334.0,-30.93851369497183
14.0,334.5,-30.958508679688254
14.0,335.0,-31.22508891062687
14.0,335.5,-31.22508891062687
14.0,336.0,-31.037535089545454
14.0,336.5,-31.037535089545454
14.0,337.0,-31.037535089545454
14.0,337.5,-30.982506721239925
14.0,338.0,-30.8883700292932
14.0,338.5,-30.8883700292932
14.0,339.0,-30.8883700292932
14.0,339.5,-30.79423333734647
14.0,340.0,-30.92686472480866
14.0,340.5,-30.73841178177827
14.0,341.0,-30.7481777027263
14.0,341.5,-30.7481777027263
14.0,342.0,-30.814162872851163
14.0,342.5,-30.814162872851163
14.0,343.0,-30.94570794591517
14.0,343.5,-30.75725846135356
14.0,344.0,-30.888383868528784
14.0,344.5,-30.700062332302174
14.0,345.0,-30.642618294855613
14.0,345.5,-30.584961944356607
14.0,346.0,-30.527122471321757
14.0,346.5,-30.527122471321757
14.0,347.0,-30.527122471321757
14.0,347.5,-30.656705131310247
14.0,348.0,-30.656705131310247
14.0,348.5,-30.59836423118497
14.0,349.0,-30.53990210270301
14.0,349.5,-30.481335052845775
14.0,350.0,-30.422676611709395
14.0,350.5,-30.305129037096066
14.0,351.0,-30.305129037096066
14.0,351.5,-30.490912170503787
14.0,352.0,-30.490912170503787
14.0,352.5,-30.37271898089083
14.0,353.0,-30.25436323351043
14.0,353.5,-30.13587992414774
14.0,354.0,-30.13587992414774
14.0,354.5,-30.379024613189205
14.0,355.0,-30.379024613189205
14.0,355.5,-30.200734484632857
14.0,356.0,-29.962840024510843
14.0,356.5,-29.962840024510843
14.0,357.0,-30.263679776970832
14.0,357.5,-30.263679776970832
14.0,358.0,-29.786993928010023
14.0,358.5,-29.608205233600273
14.0,359.0,-29.54885682649226
14.0,359.5,-29.489508419384247
15.0,0.0,-29.370539416070272
15.0,0.5,-29.310690418633115
15.0,1.0,-29.250841421195958
15.0,1.5,-29.250841421195958
15.0,2.0,-29.190992423758804
15.0,2.5,-29.308047204515102
15.0,3.0,-28.950686013366955
15.0,3.5,-29.066546287177754
15.0,4.0,-28.769025406603696
15.0,4.5,-28.64602036488051
15.0,5.0,-28.522205273832096
15.0,5.5,-28.4628295470528
15.0,6.0,-28.279071877484267
15.0,6.5,-28.094832033020424
15.0,7.0,-27.969338960529978
15.0,7.5,-27.784258390336284
15.0,8.0,-27.784258390336284
15.0,8.5,-27.47214776568037
15.0,9.0,-27.345039986464727
15.0,9.5,-27.21757824581973
15.0,10.0,-27.089791369770328
15.0,10.5,-26.90310581119944
15.0,11.0,-26.833342959758383
15.0,11.5,-26.704725576165472
15.0,12.0,-26.44679917943041
15.0,12.5,-26.31752279254637
15.0,13.0,-26.24615063729839
15.0,13.5,-25.986553330643712
15.0,14.0,-25.914360972670632
15.0,14.5,-25.711403050664067
15.0,15.0,-25.58083477280273
15.0,15.5,-25.37679143956498
15.0,16.0,-25.172056063728704
15.0,16.5,-24.96669098392374
15.0,17.0,-24.760751429759704
15.0,17.5,-24.554286485086443
15.0,18.0,-24.34733990232233
15.0,18.5,-24.007884454697617
15.0,19.0,-23.79996339933208
15.0,19.5,-23.591678774781528
15.0,20.0,-23.30661957321839
15.0,20.5,-23.020692434871606
15.0,21.0,-22.733979613713835
15.0,21.5,-22.446553475188907
15.0,22.0,-22.29140091567808
15.0,22.5,-21.924811926558355
15.0,23.0,-21.768514162702807
15.0,23.5,-21.533334463767623
15.0,24.0,-21.297327718917025
15.0,24.5,-20.981459249839094
15.0,25.0,-20.743727272118406
15.0,25.5,-20.505333334248576
15.0,26.0,-20.18651559856185
15.0,26.5,-19.866682343161127
15.0,27.0,-19.67921921045501
15.0,27.5,-19.357568114707874
15.0,28.0,-19.168372081268664
15.0,28.5,-18.897433181300187
15.0,29.0,-18.62531963381928
15.0,29.5,-18.381640064384463
15.0,30.0,-18.15938879917178
15.0,30.5,-17.884333968631623
15.0,31.0,-17.659338036867346
15.0,31.5,-17.4642802914711
15.0,32.0,-17.236984524740397
15.0,32.5,-16.925973384184807
15.0,33.0,-16.778508425508377
15.0,33.5,-16.547444972220447
15.0,34.0,-16.23239508826518
15.0,34.5,-16.081935852890425
15.0,35.0,-15.847588975092712
15.0,35.5,-15.529046466075496
15.0,36.0,-15.257439901090137
15.0,36.5,-15.019776040590983
15.0,37.0,-14.745230630753593
15.0,37.5,-14.469084978028928
15.0,38.0,-14.275156620760711
15.0,38.5,-14.03342262774018
15.0,39.0,-13.753392665383515
15.0,39.5,-13.433914341935264
15.0,40.0,-13.234902659174217
15.0,40.5,-13.034780416757304
15.0,41.0,-12.710192958861569
15.0,41.5,-12.50758879431313
15.0,42.0,-12.263980026043782
15.0,42.5,-12.018697910869239
15.0,43.0,-11.856080722635724
15.0,43.5,-11.607653183525738
15.0,44.0,-11.35772252539076
15.0,44.5,-11.190658405740109
15.0,45.0,-10.89555532050343
15.0,45.5,-10.725405800147293
15.0,46.0,-10.553941054521392
15.0,46.5,-10.253531400420869
15.0,47.0,-10.035481189342143
15.0,47.5,-9.859684108678145
15.0,48.0,-9.63828874058639
15.0,48.5,-9.415111926126283
15.0,49.0,-9.190206452769367
15.0,49.5,-8.963623428053452
15.0,50.0,-8.819381041379948
15.0,50.5,-8.543366694093343
15.0,51.0,-8.35812911842254
15.0,51.5,-8.162228586154377
15.0,52.0,-7.96405924490967
15.0,52.5,-7.727598088782301
15.0,53.0,-7.525506078586336
15.0,53.5,-7.321305610107963
15.0,54.0,-7.115049039918592
15.0,54.5,-6.955485695295074
15.0,55.0,-6.794523068111086
15.0,55.5,-6.616577025683931
15.0,56.0,-6.402741895220743
15.0,56.5,-6.269630564715509
15.0,57.0,-6.052047765774709
15.0,57.5,-5.914969695906638
15.0,58.0,-5.744466185892531
15.0,58.5,-5.5529073143283085
15.0,59.0,-5.3588360929532435
15.0,59.5,-5.213828268217252
15.0,60.0,-5.015177306811935
15.0,60.5,-4.866210276621466
15.0,61.0,-4.715436698927082
15.0,61.5,-4.562886590987869
15.0,62.0,-4.408589650782339
15.0,62.5,-4.226959680586926
15.0,63.0,-4.068633091104836
15.0,63.5,-3.9086554215379863
15.0,64.0,-3.7730564719933497
15.0,64.5,-3.5810236703058713
15.0,65.0,-3.469391503026646
15.0,65.5,-3.3268914903279985
15.0,66.0,-3.181994471118955
15.0,66.5,-3.034736686818839
15.0,67.0,-2.940124661662445
15.0,67.5,-2.7884558667696737
15.0,68.0,-2.6898797388687257
15.0,68.5,-2.5555568146237597
15.0,69.0,-2.4526733539155288
15.0,69.5,-2.347975871428936
15.0,70.0,-2.2055907573587987
15.0,70.5,-2.0967356439411766
15.0,71.0,-2.0053422478109297
15.0,71.5,-1.892578488508427
15.0,72.0,-1.7963544465344583
15.0,72.5,-1.6974844778066789
15.0,73.0,-1.6185511134185937
15.0,73.5,-1.515681784789745
15.0,74.0,-1.4265058933787635
15.0,74.5,-1.3179842662632097
15.0,75.0,-1.2493427949859104
15.0,75.5,-1.1511939609498931
15.0,76.0,-1.0932312694460649
15.0,76.5,-1.0193139073744284
15.0,77.0,-0.9574479226434391
15.0,77.5,-0.8934044232400353
15.0,78.0,-0.7932859892038522
15.0,78.5,-0.7238585656733285
15.0,79.0,-0.6996642103084199
15.0,79.5,-0.6265664127106412
15.0,80.0,-0.561607763960204
15.0,80.5,-0.5328753750196746
15.0,81.0,-0.47208395806160297
15.0,81.5,-0.39838365471965886
15.0,82.0,-0.3726293999526824
15.0,82.5,-0.3372870604397491
15.0,83.0,-0.3008553637716034
15.0,83.5,-0.23791942956772516
15.0,84.0,-0.20362825258175477
15.0,84.5,-0.17297228505746887
15.0,85.0,-0.13942542701990845
15.0,85.5,-0.13448350339489323
15.0,86.0,-0.10299686157670251
15.0,86.5,-0.07445581922057443
15.0,87.0,-0.07098106206829868
15.0,87.5,-0.04347666140485629
15.0,88.0,-0.036086466869480915
15.0,88.5,0.0
15.0,89.0,0.0
15.0,89.5,-0.005032861049784287
15.0,90.0,-0.005032861049784287
15.0,90.5,-0.005032861049784287
15.0,91.0,0.0
15.0,91.5,0.0
15.0,92.0,-0.036086466869480915
15.0,92.5,-0.04347666140485629
15.0,93.0,-0.07098106206829868
15.0,93.5,-0.07445581922057443
15.0,94.0,-0.10299686157670251
15.0,94.5,-0.13448350339489323
15.0,95.0,-0.13942542701990845
15.0,95.5,-0.17297228505746887
15.0,96.0,-0.20362825258175477
15.0,96.5,-0.23791942956772516
15.0,97.0,-0.3008553637716034
15.0,97.5,-0.3372870604397491
15.0,98.0,-0.3726293999526824
15.0,98.5,-0.39838365471965886
15.0,99.0,-0.47208395806160297
15.0,99.5,-0.5328753750196746
15.0,100.0,-0.561607763960204
15.0,100.5,-0.6265664127106412
15.0,101.0,-0.6996642103084199
15.0,101.5,-0.7238585656733285
15.0,102.0,-0.7932859892038522
15.0,102.5,-0.8934044232400353
15.0,103.0,-0.9574479226434391
15.0,103.5,-1.0193139073744284
15.0,104.0,-1.0932312694460649
15.0,104.5,-1.1511939609498931
15.0,105.0,-1.2493427949859104
15.0,105.5,-1.3179842662632097
15.0,106.0,-1.4265058933787635
15.0,106.5,-1.515681784789745
15.0,107.0,-1.6185511134185937
15.0,107.5,-1.6974844778066789
15.0,108.0,-1.7963544465344583
15.0,108.5,-1.892578488508427
15.0,109.0,-2.0053422478109297
15.0,109.5,-2.0967356439411766
15.0,110.0,-2.2055907573587987
15.0,110.5,-2.347975871428936
15.0,111.0,-2.4526733539155288
15.0,111.5,-2.5555568146237597
15.0,112.0,-2.6898797388687257
15.0,112.5,-2.7884558667696737
15.0,113.0,-2.940124661662445
15.0,113.5,-3.034736686818839
15.0,114.0,-3.181994471118955
15.0,114.5,-3.3268914903279985
15.0,115.0,-3.469391503026646
15.0,115.5,-3.5810236703058713
15.0,116.0,-3.7730564719933497
15.0,116.5,-3.9086554215379863
15.0,117.0,-4.068633091104836
15.0,117.5,-4.226959680586926
15.0,118.0,-4.408589650782339
15.0,118.5,-4.562886590987869
15.0,119.0,-4.715436698927082
15.0,119.5,-4.866210276621466
15.0,120.0,-5.015177306811935
15.0,120.5,-5.213828268217252
15.0,121.0,-5.3588360929532435
15.0,121.5,-5.5529073143283085
15.0,122.0,-5.744466185892531
15.0,122.5,-5.914969695906638
15.0,123.0,-6.052047765774709
15.0,123.5,-6.269630564715509
15.0,124.0,-6.402741895220743
15.0,124.5,-6.616577025683931
15.0,125.0,-6.794523068111086
15.0,125.5,-6.955485695295074
15.0,126.0,-7.115049039918592
15.0,126.5,-7.321305610107963
15.0,127.0,-7.525506078586336
15.0,127.5,-7.727598088782301
15.0,128.0,-7.96405924490967
15.0,128.5,-8.162228586154377
15.0,129.0,-8.35812911842254
15.0,129.5,-8.543366694093343
15.0,130.0,-8.819381041379948
15.0,130.5,-8.963623428053452
15.0,131.0,-9.190206452769367
15.0,131.5,-9.415111926126283
15.0,132.0,-9.63828874058639
15.0,132.5,-9.859684108678145
15.0,133.0,-10.035481189342143
15.0,133.5,-10.253531400420869
15.0,134.0,-10.553941054521392
15.0,134.5,-10.725405800147293
15.0,135.0,-10.89555532050343
15.0,135.5,-11.190658405740109
15.0,136.0,-11.35772252539076
15.0,136.5,-11.607653183525738
15.0,137.0,-11.771803973876871
15.0,137.5,-12.018697910869239
15.0,138.0,-12.263980026043782
15.0,138.5,-12.50758879431313
15.0,139.0,-12.710192958861569
15.0,139.5,-12.950702603848761
15.0,140.0,-13.234902659174217
15.0,140.5,-13.433914341935264
15.0,141.0,-13.753392665383515
15.0,141.5,-14.03342262774018
15.0,142.0,-14.275156620760711
15.0,142.5,-14.469084978028928
15.0,143.0,-14.745230630753593
15.0,143.5,-15.019776040590983
15.0,144.0,-15.257439901090137
15.0,144.5,-15.529046466075496
15.0,145.0,-15.847588975092712
15.0,145.5,-16.081935852890425
15.0,146.0,-16.23239508826518
15.0,146.5,-16.547444972220447
15.0,147.0,-16.778508425508377
15.0,147.5,-16.925973384184807
15.0,148.0,-17.236984524740397
15.0,148.5,-17.4642802914711
15.0,149.0,-17.659338036867346
15.0,149.5,-17.884333968631623
15.0,150.0,-18.15938879917178
15.0,150.5,-18.381640064384463
15.0,151.0,-18.62531963381928
15.0,151.5,-18.897433181300187
15.0,152.0,-19.168372081268664
15.0,152.5,-19.357568114707874
15.0,153.0,-19.67921921045501
15.0,153.5,-19.866682343161127
15.0,154.0,-20.18651559856185
15.0,154.5,-20.505333334248576
15.0,155.0,-20.743727272118406
15.0,155.5,-20.981459249839094
15.0,156.0,-21.297327718917025
15.0,156.5,-21.533334463767623
15.0,157.0,-21.603789293548953
15.0,157.5,-21.603789293548953
15.0,158.0,-21.64927766701411
15.0,158.5,-21.69356207076354
15.0,159.0,-21.715247803357922
15.0,159.5,-21.75769645823511
15.0,160.0,-21.778455465941356
15.0,160.5,-21.819033149490483
15.0,161.0,-21.83884798909295
15.0,161.5,-21.87752018412921
15.0,162.0,-21.896373795122585
15.0,162.5,-21.933106810852486
15.0,163.0,-21.95098257669889
15.0,163.5,-21.985743672411985
15.0,164.0,-22.002625482884156
15.0,164.5,-22.035382993393497
15.0,165.0,-22.051255307571246
15.0,165.5,-22.08197876949592
15.0,166.0,-22.0968266789429
15.0,166.5,-23.65832641887659
15.0,167.0,-23.730157409199116
15.0,167.5,-23.756678599501083
15.0,168.0,-23.769306903937412
15.0,168.5,-23.769306903937412
15.0,169.0,-23.746059624103886
15.0,169.5,-23.734792310372477
15.0,170.0,-23.708563039009746
15.0,170.5,-23.708563039009746
15.0,171.0,-23.66904959001706
15.0,171.5,-23.619056046545513
15.0,172.0,-23.56850144454294
15.0,172.5,-23.51739607603998
15.0,173.0,-23.347384613745902
15.0,173.5,-22.221827356905674
15.0,174.0,-22.221827356905674
15.0,174.5,-22.227962236133934
15.0,175.0,-22.239126663008015
15.0,175.5,-22.244154917249542
15.0,176.0,-22.669410565860623
15.0,176.5,-28.769025406603696
15.0,177.0,-28.950686013366955
15.0,177.5,-29.308047204515102
15.0,178.0,-29.190992423758804
15.0,178.5,-29.250841421195958
15.0,179.0,-29.250841421195958
15.0,179.5,-29.310690418633115
15.0,180.0,-29.370539416070272
15.0,180.5,-29.42989507893954
15.0,181.0,-29.48925074180881
15.0,181.5,-29.548606404678083
15.0,182.0,-29.786993928010023
15.0,182.5,-30.263679776970832
15.0,183.0,-30.263679776970832
15.0,183.5,-29.962840024510843
15.0,184.0,-29.962840024510843
15.0,184.5,-30.200734484632857
15.0,185.0,-30.200734484632857
15.0,185.5,-30.017294700243603
15.0,186.0,-30.017294700243603
15.0,186.5,-30.13587992414774
15.0,187.0,-30.25436323351043
15.0,187.5,-30.37271898089083
15.0,188.0,-30.37271898089083
15.0,188.5,-30.246257524573867
15.0,189.0,-30.246257524573867
15.0,189.5,-30.305129037096066
15.0,190.0,-30.422676611709395
15.0,190.5,-30.481335052845775
15.0,191.0,-30.53990210270301
15.0,191.5,-30.59836423118497
15.0,192.0,-30.59836423118497
15.0,192.5,-30.469124019858427
15.0,193.0,-30.469124019858427
15.0,193.5,-30.527122471321757
15.0,194.0,-30.527122471321757
15.0,194.5,-30.584961944356607
15.0,195.0,-30.642618294855613
15.0,195.5,-30.700062332302174
15.0,196.0,-30.888383868528784
15.0,196.5,-30.700062332302174
15.0,197.0,-30.94570794591517
15.0,197.5,-30.62563343381258
15.0,198.0,-30.653912983207007
15.0,198.5,-30.653912983207007
15.0,199.0,-30.682192532601437
15.0,199.5,-30.73841178177827
15.0,200.0,-30.92686472480866
15.0,200.5,-30.79423333734647
15.0,201.0,-30.8883700292932
15.0,201.5,-30.8883700292932
15.0,202.0,-30.8883700292932
15.0,202.5,-30.982506721239925
15.0,203.0,-31.037535089545454
15.0,203.5,-31.037535089545454
15.0,204.0,-31.037535089545454
15.0,204.5,-31.22508891062687
15.0,205.0,-31.22508891062687
15.0,205.5,-30.82520790350035
15.0,206.0,-30.82520790350035
15.0,206.5,-30.84298151594109
15.0,207.0,-30.86075512838183
15.0,207.5,-30.87852874082257
15.0,208.0,-31.145119318266957
15.0,208.5,-31.145119318266957
15.0,209.0,-30.93101618246139
15.0,209.5,-30.93101618246139
15.0,210.0,-31.06415864183219
15.0,210.5,-31.0898646510989
15.0,211.0,-31.0898646510989
15.0,211.5,-31.0898646510989
15.0,212.0,-31.115270430713398
15.0,212.5,-31.115270430713398
15.0,213.0,-31.074033042347487
15.0,213.5,-31.074033042347487
15.0,214.0,-31.076817583247337
15.0,214.5,-31.120839512513097
15.0,215.0,-31.164861441778854
15.0,215.5,-31.164861441778854
15.0,216.0,-31.164861441778854
15.0,216.5,-31.18893679276139
15.0,217.0,-31.18893679276139
15.0,217.5,-31.254392378169584
15.0,218.0,-31.254392378169584
15.0,218.5,-31.212536435486847
15.0,219.0,-31.170603141224362
15.0,219.5,-31.128669846961877
15.0,220.0,-31.128669846961877
15.0,220.5,-31.46827311607442
15.0,221.0,-31.46827311607442
15.0,221.5,-31.426210038382695
15.0,222.0,-31.34201162143476
15.0,222.5,-31.25777555118546
15.0,223.0,-31.089245145993218
15.0,223.5,-31.089245145993218
15.0,224.0,-31.095264794256618
15.0,224.5,-31.101284442520015
15.0,225.0,-31.107304090783416
15.0,225.5,-31.113323739046812
15.0,226.0,-31.11934338731021
15.0,226.5,-31.12536303557361
15.0,227.0,-31.131382683837007
15.0,227.5,-31.299897067677055
15.0,228.0,-31.384117019003035
15.0,228.5,-31.4262013829295
15.0,229.0,-31.4262013829295
15.0,229.5,-31.393868940982728
15.0,230.0,-31.319452135109497
15.0,230.5,-31.245035329236263
15.0,231.0,-31.21251740879197
15.0,231.5,-31.21251740879197
15.0,232.0,-31.254416294220913
15.0,232.5,-31.296217692543966
15.0,233.0,-31.33801909086702
15.0,233.5,-31.35883744332429
15.0,234.0,-31.37965579578156
15.0,234.5,-31.40047414823883
15.0,235.0,-31.40047414823883
15.0,235.5,-31.233918621847263
15.0,236.0,-31.233918621847263
15.0,236.5,-31.261474971874723
15.0,237.0,-31.28903132190218
15.0,237.5,-31.28903132190218
15.0,238.0,-31.309532407853453
15.0,238.5,-31.330033493804724
15.0,239.0,-31.350534579755998
15.0,239.5,-31.371035665707268
15.0,240.0,-31.371035665707268
15.0,240.5,-31.237929233800504
15.0,241.0,-31.22914984242068
15.0,241.5,-31.220370451040854
15.0,242.0,-31.211591059661025
15.0,242.5,-31.2028116682812
15.0,243.0,-31.194032276901375
15.0,243.5,-31.185252885521546
15.0,244.0,-31.185252885521546
15.0,244.5,-31.185252885521546
15.0,245.0,-31.185252885521546
15.0,245.5,-31.185252885521546
15.0,246.0,-31.185252885521546
15.0,246.5,-31.185252885521546
15.0,247.0,-31.185252885521546
15.0,247.5,-31.185252885521546
15.0,248.0,-31.185252885521546
15.0,248.5,-31.185252885521546
15.0,249.0,-31.185252885521546
15.0,249.5,-31.185252885521546
15.0,250.0,-31.185252885521546
15.0,250.5,-31.185252885521546
15.0,251.0,-31.185252885521546
15.0,251.5,-31.185252885521546
15.0,252.0,-31.185252885521546
15.0,252.5,-31.185252885521546
15.0,253.0,-31.185252885521546
15.0,253.5,-31.185252885521546
15.0,254.0,-31.185252885521546
15.0,254.5,-31.185252885521546
15.0,255.0,-31.185252885521546
15.0,255.5,-31.185252885521546
15.0,256.0,-31.185252885521546
15.0,256.5,-31.185252885521546
15.0,257.0,-31.185252885521546
15.0,257.5,-31.185252885521546
15.0,258.0,-31.185252885521546
15.0,258.5,-31.185252885521546
15.0,259.0,-31.185252885521546
15.0,259.5,-31.185252885521546
15.0,260.0,-31.185252885521546
15.0,260.5,-31.185252885521546
15.0,261.0,-31.185252885521546
15.0,261.5,-31.185252885521546
15.0,262.0,-31.185252885521546
15.0,262.5,-31.185252885521546
15.0,263.0,-31.185252885521546
15.0,263.5,-31.185252885521546
15.0,264.0,-31.185252885521546
15.0,264.5,-31.185252885521546
15.0,265.0,-31.185252885521546
15.0,265.5,-31.185252885521546
15.0,266.0,-31.185252885521546
15.0,266.5,-31.185252885521546
15.0,267.0,-31.185252885521546
15.0,267.5,-31.185252885521546
15.0,268.0,-31.185252885521546
15.0,268.5,-31.185252885521546
15.0,269.0,-31.185252885521546
15.0,269.5,-31.185252885521546
15.0,270.0,-31.185252885521546
15.0,270.5,-31.185252885521546
15.0,271.0,-31.185252885521546
15.0,271.5,-31.185252885521546
15.0,272.0,-31.185252885521546
15.0,272.5,-31.185252885521546
15.0,273.0,-31.185252885521546
15.0,273.5,-31.185252885521546
15.0,274.0,-31.185252885521546
15.0,274.5,-31.185252885521546
15.0,275.0,-31.185252885521546
15.0,275.5,-31.185252885521546
15.0,276.0,-31.185252885521546
15.0,276.5,-31.185252885521546
15.0,277.0,-31.185252885521546
15.0,277.5,-31.185252885521546
15.0,278.0,-31.185252885521546
15.0,278.5,-31.185252885521546
15.0,279.0,-31.185252885521546
15.0,279.5,-31.185252885521546
15.0,280.0,-31.185252885521546
15.0,280.5,-31.185252885521546
15.0,281.0,-31.185252885521546
15.0,281.5,-31.185252885521546
15.0,282.0,-31.185252885521546
15.0,282.5,-31.185252885521546
15.0,283.0,-31.185252885521546
15.0,283.5,-31.185252885521546
15.0,284.0,-31.185252885521546
15.0,284.5,-31.185252885521546
15.0,285.0,-31.185252885521546
15.0,285.5,-31.185252885521546
15.0,286.0,-31.185252885521546
15.0,286.5,-31.185252885521546
15.0,287.0,-31.185252885521546
15.0,287.5,-31.185252885521546
15.0,288.0,-31.185252885521546
15.0,288.5,-31.185252885521546
15.0,289.0,-31.185252885521546
15.0,289.5,-31.185252885521546
15.0,290.0,-31.185252885521546
15.0,290.5,-31.185252885521546
15.0,291.0,-31.185252885521546
15.0,291.5,-31.185252885521546
15.0,292.0,-31.185252885521546
15.0,292.5,-31.185252885521546
15.0,293.0,-31.185252885521546
15.0,293.5,-31.185252885521546
15.0,294.0,-31.185252885521546
15.0,294.5,-31.185252885521546
15.0,295.0,-31.185252885521546
15.0,295.5,-31.185252885521546
15.0,296.0,-31.185252885521546
15.0,296.5,-31.185252885521546
15.0,297.0,-31.194032276901375
15.0,297.5,-31.2028116682812
15.0,298.0,-31.211591059661025
15.0,298.5,-31.220370451040854
15.0,299.0,-31.22914984242068
15.0,299.5,-31.237929233800504
15.0,300.0,-31.371035665707268
15.0,300.5,-31.371035665707268
15.0,301.0,-31.350534579755998
15.0,301.5,-31.330033493804724
15.0,302.0,-31.309532407853453
15.0,302.5,-31.28903132190218
15.0,303.0,-31.28903132190218
15.0,303.5,-31.261474971874723
15.0,304.0,-31.233918621847263
15.0,304.5,-31.233918621847263
15.0,305.0,-31.40047414823883
15.0,305.5,-31.40047414823883
15.0,306.0,-31.37965579578156
15.0,306.5,-31.35883744332429
15.0,307.0,-31.33801909086702
15.0,307.5,-31.296217692543966
15.0,308.0,-31.254416294220913
15.0,308.5,-31.21251740879197
15.0,309.0,-31.21251740879197
15.0,309.5,-31.245035329236263
15.0,310.0,-31.319452135109497
15.0,310.5,-31.393868940982728
15.0,311.0,-31.4262013829295
15.0,311.5,-31.4262013829295
15.0,312.0,-31.384117019003035
15.0,312.5,-31.299897067677055
15.0,313.0,-31.131382683837007
15.0,313.5,-31.12536303557361
15.0,314.0,-31.11934338731021
15.0,314.5,-31.113323739046812
15.0,315.0,-31.107304090783416
15.0,315.5,-31.101284442520015
15.0,316.0,-31.095264794256618
15.0,316.5,-31.089245145993218
15.0,317.0,-31.089245145993218
15.0,317.5,-31.25777555118546
15.0,318.0,-31.34201162143476
15.0,318.5,-31.426210038382695
15.0,319.0,-31.46827311607442
15.0,319.5,-31.46827311607442
15.0,320.0,-31.128669846961877
15.0,320.5,-31.128669846961877
15.0,321.0,-31.170603141224362
15.0,321.5,-31.212536435486847
15.0,322.0,-31.254392378169584
15.0,322.5,-31.254392378169584
15.0,323.0,-31.18893679276139
15.0,323.5,-31.18893679276139
15.0,324.0,-31.164861441778854
15.0,324.5,-31.164861441778854
15.0,325.0,-31.164861441778854
15.0,325.5,-31.120839512513097
15.0,326.0,-31.076817583247337
15.0,326.5,-31.074033042347487
15.0,327.0,-31.074033042347487
15.0,327.5,-31.115270430713398
15.0,328.0,-31.115270430713398
15.0,328.5,-31.0898646510989
15.0,329.0,-31.0898646510989
15.0,329.5,-31.0898646510989
15.0,330.0,-31.06415864183219
15.0,330.5,-30.93101618246139
15.0,331.0,-30.93101618246139
15.0,331.5,-31.145119318266957
15.0,332.0,-31.145119318266957
15.0,332.5,-30.87852874082257
15.0,333.0,-30.86075512838183
15.0,333.5,-30.84298151594109
15.0,334.0,-30.82520790350035
15.0,334.5,-30.82520790350035
15.0,335.0,-31.22508891062687
15.0,335.5,-31.22508891062687
15.0,336.0,-31.037535089545454
15.0,336.5,-31.037535089545454
15.0,337.0,-31.037535089545454
15.0,337.5,-30.982506721239925
15.0,338.0,-30.8883700292932
15.0,338.5,-30.8883700292932
15.0,339.0,-30.8883700292932
15.0,339.5,-30.79423333734647
15.0,340.0,-30.92686472480866
15.0,340.5,-30.73841178177827
15.0,341.0,-30.682192532601437
15.0,341.5,-30.653912983207007
15.0,342.0,-30.653912983207007
15.0,342.5,-30.62563343381258
15.0,343.0,-30.94570794591517
15.0,343.5,-30.700062332302174
15.0,344.0,-30.888383868528784
15.0,344.5,-30.700062332302174
15.0,345.0,-30.642618294855613
15.0,345.5,-30.584961944356607
15.0,346.0,-30.527122471321757
15.0,346.5,-30.527122471321757
15.0,347.0,-30.469124019858427
15.0,347.5,-30.469124019858427
15.0,348.0,-30.59836423118497
15.0,348.5,-30.59836423118497
15.0,349.0,-30.53990210270301
15.0,349.5,-30.481335052845775
15.0,350.0,-30.422676611709395
15.0,350.5,-30.305129037096066
15.0,351.0,-30.246257524573867
15.0,351.5,-30.246257524573867
15.0,352.0,-30.37271898089083
15.0,352.5,-30.37271898089083
15.0,353.0,-30.25436323351043
15.0,353.5,-30.13587992414774
15.0,354.0,-30.017294700243603
15.0,354.5,-30.017294700243603
15.0,355.0,-30.200734484632857
15.0,355.5,-30.200734484632857
15.0,356.0,-29.962840024510843
15.0,356.5,-29.962840024510843
15.0,357.0,-30.263679776970832
15.0,357.5,-30.263679776970832
15.0,358.0,-29.786993928010023
15.0,358.5,-29.548606404678083
15.0,359.0,-29.48925074180881
15.0,359.5,-29.42989507893954
16.0,0.0,-30.026365974335853
16.0,0.5,-29.966439703814515
16.0,1.0,-29.906513433293178
16.0,1.5,-29.846587162771844
16.0,2.0,-29.846587162771844
16.0,2.5,-29.846587162771844
16.0,3.0,-29.665286151320448
16.0,3.5,-29.665286151320448
16.0,4.0,-29.665286151320448
16.0,4.5,-29.661098301701067
16.0,5.0,-29.54225814381289
16.0,5.5,-29.41811575382465
16.0,6.0,-29.358791088738336
16.0,6.5,-29.233823014242894
16.0,7.0,-29.174601488718015
16.0,7.5,-29.1671232721459
16.0,8.0,-29.048951919355584
16.0,8.5,-28.922608739944334
16.0,9.0,-28.73678816193467
16.0,9.5,-28.60943226240829
16.0,10.0,-28.60943226240829
16.0,10.5,-28.481606064361646
16.0,11.0,-28.353362119643087
16.0,11.5,-28.22474556873144
16.0,12.0,-28.095795380039224
16.0,12.5,-27.966545352979736
16.0,13.0,-27.837024934751813
16.0,13.5,-27.70725988931423
16.0,14.0,-27.5772728483623
16.0,14.5,-27.316710306192576
16.0,15.0,-27.18616814482398
16.0,15.5,-27.05547125203935
16.0,16.0,-26.85096134988292
16.0,16.5,-26.588510927003277
16.0,17.0,-26.514142985855724
16.0,17.5,-26.25096578418802
16.0,18.0,-26.04415592655013
16.0,18.5,-25.836767787686306
16.0,19.0,-25.628859809110125
16.0,19.5,-25.420482933623475
16.0,20.0,-25.0791815222593
16.0,20.5,-25.002495451905048
16.0,21.0,-24.715857622714346
16.0,21.5,-24.638593678140275
16.0,22.0,-24.35068602538058
16.0,22.5,-24.195012699032254
16.0,23.0,-24.03879681108116
16.0,23.5,-23.80352539297459
16.0,24.0,-23.51288297941801
16.0,24.5,-23.354970944175513
16.0,25.0,-23.11734559389386
16.0,25.5,-22.825157963113785
16.0,26.0,-22.586148339305815
16.0,26.5,-22.34641216439316
16.0,27.0,-21.89242053919515
16.0,27.5,-21.651206677132954
16.0,28.0,-21.328725476618086
16.0,28.5,-21.00533944024856
16.0,29.0,-20.681127623057264
16.0,29.5,-20.437469412875043
16.0,30.0,-20.08202107368601
16.0,30.5,-19.83719269488601
16.0,31.0,-19.561315518665186
16.0,31.5,-19.202367147266784
16.0,32.0,-19.00656584782588
16.0,32.5,-18.727820610531605
16.0,33.0,-18.4156287434286
16.0,33.5,-18.21755746671451
16.0,34.0,-17.90275746213713
16.0,34.5,-17.66940719797457
16.0,35.0,-17.386182401462438
16.0,35.5,-17.150867380408016
16.0,36.0,-16.831185824931044
16.0,36.5,-16.59370408597467
16.0,37.0,-16.235709442493977
16.0,37.5,-15.995927489004643
16.0,38.0,-15.718418435906202
16.0,38.5,-15.56045496620655
16.0,39.0,-15.28036072252177
16.0,39.5,-14.998799089879544
16.0,40.0,-14.715842682646784
16.0,40.5,-14.515643081117894
16.0,41.0,-14.230147428129463
16.0,41.5,-14.027616609239775
16.0,42.0,-13.699754359043876
16.0,42.5,-13.494739694849507
16.0,43.0,-13.247937444894255
16.0,43.5,-12.915160676104026
16.0,44.0,-12.706652644517987
16.0,44.5,-12.455384596280588
16.0,45.0,-12.202621059190832
16.0,45.5,-11.905727513719008
16.0,46.0,-11.649801143824455
16.0,46.5,-11.39255456256016
16.0,47.0,-11.174526613919973
16.0,47.5,-10.914451829480349
16.0,48.0,-10.692939324073798
16.0,48.5,-10.469559673739106
16.0,49.0,-10.205461909476423
16.0,49.5,-9.978925217978759
16.0,50.0,-9.750684472148318
16.0,50.5,-9.52079207867438
16.0,51.0,-9.373122134520216
16.0,51.5,-9.093191642934624
16.0,52.0,-8.858263409883143
16.0,52.5,-8.705437026107766
16.0,53.0,-8.419813227052515
16.0,53.5,-8.215556221797588
16.0,54.0,-8.057580693621464
16.0,54.5,-7.849434693826293
16.0,55.0,-7.605272830894641
16.0,55.5,-7.393554058896907
16.0,56.0,-7.179900862682299
16.0,56.5,-7.01417904280212
16.0,57.0,-6.829395663551686
16.0,57.5,-6.55965421531813
16.0,58.0,-6.38902145277034
16.0,58.5,-6.19722153036334
16.0,59.0,-6.0236079102967395
16.0,59.5,-5.776017322498479
16.0,60.0,-5.628968399126748
16.0,60.5,-5.450866901941325
16.0,61.0,-5.248298016014893
16.0,61.5,-5.095898631878413
16.0,62.0,-4.88899833177717
16.0,62.5,-4.732841301533892
16.0,63.0,-4.548657373078711
16.0,63.5,-4.38847161723243
16.0,64.0,-4.226637218224997
16.0,64.5,-4.034796039261799
16.0,65.0,-3.8941227397799594
16.0,65.5,-3.7265244206871024
16.0,66.0,-3.581464784523469
16.0,66.5,-3.43401279654438
16.0,67.0,-3.2842055877835854
16.0,67.5,-3.164663576549785
16.0,68.0,-3.0330676368323886
16.0,68.5,-2.876607197503308
16.0,69.0,-2.7736879152698037
16.0,69.5,-2.613013234486715
16.0,70.0,-2.5062854621688864
16.0,70.5,-2.3612012421204938
16.0,71.0,-2.250328294576505
16.0,71.5,-2.1564214960675656
16.0,72.0,-2.041650790100949
16.0,72.5,-1.942921041092994
16.0,73.0,-1.8243409062153475
16.0,73.5,-1.720885666021303
16.0,74.0,-1.6148396107284988
16.0,74.5,-1.5062299617883816
16.0,75.0,-1.437514098685373
16.0,75.5,-1.339225661775174
16.0,76.0,-1.2669254675701964
16.0,76.5,-1.162799664812134
16.0,77.0,-1.0869778468999556
16.0,77.5,-1.0226646820404994
16.0,78.0,-0.9561795849616992
16.0,78.5,-0.8408061634323332
16.0,79.0,-0.805388678046338
16.0,79.5,-0.7065831309720174
16.0,80.0,-0.6305024673662984
16.0,80.5,-0.6014786189663042
16.0,81.0,-0.5309987324005654
16.0,81.5,-0.4573867592799772
16.0,82.0,-0.4235356678250852
16.0,82.5,-0.352550075688832
16.0,83.0,-0.3154229813172229
16.0,83.5,-0.27721145242513856
16.0,84.0,-0.244342610197414
16.0,84.5,-0.17297228505746887
16.0,85.0,-0.13942542701990845
16.0,85.5,-0.13942542701990845
16.0,86.0,-0.10299686157670251
16.0,86.5,-0.07445581922057443
16.0,87.0,-0.07098106206829868
16.0,87.5,-0.04347666140485629
16.0,88.0,-0.036086466869480915
16.0,88.5,0.0
16.0,89.0,0.0
16.0,89.5,-0.005032861049784287
16.0,90.0,-0.005032861049784287
16.0,90.5,-0.005032861049784287
16.0,91.0,0.0
16.0,91.5,0.0
16.0,92.0,-0.036086466869480915
16.0,92.5,-0.04347666140485629
16.0,93.0,-0.07098106206829868
16.0,93.5,-0.07445581922057443
16.0,94.0,-0.10299686157670251
16.0,94.5,-0.13942542701990845
16.0,95.0,-0.13942542701990845
16.0,95.5,-0.17297228505746887
16.0,96.0,-0.244342610197414
16.0,96.5,-0.27721145242513856
16.0,97.0,-0.3154229813172229
16.0,97.5,-0.352550075688832
16.0,98.0,-0.4235356678250852
16.0,98.5,-0.4573867592799772
16.0,99.0,-0.5309987324005654
16.0,99.5,-0.6014786189663042
16.0,100.0,-0.6305024673662984
16.0,100.5,-0.7065831309720174
16.0,101.0,-0.805388678046338
16.0,101.5,-0.8408061634323332
16.0,102.0,-0.9561795849616992
16.0,102.5,-1.0226646820404994
16.0,103.0,-1.0869778468999556
16.0,103.5,-1.162799664812134
16.0,104.0,-1.2669254675701964
16.0,104.5,-1.339225661775174
16.0,105.0,-1.437514098685373
16.0,105.5,-1.5062299617883816
16.0,106.0,-1.6148396107284988
16.0,106.5,-1.720885666021303
16.0,107.0,-1.8243409062153475
16.0,107.5,-1.942921041092994
16.0,108.0,-2.041650790100949
16.0,108.5,-2.1564214960675656
16.0,109.0,-2.250328294576505
16.0,109.5,-2.3612012421204938
16.0,110.0,-2.5062854621688864
16.0,110.5,-2.613013234486715
16.0,111.0,-2.7736879152698037
16.0,111.5,-2.876607197503308
16.0,112.0,-3.0330676368323886
16.0,112.5,-3.164663576549785
16.0,113.0,-3.2842055877835854
16.0,113.5,-3.43401279654438
16.0,114.0,-3.581464784523469
16.0,114.5,-3.7265244206871024
16.0,115.0,-3.8941227397799594
16.0,115.5,-4.034796039261799
16.0,116.0,-4.226637218224997
16.0,116.5,-4.38847161723243
16.0,117.0,-4.548657373078711
16.0,117.5,-4.732841301533892
16.0,118.0,-4.88899833177717
16.0,118.5,-5.095898631878413
16.0,119.0,-5.248298016014893
16.0,119.5,-5.450866901941325
16.0,120.0,-5.628968399126748
16.0,120.5,-5.776017322498479
16.0,121.0,-6.0236079102967395
16.0,121.5,-6.19722153036334
16.0,122.0,-6.38902145277034
16.0,122.5,-6.55965421531813
16.0,123.0,-6.829395663551686
16.0,123.5,-7.01417904280212
16.0,124.0,-7.179900862682299
16.0,124.5,-7.393554058896907
16.0,125.0,-7.605272830894641
16.0,125.5,-7.849434693826293
16.0,126.0,-8.057580693621464
16.0,126.5,-8.215556221797588
16.0,127.0,-8.419813227052515
16.0,127.5,-8.705437026107766
16.0,128.0,-8.858263409883143
16.0,128.5,-9.093191642934624
16.0,129.0,-9.373122134520216
16.0,129.5,-9.52079207867438
16.0,130.0,-9.750684472148318
16.0,130.5,-9.978925217978759
16.0,131.0,-10.205461909476423
16.0,131.5,-10.469559673739106
16.0,132.0,-10.692939324073798
16.0,132.5,-10.914451829480349
16.0,133.0,-11.174526613919973
16.0,133.5,-11.39255456256016
16.0,134.0,-11.649801143824455
16.0,134.5,-11.905727513719008
16.0,135.0,-12.202621059190832
16.0,135.5,-12.455384596280588
16.0,136.0,-12.706652644517987
16.0,136.5,-12.915160676104026
16.0,137.0,-13.247937444894255
16.0,137.5,-13.494739694849507
16.0,138.0,-13.699754359043876
16.0,138.5,-14.027616609239775
16.0,139.0,-14.230147428129463
16.0,139.5,-14.515643081117894
16.0,140.0,-14.715842682646784
16.0,140.5,-14.998799089879544
16.0,141.0,-15.28036072252177
16.0,141.5,-15.56045496620655
16.0,142.0,-15.718418435906202
16.0,142.5,-15.995927489004643
16.0,143.0,-16.235709442493977
16.0,143.5,-16.59370408597467
16.0,144.0,-16.831185824931044
16.0,144.5,-17.150867380408016
16.0,145.0,-17.386182401462438
16.0,145.5,-17.66940719797457
16.0,146.0,-17.90275746213713
16.0,146.5,-18.21755746671451
16.0,147.0,-18.4156287434286
16.0,147.5,-18.727820610531605
16.0,148.0,-19.00656584782588
16.0,148.5,-19.202367147266784
16.0,149.0,-19.561315518665186
16.0,149.5,-19.83719269488601
16.0,150.0,-20.08202107368601
16.0,150.5,-20.437469412875043
16.0,151.0,-20.681127623057264
16.0,151.5,-21.00533944024856
16.0,152.0,-21.328725476618086
16.0,152.5,-21.651206677132954
16.0,153.0,-21.89242053919515
16.0,153.5,-22.34641216439316
16.0,154.0,-22.58421648120228
16.0,154.5,-22.58421648120228
16.0,155.0,-22.422224458819862
16.0,155.5,-22.20530135944623
16.0,156.0,-22.04194771149323
16.0,156.5,-21.823314099527543
16.0,157.0,-21.603789293548953
16.0,157.5,-21.603789293548953
16.0,158.0,-21.64927766701411
16.0,158.5,-21.69356207076354
16.0,159.0,-21.715247803357922
16.0,159.5,-21.75769645823511
16.0,160.0,-21.778455465941356
16.0,160.5,-21.819033149490483
16.0,161.0,-21.83884798909295
16.0,161.5,-21.87752018412921
16.0,162.0,-21.896373795122585
16.0,162.5,-21.933106810852486
16.0,163.0,-21.95098257669889
16.0,163.5,-21.985743672411985
16.0,164.0,-22.002625482884156
16.0,164.5,-22.035382993393497
16.0,165.0,-22.051255307571246
16.0,165.5,-22.08197876949592
16.0,166.0,-22.0968266789429
16.0,166.5,-23.65832641887659
16.0,167.0,-23.730157409199116
16.0,167.5,-23.756678599501083
16.0,168.0,-23.769306903937412
16.0,168.5,-23.769306903937412
16.0,169.0,-23.746059624103886
16.0,169.5,-23.734792310372477
16.0,170.0,-23.708563039009746
16.0,170.5,-23.708563039009746
16.0,171.0,-23.66904959001706
16.0,171.5,-23.619056046545513
16.0,172.0,-23.56850144454294
16.0,172.5,-23.51739607603998
16.0,173.0,-23.347384613745902
16.0,173.5,-22.221827356905674
16.0,174.0,-22.221827356905674
16.0,174.5,-22.227962236133934
16.0,175.0,-22.239126663008015
16.0,175.5,-22.244154917249542
16.0,176.0,-22.669410565860623
16.0,176.5,-29.665286151320448
16.0,177.0,-29.665286151320448
16.0,177.5,-29.846587162771844
16.0,178.0,-29.846587162771844
16.0,178.5,-29.846587162771844
16.0,179.0,-29.906513433293178
16.0,179.5,-29.966439703814515
16.0,180.0,-30.026365974335853
16.0,180.5,-30.0559053592573
16.0,181.0,-30.085444744178744
16.0,181.5,-30.114984129100186
16.0,182.0,-30.144523514021632
16.0,182.5,-30.263679776970832
16.0,183.0,-30.561498043335792
16.0,183.5,-30.740111071503662
16.0,184.0,-30.740111071503662
16.0,184.5,-30.379024613189205
16.0,185.0,-30.379024613189205
16.0,185.5,-30.497796588435687
16.0,186.0,-30.616473000769247
16.0,186.5,-30.735021451344558
16.0,187.0,-30.79423333734647
16.0,187.5,-30.79423333734647
16.0,188.0,-30.549933221457223
16.0,188.5,-30.549933221457223
16.0,189.0,-30.608893799666816
16.0,189.5,-30.66778433230927
16.0,190.0,-30.726593129077255
16.0,190.5,-30.785305767594757
16.0,191.0,-30.843904253781293
16.0,191.5,-30.843904253781293
16.0,192.0,-30.656705131310247
16.0,192.5,-30.656705131310247
16.0,193.0,-30.714904978231907
16.0,193.5,-30.77293944149116
16.0,194.0,-30.801858896180708
16.0,194.5,-30.830778350870254
16.0,195.0,-30.888383868528784
16.0,195.5,-31.134106824346
16.0,196.0,-30.94570794591517
16.0,196.5,-31.134106824346
16.0,197.0,-31.00268872646337
16.0,197.5,-31.00268872646337
16.0,198.0,-30.842441989577363
16.0,198.5,-30.842441989577363
16.0,199.0,-30.870721106303563
16.0,199.5,-31.24776077067591
16.0,200.0,-31.24776077067591
16.0,200.5,-31.115270430713398
16.0,201.0,-31.04888857597666
16.0,201.5,-31.04888857597666
16.0,202.0,-31.04888857597666
16.0,202.5,-31.07656262230148
16.0,203.0,-31.07656262230148
16.0,203.5,-31.170618523363032
16.0,204.0,-31.19794506893789
16.0,204.5,-31.22508891062687
16.0,205.0,-31.22508891062687
16.0,205.5,-30.97183839700625
16.0,206.0,-30.97183839700625
16.0,206.5,-30.985168114324246
16.0,207.0,-30.99849783164224
16.0,207.5,-31.011827548960238
16.0,208.0,-31.145119318266957
16.0,208.5,-31.237905119808197
16.0,209.0,-31.237905119808197
16.0,209.5,-31.06415864183219
16.0,210.0,-31.06415864183219
16.0,210.5,-31.19722258095787
16.0,211.0,-31.263680845740073
16.0,211.5,-31.263680845740073
16.0,212.0,-31.115270430713398
16.0,212.5,-31.115270430713398
16.0,213.0,-31.181515600694652
16.0,213.5,-31.22012766104356
16.0,214.0,-31.22012766104356
16.0,214.5,-31.192494551411208
16.0,215.0,-31.164861441778854
16.0,215.5,-31.164861441778854
16.0,216.0,-31.164861441778854
16.0,216.5,-31.18893679276139
16.0,217.0,-31.18893679276139
16.0,217.5,-31.254392378169584
16.0,218.0,-31.254392378169584
16.0,218.5,-31.212536435486847
16.0,219.0,-31.170603141224362
16.0,219.5,-31.170603141224362
16.0,220.0,-31.319503020364014
16.0,220.5,-31.46827311607442
16.0,221.0,-31.46827311607442
16.0,221.5,-31.426210038382695
16.0,222.0,-31.34201162143476
16.0,222.5,-31.25777555118546
16.0,223.0,-31.178783788147314
16.0,223.5,-31.178783788147314
16.0,224.0,-31.18405019224472
16.0,224.5,-31.189316596342124
16.0,225.0,-31.194583000439533
16.0,225.5,-31.199849404536938
16.0,226.0,-31.205115808634346
16.0,226.5,-31.21038221273175
16.0,227.0,-31.21564861682916
16.0,227.5,-31.299897067677055
16.0,228.0,-31.384117019003035
16.0,228.5,-31.4262013829295
16.0,229.0,-31.46828574685596
16.0,229.5,-31.510316719085104
16.0,230.0,-31.510316719085104
16.0,230.5,-31.477864842040912
16.0,231.0,-31.40338199276758
16.0,231.5,-31.328899143494247
16.0,232.0,-31.296217692543966
16.0,232.5,-31.296217692543966
16.0,233.0,-31.33801909086702
16.0,233.5,-31.35883744332429
16.0,234.0,-31.37965579578156
16.0,234.5,-31.40047414823883
16.0,235.0,-31.40047414823883
16.0,235.5,-31.233918621847263
16.0,236.0,-31.233918621847263
16.0,236.5,-31.261474971874723
16.0,237.0,-31.28903132190218
16.0,237.5,-31.28903132190218
16.0,238.0,-31.459641070280576
16.0,238.5,-31.459641070280576
16.0,239.0,-31.41533836799392
16.0,239.5,-31.371035665707268
16.0,240.0,-31.371035665707268
16.0,240.5,-31.251369126749946
16.0,241.0,-31.251369126749946
16.0,241.5,-31.264809019699385
16.0,242.0,-31.278248912648824
16.0,242.5,-31.291688805598266
16.0,243.0,-31.305128698547705
16.0,243.5,-31.30956700753381
16.0,244.0,-31.30956700753381
16.0,244.5,-31.30056542357048
16.0,245.0,-31.291563839607146
16.0,245.5,-31.282562255643814
16.0,246.0,-31.27356067168048
16.0,246.5,-31.27356067168048
16.0,247.0,-31.331099387395064
16.0,247.5,-31.39763968707298
16.0,248.0,-31.430848331247446
16.0,248.5,-31.464056975421908
16.0,249.0,-31.49726561959637
16.0,249.5,-31.49726561959637
16.0,250.0,-31.436242942602796
16.0,250.5,-31.34201162143476
16.0,251.0,-31.32787419288724
16.0,251.5,-31.313736764339723
16.0,252.0,-31.2995993357922
16.0,252.5,-31.2995993357922
16.0,253.0,-31.37970341016965
16.0,253.5,-31.37970341016965
16.0,254.0,-31.35110807431827
16.0,254.5,-31.290994336688783
16.0,255.0,-31.290994336688783
16.0,255.5,-31.35371743783565
16.0,256.0,-31.401919166319466
16.0,256.5,-31.401919166319466
16.0,257.0,-31.38739779365642
16.0,257.5,-31.37287642099337
16.0,258.0,-31.358355048330328
16.0,258.5,-31.338869054779238
16.0,259.0,-31.319383061228145
16.0,259.5,-31.299897067677055
16.0,260.0,-31.270541868567644
16.0,260.5,-31.270541868567644
16.0,261.0,-31.301916386676965
16.0,261.5,-31.362646103895695
16.0,262.0,-31.423375821114426
16.0,262.5,-31.484105538333157
16.0,263.0,-31.515209514900064
16.0,263.5,-31.515209514900064
16.0,264.0,-31.48558377424824
16.0,264.5,-31.48558377424824
16.0,265.0,-31.426210038382695
16.0,265.5,-31.426210038382695
16.0,266.0,-31.36676608998951
16.0,266.5,-31.307278128913914
16.0,267.0,-31.188222808104122
16.0,267.5,-31.188222808104122
16.0,268.0,-31.188222808104122
16.0,268.5,-31.188222808104122
16.0,269.0,-31.188222808104122
16.0,269.5,-31.188222808104122
16.0,270.0,-31.188222808104122
16.0,270.5,-31.188222808104122
16.0,271.0,-31.188222808104122
16.0,271.5,-31.188222808104122
16.0,272.0,-31.188222808104122
16.0,272.5,-31.188222808104122
16.0,273.0,-31.188222808104122
16.0,273.5,-31.307278128913914
16.0,274.0,-31.36676608998951
16.0,274.5,-31.426210038382695
16.0,275.0,-31.426210038382695
16.0,275.5,-31.48558377424824
16.0,276.0,-31.48558377424824
16.0,276.5,-31.515209514900064
16.0,277.0,-31.515209514900064
16.0,277.5,-31.484105538333157
16.0,278.0,-31.423375821114426
16.0,278.5,-31.362646103895695
16.0,279.0,-31.301916386676965
16.0,279.5,-31.270541868567644
16.0,280.0,-31.270541868567644
16.0,280.5,-31.299897067677055
16.0,281.0,-31.319383061228145
16.0,281.5,-31.338869054779238
16.0,282.0,-31.358355048330328
16.0,282.5,-31.37287642099337
16.0,283.0,-31.38739779365642
16.0,283.5,-31.401919166319466
16.0,284.0,-31.401919166319466
16.0,284.5,-31.35371743783565
16.0,285.0,-31.290994336688783
16.0,285.5,-31.290994336688783
16.0,286.0,-31.35110807431827
16.0,286.5,-31.37970341016965
16.0,287.0,-31.37970341016965
16.0,287.5,-31.2995993357922
16.0,288.0,-31.2995993357922
16.0,288.5,-31.313736764339723
16.0,289.0,-31.32787419288724
16.0,289.5,-31.34201162143476
16.0,290.0,-31.436242942602796
16.0,290.5,-31.49726561959637
16.0,291.0,-31.49726561959637
16.0,291.5,-31.464056975421908
16.0,292.0,-31.430848331247446
16.0,292.5,-31.39763968707298
16.0,293.0,-31.331099387395064
16.0,293.5,-31.27356067168048
16.0,294.0,-31.27356067168048
16.0,294.5,-31.282562255643814
16.0,295.0,-31.291563839607146
16.0,295.5,-31.30056542357048
16.0,296.0,-31.30956700753381
16.0,296.5,-31.30956700753381
16.0,297.0,-31.305128698547705
16.0,297.5,-31.291688805598266
16.0,298.0,-31.278248912648824
16.0,298.5,-31.264809019699385
16.0,299.0,-31.251369126749946
16.0,299.5,-31.251369126749946
16.0,300.0,-31.371035665707268
16.0,300.5,-31.371035665707268
16.0,301.0,-31.41533836799392
16.0,301.5,-31.459641070280576
16.0,302.0,-31.459641070280576
16.0,302.5,-31.28903132190218
16.0,303.0,-31.28903132190218
16.0,303.5,-31.261474971874723
16.0,304.0,-31.233918621847263
16.0,304.5,-31.233918621847263
16.0,305.0,-31.40047414823883
16.0,305.5,-31.40047414823883
16.0,306.0,-31.37965579578156
16.0,306.5,-31.35883744332429
16.0,307.0,-31.33801909086702
16.0,307.5,-31.296217692543966
16.0,308.0,-31.296217692543966
16.0,308.5,-31.328899143494247
16.0,309.0,-31.40338199276758
16.0,309.5,-31.477864842040912
16.0,310.0,-31.510316719085104
16.0,310.5,-31.510316719085104
16.0,311.0,-31.46828574685596
16.0,311.5,-31.4262013829295
16.0,312.0,-31.384117019003035
16.0,312.5,-31.299897067677055
16.0,313.0,-31.21564861682916
16.0,313.5,-31.21038221273175
16.0,314.0,-31.205115808634346
16.0,314.5,-31.199849404536938
16.0,315.0,-31.194583000439533
16.0,315.5,-31.189316596342124
16.0,316.0,-31.18405019224472
16.0,316.5,-31.178783788147314
16.0,317.0,-31.178783788147314
16.0,317.5,-31.25777555118546
16.0,318.0,-31.34201162143476
16.0,318.5,-31.426210038382695
16.0,319.0,-31.46827311607442
16.0,319.5,-31.46827311607442
16.0,320.0,-31.319503020364014
16.0,320.5,-31.170603141224362
16.0,321.0,-31.170603141224362
16.0,321.5,-31.212536435486847
16.0,322.0,-31.254392378169584
16.0,322.5,-31.254392378169584
16.0,323.0,-31.18893679276139
16.0,323.5,-31.18893679276139
16.0,324.0,-31.164861441778854
16.0,324.5,-31.164861441778854
16.0,325.0,-31.164861441778854
16.0,325.5,-31.192494551411208
16.0,326.0,-31.22012766104356
16.0,326.5,-31.22012766104356
16.0,327.0,-31.181515600694652
16.0,327.5,-31.115270430713398
16.0,328.0,-31.115270430713398
16.0,328.5,-31.263680845740073
16.0,329.0,-31.263680845740073
16.0,329.5,-31.19722258095787
16.0,330.0,-31.06415864183219
16.0,330.5,-31.06415864183219
16.0,331.0,-31.237905119808197
16.0,331.5,-31.237905119808197
16.0,332.0,-31.145119318266957
16.0,332.5,-31.011827548960238
16.0,333.0,-30.99849783164224
16.0,333.5,-30.985168114324246
16.0,334.0,-30.97183839700625
16.0,334.5,-30.97183839700625
16.0,335.0,-31.22508891062687
16.0,335.5,-31.22508891062687
16.0,336.0,-31.19794506893789
16.0,336.5,-31.170618523363032
16.0,337.0,-31.07656262230148
16.0,337.5,-31.07656262230148
16.0,338.0,-31.04888857597666
16.0,338.5,-31.04888857597666
16.0,339.0,-31.04888857597666
16.0,339.5,-31.115270430713398
16.0,340.0,-31.24776077067591
16.0,340.5,-31.24776077067591
16.0,341.0,-30.870721106303563
16.0,341.5,-30.842441989577363
16.0,342.0,-30.842441989577363
16.0,342.5,-31.00268872646337
16.0,343.0,-31.00268872646337
16.0,343.5,-31.134106824346
16.0,344.0,-30.94570794591517
16.0,344.5,-31.134106824346
16.0,345.0,-30.888383868528784
16.0,345.5,-30.830778350870254
16.0,346.0,-30.801858896180708
16.0,346.5,-30.77293944149116
16.0,347.0,-30.714904978231907
16.0,347.5,-30.656705131310247
16.0,348.0,-30.656705131310247
16.0,348.5,-30.843904253781293
16.0,349.0,-30.843904253781293
16.0,349.5,-30.785305767594757
16.0,350.0,-30.726593129077255
16.0,350.5,-30.66778433230927
16.0,351.0,-30.608893799666816
16.0,351.5,-30.549933221457223
16.0,352.0,-30.549933221457223
16.0,352.5,-30.79423333734647
16.0,353.0,-30.79423333734647
16.0,353.5,-30.735021451344558
16.0,354.0,-30.616473000769247
16.0,354.5,-30.497796588435687
16.0,355.0,-30.379024613189205
16.0,355.5,-30.379024613189205
16.0,356.0,-30.740111071503662
16.0,356.5,-30.740111071503662
16.0,357.0,-30.561498043335792
16.0,357.5,-30.263679776970832
16.0,358.0,-30.144523514021632
16.0,358.5,-30.114984129100186
16.0,359.0,-30.085444744178744
16.0,359.5,-30.0559053592573
17.0,0.0,-30.379056690521843
17.0,0.5,-30.348954246871646
17.0,1.0,-30.318851803221445
17.0,1.5,-30.28874935957125
17.0,2.0,-30.258646915921048
17.0,2.5,-30.258646915921048
17.0,3.0,-30.556465182286008
17.0,3.5,-30.556465182286008
17.0,4.0,-30.195701623583073
17.0,4.5,-30.195701623583073
17.0,5.0,-30.195701623583073
17.0,5.5,-30.01226183919382
17.0,6.0,-30.01226183919382
17.0,6.5,-30.01226183919382
17.0,7.0,-29.887010734940468
17.0,7.5,-29.827850645748267
17.0,8.0,-29.70174072142605
17.0,8.5,-29.70174072142605
17.0,9.0,-29.70174072142605
17.0,9.5,-29.6923554521064
17.0,10.0,-29.574782987324028
17.0,10.5,-29.447115846789
17.0,11.0,-29.377312323635632
17.0,11.5,-29.318849688059533
17.0,12.0,-29.190073503934265
17.0,12.5,-29.118997579723036
17.0,13.0,-29.060859752813585
17.0,13.5,-28.93126797307014
17.0,14.0,-28.801347502465607
17.0,14.5,-28.728841530959038
17.0,15.0,-28.59824919237566
17.0,15.5,-28.467439888198143
17.0,16.0,-28.33643834270306
17.0,16.5,-28.20526568991764
17.0,17.0,-28.130965686823174
17.0,17.5,-27.86771652162012
17.0,18.0,-27.792574557787034
17.0,18.5,-27.66059909913687
17.0,19.0,-27.528540010979444
17.0,19.5,-27.320436413927894
17.0,20.0,-27.1117109616052
17.0,20.5,-26.90244348428055
17.0,21.0,-26.825439576035627
17.0,21.5,-26.615382884629533
17.0,22.0,-26.404938065881296
17.0,22.5,-26.19414898616504
17.0,23.0,-26.037884876580037
17.0,23.5,-25.82635918541412
17.0,24.0,-25.53582600836957
17.0,24.5,-25.37786299014082
17.0,25.0,-25.21936882253942
17.0,25.5,-24.92707798943714
17.0,26.0,-24.767620514612407
17.0,26.5,-24.607743329950022
17.0,27.0,-24.36720002009411
17.0,27.5,-24.206388735028437
17.0,28.0,-24.045244322032936
17.0,28.5,-23.855253625464723
17.0,29.0,-23.61206462297209
17.0,29.5,-23.368299961267258
17.0,30.0,-23.12400827349445
17.0,30.5,-22.93049793045804
17.0,31.0,-22.685068092133186
17.0,31.5,-22.3572096803154
17.0,32.0,-22.16138710859009
17.0,32.5,-21.832207049096127
17.0,33.0,-21.55242769448175
17.0,33.5,-21.271640640605057
17.0,34.0,-21.023413618625312
17.0,34.5,-20.65834235114442
17.0,35.0,-20.423982076986462
17.0,35.5,-20.056655867478767
17.0,36.0,-19.771769649633654
17.0,36.5,-19.534057178703115
17.0,37.0,-19.247719779374165
17.0,37.5,-18.924434523294572
17.0,38.0,-18.599909202591704
17.0,38.5,-18.35805604950504
17.0,39.0,-18.115280838863235
17.0,39.5,-17.871631854561652
17.0,40.0,-17.627154223554726
17.0,40.5,-17.258975656776215
17.0,41.0,-17.012605236675704
17.0,41.5,-16.725940159356533
17.0,42.0,-16.437912313164887
17.0,42.5,-16.148597029324407
17.0,43.0,-15.858064488613588
17.0,43.5,-15.56638012656466
17.0,44.0,-15.27360500401867
17.0,44.5,-14.937849897337571
17.0,45.0,-14.727060725411786
17.0,45.5,-14.388367223342328
17.0,46.0,-14.175474877158326
17.0,46.5,-13.834118410296568
17.0,47.0,-13.575613786339865
17.0,47.5,-13.187378672498998
17.0,48.0,-12.925863586015883
17.0,48.5,-12.663091472252916
17.0,49.0,-12.353956249514248
17.0,49.5,-12.08852638944714
17.0,50.0,-11.86014645848547
17.0,50.5,-11.546061863873792
17.0,51.0,-11.36069577147638
17.0,51.5,-11.043719358707332
17.0,52.0,-10.80891909220345
17.0,52.5,-10.572528100331905
17.0,53.0,-10.286833077737434
17.0,53.5,-10.04712487836116
17.0,54.0,-9.805987436754744
17.0,54.5,-9.514801309399154
17.0,55.0,-9.221701103341136
17.0,55.5,-9.058884802361408
17.0,56.0,-8.762324072820377
17.0,56.5,-8.513876208288782
17.0,57.0,-8.2465198581233
17.0,57.5,-8.027093894387239
17.0,58.0,-7.774409048077214
17.0,58.5,-7.500846984747806
17.0,59.0,-7.276202590533426
17.0,59.5,-7.0498616389131925
17.0,60.0,-6.8515117371610295
17.0,60.5,-6.569492108717778
17.0,61.0,-6.389937873120758
17.0,61.5,-6.132662281710115
17.0,62.0,-5.978040423332253
17.0,62.5,-5.7412761706029585
17.0,63.0,-5.530061532248556
17.0,63.5,-5.370083997510424
17.0,64.0,-5.1547378935864
17.0,64.5,-4.991163125584144
17.0,65.0,-4.7427261978215185
17.0,65.5,-4.5750954070663
17.0,66.0,-4.429927305837008
17.0,66.5,-4.258776874136824
17.0,67.0,-4.054239641893773
17.0,67.5,-3.8795330320938533
17.0,68.0,-3.7255457788377733
17.0,68.5,-3.513673987720324
17.0,69.0,-3.410680634316133
17.0,69.5,-3.22920416479057
17.0,70.0,-3.0868809384335485
17.0,70.5,-2.9217242921344315
17.0,71.0,-2.754445701096138
17.0,71.5,-2.6416912602693188
17.0,72.0,-2.488629159468644
17.0,72.5,-2.3718170209334986
17.0,73.0,-2.2533000113297845
17.0,73.5,-2.09266064341481
17.0,74.0,-1.929075081539196
17.0,74.5,-1.8619902753431532
17.0,75.0,-1.7359001207568916
17.0,75.5,-1.5800134467456353
17.0,76.0,-1.4640055289553402
17.0,76.5,-1.38987589494009
17.0,77.0,-1.2827487729989677
17.0,77.5,-1.1923198095972545
17.0,78.0,-1.0800923645334173
17.0,78.5,-0.9643515225336223
17.0,79.0,-0.8926868667386749
17.0,79.5,-0.8082164931511002
17.0,80.0,-0.7327903611707782
17.0,80.5,-0.6649717781498055
17.0,81.0,-0.5848779637164938
17.0,81.5,-0.5113546602260364
17.0,82.0,-0.43471501593737827
17.0,82.5,-0.39907053884337174
17.0,83.0,-0.3623350809945052
17.0,83.5,-0.28560660674060756
17.0,84.0,-0.25182180363214
17.0,84.5,-0.21615863123407664
17.0,85.0,-0.17862344891839754
17.0,85.5,-0.13922291890267502
17.0,86.0,-0.1022277378230605
17.0,86.5,-0.06942295817079014
17.0,87.0,-0.06942295817079014
17.0,87.5,-0.038443800355072
17.0,88.0,-0.038443800355072
17.0,88.5,-0.038443800355072
17.0,89.0,0.0
17.0,89.5,0.0
17.0,90.0,0.0
17.0,90.5,0.0
17.0,91.0,0.0
17.0,91.5,-0.038443800355072
17.0,92.0,-0.038443800355072
17.0,92.5,-0.038443800355072
17.0,93.0,-0.06942295817079014
17.0,93.5,-0.06942295817079014
17.0,94.0,-0.1022277378230605
17.0,94.5,-0.13922291890267502
17.0,95.0,-0.17862344891839754
17.0,95.5,-0.21615863123407664
17.0,96.0,-0.25182180363214
17.0,96.5,-0.28560660674060756
17.0,97.0,-0.3623350809945052
17.0,97.5,-0.39907053884337174
17.0,98.0,-0.43471501593737827
17.0,98.5,-0.5113546602260364
17.0,99.0,-0.5848779637164938
17.0,99.5,-0.6649717781498055
17.0,100.0,-0.7327903611707782
17.0,100.5,-0.8082164931511002
17.0,101.0,-0.8926868667386749
17.0,101.5,-0.9643515225336223
17.0,102.0,-1.0800923645334173
17.0,102.5,-1.1923198095972545
17.0,103.0,-1.2827487729989677
17.0,103.5,-1.38987589494009
17.0,104.0,-1.4640055289553402
17.0,104.5,-1.5800134467456353
17.0,105.0,-1.7359001207568916
17.0,105.5,-1.8619902753431532
17.0,106.0,-1.929075081539196
17.0,106.5,-2.09266064341481
17.0,107.0,-2.2533000113297845
17.0,107.5,-2.3718170209334986
17.0,108.0,-2.488629159468644
17.0,108.5,-2.6416912602693188
17.0,109.0,-2.754445701096138
17.0,109.5,-2.9217242921344315
17.0,110.0,-3.0868809384335485
17.0,110.5,-3.22920416479057
17.0,111.0,-3.410680634316133
17.0,111.5,-3.513673987720324
17.0,112.0,-3.7255457788377733
17.0,112.5,-3.8795330320938533
17.0,113.0,-4.054239641893773
17.0,113.5,-4.258776874136824
17.0,114.0,-4.429927305837008
17.0,114.5,-4.5750954070663
17.0,115.0,-4.7427261978215185
17.0,115.5,-4.991163125584144
17.0,116.0,-5.1547378935864
17.0,116.5,-5.370083997510424
17.0,117.0,-5.530061532248556
17.0,117.5,-5.7412761706029585
17.0,118.0,-5.978040423332253
17.0,118.5,-6.132662281710115
17.0,119.0,-6.389937873120758
17.0,119.5,-6.569492108717778
17.0,120.0,-6.8515117371610295
17.0,120.5,-7.0498616389131925
17.0,121.0,-7.276202590533426
17.0,121.5,-7.500846984747806
17.0,122.0,-7.774409048077214
17.0,122.5,-8.027093894387239
17.0,123.0,-8.2465198581233
17.0,123.5,-8.513876208288782
17.0,124.0,-8.762324072820377
17.0,124.5,-9.058884802361408
17.0,125.0,-9.221701103341136
17.0,125.5,-9.514801309399154
17.0,126.0,-9.805987436754744
17.0,126.5,-10.04712487836116
17.0,127.0,-10.286833077737434
17.0,127.5,-10.572528100331905
17.0,128.0,-10.80891909220345
17.0,128.5,-11.043719358707332
17.0,129.0,-11.36069577147638
17.0,129.5,-11.546061863873792
17.0,130.0,-11.86014645848547
17.0,130.5,-12.08852638944714
17.0,131.0,-12.353956249514248
17.0,131.5,-12.663091472252916
17.0,132.0,-12.925863586015883
17.0,132.5,-13.187378672498998
17.0,133.0,-13.575613786339865
17.0,133.5,-13.834118410296568
17.0,134.0,-14.175474877158326
17.0,134.5,-14.388367223342328
17.0,135.0,-14.727060725411786
17.0,135.5,-14.937849897337571
17.0,136.0,-15.27360500401867
17.0,136.5,-15.56638012656466
17.0,137.0,-15.858064488613588
17.0,137.5,-16.148597029324407
17.0,138.0,-16.437912313164887
17.0,138.5,-16.725940159356533
17.0,139.0,-17.012605236675704
17.0,139.5,-17.258975656776215
17.0,140.0,-17.627154223554726
17.0,140.5,-17.871631854561652
17.0,141.0,-18.115280838863235
17.0,141.5,-18.35805604950504
17.0,142.0,-18.599909202591704
17.0,142.5,-18.924434523294572
17.0,143.0,-19.247719779374165
17.0,143.5,-19.534057178703115
17.0,144.0,-19.771769649633654
17.0,144.5,-20.056655867478767
17.0,145.0,-20.423982076986462
17.0,145.5,-20.65834235114442
17.0,146.0,-21.023413618625312
17.0,146.5,-21.271640640605057
17.0,147.0,-21.55242769448175
17.0,147.5,-21.832207049096127
17.0,148.0,-22.16138710859009
17.0,148.5,-22.3572096803154
17.0,149.0,-22.685068092133186
17.0,149.5,-22.93049793045804
17.0,150.0,-23.12400827349445
17.0,150.5,-23.368299961267258
17.0,151.0,-23.61206462297209
17.0,151.5,-23.855253625464723
17.0,152.0,-24.045244322032936
17.0,152.5,-24.206388735028437
17.0,153.0,-24.36720002009411
17.0,153.5,-24.607743329950022
17.0,154.0,-24.767620514612407
17.0,154.5,-24.92707798943714
17.0,155.0,-25.21936882253942
17.0,155.5,-25.37786299014082
17.0,156.0,-25.53582600836957
17.0,156.5,-25.82635918541412
17.0,157.0,-26.037884876580037
17.0,157.5,-26.19414898616504
17.0,158.0,-26.404938065881296
17.0,158.5,-26.615382884629533
17.0,159.0,-26.825439576035627
17.0,159.5,-26.90244348428055
17.0,160.0,-27.1117109616052
17.0,160.5,-27.320436413927894
17.0,161.0,-27.528540010979444
17.0,161.5,-27.66059909913687
17.0,162.0,-27.792574557787034
17.0,162.5,-27.86771652162012
17.0,163.0,-28.130965686823174
17.0,163.5,-28.20526568991764
17.0,164.0,-28.33643834270306
17.0,164.5,-28.467439888198143
17.0,165.0,-28.59824919237566
17.0,165.5,-28.728841530959038
17.0,166.0,-28.801347502465607
17.0,166.5,-28.93126797307014
17.0,167.0,-29.060859752813585
17.0,167.5,-29.118997579723036
17.0,168.0,-29.190073503934265
17.0,168.5,-29.318849688059533
17.0,169.0,-29.377312323635632
17.0,169.5,-29.447115846789
17.0,170.0,-29.574782987324028
17.0,170.5,-29.6923554521064
17.0,171.0,-29.70174072142605
17.0,171.5,-29.70174072142605
17.0,172.0,-29.70174072142605
17.0,172.5,-29.827850645748267
17.0,173.0,-29.887010734940468
17.0,173.5,-30.01226183919382
17.0,174.0,-30.01226183919382
17.0,174.5,-30.01226183919382
17.0,175.0,-30.195701623583073
17.0,175.5,-30.195701623583073
17.0,176.0,-30.195701623583073
17.0,176.5,-30.556465182286008
17.0,177.0,-30.556465182286008
17.0,177.5,-30.258646915921048
17.0,178.0,-30.258646915921048
17.0,178.5,-30.28874935957125
17.0,179.0,-30.318851803221445
17.0,179.5,-30.348954246871646
17.0,180.0,-30.379056690521843
17.0,180.5,-30.402627773719306
17.0,181.0,-30.42619885691677
17.0,181.5,-30.449769940114233
17.0,182.0,-30.473341023311697
17.0,182.5,-30.49691210650916
17.0,183.0,-30.556465182286008
17.0,183.5,-30.735078210453878
17.0,184.0,-30.91358861252057
17.0,184.5,-30.973057503109974
17.0,185.0,-31.09191652690793
17.0,185.5,-31.09191652690793
17.0,186.0,-30.729988590294774
17.0,186.5,-30.729988590294774
17.0,187.0,-30.789200476296685
17.0,187.5,-30.848360236923114
17.0,188.0,-30.90745727127334
17.0,188.5,-30.966477911640986
17.0,189.0,-31.02540423570941
17.0,189.5,-31.05480826032642
17.0,190.0,-31.05480826032642
17.0,190.5,-30.83887139273151
17.0,191.0,-30.83887139273151
17.0,191.5,-30.89733299488732
17.0,192.0,-30.95562859542519
17.0,192.5,-31.20132941077002
17.0,193.0,-31.01372031407736
17.0,193.5,-31.04263915930759
17.0,194.0,-31.04263915930759
17.0,194.5,-31.07155800453782
17.0,195.0,-31.07155800453782
17.0,195.5,-31.129073963296214
17.0,196.0,-30.940675084865386
17.0,196.5,-30.969165475139487
17.0,197.0,-30.969165475139487
17.0,197.5,-30.997655865413584
17.0,198.0,-30.997655865413584
17.0,198.5,-31.025934185065964
17.0,199.0,-31.054212504718347
17.0,199.5,-31.198564462971955
17.0,200.0,-31.198564462971955
17.0,200.5,-31.154401016317784
17.0,201.0,-31.110237569663614
17.0,201.5,-31.043855714926877
17.0,202.0,-31.043855714926877
17.0,202.5,-31.071529761251696
17.0,203.0,-31.071529761251696
17.0,203.5,-31.09502016885614
17.0,204.0,-31.09502016885614
17.0,204.5,-31.157538109216613
17.0,205.0,-31.157538109216613
17.0,205.5,-31.100099754773957
17.0,206.0,-31.100099754773957
17.0,206.5,-31.11342865558836
17.0,207.0,-31.12675755640277
17.0,207.5,-31.140086457217173
17.0,208.0,-31.140086457217173
17.0,208.5,-31.11309956507225
17.0,209.0,-31.086112672927328
17.0,209.5,-31.059125780782406
17.0,210.0,-31.059125780782406
17.0,210.5,-31.16487233649326
17.0,211.0,-31.16487233649326
17.0,211.5,-31.13755495307844
17.0,212.0,-31.110237569663614
17.0,212.5,-31.110237569663614
17.0,213.0,-31.120155771876703
17.0,213.5,-31.130073974089797
17.0,214.0,-31.139992176302886
17.0,214.5,-31.14991037851598
17.0,215.0,-31.15982858072907
17.0,215.5,-31.15982858072907
17.0,216.0,-31.15982858072907
17.0,216.5,-31.15982858072907
17.0,217.0,-31.15982858072907
17.0,217.5,-31.15982858072907
17.0,218.0,-31.15982858072907
17.0,218.5,-31.15982858072907
17.0,219.0,-31.15982858072907
17.0,219.5,-31.15982858072907
17.0,220.0,-31.15982858072907
17.0,220.5,-31.15982858072907
17.0,221.0,-31.15982858072907
17.0,221.5,-31.15982858072907
17.0,222.0,-31.15982858072907
17.0,222.5,-31.15982858072907
17.0,223.0,-31.15982858072907
17.0,223.5,-31.15982858072907
17.0,224.0,-31.15982858072907
17.0,224.5,-31.15982858072907
17.0,225.0,-31.15982858072907
17.0,225.5,-31.15982858072907
17.0,226.0,-31.15982858072907
17.0,226.5,-31.15982858072907
17.0,227.0,-31.15982858072907
17.0,227.5,-31.15982858072907
17.0,228.0,-31.15982858072907
17.0,228.5,-31.15982858072907
17.0,229.0,-31.15982858072907
17.0,229.5,-31.15982858072907
17.0,230.0,-31.15982858072907
17.0,230.5,-31.15982858072907
17.0,231.0,-31.15982858072907
17.0,231.5,-31.15982858072907
17.0,232.0,-31.15982858072907
17.0,232.5,-31.15982858072907
17.0,233.0,-31.15982858072907
17.0,233.5,-31.15982858072907
17.0,234.0,-31.15982858072907
17.0,234.5,-31.15982858072907
17.0,235.0,-31.15982858072907
17.0,235.5,-31.15982858072907
17.0,236.0,-31.15982858072907
17.0,236.5,-31.15982858072907
17.0,237.0,-31.15982858072907
17.0,237.5,-31.15982858072907
17.0,238.0,-31.15982858072907
17.0,238.5,-31.15982858072907
17.0,239.0,-31.15982858072907
17.0,239.5,-31.15982858072907
17.0,240.0,-31.15982858072907
17.0,240.5,-31.15982858072907
17.0,241.0,-31.15982858072907
17.0,241.5,-31.15982858072907
17.0,242.0,-31.15982858072907
17.0,242.5,-31.15982858072907
17.0,243.0,-31.15982858072907
17.0,243.5,-31.15982858072907
17.0,244.0,-31.15982858072907
17.0,244.5,-31.15982858072907
17.0,245.0,-31.15982858072907
17.0,245.5,-31.15982858072907
17.0,246.0,-31.15982858072907
17.0,246.5,-31.15982858072907
17.0,247.0,-31.15982858072907
17.0,247.5,-31.15982858072907
17.0,248.0,-31.15982858072907
17.0,248.5,-31.15982858072907
17.0,249.0,-31.15982858072907
17.0,249.5,-31.15982858072907
17.0,250.0,-31.15982858072907
17.0,250.5,-31.15982858072907
17.0,251.0,-31.15982858072907
17.0,251.5,-31.15982858072907
17.0,252.0,-31.15982858072907
17.0,252.5,-31.15982858072907
17.0,253.0,-31.15982858072907
17.0,253.5,-31.15982858072907
17.0,254.0,-31.15982858072907
17.0,254.5,-31.15982858072907
17.0,255.0,-31.15982858072907
17.0,255.5,-31.15982858072907
17.0,256.0,-31.15982858072907
17.0,256.5,-31.15982858072907
17.0,257.0,-31.15982858072907
17.0,257.5,-31.15982858072907
17.0,258.0,-31.15982858072907
17.0,258.5,-31.15982858072907
17.0,259.0,-31.15982858072907
17.0,259.5,-31.15982858072907
17.0,260.0,-31.15982858072907
17.0,260.5,-31.15982858072907
17.0,261.0,-31.15982858072907
17.0,261.5,-31.15982858072907
17.0,262.0,-31.15982858072907
17.0,262.5,-31.15982858072907
17.0,263.0,-31.15982858072907
17.0,263.5,-31.15982858072907
17.0,264.0,-31.15982858072907
17.0,264.5,-31.15982858072907
17.0,265.0,-31.15982858072907
17.0,265.5,-31.15982858072907
17.0,266.0,-31.15982858072907
17.0,266.5,-31.15982858072907
17.0,267.0,-31.15982858072907
17.0,267.5,-31.15982858072907
17.0,268.0,-31.15982858072907
17.0,268.5,-31.15982858072907
17.0,269.0,-31.15982858072907
17.0,269.5,-31.15982858072907
17.0,270.0,-31.15982858072907
17.0,270.5,-31.15982858072907
17.0,271.0,-31.15982858072907
17.0,271.5,-31.15982858072907
17.0,272.0,-31.15982858072907
17.0,272.5,-31.15982858072907
17.0,273.0,-31.15982858072907
17.0,273.5,-31.15982858072907
17.0,274.0,-31.15982858072907
17.0,274.5,-31.15982858072907
17.0,275.0,-31.15982858072907
17.0,275.5,-31.15982858072907
17.0,276.0,-31.15982858072907
17.0,276.5,-31.15982858072907
17.0,277.0,-31.15982858072907
17.0,277.5,-31.15982858072907
17.0,278.0,-31.15982858072907
17.0,278.5,-31.15982858072907
17.0,279.0,-31.15982858072907
17.0,279.5,-31.15982858072907
17.0,280.0,-31.15982858072907
17.0,280.5,-31.15982858072907
17.0,281.0,-31.15982858072907
17.0,281.5,-31.15982858072907
17.0,282.0,-31.15982858072907
17.0,282.5,-31.15982858072907
17.0,283.0,-31.15982858072907
17.0,283.5,-31.15982858072907
17.0,284.0,-31.15982858072907
17.0,284.5,-31.15982858072907
17.0,285.0,-31.15982858072907
17.0,285.5,-31.15982858072907
17.0,286.0,-31.15982858072907
17.0,286.5,-31.15982858072907
17.0,287.0,-31.15982858072907
17.0,287.5,-31.15982858072907
17.0,288.0,-31.15982858072907
17.0,288.5,-31.15982858072907
17.0,289.0,-31.15982858072907
17.0,289.5,-31.15982858072907
17.0,290.0,-31.15982858072907
17.0,290.5,-31.15982858072907
17.0,291.0,-31.15982858072907
17.0,291.5,-31.15982858072907
17.0,292.0,-31.15982858072907
17.0,292.5,-31.15982858072907
17.0,293.0,-31.15982858072907
17.0,293.5,-31.15982858072907
17.0,294.0,-31.15982858072907
17.0,294.5,-31.15982858072907
17.0,295.0,-31.15982858072907
17.0,295.5,-31.15982858072907
17.0,296.0,-31.15982858072907
17.0,296.5,-31.15982858072907
17.0,297.0,-31.15982858072907
17.0,297.5,-31.15982858072907
17.0,298.0,-31.15982858072907
17.0,298.5,-31.15982858072907
17.0,299.0,-31.15982858072907
17.0,299.5,-31.15982858072907
17.0,300.0,-31.15982858072907
17.0,300.5,-31.15982858072907
17.0,301.0,-31.15982858072907
17.0,301.5,-31.15982858072907
17.0,302.0,-31.15982858072907
17.0,302.5,-31.15982858072907
17.0,303.0,-31.15982858072907
17.0,303.5,-31.15982858072907
17.0,304.0,-31.15982858072907
17.0,304.5,-31.15982858072907
17.0,305.0,-31.15982858072907
17.0,305.5,-31.15982858072907
17.0,306.0,-31.15982858072907
17.0,306.5,-31.15982858072907
17.0,307.0,-31.15982858072907
17.0,307.5,-31.15982858072907
17.0,308.0,-31.15982858072907
17.0,308.5,-31.15982858072907
17.0,309.0,-31.15982858072907
17.0,309.5,-31.15982858072907
17.0,310.0,-31.15982858072907
17.0,310.5,-31.15982858072907
17.0,311.0,-31.15982858072907
17.0,311.5,-31.15982858072907
17.0,312.0,-31.15982858072907
17.0,312.5,-31.15982858072907
17.0,313.0,-31.15982858072907
17.0,313.5,-31.15982858072907
17.0,314.0,-31.15982858072907
17.0,314.5,-31.15982858072907
17.0,315.0,-31.15982858072907
17.0,315.5,-31.15982858072907
17.0,316.0,-31.15982858072907
17.0,316.5,-31.15982858072907
17.0,317.0,-31.15982858072907
17.0,317.5,-31.15982858072907
17.0,318.0,-31.15982858072907
17.0,318.5,-31.15982858072907
17.0,319.0,-31.15982858072907
17.0,319.5,-31.15982858072907
17.0,320.0,-31.15982858072907
17.0,320.5,-31.15982858072907
17.0,321.0,-31.15982858072907
17.0,321.5,-31.15982858072907
17.0,322.0,-31.15982858072907
17.0,322.5,-31.15982858072907
17.0,323.0,-31.15982858072907
17.0,323.5,-31.15982858072907
17.0,324.0,-31.15982858072907
17.0,324.5,-31.15982858072907
17.0,325.0,-31.15982858072907
17.0,325.5,-31.14991037851598
17.0,326.0,-31.139992176302886
17.0,326.5,-31.130073974089797
17.0,327.0,-31.120155771876703
17.0,327.5,-31.110237569663614
17.0,328.0,-31.110237569663614
17.0,328.5,-31.13755495307844
17.0,329.0,-31.16487233649326
17.0,329.5,-31.16487233649326
17.0,330.0,-31.059125780782406
17.0,330.5,-31.059125780782406
17.0,331.0,-31.086112672927328
17.0,331.5,-31.11309956507225
17.0,332.0,-31.140086457217173
17.0,332.5,-31.140086457217173
17.0,333.0,-31.12675755640277
17.0,333.5,-31.11342865558836
17.0,334.0,-31.100099754773957
17.0,334.5,-31.100099754773957
17.0,335.0,-31.157538109216613
17.0,335.5,-31.157538109216613
17.0,336.0,-31.09502016885614
17.0,336.5,-31.09502016885614
17.0,337.0,-31.071529761251696
17.0,337.5,-31.071529761251696
17.0,338.0,-31.043855714926877
17.0,338.5,-31.043855714926877
17.0,339.0,-31.110237569663614
17.0,339.5,-31.154401016317784
17.0,340.0,-31.198564462971955
17.0,340.5,-31.198564462971955
17.0,341.0,-31.054212504718347
17.0,341.5,-31.025934185065964
17.0,342.0,-30.997655865413584
17.0,342.5,-30.997655865413584
17.0,343.0,-30.969165475139487
17.0,343.5,-30.969165475139487
17.0,344.0,-30.940675084865386
17.0,344.5,-31.129073963296214
17.0,345.0,-31.07155800453782
17.0,345.5,-31.07155800453782
17.0,346.0,-31.04263915930759
17.0,346.5,-31.04263915930759
17.0,347.0,-31.01372031407736
17.0,347.5,-31.20132941077002
17.0,348.0,-30.95562859542519
17.0,348.5,-30.89733299488732
17.0,349.0,-30.83887139273151
17.0,349.5,-30.83887139273151
17.0,350.0,-31.05480826032642
17.0,350.5,-31.05480826032642
17.0,351.0,-31.02540423570941
17.0,351.5,-30.966477911640986
17.0,352.0,-30.90745727127334
17.0,352.5,-30.848360236923114
17.0,353.0,-30.789200476296685
17.0,353.5,-30.729988590294774
17.0,354.0,-30.729988590294774
17.0,354.5,-31.09191652690793
17.0,355.0,-31.09191652690793
17.0,355.5,-30.973057503109974
17.0,356.0,-30.91358861252057
17.0,356.5,-30.735078210453878
17.0,357.0,-30.556465182286008
17.0,357.5,-30.49691210650916
17.0,358.0,-30.473341023311697
17.0,358.5,-30.449769940114233
17.0,359.0,-30.42619885691677
17.0,359.5,-30.402627773719306
18.0,0.0,-23.7697054620635
18.0,0.5,-23.113065008664314
18.0,1.0,-22.814005187537372
18.0,1.5,-22.21495646872938
18.0,2.0,-21.974605289863863
18.0,2.5,-21.49313233887901
18.0,3.0,-21.01074607558325
18.0,3.5,-20.587064035427414
18.0,4.0,-20.162621368325237
18.0,4.5,-19.67324350542184
18.0,5.0,-19.30651891027531
18.0,5.5,-18.998536216334745
18.0,6.0,-18.56504015454666
18.0,6.5,-18.189420644573453
18.0,7.0,-17.93825405797691
18.0,7.5,-17.560453291219176
18.0,8.0,-17.181478106994902
18.0,8.5,-16.86035545267123
18.0,9.0,-16.538074236523563
18.0,9.5,-16.214706108477742
18.0,10.0,-15.821081188440147
18.0,10.5,-15.553948037796722
18.0,11.0,-15.28575793408432
18.0,11.5,-14.8877036299119
18.0,12.0,-14.617299270130925
18.0,12.5,-14.274752575440164
18.0,13.0,-13.930620727951567
18.0,13.5,-13.714983254433175
18.0,14.0,-13.36819541873123
18.0,14.5,-13.077724167813788
18.0,15.0,-12.728179262465936
18.0,15.5,-12.434833115293877
18.0,16.0,-12.066181528391393
18.0,16.5,-11.769760328390998
18.0,17.0,-11.39745402968546
18.0,17.5,-11.09825157420444
18.0,18.0,-10.854543284261027
18.0,18.5,-10.53384971905379
18.0,19.0,-10.34341497016307
18.0,19.5,-10.095253758279679
18.0,20.0,-9.901821970807859
18.0,20.5,-9.685768022786196
18.0,21.0,-9.48888348432105
18.0,21.5,-9.29056574248553
18.0,22.0,-9.146056313037139
18.0,22.5,-8.921773701700658
18.0,23.0,-8.718789664204841
18.0,23.5,-8.490543743674575
18.0,24.0,-8.339006088442776
18.0,24.5,-8.185885075722688
18.0,25.0,-7.951869661766718
18.0,25.5,-7.795449383662515
18.0,26.0,-7.611203912993275
18.0,26.5,-7.371354731999485
18.0,27.0,-7.129662491291057
18.0,27.5,-6.886180726325048
18.0,28.0,-6.64096129296928
18.0,28.5,-6.394054411887197
18.0,29.0,-6.116413685929949
18.0,29.5,-5.865872310723621
18.0,30.0,-5.583799498851889
18.0,30.5,-5.299367935259628
18.0,31.0,-5.094570923648796
18.0,31.5,-4.887901538125735
18.0,32.0,-4.729820384294538
18.0,32.5,-4.519275626471305
18.0,33.0,-4.356848851777016
18.0,33.5,-4.225278752749954
18.0,34.0,-4.108103948455398
18.0,34.5,-3.9391538965779027
18.0,35.0,-3.851156847110982
18.0,35.5,-3.7128542776443787
18.0,36.0,-3.5862312599176143
18.0,36.5,-3.45691762843456
18.0,37.0,-3.313549410345157
18.0,37.5,-3.1432699848522567
18.0,38.0,-3.0433870934304323
18.0,38.5,-2.904461696089733
18.0,39.0,-2.7545296081737334
18.0,39.5,-2.611383806990151
18.0,40.0,-2.427283842784494
18.0,40.5,-2.2788696572705724
18.0,41.0,-2.167402317921102
18.0,41.5,-2.0146807061061445
18.0,42.0,-1.899686219102552
18.0,42.5,-1.7461382647404697
18.0,43.0,-1.6271076786721856
18.0,43.5,-1.5084854962481593
18.0,44.0,-1.4273434664143778
18.0,44.5,-1.3041434413830082
18.0,45.0,-1.220060920269617
18.0,45.5,-1.1334888281932436
18.0,46.0,-1.0448520412156022
18.0,46.5,-0.9950409451064175
18.0,47.0,-0.9019761008238874
18.0,47.5,-0.8470051088746224
18.0,48.0,-0.7940200267953834
18.0,48.5,-0.734326874156384
18.0,49.0,-0.671897489569286
18.0,49.5,-0.6067482763088456
18.0,50.0,-0.5388962127888952
18.0,50.5,-0.5145530849030173
18.0,51.0,-0.441693500590592
18.0,51.5,-0.37606079006426896
18.0,52.0,-0.2986760097988288
18.0,52.5,-0.21867088815300306
18.0,53.0,-0.1837953578109648
18.0,53.5,-0.13421583062588027
18.0,54.0,-0.09473108373060057
18.0,54.5,-0.053282948410970477
18.0,55.0,-0.024563860300570894
18.0,55.5,0.0
18.0,56.0,0.0
18.0,56.5,0.0
18.0,57.0,-0.0003348343173463775
18.0,57.5,-0.005971740471796494
18.0,58.0,-0.010883917858603098
18.0,58.5,-0.011497993322638678
18.0,59.0,-0.023111832403902355
18.0,59.5,-0.033612603899243254
18.0,60.0,-0.04121106769298777
18.0,60.5,-0.05708430401160669
18.0,61.0,-0.07072820562846616
18.0,61.5,-0.08213989997462079
18.0,62.0,-0.09131698065606741
18.0,62.5,-0.12603481251122162
18.0,63.0,-0.15753771061219268
18.0,63.5,-0.21237809569445076
18.0,64.0,-0.2644436743537142
18.0,64.5,-0.28881914704337674
18.0,65.0,-0.33757025691464904
18.0,65.5,-0.40945360129940767
18.0,66.0,-0.45408921324841955
18.0,66.5,-0.5209065757686488
18.0,67.0,-0.5613836034123025
18.0,67.5,-0.6460835001428897
18.0,68.0,-0.7371260026143034
18.0,68.5,-0.7712499181334209
18.0,69.0,-0.8806761747842593
18.0,69.5,-0.9876107698063343
18.0,70.0,-1.0920277138694345
18.0,70.5,-1.1939012796157051
18.0,71.0,-1.2932060274417125
18.0,71.5,-1.3707833811145385
18.0,72.0,-1.4654011678040142
18.0,72.5,-1.614172249592162
18.0,73.0,-1.7036576135209813
18.0,73.5,-1.8303917879435723
18.0,74.0,-1.9151793367998593
18.0,74.5,-2.0546220213807054
18.0,75.0,-2.1916039201316835
18.0,75.5,-2.3109236693950557
18.0,76.0,-2.443417594764721
18.0,76.5,-2.5733540895389133
18.0,77.0,-2.687043496673059
18.0,77.5,-2.8704630724345854
18.0,78.0,-2.9932057367321576
18.0,78.5,-3.101135937492373
18.0,79.0,-3.2775087289466107
18.0,79.5,-3.392762244677087
18.0,80.0,-3.553360635899974
18.0,80.5,-3.6636880311827262
18.0,81.0,-3.8205119275185098
18.0,81.5,-3.9167468558679595
18.0,82.0,-4.0787114954956465
18.0,82.5,-4.170835113268396
18.0,83.0,-4.261075849247224
18.0,83.5,-4.415613384805635
18.0,84.0,-4.501592177020015
18.0,84.5,-4.585625525093278
18.0,85.0,-4.727067901536085
18.0,85.5,-4.807200828151398
18.0,86.0,-4.885330667107333
18.0,86.5,-4.9614399562321765
18.0,87.0,-5.035511489257132
18.0,87.5,-5.107528332513748
18.0,88.0,-5.1774738417101815
18.0,88.5,-5.245331678754535
18.0,89.0,-5.251478783362067
18.0,89.5,-5.255488530164865
18.0,90.0,-5.255488530164865
18.0,90.5,-5.255488530164865
18.0,91.0,-5.251478783362067
18.0,91.5,-5.245331678754535
18.0,92.0,-5.1774738417101815
18.0,92.5,-5.107528332513748
18.0,93.0,-5.035511489257132
18.0,93.5,-4.9614399562321765
18.0,94.0,-4.885330667107333
18.0,94.5,-4.807200828151398
18.0,95.0,-4.727067901536085
18.0,95.5,-4.644949588747846
18.0,96.0,-4.501592177020015
18.0,96.5,-4.415613384805635
18.0,97.0,-4.261075849247224
18.0,97.5,-4.170835113268396
18.0,98.0,-4.0787114954956465
18.0,98.5,-3.9167468558679595
18.0,99.0,-3.8205119275185098
18.0,99.5,-3.7224577127230276
18.0,100.0,-3.553360635899974
18.0,100.5,-3.392762244677087
18.0,101.0,-3.2775087289466107
18.0,101.5,-3.101135937492373
18.0,102.0,-2.9932057367321576
18.0,102.5,-2.8704630724345854
18.0,103.0,-2.687043496673059
18.0,103.5,-2.5733540895389133
18.0,104.0,-2.443417594764721
18.0,104.5,-2.3109236693950557
18.0,105.0,-2.1916039201316835
18.0,105.5,-2.0546220213807054
18.0,106.0,-1.9151793367998593
18.0,106.5,-1.8303917879435723
18.0,107.0,-1.7036576135209813
18.0,107.5,-1.614172249592162
18.0,108.0,-1.4654011678040142
18.0,108.5,-1.3707833811145385
18.0,109.0,-1.2932060274417125
18.0,109.5,-1.1939012796157051
18.0,110.0,-1.0920277138694345
18.0,110.5,-0.9876107698063343
18.0,111.0,-0.8806761747842593
18.0,111.5,-0.7712499181334209
18.0,112.0,-0.7371260026143034
18.0,112.5,-0.6460835001428897
18.0,113.0,-0.5613836034123025
18.0,113.5,-0.5209065757686488
18.0,114.0,-0.45408921324841955
18.0,114.5,-0.40945360129940767
18.0,115.0,-0.33757025691464904
18.0,115.5,-0.28881914704337674
18.0,116.0,-0.2644436743537142
18.0,116.5,-0.21237809569445076
18.0,117.0,-0.15753771061219268
18.0,117.5,-0.12603481251122162
18.0,118.0,-0.09131698065606741
18.0,118.5,-0.08213989997462079
18.0,119.0,-0.07072820562846616
18.0,119.5,-0.05708430401160669
18.0,120.0,-0.04121106769298777
18.0,120.5,-0.033612603899243254
18.0,121.0,-0.023111832403902355
18.0,121.5,-0.011497993322638678
18.0,122.0,-0.010883917858603098
18.0,122.5,-0.005971740471796494
18.0,123.0,-0.0003348343173463775
18.0,123.5,0.0
18.0,124.0,0.0
18.0,124.5,0.0
18.0,125.0,-0.024563860300570894
18.0,125.5,-0.053282948410970477
18.0,126.0,-0.09473108373060057
18.0,126.5,-0.13421583062588027
18.0,127.0,-0.1837953578109648
18.0,127.5,-0.21867088815300306
18.0,128.0,-0.2986760097988288
18.0,128.5,-0.37606079006426896
18.0,129.0,-0.441693500590592
18.0,129.5,-0.5145530849030173
18.0,130.0,-0.5388962127888952
18.0,130.5,-0.6067482763088456
18.0,131.0,-0.671897489569286
18.0,131.5,-0.734326874156384
18.0,132.0,-0.7940200267953834
18.0,132.5,-0.8470051088746224
18.0,133.0,-0.9019761008238874
18.0,133.5,-0.9950409451064175
18.0,134.0,-1.0448520412156022
18.0,134.5,-1.1334888281932436
18.0,135.0,-1.220060920269617
18.0,135.5,-1.3041434413830082
18.0,136.0,-1.4273434664143778
18.0,136.5,-1.5084854962481593
18.0,137.0,-1.6271076786721856
18.0,137.5,-1.7461382647404697
18.0,138.0,-1.899686219102552
18.0,138.5,-2.0146807061061445
18.0,139.0,-2.167402317921102
18.0,139.5,-2.2788696572705724
18.0,140.0,-2.427283842784494
18.0,140.5,-2.611383806990151
18.0,141.0,-2.7545296081737334
18.0,141.5,-2.904461696089733
18.0,142.0,-3.0433870934304323
18.0,142.5,-3.1432699848522567
18.0,143.0,-3.3495109414260824
18.0,143.5,-3.45691762843456
18.0,144.0,-3.5862312599176143
18.0,144.5,-3.7128542776443787
18.0,145.0,-3.851156847110982
18.0,145.5,-3.9391538965779027
18.0,146.0,-4.108103948455398
18.0,146.5,-4.225278752749954
18.0,147.0,-4.356848851777016
18.0,147.5,-4.519275626471305
18.0,148.0,-4.729820384294538
18.0,148.5,-4.887901538125735
18.0,149.0,-5.094570923648796
18.0,149.5,-5.299367935259628
18.0,150.0,-5.583799498851889
18.0,150.5,-5.865872310723621
18.0,151.0,-6.116413685929949
18.0,151.5,-6.394054411887197
18.0,152.0,-6.64096129296928
18.0,152.5,-6.886180726325048
18.0,153.0,-7.129662491291057
18.0,153.5,-7.371354731999485
18.0,154.0,-7.611203912993275
18.0,154.5,-7.795449383662515
18.0,155.0,-7.951869661766718
18.0,155.5,-8.185885075722688
18.0,156.0,-8.339006088442776
18.0,156.5,-8.490543743674575
18.0,157.0,-8.718789664204841
18.0,157.5,-8.921773701700658
18.0,158.0,-9.146056313037139
18.0,158.5,-9.29056574248553
18.0,159.0,-9.48888348432105
18.0,159.5,-9.685768022786196
18.0,160.0,-9.901821970807859
18.0,160.5,-10.095253758279679
18.0,161.0,-10.34341497016307
18.0,161.5,-10.53384971905379
18.0,162.0,-10.854543284261027
18.0,162.5,-11.09825157420444
18.0,163.0,-11.39745402968546
18.0,163.5,-11.769760328390998
18.0,164.0,-12.066181528391393
18.0,164.5,-12.434833115293877
18.0,165.0,-12.728179262465936
18.0,165.5,-13.077724167813788
18.0,166.0,-13.36819541873123
18.0,166.5,-13.714983254433175
18.0,167.0,-13.930620727951567
18.0,167.5,-14.274752575440164
18.0,168.0,-14.617299270130925
18.0,168.5,-14.8877036299119
18.0,169.0,-15.28575793408432
18.0,169.5,-15.553948037796722
18.0,170.0,-15.821081188440147
18.0,170.5,-16.214706108477742
18.0,171.0,-16.397328002938266
18.0,171.5,-16.397328002938266
18.0,172.0,-15.696918276497197
18.0,172.5,-15.696918276497197
18.0,173.0,-15.7123313183941
18.0,173.5,-15.726877111815593
18.0,174.0,-18.56504015454666
18.0,174.5,-18.998536216334745
18.0,175.0,-19.30651891027531
18.0,175.5,-19.61382885439105
18.0,176.0,-19.623129704602928
18.0,176.5,-19.631273756973588
18.0,177.0,-21.01074607558325
18.0,177.5,-21.49313233887901
18.0,178.0,-21.974605289863863
18.0,178.5,-22.21495646872938
18.0,179.0,-22.814005187537372
18.0,179.5,-23.113065008664314
18.0,180.0,-23.7697054620635
18.0,180.5,-24.186817652261805
18.0,181.0,-24.66302491982944
18.0,181.5,-25.138594774770393
18.0,182.0,-25.553803978757227
18.0,182.5,-25.672957904887674
18.0,183.0,-26.265805525020088
18.0,183.5,-26.563459204678676
18.0,184.0,-26.916606086391372
18.0,184.5,-26.976067711752606
18.0,185.0,-27.511025926986562
18.0,185.5,-27.683700512594587
18.0,186.0,-27.683700512594587
18.0,186.5,-28.039454629245423
18.0,187.0,-28.27640548053498
18.0,187.5,-28.572281470214204
18.0,188.0,-28.62313058039217
18.0,188.5,-28.74101056267928
18.0,189.0,-28.74101056267928
18.0,189.5,-28.91762402432799
18.0,190.0,-29.035208489126386
18.0,190.5,-29.211306191839984
18.0,191.0,-29.328488334160564
18.0,191.5,-29.44546787024504
18.0,192.0,-29.503872181290063
18.0,192.5,-29.620487485837298
18.0,193.0,-29.73680945407854
18.0,193.5,-29.79484485401754
18.0,194.0,-29.852786787993306
18.0,194.5,-29.910626871277593
18.0,195.0,-30.025962710070466
18.0,195.5,-30.083435963182495
18.0,196.0,-30.14076195628771
18.0,196.5,-30.14076195628771
18.0,197.0,-30.14076195628771
18.0,197.5,-30.123158044626827
18.0,198.0,-30.123158044626827
18.0,198.5,-30.179718235389007
18.0,199.0,-30.179718235389007
18.0,199.5,-30.236057872763883
18.0,200.0,-30.292153001385774
18.0,200.5,-30.34797619535588
18.0,201.0,-30.480591454296572
18.0,201.5,-30.4034959338621
18.0,202.0,-30.458675844406336
18.0,202.5,-30.458675844406336
18.0,203.0,-30.458675844406336
18.0,203.5,-30.458268860402473
18.0,204.0,-30.457861876398614
18.0,204.5,-30.45745489239475
18.0,205.0,-30.457047908390887
18.0,205.5,-30.456640924387028
18.0,206.0,-30.456233940383164
18.0,206.5,-30.4558269563793
18.0,207.0,-30.45541997237544
18.0,207.5,-30.45501298837158
18.0,208.0,-30.454606004367715
18.0,208.5,-30.454199020363856
18.0,209.0,-30.453792036359992
18.0,209.5,-30.45338505235613
18.0,210.0,-30.45297806835227
18.0,210.5,-30.452571084348406
18.0,211.0,-30.452164100344543
18.0,211.5,-30.451757116340683
18.0,212.0,-30.45135013233682
18.0,212.5,-30.450943148332957
18.0,213.0,-30.450536164329097
18.0,213.5,-30.450129180325234
18.0,214.0,-30.44972219632137
18.0,214.5,-30.44931521231751
18.0,215.0,-30.44890822831365
18.0,215.5,-30.448501244309785
18.0,216.0,-30.448094260305925
18.0,216.5,-30.447687276302062
18.0,217.0,-30.4472802922982
18.0,217.5,-30.44687330829434
18.0,218.0,-30.446466324290476
18.0,218.5,-30.446059340286617
18.0,219.0,-30.445652356282753
18.0,219.5,-30.44524537227889
18.0,220.0,-30.44483838827503
18.0,220.5,-30.444431404271167
18.0,221.0,-30.444024420267304
18.0,221.5,-30.443617436263445
18.0,222.0,-30.44321045225958
18.0,222.5,-30.44280346825572
18.0,223.0,-30.44239648425186
18.0,223.5,-30.441989500247995
18.0,224.0,-30.441582516244132
18.0,224.5,-30.441175532240273
18.0,225.0,-30.44076854823641
18.0,225.5,-30.440361564232546
18.0,226.0,-30.439954580228687
18.0,226.5,-30.439547596224823
18.0,227.0,-30.43914061222096
18.0,227.5,-30.4387336282171
18.0,228.0,-30.438326644213237
18.0,228.5,-30.437919660209374
18.0,229.0,-30.437512676205515
18.0,229.5,-30.43710569220165
18.0,230.0,-30.43669870819779
18.0,230.5,-30.43629172419393
18.0,231.0,-30.435884740190065
18.0,231.5,-30.435477756186202
18.0,232.0,-30.435070772182343
18.0,232.5,-30.43466378817848
18.0,233.0,-30.43425680417462
18.0,233.5,-30.433849820170757
18.0,234.0,-30.433442836166893
18.0,234.5,-30.433035852163034
18.0,235.0,-30.43262886815917
18.0,235.5,-30.432221884155307
18.0,236.0,-30.431814900151448
18.0,236.5,-30.431407916147585
18.0,237.0,-30.43100093214372
18.0,237.5,-30.43059394813986
18.0,238.0,-30.430186964136
18.0,238.5,-30.429779980132135
18.0,239.0,-30.429372996128276
18.0,239.5,-30.428966012124413
18.0,240.0,-30.42855902812055
18.0,240.5,-30.42815204411669
18.0,241.0,-30.427745060112827
18.0,241.5,-30.427338076108963
18.0,242.0,-30.426931092105104
18.0,242.5,-30.42652410810124
18.0,243.0,-30.426117124097377
18.0,243.5,-30.425710140093518
18.0,244.0,-30.425303156089655
18.0,244.5,-30.42489617208579
18.0,245.0,-30.42448918808193
18.0,245.5,-30.42408220407807
18.0,246.0,-30.423675220074205
18.0,246.5,-30.423268236070346
18.0,247.0,-30.422861252066483
18.0,247.5,-30.42245426806262
18.0,248.0,-30.42204728405876
18.0,248.5,-30.421640300054896
18.0,249.0,-30.421233316051033
18.0,249.5,-30.420826332047174
18.0,250.0,-30.42041934804331
18.0,250.5,-30.420012364039447
18.0,251.0,-30.419605380035588
18.0,251.5,-30.419198396031724
18.0,252.0,-30.418791412027865
18.0,252.5,-30.418384428024
18.0,253.0,-30.41797744402014
18.0,253.5,-30.41757046001628
18.0,254.0,-30.417163476012416
18.0,254.5,-30.416756492008552
18.0,255.0,-30.416349508004693
18.0,255.5,-30.41594252400083
18.0,256.0,-30.415535539996966
18.0,256.5,-30.415128555993107
18.0,257.0,-30.414721571989244
18.0,257.5,-30.41431458798538
18.0,258.0,-30.41390760398152
18.0,258.5,-30.413500619977658
18.0,259.0,-30.413093635973794
18.0,259.5,-30.412686651969935
18.0,260.0,-30.41227966796607
18.0,260.5,-30.41187268396221
18.0,261.0,-30.41146569995835
18.0,261.5,-30.411058715954486
18.0,262.0,-30.410651731950622
18.0,262.5,-30.410244747946763
18.0,263.0,-30.4098377639429
18.0,263.5,-30.40943077993904
18.0,264.0,-30.409023795935177
18.0,264.5,-30.408616811931314
18.0,265.0,-30.40820982792745
18.0,265.5,-30.40780284392359
18.0,266.0,-30.407395859919728
18.0,266.5,-30.406988875915868
18.0,267.0,-30.406581891912005
18.0,267.5,-30.40617490790814
18.0,268.0,-30.405767923904282
18.0,268.5,-30.40536093990042
18.0,269.0,-30.404953955896556
18.0,269.5,-30.404546971892696
18.0,270.0,-30.404139987888833
18.0,270.5,-30.40373300388497
18.0,271.0,-30.40332601988111
18.0,271.5,-30.402919035877247
18.0,272.0,-30.402512051873384
18.0,272.5,-30.402105067869524
18.0,273.0,-30.40169808386566
18.0,273.5,-30.401291099861798
18.0,274.0,-30.400884115857938
18.0,274.5,-30.400477131854075
18.0,275.0,-30.40007014785021
18.0,275.5,-30.399663163846352
18.0,276.0,-30.39925617984249
18.0,276.5,-30.398849195838626
18.0,277.0,-30.398442211834766
18.0,277.5,-30.398035227830903
18.0,278.0,-30.39762824382704
18.0,278.5,-30.39722125982318
18.0,279.0,-30.396814275819317
18.0,279.5,-30.396407291815454
18.0,280.0,-30.396000307811594
18.0,280.5,-30.39559332380773
18.0,281.0,-30.395186339803868
18.0,281.5,-30.394779355800008
18.0,282.0,-30.394372371796145
18.0,282.5,-30.39396538779228
18.0,283.0,-30.393558403788422
18.0,283.5,-30.39315141978456
18.0,284.0,-30.392744435780696
18.0,284.5,-30.392337451776836
18.0,285.0,-30.391930467772973
18.0,285.5,-30.391523483769113
18.0,286.0,-30.39111649976525
18.0,286.5,-30.390709515761387
18.0,287.0,-30.390302531757527
18.0,287.5,-30.389895547753664
18.0,288.0,-30.3894885637498
18.0,288.5,-30.38908157974594
18.0,289.0,-30.388674595742078
18.0,289.5,-30.388267611738215
18.0,290.0,-30.387860627734355
18.0,290.5,-30.387453643730492
18.0,291.0,-30.38704665972663
18.0,291.5,-30.38663967572277
18.0,292.0,-30.386232691718906
18.0,292.5,-30.385825707715043
18.0,293.0,-30.385418723711183
18.0,293.5,-30.38501173970732
18.0,294.0,-30.384604755703457
18.0,294.5,-30.384197771699597
18.0,295.0,-30.383790787695734
18.0,295.5,-30.38338380369187
18.0,296.0,-30.38297681968801
18.0,296.5,-30.382569835684148
18.0,297.0,-30.382162851680285
18.0,297.5,-30.381755867676425
18.0,298.0,-30.381348883672562
18.0,298.5,-30.3809418996687
18.0,299.0,-30.38053491566484
18.0,299.5,-30.380127931660976
18.0,300.0,-30.379720947657116
18.0,300.5,-30.379313963653253
18.0,301.0,-30.37890697964939
18.0,301.5,-30.37849999564553
18.0,302.0,-30.378093011641667
18.0,302.5,-30.377686027637804
18.0,303.0,-30.377279043633944
18.0,303.5,-30.37687205963008
18.0,304.0,-30.376465075626218
18.0,304.5,-30.376058091622358
18.0,305.0,-30.375651107618495
18.0,305.5,-30.37524412361463
18.0,306.0,-30.374837139610772
18.0,306.5,-30.37443015560691
18.0,307.0,-30.374023171603046
18.0,307.5,-30.373616187599186
18.0,308.0,-30.373209203595323
18.0,308.5,-30.37280221959146
18.0,309.0,-30.3723952355876
18.0,309.5,-30.371988251583737
18.0,310.0,-30.371581267579874
18.0,310.5,-30.371174283576014
18.0,311.0,-30.37076729957215
18.0,311.5,-30.370360315568288
18.0,312.0,-30.369953331564428
18.0,312.5,-30.369546347560565
18.0,313.0,-30.3691393635567
18.0,313.5,-30.368732379552842
18.0,314.0,-30.36832539554898
18.0,314.5,-30.367918411545116
18.0,315.0,-30.367511427541256
18.0,315.5,-30.367104443537393
18.0,316.0,-30.36669745953353
18.0,316.5,-30.36629047552967
18.0,317.0,-30.365883491525807
18.0,317.5,-30.365476507521944
18.0,318.0,-30.365069523518084
18.0,318.5,-30.36466253951422
18.0,319.0,-30.364255555510358
18.0,319.5,-30.363848571506498
18.0,320.0,-30.363441587502635
18.0,320.5,-30.363034603498775
18.0,321.0,-30.362627619494912
18.0,321.5,-30.36222063549105
18.0,322.0,-30.36181365148719
18.0,322.5,-30.361406667483326
18.0,323.0,-30.360999683479463
18.0,323.5,-30.360592699475603
18.0,324.0,-30.36018571547174
18.0,324.5,-30.359778731467877
18.0,325.0,-30.359371747464017
18.0,325.5,-30.358964763460154
18.0,326.0,-30.35855777945629
18.0,326.5,-30.35815079545243
18.0,327.0,-30.357743811448568
18.0,327.5,-30.357336827444705
18.0,328.0,-30.356929843440845
18.0,328.5,-30.356522859436982
18.0,329.0,-30.35611587543312
18.0,329.5,-30.35570889142926
18.0,330.0,-30.355301907425396
18.0,330.5,-30.354894923421533
18.0,331.0,-30.354487939417673
18.0,331.5,-30.35408095541381
18.0,332.0,-30.353673971409947
18.0,332.5,-30.353266987406087
18.0,333.0,-30.352860003402224
18.0,333.5,-30.35245301939836
18.0,334.0,-30.3520460353945
18.0,334.5,-30.351639051390638
18.0,335.0,-30.351232067386775
18.0,335.5,-30.350825083382915
18.0,336.0,-30.350418099379052
18.0,336.5,-30.350011115375192
18.0,337.0,-30.34960413137133
18.0,337.5,-30.349197147367466
18.0,338.0,-30.348790163363606
18.0,338.5,-30.348383179359743
18.0,339.0,-30.348383179359743
18.0,339.5,-30.34797619535588
18.0,340.0,-30.292153001385774
18.0,340.5,-30.236057872763883
18.0,341.0,-30.179718235389007
18.0,341.5,-30.179718235389007
18.0,342.0,-30.123158044626827
18.0,342.5,-30.066398302468237
18.0,343.0,-30.00945748757892
18.0,343.5,-29.95235191433736
18.0,344.0,-29.895096033774145
18.0,344.5,-29.837702686799656
18.0,345.0,-29.780183318101688
18.0,345.5,-29.66480637426372
18.0,346.0,-29.60696620890872
18.0,346.5,-29.549035086117588
18.0,347.0,-29.4329261570391
18.0,347.5,-29.31652604002066
18.0,348.0,-29.258229050543672
18.0,348.5,-29.14146208556115
18.0,349.0,-28.965931757042014
18.0,349.5,-28.848692863520423
18.0,350.0,-28.672554947967914
18.0,350.5,-28.49612855766397
18.0,351.0,-28.49612855766397
18.0,351.5,-28.38709084208178
18.0,352.0,-28.50515404929396
18.0,352.5,-28.38709084208178
18.0,353.0,-28.27640548053498
18.0,353.5,-28.039454629245423
18.0,354.0,-27.683700512594587
18.0,354.5,-27.683700512594587
18.0,355.0,-27.511025926986562
18.0,355.5,-26.976067711752606
18.0,356.0,-26.916606086391372
18.0,356.5,-26.563459204678676
18.0,357.0,-26.265805525020088
18.0,357.5,-25.672957904887674
18.0,358.0,-25.553803978757227
18.0,358.5,-25.138594774770393
18.0,359.0,-24.66302491982944
18.0,359.5,-24.186817652261805
6.0,0.0,-25.077856489241004
6.0,0.5,-24.779499808140336
6.0,1.0,-24.480677194549802
6.0,1.5,-23.88184565079784
6.0,2.0,-23.641504248934808
6.0,2.5,-23.159894651849704
6.0,3.0,-22.97821048264823
6.0,3.5,-22.554516922929395
6.0,4.0,-22.129903781309373
6.0,4.5,-21.76390190994327
6.0,5.0,-21.456475251472074
6.0,5.5,-21.14824262521087
6.0,6.0,-20.8392721182324
6.0,6.5,-20.588836724269715
6.0,7.0,-20.278514338371526
6.0,7.5,-20.026720737786786
6.0,8.0,-19.706851532461855
6.0,8.5,-19.453470759668992
6.0,9.0,-19.131237490799478
6.0,9.5,-18.807692449068533
6.0,10.0,-18.61087664456715
6.0,10.5,-18.343902207069405
6.0,11.0,-18.01717192842999
6.0,11.5,-17.747814699902307
6.0,12.0,-17.60646690711892
6.0,12.5,-17.335171580862905
6.0,13.0,-16.991184272534717
6.0,13.5,-16.775429442875875
6.0,14.0,-16.558529673602973
6.0,14.5,-16.340533202177916
6.0,15.0,-16.12148581798067
6.0,15.5,-15.901430999311977
6.0,16.0,-15.606528532019802
6.0,16.5,-15.38428008746542
6.0,17.0,-15.143522915690102
6.0,17.5,-14.97594499955548
6.0,18.0,-14.675386827643013
6.0,18.5,-14.50556027499848
6.0,19.0,-14.258822362258563
6.0,19.5,-14.086766690467226
6.0,20.0,-13.837269680181851
6.0,20.5,-13.642061875856527
6.0,21.0,-13.389514197008989
6.0,21.5,-13.26846664240794
6.0,22.0,-13.013370606441143
6.0,22.5,-12.812025322344017
6.0,23.0,-12.609086717566107
6.0,23.5,-12.404604844177069
6.0,24.0,-12.198628036897308
6.0,24.5,-11.99120296468778
6.0,25.0,-11.861699953615044
6.0,25.5,-11.625894725272623
6.0,26.0,-11.493993185534976
6.0,26.5,-11.254446631654634
6.0,27.0,-11.093025570812276
6.0,27.5,-10.929956334247493
6.0,28.0,-10.765277280833413
6.0,28.5,-10.599025949657118
6.0,29.0,-10.431239063653141
6.0,29.5,-10.261952534604504
6.0,30.0,-10.091201469382288
6.0,30.5,-9.888560932357578
6.0,31.0,-9.714578255321964
6.0,31.5,-9.589950192216826
6.0,32.0,-9.41304631411456
6.0,32.5,-9.285032757318994
6.0,33.0,-9.072680245015512
6.0,33.5,-8.940972030224469
6.0,34.0,-8.807543521666702
6.0,34.5,-8.589447491041273
6.0,35.0,-8.452544500524226
6.0,35.5,-8.314016846200186
6.0,36.0,-8.17389312381566
6.0,36.5,-7.996536998108564
6.0,37.0,-7.852924853671684
6.0,37.5,-7.744226218688215
6.0,38.0,-7.608066125885614
6.0,38.5,-7.422425887540761
6.0,39.0,-7.309974784781744
6.0,39.5,-7.1666858090366645
6.0,40.0,-7.051948100661672
6.0,40.5,-6.865386851570996
6.0,41.0,-6.7538051059094215
6.0,41.5,-6.64031522470599
6.0,42.0,-6.48079547684965
6.0,42.5,-6.36390984603338
6.0,43.0,-6.245193051358854
6.0,43.5,-6.124670508126265
6.0,44.0,-6.00236753940964
6.0,44.5,-5.878789591297686
6.0,45.0,-5.7523162492406215
6.0,45.5,-5.66575508567859
6.0,46.0,-5.535568344879845
6.0,46.5,-5.444591060719638
6.0,47.0,-5.310792320795279
6.0,47.5,-5.2155005242275365
6.0,48.0,-5.122615629885441
6.0,48.5,-4.978686697374716
6.0,49.0,-4.876908351290677
6.0,49.5,-4.772881547139651
6.0,50.0,-4.712482311717096
6.0,50.5,-4.604376533679066
6.0,51.0,-4.494093933738821
6.0,51.5,-4.381660793066878
6.0,52.0,-4.2671034716439955
6.0,52.5,-4.197888738723975
6.0,53.0,-4.115162368595307
6.0,53.5,-3.994284330799296
6.0,54.0,-3.919751251546554
6.0,54.5,-3.829582062687205
6.0,55.0,-3.7515559125420985
6.0,55.5,-3.656491563284977
6.0,56.0,-3.575037802225985
6.0,56.5,-3.4751666918838815
6.0,57.0,-3.372518825742798
6.0,57.5,-3.2857646193567867
6.0,58.0,-3.1784528973021153
6.0,58.5,-3.119429083252321
6.0,59.0,-3.007055342523774
6.0,59.5,-2.9435753470029944
6.0,60.0,-2.8484014932067474
6.0,60.5,-2.7812241460165232
6.0,61.0,-2.688474800617211
6.0,61.5,-2.6165470863565226
6.0,62.0,-2.5426082111578587
6.0,62.5,-2.4666733909706906
6.0,63.0,-2.3887580931587884
6.0,63.5,-2.281817463610416
6.0,64.0,-2.1993425121919934
6.0,64.5,-2.1149402817426015
6.0,65.0,-2.0536040813268244
6.0,65.5,-1.9649651826211638
6.0,66.0,-1.898465257236257
6.0,66.5,-1.8368009154832627
6.0,67.0,-1.765966549031468
6.0,67.5,-1.692345745809618
6.0,68.0,-1.6159589047223015
6.0,68.5,-1.5368269811782085
6.0,69.0,-1.4896230350825945
6.0,69.5,-1.4057885040709408
6.0,70.0,-1.3551664388671831
6.0,70.5,-1.2863830092769035
6.0,71.0,-1.23200292377798
6.0,71.5,-1.1571123204297216
6.0,72.0,-1.1172145350968314
6.0,72.5,-1.0573493094688224
6.0,73.0,-1.0134220507796456
6.0,73.5,-0.9267342276359152
6.0,74.0,-0.8777018027031431
6.0,74.5,-0.8264505978576686
6.0,75.0,-0.7729916134661075
6.0,75.5,-0.7173362464238622
6.0,76.0,-0.7030948875517531
6.0,76.5,-0.6131647379869989
6.0,77.0,-0.5954377576952865
6.0,77.5,-0.5439669280203816
6.0,78.0,-0.48928673880505613
6.0,78.5,-0.4666355432562419
6.0,79.0,-0.4428665709278903
6.0,79.5,-0.3919855710625306
6.0,80.0,-0.3648789571595721
6.0,80.5,-0.3073478488773347
6.0,81.0,-0.286181634714584
6.0,81.5,-0.26311255432820957
6.0,82.0,-0.22980780707489146
6.0,82.5,-0.2034031462553365
6.0,83.0,-0.1825315056734027
6.0,83.5,-0.15189598310545094
6.0,84.0,-0.1257808548249315
6.0,84.5,-0.10249198331616682
6.0,85.0,-0.07507234816255348
6.0,85.5,-0.07507234816255348
6.0,86.0,-0.059886805374421925
6.0,86.5,-0.047788402910818206
6.0,87.0,-0.030600919742791888
6.0,87.5,-0.030600919742791888
6.0,88.0,-0.030600919742791888
6.0,88.5,0.0
6.0,89.0,0.0
6.0,89.5,-0.005032861049784287
6.0,90.0,-0.005032861049784287
6.0,90.5,-0.005032861049784287
6.0,91.0,0.0
6.0,91.5,0.0
6.0,92.0,-0.030600919742791888
6.0,92.5,-0.030600919742791888
6.0,93.0,-0.030600919742791888
6.0,93.5,-0.047788402910818206
6.0,94.0,-0.059886805374421925
6.0,94.5,-0.07507234816255348
6.0,95.0,-0.07507234816255348
6.0,95.5,-0.10249198331616682
6.0,96.0,-0.1257808548249315
6.0,96.5,-0.15189598310545094
6.0,97.0,-0.1825315056734027
6.0,97.5,-0.2034031462553365
6.0,98.0,-0.22980780707489146
6.0,98.5,-0.26311255432820957
6.0,99.0,-0.286181634714584
6.0,99.5,-0.3073478488773347
6.0,100.0,-0.3648789571595721
6.0,100.5,-0.3919855710625306
6.0,101.0,-0.4428665709278903
6.0,101.5,-0.4666355432562419
6.0,102.0,-0.48928673880505613
6.0,102.5,-0.5439669280203816
6.0,103.0,-0.5954377576952865
6.0,103.5,-0.6131647379869989
6.0,104.0,-0.7030948875517531
6.0,104.5,-0.7173362464238622
6.0,105.0,-0.7729916134661075
6.0,105.5,-0.8264505978576686
6.0,106.0,-0.8777018027031431
6.0,106.5,-0.9267342276359152
6.0,107.0,-1.0134220507796456
6.0,107.5,-1.0573493094688224
6.0,108.0,-1.1172145350968314
6.0,108.5,-1.1571123204297216
6.0,109.0,-1.23200292377798
6.0,109.5,-1.2863830092769035
6.0,110.0,-1.3551664388671831
6.0,110.5,-1.4057885040709408
6.0,111.0,-1.4896230350825945
6.0,111.5,-1.5368269811782085
6.0,112.0,-1.6159589047223015
6.0,112.5,-1.692345745809618
6.0,113.0,-1.765966549031468
6.0,113.5,-1.8368009154832627
6.0,114.0,-1.898465257236257
6.0,114.5,-1.9649651826211638
6.0,115.0,-2.0536040813268244
6.0,115.5,-2.1149402817426015
6.0,116.0,-2.1993425121919934
6.0,116.5,-2.281817463610416
6.0,117.0,-2.3887580931587884
6.0,117.5,-2.4666733909706906
6.0,118.0,-2.5426082111578587
6.0,118.5,-2.6165470863565226
6.0,119.0,-2.688474800617211
6.0,119.5,-2.7812241460165232
6.0,120.0,-2.8484014932067474
6.0,120.5,-2.9435753470029944
6.0,121.0,-3.007055342523774
6.0,121.5,-3.119429083252321
6.0,122.0,-3.1784528973021153
6.0,122.5,-3.2857646193567867
6.0,123.0,-3.372518825742798
6.0,123.5,-3.425300355265019
6.0,124.0,-3.575037802225985
6.0,124.5,-3.656491563284977
6.0,125.0,-3.7515559125420985
6.0,125.5,-3.829582062687205
6.0,126.0,-3.919751251546554
6.0,126.5,-3.994284330799296
6.0,127.0,-4.115162368595307
6.0,127.5,-4.197888738723975
6.0,128.0,-4.2671034716439955
6.0,128.5,-4.381660793066878
6.0,129.0,-4.494093933738821
6.0,129.5,-4.604376533679066
6.0,130.0,-4.712482311717096
6.0,130.5,-4.772881547139651
6.0,131.0,-4.876908351290677
6.0,131.5,-4.978686697374716
6.0,132.0,-5.122615629885441
6.0,132.5,-5.2155005242275365
6.0,133.0,-5.310792320795279
6.0,133.5,-5.444591060719638
6.0,134.0,-5.535568344879845
6.0,134.5,-5.66575508567859
6.0,135.0,-5.7523162492406215
6.0,135.5,-5.878789591297686
6.0,136.0,-6.00236753940964
6.0,136.5,-6.124670508126265
6.0,137.0,-6.245193051358854
6.0,137.5,-6.36390984603338
6.0,138.0,-6.48079547684965
6.0,138.5,-6.64031522470599
6.0,139.0,-6.7538051059094215
6.0,139.5,-6.865386851570996
6.0,140.0,-7.051948100661672
6.0,140.5,-7.1666858090366645
6.0,141.0,-7.309974784781744
6.0,141.5,-7.422425887540761
6.0,142.0,-7.608066125885614
6.0,142.5,-7.744226218688215
6.0,143.0,-7.852924853671684
6.0,143.5,-7.996536998108564
6.0,144.0,-8.17389312381566
6.0,144.5,-8.314016846200186
6.0,145.0,-8.452544500524226
6.0,145.5,-8.589447491041273
6.0,146.0,-8.807543521666702
6.0,146.5,-8.940972030224469
6.0,147.0,-9.072680245015512
6.0,147.5,-9.285032757318994
6.0,148.0,-9.41304631411456
6.0,148.5,-9.589950192216826
6.0,149.0,-9.714578255321964
6.0,149.5,-9.888560932357578
6.0,150.0,-10.091201469382288
6.0,150.5,-10.261952534604504
6.0,151.0,-10.431239063653141
6.0,151.5,-10.599025949657118
6.0,152.0,-10.765277280833413
6.0,152.5,-10.929956334247493
6.0,153.0,-11.093025570812276
6.0,153.5,-11.254446631654634
6.0,154.0,-11.493993185534976
6.0,154.5,-11.625894725272623
6.0,155.0,-11.861699953615044
6.0,155.5,-11.99120296468778
6.0,156.0,-12.198628036897308
6.0,156.5,-12.404604844177069
6.0,157.0,-12.609086717566107
6.0,157.5,-12.812025322344017
6.0,158.0,-13.013370606441143
6.0,158.5,-13.213070748899582
6.0,159.0,-13.389514197008989
6.0,159.5,-13.642061875856527
6.0,160.0,-13.837269680181851
6.0,160.5,-14.086766690467226
6.0,161.0,-14.258822362258563
6.0,161.5,-14.50556027499848
6.0,162.0,-14.675386827643013
6.0,162.5,-14.97594499955548
6.0,163.0,-15.143522915690102
6.0,163.5,-15.38428008746542
6.0,164.0,-15.606528532019802
6.0,164.5,-15.901430999311977
6.0,165.0,-16.12148581798067
6.0,165.5,-16.340533202177916
6.0,166.0,-16.558529673602973
6.0,166.5,-16.775429442875875
6.0,167.0,-16.991184272534717
6.0,167.5,-17.335171580862905
6.0,168.0,-17.60646690711892
6.0,168.5,-17.747814699902307
6.0,169.0,-18.01717192842999
6.0,169.5,-18.285320788163645
6.0,170.0,-18.61087664456715
6.0,170.5,-18.807692449068533
6.0,171.0,-19.131237490799478
6.0,171.5,-19.453470759668992
6.0,172.0,-19.706851532461855
6.0,172.5,-20.026720737786786
6.0,173.0,-20.219354142798608
6.0,173.5,-20.233500340672805
6.0,174.0,-20.240118094563766
6.0,174.5,-20.240118094563766
6.0,175.0,-19.550706168831425
6.0,175.5,-19.550706168831425
6.0,176.0,-19.560007019043304
6.0,176.5,-19.568151071413965
6.0,177.0,-22.97821048264823
6.0,177.5,-23.159894651849704
6.0,178.0,-23.641504248934808
6.0,178.5,-23.88184565079784
6.0,179.0,-24.480677194549802
6.0,179.5,-24.779499808140336
6.0,180.0,-25.077856489241004
6.0,180.5,-25.49491810696184
6.0,181.0,-25.851725956998074
6.0,181.5,-26.1497655506531
6.0,182.0,-26.267368714244103
6.0,182.5,-26.801144899607902
6.0,183.0,-26.801144899607902
6.0,183.5,-27.333446928675265
6.0,184.0,-27.515635309085617
6.0,184.5,-27.74975757115185
6.0,185.0,-27.804298719238993
6.0,185.5,-27.863674452113784
6.0,186.0,-28.219757225838705
6.0,186.5,-28.516219169538097
6.0,187.0,-28.516219169538097
6.0,187.5,-28.68647946688669
6.0,188.0,-28.68647946688669
6.0,188.5,-28.863612258920835
6.0,189.0,-29.040520782673592
6.0,189.5,-29.21715868873044
6.0,190.0,-29.33473804606287
6.0,190.5,-29.452148707838784
6.0,191.0,-29.569363857526863
6.0,191.5,-29.569363857526863
6.0,192.0,-29.557364800277675
6.0,192.5,-29.557364800277675
6.0,193.0,-29.673686768518916
6.0,193.5,-29.731722168457917
6.0,194.0,-29.789664102433683
6.0,194.5,-29.84750418571797
6.0,195.0,-29.962840024510843
6.0,195.5,-30.020313277622872
6.0,196.0,-30.07763927072809
6.0,196.5,-30.07763927072809
6.0,197.0,-30.134802658429834
6.0,197.5,-30.191785940039697
6.0,198.0,-30.248569078320042
6.0,198.5,-30.305129037096066
6.0,199.0,-30.305129037096066
6.0,199.5,-30.3614392177087
6.0,200.0,-30.41746876873695
6.0,200.5,-30.549933221457223
6.0,201.0,-30.473181736225722
6.0,201.5,-30.605875758111587
6.0,202.0,-30.528536012319933
6.0,202.5,-30.661439984771203
6.0,203.0,-30.583482028112492
6.0,203.5,-30.61072157452002
6.0,204.0,-30.61072157452002
6.0,204.5,-30.61150628574775
6.0,205.0,-30.61150628574775
6.0,205.5,-30.585051450567953
6.0,206.0,-30.585051450567953
6.0,206.5,-30.585258110049814
6.0,207.0,-30.61191960471147
6.0,207.5,-30.61191960471147
6.0,208.0,-30.63826363662031
6.0,208.5,-30.664607668529147
6.0,209.0,-30.664607668529147
6.0,209.5,-30.664607668529147
6.0,210.0,-30.664607668529147
6.0,210.5,-30.664607668529147
6.0,211.0,-30.664607668529147
6.0,211.5,-30.664607668529147
6.0,212.0,-30.664607668529147
6.0,212.5,-30.664607668529147
6.0,213.0,-30.664607668529147
6.0,213.5,-30.664607668529147
6.0,214.0,-30.664607668529147
6.0,214.5,-30.664607668529147
6.0,215.0,-30.664607668529147
6.0,215.5,-30.664607668529147
6.0,216.0,-30.664607668529147
6.0,216.5,-30.664607668529147
6.0,217.0,-30.664607668529147
6.0,217.5,-30.664607668529147
6.0,218.0,-30.664607668529147
6.0,218.5,-30.664607668529147
6.0,219.0,-30.664607668529147
6.0,219.5,-30.664607668529147
6.0,220.0,-30.664607668529147
6.0,220.5,-30.664607668529147
6.0,221.0,-30.664607668529147
6.0,221.5,-30.664607668529147
6.0,222.0,-30.664607668529147
6.0,222.5,-30.664607668529147
6.0,223.0,-30.664607668529147
6.0,223.5,-30.664607668529147
6.0,224.0,-30.664607668529147
6.0,224.5,-30.664607668529147
6.0,225.0,-30.664607668529147
6.0,225.5,-30.664607668529147
6.0,226.0,-30.664607668529147
6.0,226.5,-30.664607668529147
6.0,227.0,-30.664607668529147
6.0,227.5,-30.664607668529147
6.0,228.0,-30.664607668529147
6.0,228.5,-30.664607668529147
6.0,229.0,-30.664607668529147
6.0,229.5,-30.664607668529147
6.0,230.0,-30.664607668529147
6.0,230.5,-30.664607668529147
6.0,231.0,-30.664607668529147
6.0,231.5,-30.664607668529147
6.0,232.0,-30.664607668529147
6.0,232.5,-30.664607668529147
6.0,233.0,-30.664607668529147
6.0,233.5,-30.664607668529147
6.0,234.0,-30.664607668529147
6.0,234.5,-30.664607668529147
6.0,235.0,-30.664607668529147
6.0,235.5,-30.664607668529147
6.0,236.0,-30.664607668529147
6.0,236.5,-30.664607668529147
6.0,237.0,-30.664607668529147
6.0,237.5,-30.664607668529147
6.0,238.0,-30.664607668529147
6.0,238.5,-30.664607668529147
6.0,239.0,-30.664607668529147
6.0,239.5,-30.664607668529147
6.0,240.0,-30.664607668529147
6.0,240.5,-30.664607668529147
6.0,241.0,-30.664607668529147
6.0,241.5,-30.664607668529147
6.0,242.0,-30.664607668529147
6.0,242.5,-30.664607668529147
6.0,243.0,-30.664607668529147
6.0,243.5,-30.664607668529147
6.0,244.0,-30.664607668529147
6.0,244.5,-30.664607668529147
6.0,245.0,-30.664607668529147
6.0,245.5,-30.664607668529147
6.0,246.0,-30.664607668529147
6.0,246.5,-30.664607668529147
6.0,247.0,-30.664607668529147
6.0,247.5,-30.664607668529147
6.0,248.0,-30.664607668529147
6.0,248.5,-30.664607668529147
6.0,249.0,-30.664607668529147
6.0,249.5,-30.664607668529147
6.0,250.0,-30.664607668529147
6.0,250.5,-30.664607668529147
6.0,251.0,-30.664607668529147
6.0,251.5,-30.664607668529147
6.0,252.0,-30.664607668529147
6.0,252.5,-30.664607668529147
6.0,253.0,-30.664607668529147
6.0,253.5,-30.664607668529147
6.0,254.0,-30.664607668529147
6.0,254.5,-30.664607668529147
6.0,255.0,-30.664607668529147
6.0,255.5,-30.664607668529147
6.0,256.0,-30.664607668529147
6.0,256.5,-30.664607668529147
6.0,257.0,-30.664607668529147
6.0,257.5,-30.664607668529147
6.0,258.0,-30.664607668529147
6.0,258.5,-30.664607668529147
6.0,259.0,-30.664607668529147
6.0,259.5,-30.664607668529147
6.0,260.0,-30.664607668529147
6.0,260.5,-30.664607668529147
6.0,261.0,-30.664607668529147
6.0,261.5,-30.664607668529147
6.0,262.0,-30.664607668529147
6.0,262.5,-30.664607668529147
6.0,263.0,-30.664607668529147
6.0,263.5,-30.664607668529147
6.0,264.0,-30.664607668529147
6.0,264.5,-30.664607668529147
6.0,265.0,-30.664607668529147
6.0,265.5,-30.664607668529147
6.0,266.0,-30.664607668529147
6.0,266.5,-30.664607668529147
6.0,267.0,-30.664607668529147
6.0,267.5,-30.664607668529147
6.0,268.0,-30.664607668529147
6.0,268.5,-30.664607668529147
6.0,269.0,-30.664607668529147
6.0,269.5,-30.664607668529147
6.0,270.0,-30.664607668529147
6.0,270.5,-30.664607668529147
6.0,271.0,-30.664607668529147
6.0,271.5,-30.664607668529147
6.0,272.0,-30.664607668529147
6.0,272.5,-30.664607668529147
6.0,273.0,-30.664607668529147
6.0,273.5,-30.664607668529147
6.0,274.0,-30.664607668529147
6.0,274.5,-30.664607668529147
6.0,275.0,-30.664607668529147
6.0,275.5,-30.664607668529147
6.0,276.0,-30.664607668529147
6.0,276.5,-30.664607668529147
6.0,277.0,-30.664607668529147
6.0,277.5,-30.664607668529147
6.0,278.0,-30.664607668529147
6.0,278.5,-30.664607668529147
6.0,279.0,-30.664607668529147
6.0,279.5,-30.664607668529147
6.0,280.0,-30.664607668529147
6.0,280.5,-30.664607668529147
6.0,281.0,-30.664607668529147
6.0,281.5,-30.664607668529147
6.0,282.0,-30.664607668529147
6.0,282.5,-30.664607668529147
6.0,283.0,-30.664607668529147
6.0,283.5,-30.664607668529147
6.0,284.0,-30.664607668529147
6.0,284.5,-30.664607668529147
6.0,285.0,-30.664607668529147
6.0,285.5,-30.664607668529147
6.0,286.0,-30.664607668529147
6.0,286.5,-30.664607668529147
6.0,287.0,-30.664607668529147
6.0,287.5,-30.664607668529147
6.0,288.0,-30.664607668529147
6.0,288.5,-30.664607668529147
6.0,289.0,-30.664607668529147
6.0,289.5,-30.664607668529147
6.0,290.0,-30.664607668529147
6.0,290.5,-30.664607668529147
6.0,291.0,-30.664607668529147
6.0,291.5,-30.664607668529147
6.0,292.0,-30.664607668529147
6.0,292.5,-30.664607668529147
6.0,293.0,-30.664607668529147
6.0,293.5,-30.664607668529147
6.0,294.0,-30.664607668529147
6.0,294.5,-30.664607668529147
6.0,295.0,-30.664607668529147
6.0,295.5,-30.664607668529147
6.0,296.0,-30.664607668529147
6.0,296.5,-30.664607668529147
6.0,297.0,-30.664607668529147
6.0,297.5,-30.664607668529147
6.0,298.0,-30.664607668529147
6.0,298.5,-30.664607668529147
6.0,299.0,-30.664607668529147
6.0,299.5,-30.664607668529147
6.0,300.0,-30.664607668529147
6.0,300.5,-30.664607668529147
6.0,301.0,-30.664607668529147
6.0,301.5,-30.664607668529147
6.0,302.0,-30.664607668529147
6.0,302.5,-30.664607668529147
6.0,303.0,-30.664607668529147
6.0,303.5,-30.664607668529147
6.0,304.0,-30.664607668529147
6.0,304.5,-30.664607668529147
6.0,305.0,-30.664607668529147
6.0,305.5,-30.664607668529147
6.0,306.0,-30.664607668529147
6.0,306.5,-30.664607668529147
6.0,307.0,-30.664607668529147
6.0,307.5,-30.664607668529147
6.0,308.0,-30.664607668529147
6.0,308.5,-30.664607668529147
6.0,309.0,-30.664607668529147
6.0,309.5,-30.664607668529147
6.0,310.0,-30.664607668529147
6.0,310.5,-30.664607668529147
6.0,311.0,-30.664607668529147
6.0,311.5,-30.664607668529147
6.0,312.0,-30.664607668529147
6.0,312.5,-30.664607668529147
6.0,313.0,-30.664607668529147
6.0,313.5,-30.664607668529147
6.0,314.0,-30.664607668529147
6.0,314.5,-30.664607668529147
6.0,315.0,-30.664607668529147
6.0,315.5,-30.664607668529147
6.0,316.0,-30.664607668529147
6.0,316.5,-30.664607668529147
6.0,317.0,-30.664607668529147
6.0,317.5,-30.664607668529147
6.0,318.0,-30.664607668529147
6.0,318.5,-30.664607668529147
6.0,319.0,-30.664607668529147
6.0,319.5,-30.664607668529147
6.0,320.0,-30.664607668529147
6.0,320.5,-30.664607668529147
6.0,321.0,-30.664607668529147
6.0,321.5,-30.664607668529147
6.0,322.0,-30.664607668529147
6.0,322.5,-30.664607668529147
6.0,323.0,-30.664607668529147
6.0,323.5,-30.664607668529147
6.0,324.0,-30.664607668529147
6.0,324.5,-30.664607668529147
6.0,325.0,-30.664607668529147
6.0,325.5,-30.664607668529147
6.0,326.0,-30.664607668529147
6.0,326.5,-30.664607668529147
6.0,327.0,-30.664607668529147
6.0,327.5,-30.664607668529147
6.0,328.0,-30.664607668529147
6.0,328.5,-30.664607668529147
6.0,329.0,-30.664607668529147
6.0,329.5,-30.664607668529147
6.0,330.0,-30.664607668529147
6.0,330.5,-30.664607668529147
6.0,331.0,-30.664607668529147
6.0,331.5,-30.664607668529147
6.0,332.0,-30.63826363662031
6.0,332.5,-30.61191960471147
6.0,333.0,-30.61191960471147
6.0,333.5,-30.585258110049814
6.0,334.0,-30.585051450567953
6.0,334.5,-30.585051450567953
6.0,335.0,-30.61150628574775
6.0,335.5,-30.61150628574775
6.0,336.0,-30.61072157452002
6.0,336.5,-30.61072157452002
6.0,337.0,-30.583482028112492
6.0,337.5,-30.661439984771203
6.0,338.0,-30.528536012319933
6.0,338.5,-30.605875758111587
6.0,339.0,-30.473181736225722
6.0,339.5,-30.549933221457223
6.0,340.0,-30.41746876873695
6.0,340.5,-30.3614392177087
6.0,341.0,-30.305129037096066
6.0,341.5,-30.305129037096066
6.0,342.0,-30.248569078320042
6.0,342.5,-30.191785940039697
6.0,343.0,-30.134802658429834
6.0,343.5,-30.07763927072809
6.0,344.0,-30.07763927072809
6.0,344.5,-30.020313277622872
6.0,345.0,-29.962840024510843
6.0,345.5,-29.84750418571797
6.0,346.0,-29.789664102433683
6.0,346.5,-29.731722168457917
6.0,347.0,-29.673686768518916
6.0,347.5,-29.557364800277675
6.0,348.0,-29.557364800277675
6.0,348.5,-29.569363857526863
6.0,349.0,-29.569363857526863
6.0,349.5,-29.452148707838784
6.0,350.0,-29.33473804606287
6.0,350.5,-29.21715868873044
6.0,351.0,-29.040520782673592
6.0,351.5,-28.863612258920835
6.0,352.0,-28.68647946688669
6.0,352.5,-28.68647946688669
6.0,353.0,-28.516219169538097
6.0,353.5,-28.516219169538097
6.0,354.0,-28.219757225838705
6.0,354.5,-27.863674452113784
6.0,355.0,-27.804298719238993
6.0,355.5,-27.74975757115185
6.0,356.0,-27.515635309085617
6.0,356.5,-27.333446928675265
6.0,357.0,-26.801144899607902
6.0,357.5,-26.801144899607902
6.0,358.0,-26.267368714244103
6.0,358.5,-26.1497655506531
6.0,359.0,-25.851725956998074
6.0,359.5,-25.49491810696184
7.0,0.0,-25.197097681652927
7.0,0.5,-24.89873660764069
7.0,1.0,-24.659514551418482
7.0,1.5,-24.060624106176817
7.0,2.0,-23.820243472399472
7.0,2.5,-23.57954041789005
7.0,3.0,-23.097274276046114
7.0,3.5,-22.67350587290728
7.0,4.0,-22.491003361481674
7.0,4.5,-22.125302966323645
7.0,5.0,-21.818141516334933
7.0,5.5,-21.450798346190766
7.0,6.0,-21.14206215004819
7.0,6.5,-20.89184452020494
7.0,7.0,-20.455965962700198
7.0,7.5,-20.20399743922392
7.0,8.0,-19.951386316778677
7.0,8.5,-19.630282680714245
7.0,9.0,-19.43503652680993
7.0,9.5,-19.111589054731063
7.0,10.0,-18.914821174891532
7.0,10.5,-18.589309143653786
7.0,11.0,-18.32117825965846
7.0,11.5,-18.051811554458972
7.0,12.0,-17.78128034141794
7.0,12.5,-17.50965082511383
7.0,13.0,-17.36669320903105
7.0,13.5,-17.151231729051986
7.0,14.0,-16.934587795473167
7.0,14.5,-16.58633526372877
7.0,15.0,-16.44039681407085
7.0,15.5,-16.20453671901174
7.0,16.0,-15.983325300208348
7.0,16.5,-15.686922548394751
7.0,17.0,-15.520520840001407
7.0,17.5,-15.29619789979159
7.0,18.0,-15.052459123530294
7.0,18.5,-14.88262938738524
7.0,19.0,-14.635855482333383
7.0,19.5,-14.463748567112589
7.0,20.0,-14.290693372173532
7.0,20.5,-14.095706497909514
7.0,21.0,-13.843311278335612
7.0,21.5,-13.666960920546103
7.0,22.0,-13.46735784567306
7.0,22.5,-13.266067197670068
7.0,23.0,-13.063143408485846
7.0,23.5,-12.8586390079804
7.0,24.0,-12.652604680650594
7.0,24.5,-12.445089322412564
7.0,25.0,-12.31548842547694
7.0,25.5,-12.105386480744357
7.0,26.0,-11.867588467377011
7.0,26.5,-11.734451495378714
7.0,27.0,-11.573241856171638
7.0,27.5,-11.329812713900491
7.0,28.0,-11.245791637570118
7.0,28.5,-11.027335910741687
7.0,29.0,-10.859851849250688
7.0,29.5,-10.661279967955956
7.0,30.0,-10.490331553289508
7.0,30.5,-10.317929474644199
7.0,31.0,-10.195087027712106
7.0,31.5,-10.019633970465001
7.0,32.0,-9.842829845112313
7.0,32.5,-9.714900370913512
7.0,33.0,-9.502598864106506
7.0,33.5,-9.370901804439566
7.0,34.0,-9.188161399548008
7.0,34.5,-9.05328192676529
7.0,35.0,-8.916710918922188
7.0,35.5,-8.695274302559124
7.0,36.0,-8.520054946138615
7.0,36.5,-8.378090286055816
7.0,37.0,-8.23456638384824
7.0,37.5,-8.089511572344975
7.0,38.0,-7.906082746799797
7.0,38.5,-7.794920592263665
7.0,39.0,-7.654054870671494
7.0,39.5,-7.464409381129162
7.0,40.0,-7.356639180286685
7.0,40.5,-7.201724846873866
7.0,41.0,-7.090350682523372
7.0,41.5,-6.932519153850915
7.0,42.0,-6.77760249652502
7.0,42.5,-6.660467884372775
7.0,43.0,-6.541482922421746
7.0,43.5,-6.420673650651608
7.0,44.0,-6.256468996859169
7.0,44.5,-6.13173624460158
7.0,45.0,-6.047558807494699
7.0,45.5,-5.9186798135873815
7.0,46.0,-5.788457071810793
7.0,46.5,-5.699936270300558
7.0,47.0,-5.563546651060484
7.0,47.5,-5.472134904595521
7.0,48.0,-5.330738370456817
7.0,48.5,-5.231091014781004
7.0,49.0,-5.135350599653474
7.0,49.5,-4.986445084499888
7.0,50.0,-4.880409262181296
7.0,50.5,-4.772157797992847
7.0,51.0,-4.661717220230518
7.0,51.5,-4.595942743655112
7.0,52.0,-4.481527870150913
7.0,52.5,-4.364997627872604
7.0,53.0,-4.246378870317397
7.0,53.5,-4.125698467514404
7.0,54.0,-4.051324895477297
7.0,54.5,-3.9126723671033012
7.0,55.0,-3.7855584822825996
7.0,55.5,-3.705755734761432
7.0,56.0,-3.6081965801422733
7.0,56.5,-3.5249952380590273
7.0,57.0,-3.372518825742798
7.0,57.5,-3.2857646193567867
7.0,58.0,-3.1784528973021153
7.0,58.5,-3.0884452769357864
7.0,59.0,-2.9765625523183665
7.0,59.5,-2.913518951372513
7.0,60.0,-2.796670347432876
7.0,60.5,-2.6772377358173927
7.0,61.0,-2.607530518594121
7.0,61.5,-2.483288168157781
7.0,62.0,-2.4093216909566806
7.0,62.5,-2.3333684420620493
7.0,63.0,-2.255443751962183
7.0,63.5,-2.148504413301339
7.0,64.0,-2.066040604227151
7.0,64.5,-1.9816580738593075
7.0,65.0,-1.8953730725418438
7.0,65.5,-1.8317569540161287
7.0,66.0,-1.7412879220301996
7.0,66.5,-1.6725668637304238
7.0,67.0,-1.6010580249107633
7.0,67.5,-1.504234301938716
7.0,68.0,-1.4277353352909117
7.0,68.5,-1.3824544717739755
7.0,69.0,-1.301246678666292
7.0,69.5,-1.2525441832571786
7.0,70.0,-1.1868955439475535
7.0,70.5,-1.134431481673218
7.0,71.0,-1.0626710814209233
7.0,71.5,-1.0064918987558578
7.0,72.0,-0.9672504739361685
7.0,72.5,-0.8865587101012302
7.0,73.0,-0.8421846481001118
7.0,73.5,-0.7955799747139594
7.0,74.0,-0.7467547378352428
7.0,74.5,-0.6957193994862045
7.0,75.0,-0.657669099858218
7.0,75.5,-0.6017635941545052
7.0,76.0,-0.5873471162012756
7.0,76.5,-0.5414638746300362
7.0,77.0,-0.49235357380360156
7.0,77.5,-0.47299211936645236
7.0,78.0,-0.4187756319432516
7.0,78.5,-0.396401807979867
7.0,79.0,-0.3483096059039106
7.0,79.5,-0.33333119148935
7.0,80.0,-0.30616216470454916
7.0,80.5,-0.27788835821732505
7.0,81.0,-0.23639834148554684
7.0,81.5,-0.2128027006653035
7.0,82.0,-0.1873122004538601
7.0,82.5,-0.167575413798577
7.0,83.0,-0.13785291306717795
7.0,83.5,-0.1193817235948309
7.0,84.0,-0.1193817235948309
7.0,84.5,-0.09093807969809475
7.0,85.0,-0.07507234816255348
7.0,85.5,-0.07002837257848782
7.0,86.0,-0.059886805374421925
7.0,86.5,-0.0435326542939265
7.0,87.0,-0.030600919742791888
7.0,87.5,-0.030600919742791888
7.0,88.0,-0.030600919742791888
7.0,88.5,0.0
7.0,89.0,0.0
7.0,89.5,-0.005032861049784287
7.0,90.0,-0.005032861049784287
7.0,90.5,-0.005032861049784287
7.0,91.0,0.0
7.0,91.5,0.0
7.0,92.0,-0.030600919742791888
7.0,92.5,-0.030600919742791888
7.0,93.0,-0.030600919742791888
7.0,93.5,-0.0435326542939265
7.0,94.0,-0.059886805374421925
7.0,94.5,-0.07002837257848782
7.0,95.0,-0.07507234816255348
7.0,95.5,-0.09093807969809475
7.0,96.0,-0.1193817235948309
7.0,96.5,-0.1193817235948309
7.0,97.0,-0.13785291306717795
7.0,97.5,-0.167575413798577
7.0,98.0,-0.1873122004538601
7.0,98.5,-0.2128027006653035
7.0,99.0,-0.23639834148554684
7.0,99.5,-0.27788835821732505
7.0,100.0,-0.30616216470454916
7.0,100.5,-0.33333119148935
7.0,101.0,-0.3483096059039106
7.0,101.5,-0.396401807979867
7.0,102.0,-0.4187756319432516
7.0,102.5,-0.47299211936645236
7.0,103.0,-0.49235357380360156
7.0,103.5,-0.5414638746300362
7.0,104.0,-0.5873471162012756
7.0,104.5,-0.6017635941545052
7.0,105.0,-0.657669099858218
7.0,105.5,-0.6957193994862045
7.0,106.0,-0.7467547378352428
7.0,106.5,-0.7955799747139594
7.0,107.0,-0.8421846481001118
7.0,107.5,-0.8865587101012302
7.0,108.0,-0.9672504739361685
7.0,108.5,-1.0064918987558578
7.0,109.0,-1.0626710814209233
7.0,109.5,-1.134431481673218
7.0,110.0,-1.1868955439475535
7.0,110.5,-1.2525441832571786
7.0,111.0,-1.301246678666292
7.0,111.5,-1.3824544717739755
7.0,112.0,-1.4277353352909117
7.0,112.5,-1.504234301938716
7.0,113.0,-1.6010580249107633
7.0,113.5,-1.6725668637304238
7.0,114.0,-1.7412879220301996
7.0,114.5,-1.8317569540161287
7.0,115.0,-1.8953730725418438
7.0,115.5,-1.9816580738593075
7.0,116.0,-2.066040604227151
7.0,116.5,-2.148504413301339
7.0,117.0,-2.255443751962183
7.0,117.5,-2.3333684420620493
7.0,118.0,-2.4093216909566806
7.0,118.5,-2.483288168157781
7.0,119.0,-2.607530518594121
7.0,119.5,-2.6772377358173927
7.0,120.0,-2.796670347432876
7.0,120.5,-2.913518951372513
7.0,121.0,-2.9765625523183665
7.0,121.5,-3.0884452769357864
7.0,122.0,-3.1784528973021153
7.0,122.5,-3.2857646193567867
7.0,123.0,-3.372518825742798
7.0,123.5,-3.5249952380590273
7.0,124.0,-3.6081965801422733
7.0,124.5,-3.705755734761432
7.0,125.0,-3.7855584822825996
7.0,125.5,-3.9126723671033012
7.0,126.0,-4.051324895477297
7.0,126.5,-4.125698467514404
7.0,127.0,-4.246378870317397
7.0,127.5,-4.364997627872604
7.0,128.0,-4.481527870150913
7.0,128.5,-4.595942743655112
7.0,129.0,-4.661717220230518
7.0,129.5,-4.772157797992847
7.0,130.0,-4.880409262181296
7.0,130.5,-4.986445084499888
7.0,131.0,-5.135350599653474
7.0,131.5,-5.231091014781004
7.0,132.0,-5.330738370456817
7.0,132.5,-5.472134904595521
7.0,133.0,-5.563546651060484
7.0,133.5,-5.699936270300558
7.0,134.0,-5.788457071810793
7.0,134.5,-5.9186798135873815
7.0,135.0,-6.047558807494699
7.0,135.5,-6.13173624460158
7.0,136.0,-6.256468996859169
7.0,136.5,-6.420673650651608
7.0,137.0,-6.541482922421746
7.0,137.5,-6.660467884372775
7.0,138.0,-6.77760249652502
7.0,138.5,-6.932519153850915
7.0,139.0,-7.090350682523372
7.0,139.5,-7.201724846873866
7.0,140.0,-7.356639180286685
7.0,140.5,-7.464409381129162
7.0,141.0,-7.654054870671494
7.0,141.5,-7.794920592263665
7.0,142.0,-7.906082746799797
7.0,142.5,-8.089511572344975
7.0,143.0,-8.23456638384824
7.0,143.5,-8.378090286055816
7.0,144.0,-8.520054946138615
7.0,144.5,-8.695274302559124
7.0,145.0,-8.916710918922188
7.0,145.5,-9.05328192676529
7.0,146.0,-9.188161399548008
7.0,146.5,-9.370901804439566
7.0,147.0,-9.502598864106506
7.0,147.5,-9.714900370913512
7.0,148.0,-9.842829845112313
7.0,148.5,-10.019633970465001
7.0,149.0,-10.195087027712106
7.0,149.5,-10.317929474644199
7.0,150.0,-10.490331553289508
7.0,150.5,-10.661279967955956
7.0,151.0,-10.859851849250688
7.0,151.5,-11.027335910741687
7.0,152.0,-11.245791637570118
7.0,152.5,-11.329812713900491
7.0,153.0,-11.573241856171638
7.0,153.5,-11.734451495378714
7.0,154.0,-11.867588467377011
7.0,154.5,-12.105386480744357
7.0,155.0,-12.31548842547694
7.0,155.5,-12.445089322412564
7.0,156.0,-12.652604680650594
7.0,156.5,-12.8586390079804
7.0,157.0,-13.063143408485846
7.0,157.5,-13.266067197670068
7.0,158.0,-13.46735784567306
7.0,158.5,-13.666960920546103
7.0,159.0,-13.843311278335612
7.0,159.5,-14.095706497909514
7.0,160.0,-14.290693372173532
7.0,160.5,-14.463748567112589
7.0,161.0,-14.635855482333383
7.0,161.5,-14.88262938738524
7.0,162.0,-15.052459123530294
7.0,162.5,-15.29619789979159
7.0,163.0,-15.520520840001407
7.0,163.5,-15.686922548394751
7.0,164.0,-15.983325300208348
7.0,164.5,-16.20453671901174
7.0,165.0,-16.44039681407085
7.0,165.5,-16.58633526372877
7.0,166.0,-16.934587795473167
7.0,166.5,-17.151231729051986
7.0,167.0,-17.36669320903105
7.0,167.5,-17.50965082511383
7.0,168.0,-17.78128034141794
7.0,168.5,-18.051811554458972
7.0,169.0,-18.32117825965846
7.0,169.5,-18.589309143653786
7.0,170.0,-18.914821174891532
7.0,170.5,-19.111589054731063
7.0,171.0,-19.43503652680993
7.0,171.5,-19.630282680714245
7.0,172.0,-19.951386316778677
7.0,172.5,-20.20399743922392
7.0,173.0,-20.219354142798608
7.0,173.5,-20.233500340672805
7.0,174.0,-20.240118094563766
7.0,174.5,-20.240118094563766
7.0,175.0,-19.550706168831425
7.0,175.5,-19.550706168831425
7.0,176.0,-19.560007019043304
7.0,176.5,-19.568151071413965
7.0,177.0,-23.097274276046114
7.0,177.5,-23.57954041789005
7.0,178.0,-23.820243472399472
7.0,178.5,-24.060624106176817
7.0,179.0,-24.659514551418482
7.0,179.5,-24.89873660764069
7.0,180.0,-25.197097681652927
7.0,180.5,-25.61415383961225
7.0,181.0,-26.030550501174798
7.0,181.5,-26.1497655506531
7.0,182.0,-26.38654585970738
7.0,182.5,-26.8606963779803
7.0,183.0,-26.8606963779803
7.0,183.5,-27.452413118204827
7.0,184.0,-27.515635309085617
7.0,184.5,-27.74975757115185
7.0,185.0,-27.982402930997925
7.0,185.5,-28.165830149342884
7.0,186.0,-28.219757225838705
7.0,186.5,-28.516219169538097
7.0,187.0,-28.568284638163313
7.0,187.5,-28.68647946688669
7.0,188.0,-28.68647946688669
7.0,188.5,-28.863612258920835
7.0,189.0,-29.040520782673592
7.0,189.5,-29.21715868873044
7.0,190.0,-29.33473804606287
7.0,190.5,-29.452148707838784
7.0,191.0,-29.569363857526863
7.0,191.5,-29.68635073796836
7.0,192.0,-29.68635073796836
7.0,192.5,-29.673686768518916
7.0,193.0,-29.673686768518916
7.0,193.5,-29.731722168457917
7.0,194.0,-29.789664102433683
7.0,194.5,-29.84750418571797
7.0,195.0,-29.962840024510843
7.0,195.5,-30.020313277622872
7.0,196.0,-30.07763927072809
7.0,196.5,-30.07763927072809
7.0,197.0,-30.134802658429834
7.0,197.5,-30.191785940039697
7.0,198.0,-30.248569078320042
7.0,198.5,-30.305129037096066
7.0,199.0,-30.305129037096066
7.0,199.5,-30.3614392177087
7.0,200.0,-30.41746876873695
7.0,200.5,-30.549933221457223
7.0,201.0,-30.473181736225722
7.0,201.5,-30.605875758111587
7.0,202.0,-30.528536012319933
7.0,202.5,-30.661439984771203
7.0,203.0,-30.583482028112492
7.0,203.5,-30.71656688697388
7.0,204.0,-30.63796112092755
7.0,204.5,-30.73158451221395
7.0,205.0,-30.73158451221395
7.0,205.5,-30.73158451221395
7.0,206.0,-30.71856454344845
7.0,206.5,-30.71856454344845
7.0,207.0,-30.745225600527526
7.0,207.5,-30.745225600527526
7.0,208.0,-30.704916634528338
7.0,208.5,-30.704916634528338
7.0,209.0,-30.797826967406472
7.0,209.5,-30.797826967406472
7.0,210.0,-30.849586011781778
7.0,210.5,-30.849586011781778
7.0,211.0,-30.91604636651085
7.0,211.5,-30.91604636651085
7.0,212.0,-30.90035490183605
7.0,212.5,-30.859092719561648
7.0,213.0,-30.859092719561648
7.0,213.5,-30.859092719561648
7.0,214.0,-30.86187137766327
7.0,214.5,-30.905912218039287
7.0,215.0,-30.905912218039287
7.0,215.5,-30.866842181337248
7.0,216.0,-30.866842181337248
7.0,216.5,-30.878763914774417
7.0,217.0,-30.890685648211583
7.0,217.5,-30.902607381648753
7.0,218.0,-30.914529115085923
7.0,218.5,-30.914529115085923
7.0,219.0,-30.914529115085923
7.0,219.5,-30.914529115085923
7.0,220.0,-30.914529115085923
7.0,220.5,-30.914529115085923
7.0,221.0,-30.914529115085923
7.0,221.5,-30.914529115085923
7.0,222.0,-30.914529115085923
7.0,222.5,-30.914529115085923
7.0,223.0,-30.914529115085923
7.0,223.5,-30.914529115085923
7.0,224.0,-30.914529115085923
7.0,224.5,-30.914529115085923
7.0,225.0,-30.914529115085923
7.0,225.5,-30.914529115085923
7.0,226.0,-30.914529115085923
7.0,226.5,-30.914529115085923
7.0,227.0,-30.914529115085923
7.0,227.5,-30.914529115085923
7.0,228.0,-30.914529115085923
7.0,228.5,-30.914529115085923
7.0,229.0,-30.914529115085923
7.0,229.5,-30.914529115085923
7.0,230.0,-30.914529115085923
7.0,230.5,-30.914529115085923
7.0,231.0,-30.914529115085923
7.0,231.5,-30.914529115085923
7.0,232.0,-30.914529115085923
7.0,232.5,-30.914529115085923
7.0,233.0,-30.914529115085923
7.0,233.5,-30.914529115085923
7.0,234.0,-30.914529115085923
7.0,234.5,-30.914529115085923
7.0,235.0,-30.914529115085923
7.0,235.5,-30.914529115085923
7.0,236.0,-30.914529115085923
7.0,236.5,-30.914529115085923
7.0,237.0,-30.914529115085923
7.0,237.5,-30.914529115085923
7.0,238.0,-30.914529115085923
7.0,238.5,-30.914529115085923
7.0,239.0,-30.914529115085923
7.0,239.5,-30.914529115085923
7.0,240.0,-30.914529115085923
7.0,240.5,-30.914529115085923
7.0,241.0,-30.914529115085923
7.0,241.5,-30.914529115085923
7.0,242.0,-30.914529115085923
7.0,242.5,-30.914529115085923
7.0,243.0,-30.914529115085923
7.0,243.5,-30.914529115085923
7.0,244.0,-30.914529115085923
7.0,244.5,-30.914529115085923
7.0,245.0,-30.914529115085923
7.0,245.5,-30.914529115085923
7.0,246.0,-30.914529115085923
7.0,246.5,-30.914529115085923
7.0,247.0,-30.914529115085923
7.0,247.5,-30.914529115085923
7.0,248.0,-30.914529115085923
7.0,248.5,-30.914529115085923
7.0,249.0,-30.914529115085923
7.0,249.5,-30.914529115085923
7.0,250.0,-30.914529115085923
7.0,250.5,-30.914529115085923
7.0,251.0,-30.914529115085923
7.0,251.5,-30.914529115085923
7.0,252.0,-30.914529115085923
7.0,252.5,-30.914529115085923
7.0,253.0,-30.914529115085923
7.0,253.5,-30.914529115085923
7.0,254.0,-30.914529115085923
7.0,254.5,-30.914529115085923
7.0,255.0,-30.914529115085923
7.0,255.5,-30.914529115085923
7.0,256.0,-30.914529115085923
7.0,256.5,-30.914529115085923
7.0,257.0,-30.914529115085923
7.0,257.5,-30.914529115085923
7.0,258.0,-30.914529115085923
7.0,258.5,-30.914529115085923
7.0,259.0,-30.914529115085923
7.0,259.5,-30.914529115085923
7.0,260.0,-30.914529115085923
7.0,260.5,-30.914529115085923
7.0,261.0,-30.914529115085923
7.0,261.5,-30.914529115085923
7.0,262.0,-30.914529115085923
7.0,262.5,-30.914529115085923
7.0,263.0,-30.914529115085923
7.0,263.5,-30.914529115085923
7.0,264.0,-30.914529115085923
7.0,264.5,-30.914529115085923
7.0,265.0,-30.914529115085923
7.0,265.5,-30.914529115085923
7.0,266.0,-30.914529115085923
7.0,266.5,-30.914529115085923
7.0,267.0,-30.914529115085923
7.0,267.5,-30.914529115085923
7.0,268.0,-30.914529115085923
7.0,268.5,-30.914529115085923
7.0,269.0,-30.914529115085923
7.0,269.5,-30.914529115085923
7.0,270.0,-30.914529115085923
7.0,270.5,-30.914529115085923
7.0,271.0,-30.914529115085923
7.0,271.5,-30.914529115085923
7.0,272.0,-30.914529115085923
7.0,272.5,-30.914529115085923
7.0,273.0,-30.914529115085923
7.0,273.5,-30.914529115085923
7.0,274.0,-30.914529115085923
7.0,274.5,-30.914529115085923
7.0,275.0,-30.914529115085923
7.0,275.5,-30.914529115085923
7.0,276.0,-30.914529115085923
7.0,276.5,-30.914529115085923
7.0,277.0,-30.914529115085923
7.0,277.5,-30.914529115085923
7.0,278.0,-30.914529115085923
7.0,278.5,-30.914529115085923
7.0,279.0,-30.914529115085923
7.0,279.5,-30.914529115085923
7.0,280.0,-30.914529115085923
7.0,280.5,-30.914529115085923
7.0,281.0,-30.914529115085923
7.0,281.5,-30.914529115085923
7.0,282.0,-30.914529115085923
7.0,282.5,-30.914529115085923
7.0,283.0,-30.914529115085923
7.0,283.5,-30.914529115085923
7.0,284.0,-30.914529115085923
7.0,284.5,-30.914529115085923
7.0,285.0,-30.914529115085923
7.0,285.5,-30.914529115085923
7.0,286.0,-30.914529115085923
7.0,286.5,-30.914529115085923
7.0,287.0,-30.914529115085923
7.0,287.5,-30.914529115085923
7.0,288.0,-30.914529115085923
7.0,288.5,-30.914529115085923
7.0,289.0,-30.914529115085923
7.0,289.5,-30.914529115085923
7.0,290.0,-30.914529115085923
7.0,290.5,-30.914529115085923
7.0,291.0,-30.914529115085923
7.0,291.5,-30.914529115085923
7.0,292.0,-30.914529115085923
7.0,292.5,-30.914529115085923
7.0,293.0,-30.914529115085923
7.0,293.5,-30.914529115085923
7.0,294.0,-30.914529115085923
7.0,294.5,-30.914529115085923
7.0,295.0,-30.914529115085923
7.0,295.5,-30.914529115085923
7.0,296.0,-30.914529115085923
7.0,296.5,-30.914529115085923
7.0,297.0,-30.914529115085923
7.0,297.5,-30.914529115085923
7.0,298.0,-30.914529115085923
7.0,298.5,-30.914529115085923
7.0,299.0,-30.914529115085923
7.0,299.5,-30.914529115085923
7.0,300.0,-30.914529115085923
7.0,300.5,-30.914529115085923
7.0,301.0,-30.914529115085923
7.0,301.5,-30.914529115085923
7.0,302.0,-30.914529115085923
7.0,302.5,-30.914529115085923
7.0,303.0,-30.914529115085923
7.0,303.5,-30.914529115085923
7.0,304.0,-30.914529115085923
7.0,304.5,-30.914529115085923
7.0,305.0,-30.914529115085923
7.0,305.5,-30.914529115085923
7.0,306.0,-30.914529115085923
7.0,306.5,-30.914529115085923
7.0,307.0,-30.914529115085923
7.0,307.5,-30.914529115085923
7.0,308.0,-30.914529115085923
7.0,308.5,-30.914529115085923
7.0,309.0,-30.914529115085923
7.0,309.5,-30.914529115085923
7.0,310.0,-30.914529115085923
7.0,310.5,-30.914529115085923
7.0,311.0,-30.914529115085923
7.0,311.5,-30.914529115085923
7.0,312.0,-30.914529115085923
7.0,312.5,-30.914529115085923
7.0,313.0,-30.914529115085923
7.0,313.5,-30.914529115085923
7.0,314.0,-30.914529115085923
7.0,314.5,-30.914529115085923
7.0,315.0,-30.914529115085923
7.0,315.5,-30.914529115085923
7.0,316.0,-30.914529115085923
7.0,316.5,-30.914529115085923
7.0,317.0,-30.914529115085923
7.0,317.5,-30.914529115085923
7.0,318.0,-30.914529115085923
7.0,318.5,-30.914529115085923
7.0,319.0,-30.914529115085923
7.0,319.5,-30.914529115085923
7.0,320.0,-30.914529115085923
7.0,320.5,-30.914529115085923
7.0,321.0,-30.914529115085923
7.0,321.5,-30.914529115085923
7.0,322.0,-30.914529115085923
7.0,322.5,-30.902607381648753
7.0,323.0,-30.890685648211583
7.0,323.5,-30.878763914774417
7.0,324.0,-30.866842181337248
7.0,324.5,-30.866842181337248
7.0,325.0,-30.905912218039287
7.0,325.5,-30.905912218039287
7.0,326.0,-30.86187137766327
7.0,326.5,-30.859092719561648
7.0,327.0,-30.859092719561648
7.0,327.5,-30.859092719561648
7.0,328.0,-30.90035490183605
7.0,328.5,-30.91604636651085
7.0,329.0,-30.91604636651085
7.0,329.5,-30.849586011781778
7.0,330.0,-30.849586011781778
7.0,330.5,-30.797826967406472
7.0,331.0,-30.797826967406472
7.0,331.5,-30.704916634528338
7.0,332.0,-30.704916634528338
7.0,332.5,-30.745225600527526
7.0,333.0,-30.745225600527526
7.0,333.5,-30.71856454344845
7.0,334.0,-30.71856454344845
7.0,334.5,-30.73158451221395
7.0,335.0,-30.73158451221395
7.0,335.5,-30.73158451221395
7.0,336.0,-30.63796112092755
7.0,336.5,-30.71656688697388
7.0,337.0,-30.583482028112492
7.0,337.5,-30.661439984771203
7.0,338.0,-30.528536012319933
7.0,338.5,-30.605875758111587
7.0,339.0,-30.473181736225722
7.0,339.5,-30.549933221457223
7.0,340.0,-30.41746876873695
7.0,340.5,-30.3614392177087
7.0,341.0,-30.305129037096066
7.0,341.5,-30.305129037096066
7.0,342.0,-30.248569078320042
7.0,342.5,-30.191785940039697
7.0,343.0,-30.134802658429834
7.0,343.5,-30.07763927072809
7.0,344.0,-30.07763927072809
7.0,344.5,-30.020313277622872
7.0,345.0,-29.962840024510843
7.0,345.5,-29.84750418571797
7.0,346.0,-29.789664102433683
7.0,346.5,-29.731722168457917
7.0,347.0,-29.673686768518916
7.0,347.5,-29.673686768518916
7.0,348.0,-29.68635073796836
7.0,348.5,-29.68635073796836
7.0,349.0,-29.569363857526863
7.0,349.5,-29.452148707838784
7.0,350.0,-29.33473804606287
7.0,350.5,-29.21715868873044
7.0,351.0,-29.040520782673592
7.0,351.5,-28.863612258920835
7.0,352.0,-28.68647946688669
7.0,352.5,-28.68647946688669
7.0,353.0,-28.568284638163313
7.0,353.5,-28.516219169538097
7.0,354.0,-28.219757225838705
7.0,354.5,-28.165830149342884
7.0,355.0,-27.982402930997925
7.0,355.5,-27.74975757115185
7.0,356.0,-27.515635309085617
7.0,356.5,-27.452413118204827
7.0,357.0,-26.8606963779803
7.0,357.5,-26.8606963779803
7.0,358.0,-26.38654585970738
7.0,358.5,-26.1497655506531
7.0,359.0,-26.030550501174798
7.0,359.5,-25.61415383961225
8.0,0.0,-25.674062451300625
8.0,0.5,-25.37568217117095
8.0,1.0,-25.076796651264345
8.0,1.5,-24.77747053822309
8.0,2.0,-24.296852786733567
8.0,2.5,-24.056023763652608
8.0,3.0,-23.8148898716897
8.0,3.5,-23.45080916060199
8.0,4.0,-23.026169348648374
8.0,4.5,-22.902655106855768
8.0,5.0,-22.536051167111356
8.0,5.5,-22.227962236133934
8.0,6.0,-21.919045685399816
8.0,6.5,-21.609376889202114
8.0,7.0,-21.358172167437743
8.0,7.5,-21.106219359553045
8.0,8.0,-20.853570191341447
8.0,8.5,-20.600271851725346
8.0,9.0,-20.278050970526937
8.0,9.5,-20.08202107368601
8.0,10.0,-19.757429387154588
8.0,10.5,-19.559861638841575
8.0,11.0,-19.291670870168794
8.0,11.5,-19.092671154898184
8.0,12.0,-18.822354725849205
8.0,12.5,-18.5508448001004
8.0,13.0,-18.278213350619467
8.0,13.5,-18.004526940734813
8.0,14.0,-17.860062490844793
8.0,14.5,-17.64236258346749
8.0,15.0,-17.292799719197184
8.0,15.5,-17.072621131360393
8.0,16.0,-16.851404292093854
8.0,16.5,-16.62919466431819
8.0,17.0,-16.462999322588853
8.0,17.5,-16.163866249112345
8.0,18.0,-15.938511450692749
8.0,18.5,-15.76882971475872
8.0,19.0,-15.52216003636957
8.0,19.5,-15.293934514729163
8.0,20.0,-15.100432002942497
8.0,20.5,-14.926112396660393
8.0,21.0,-14.673724881568287
8.0,21.5,-14.419888096911013
8.0,22.0,-14.297603025793908
8.0,22.5,-14.041133553052763
8.0,23.0,-13.838160935616852
8.0,23.5,-13.65754623771512
8.0,24.0,-13.4518402290784
8.0,24.5,-13.244582028730484
8.0,25.0,-13.089743084705077
8.0,25.5,-12.87930952947599
8.0,26.0,-12.667473555961639
8.0,26.5,-12.534344073827079
8.0,27.0,-12.373083732322637
8.0,27.5,-12.157293639012458
8.0,28.0,-11.99281925715777
8.0,28.5,-11.826672503245081
8.0,29.0,-11.658894794603363
8.0,29.5,-11.437750658066449
8.0,30.0,-11.267089479254999
8.0,30.5,-11.09491529999677
8.0,31.0,-10.890366029493958
8.0,31.5,-10.796924147695911
8.0,32.0,-10.620176809152934
8.0,32.5,-10.40985941831774
8.0,33.0,-10.27987905500986
8.0,33.5,-10.09849413944897
8.0,34.0,-9.8823118757844
8.0,34.5,-9.781033632753893
8.0,35.0,-9.64446892325634
8.0,35.5,-9.422978887525577
8.0,36.0,-9.28290010244147
8.0,36.5,-9.1411761513361
8.0,37.0,-8.997837730110927
8.0,37.5,-8.816440434357549
8.0,38.0,-8.669579488184375
8.0,38.5,-8.521200879379315
8.0,39.0,-8.333637318818944
8.0,39.5,-8.181948780776693
8.0,40.0,-8.028834709466032
8.0,40.5,-7.919558280668031
8.0,41.0,-7.724126108123745
8.0,41.5,-7.610786223243771
8.0,42.0,-7.411266808678143
8.0,42.5,-7.294004325057415
8.0,43.0,-7.131408206210182
8.0,43.5,-6.9695193308179775
8.0,44.0,-6.846636444365323
8.0,44.5,-6.7219449363734185
8.0,45.0,-6.595471665392765
8.0,45.5,-6.467243333283172
8.0,46.0,-6.294230951385657
8.0,46.5,-6.162238223103817
8.0,47.0,-5.984795399094022
8.0,47.5,-5.893269295054484
8.0,48.0,-5.751633541069147
8.0,48.5,-5.612461817000234
8.0,49.0,-5.471729639187199
8.0,49.5,-5.322543224228021
8.0,50.0,-5.2239302970066674
8.0,50.5,-5.0700066764653755
8.0,51.0,-4.95966494297279
8.0,51.5,-4.847135989884311
8.0,52.0,-4.7324471111668664
8.0,52.5,-4.626944887248868
8.0,53.0,-4.508750798184096
8.0,53.5,-4.38847161723243
8.0,54.0,-4.252639799777324
8.0,54.5,-4.127561975798201
8.0,55.0,-4.000488453866186
8.0,55.5,-3.9207079954843174
8.0,56.0,-3.823161612908571
8.0,56.5,-3.6901260350221747
8.0,57.0,-3.605295206180795
8.0,57.5,-3.5006669356451816
8.0,58.0,-3.393294145194087
8.0,58.5,-3.303231603238146
8.0,59.0,-3.1912543413558865
8.0,59.5,-3.0766182896468095
8.0,60.0,-3.0111317250997836
8.0,60.5,-2.8915507762367554
8.0,61.0,-2.8216959479379824
8.0,61.5,-2.721539380612178
8.0,62.0,-2.6231285033542697
8.0,62.5,-2.546984562288401
8.0,63.0,-2.468855817082968
8.0,63.5,-2.3887580931587884
8.0,64.0,-2.3067074406051304
8.0,64.5,-2.1942968157948712
8.0,65.0,-2.107752906492852
8.0,65.5,-2.043802027977417
8.0,66.0,-1.9530474076683788
8.0,66.5,-1.9151804863260686
8.0,67.0,-1.7890656537127008
8.0,67.5,-1.7475000548700947
8.0,68.0,-1.6713274262105706
8.0,68.5,-1.5924035792100497
8.0,69.0,-1.5107500307101027
8.0,69.5,-1.461711050222874
8.0,70.0,-1.3753817745885897
8.0,70.5,-1.3229431567022587
8.0,71.0,-1.2512053800557617
8.0,71.5,-1.195028555786564
8.0,72.0,-1.1172145350968314
8.0,72.5,-1.0750535532159304
8.0,73.0,-1.0134220507796456
8.0,73.5,-0.9672504739361685
8.0,74.0,-0.918844650465676
8.0,74.5,-0.8264505978576686
8.0,75.0,-0.8153726527198089
8.0,75.5,-0.7603286915952019
8.0,76.0,-0.7030948875517531
8.0,76.5,-0.6574978073418585
8.0,77.0,-0.5954377576952865
8.0,77.5,-0.5439669280203816
8.0,78.0,-0.5232090267767155
8.0,78.5,-0.4666355432562419
8.0,79.0,-0.4428665709278903
8.0,79.5,-0.3919855710625306
8.0,80.0,-0.3648789571595721
8.0,80.5,-0.3169478892344273
8.0,81.0,-0.286181634714584
8.0,81.5,-0.26311255432820957
8.0,82.0,-0.22980780707489146
8.0,82.5,-0.2112828225941641
8.0,83.0,-0.1825315056734027
8.0,83.5,-0.15875126523396332
8.0,84.0,-0.1257808548249315
8.0,84.5,-0.10249198331616682
8.0,85.0,-0.07507234816255348
8.0,85.5,-0.07507234816255348
8.0,86.0,-0.059886805374421925
8.0,86.5,-0.05193270655043847
8.0,87.0,-0.030600919742791888
8.0,87.5,-0.030600919742791888
8.0,88.0,-0.030600919742791888
8.0,88.5,0.0
8.0,89.0,0.0
8.0,89.5,-0.005032861049784287
8.0,90.0,-0.005032861049784287
8.0,90.5,-0.005032861049784287
8.0,91.0,0.0
8.0,91.5,0.0
8.0,92.0,-0.030600919742791888
8.0,92.5,-0.030600919742791888
8.0,93.0,-0.030600919742791888
8.0,93.5,-0.05193270655043847
8.0,94.0,-0.059886805374421925
8.0,94.5,-0.07507234816255348
8.0,95.0,-0.07507234816255348
8.0,95.5,-0.10249198331616682
8.0,96.0,-0.1257808548249315
8.0,96.5,-0.15875126523396332
8.0,97.0,-0.1825315056734027
8.0,97.5,-0.2112828225941641
8.0,98.0,-0.22980780707489146
8.0,98.5,-0.26311255432820957
8.0,99.0,-0.286181634714584
8.0,99.5,-0.3169478892344273
8.0,100.0,-0.3648789571595721
8.0,100.5,-0.3919855710625306
8.0,101.0,-0.4428665709278903
8.0,101.5,-0.4666355432562419
8.0,102.0,-0.5232090267767155
8.0,102.5,-0.5439669280203816
8.0,103.0,-0.5954377576952865
8.0,103.5,-0.6574978073418585
8.0,104.0,-0.7030948875517531
8.0,104.5,-0.7603286915952019
8.0,105.0,-0.8153726527198089
8.0,105.5,-0.8264505978576686
8.0,106.0,-0.918844650465676
8.0,106.5,-0.9672504739361685
8.0,107.0,-1.0134220507796456
8.0,107.5,-1.0750535532159304
8.0,108.0,-1.1172145350968314
8.0,108.5,-1.195028555786564
8.0,109.0,-1.2512053800557617
8.0,109.5,-1.3229431567022587
8.0,110.0,-1.3753817745885897
8.0,110.5,-1.461711050222874
8.0,111.0,-1.5107500307101027
8.0,111.5,-1.5924035792100497
8.0,112.0,-1.6713274262105706
8.0,112.5,-1.7475000548700947
8.0,113.0,-1.7890656537127008
8.0,113.5,-1.9151804863260686
8.0,114.0,-1.9530474076683788
8.0,114.5,-2.043802027977417
8.0,115.0,-2.107752906492852
8.0,115.5,-2.1942968157948712
8.0,116.0,-2.3067074406051304
8.0,116.5,-2.3887580931587884
8.0,117.0,-2.468855817082968
8.0,117.5,-2.546984562288401
8.0,118.0,-2.6231285033542697
8.0,118.5,-2.721539380612178
8.0,119.0,-2.8216959479379824
8.0,119.5,-2.8915507762367554
8.0,120.0,-3.0111317250997836
8.0,120.5,-3.0766182896468095
8.0,121.0,-3.1912543413558865
8.0,121.5,-3.303231603238146
8.0,122.0,-3.393294145194087
8.0,122.5,-3.5006669356451816
8.0,123.0,-3.605295206180795
8.0,123.5,-3.6901260350221747
8.0,124.0,-3.823161612908571
8.0,124.5,-3.9207079954843174
8.0,125.0,-4.000488453866186
8.0,125.5,-4.127561975798201
8.0,126.0,-4.252639799777324
8.0,126.5,-4.38847161723243
8.0,127.0,-4.508750798184096
8.0,127.5,-4.626944887248868
8.0,128.0,-4.7324471111668664
8.0,128.5,-4.847135989884311
8.0,129.0,-4.95966494297279
8.0,129.5,-5.0700066764653755
8.0,130.0,-5.2239302970066674
8.0,130.5,-5.322543224228021
8.0,131.0,-5.471729639187199
8.0,131.5,-5.612461817000234
8.0,132.0,-5.751633541069147
8.0,132.5,-5.893269295054484
8.0,133.0,-5.984795399094022
8.0,133.5,-6.162238223103817
8.0,134.0,-6.294230951385657
8.0,134.5,-6.467243333283172
8.0,135.0,-6.595471665392765
8.0,135.5,-6.7219449363734185
8.0,136.0,-6.846636444365323
8.0,136.5,-6.9695193308179775
8.0,137.0,-7.131408206210182
8.0,137.5,-7.294004325057415
8.0,138.0,-7.411266808678143
8.0,138.5,-7.610786223243771
8.0,139.0,-7.724126108123745
8.0,139.5,-7.919558280668031
8.0,140.0,-8.028834709466032
8.0,140.5,-8.181948780776693
8.0,141.0,-8.333637318818944
8.0,141.5,-8.521200879379315
8.0,142.0,-8.669579488184375
8.0,142.5,-8.816440434357549
8.0,143.0,-8.997837730110927
8.0,143.5,-9.1411761513361
8.0,144.0,-9.28290010244147
8.0,144.5,-9.422978887525577
8.0,145.0,-9.64446892325634
8.0,145.5,-9.781033632753893
8.0,146.0,-9.8823118757844
8.0,146.5,-10.09849413944897
8.0,147.0,-10.27987905500986
8.0,147.5,-10.40985941831774
8.0,148.0,-10.620176809152934
8.0,148.5,-10.796924147695911
8.0,149.0,-10.890366029493958
8.0,149.5,-11.09491529999677
8.0,150.0,-11.267089479254999
8.0,150.5,-11.437750658066449
8.0,151.0,-11.658894794603363
8.0,151.5,-11.826672503245081
8.0,152.0,-11.99281925715777
8.0,152.5,-12.157293639012458
8.0,153.0,-12.373083732322637
8.0,153.5,-12.534344073827079
8.0,154.0,-12.667473555961639
8.0,154.5,-12.87930952947599
8.0,155.0,-13.089743084705077
8.0,155.5,-13.244582028730484
8.0,156.0,-13.4518402290784
8.0,156.5,-13.65754623771512
8.0,157.0,-13.838160935616852
8.0,157.5,-14.041133553052763
8.0,158.0,-14.297603025793908
8.0,158.5,-14.419888096911013
8.0,159.0,-14.673724881568287
8.0,159.5,-14.926112396660393
8.0,160.0,-15.100432002942497
8.0,160.5,-15.293934514729163
8.0,161.0,-15.52216003636957
8.0,161.5,-15.76882971475872
8.0,162.0,-15.938511450692749
8.0,162.5,-16.163866249112345
8.0,163.0,-16.462999322588853
8.0,163.5,-16.62919466431819
8.0,164.0,-16.851404292093854
8.0,164.5,-17.072621131360393
8.0,165.0,-17.292799719197184
8.0,165.5,-17.64236258346749
8.0,166.0,-17.860062490844793
8.0,166.5,-18.004526940734813
8.0,167.0,-18.278213350619467
8.0,167.5,-18.5508448001004
8.0,168.0,-18.822354725849205
8.0,168.5,-19.092671154898184
8.0,169.0,-19.291670870168794
8.0,169.5,-19.559861638841575
8.0,170.0,-19.757429387154588
8.0,170.5,-20.08202107368601
8.0,171.0,-20.160342130881105
8.0,171.5,-20.178703299990516
8.0,172.0,-20.187435038482743
8.0,172.5,-20.20399743922392
8.0,173.0,-20.219354142798608
8.0,173.5,-20.233500340672805
8.0,174.0,-20.240118094563766
8.0,174.5,-20.240118094563766
8.0,175.0,-19.550706168831425
8.0,175.5,-19.550706168831425
8.0,176.0,-19.560007019043304
8.0,176.5,-19.568151071413965
8.0,177.0,-23.8148898716897
8.0,177.5,-24.056023763652608
8.0,178.0,-24.296852786733567
8.0,178.5,-24.77747053822309
8.0,179.0,-25.076796651264345
8.0,179.5,-25.37568217117095
8.0,180.0,-25.674062451300625
8.0,180.5,-25.971859693723477
8.0,181.0,-26.388192184368343
8.0,181.5,-26.388192184368343
8.0,182.0,-26.803641729410316
8.0,182.5,-27.16111681124847
8.0,183.0,-27.217967374745005
8.0,183.5,-27.515635309085617
8.0,184.0,-27.74975757115185
8.0,184.5,-27.74975757115185
8.0,185.0,-28.165830149342884
8.0,185.5,-28.279071877484267
8.0,186.0,-28.516219169538097
8.0,186.5,-28.516219169538097
8.0,187.0,-28.753157019569827
8.0,187.5,-28.863612258920835
8.0,188.0,-28.863612258920835
8.0,188.5,-28.863612258920835
8.0,189.0,-29.040520782673592
8.0,189.5,-29.21715868873044
8.0,190.0,-29.33473804606287
8.0,190.5,-29.452148707838784
8.0,191.0,-29.569363857526863
8.0,191.5,-29.68635073796836
8.0,192.0,-29.744746304470016
8.0,192.5,-29.744746304470016
8.0,193.0,-29.731722168457917
8.0,193.5,-29.731722168457917
8.0,194.0,-29.789664102433683
8.0,194.5,-29.84750418571797
8.0,195.0,-29.962840024510843
8.0,195.5,-30.020313277622872
8.0,196.0,-30.07763927072809
8.0,196.5,-30.07763927072809
8.0,197.0,-30.134802658429834
8.0,197.5,-30.191785940039697
8.0,198.0,-30.248569078320042
8.0,198.5,-30.305129037096066
8.0,199.0,-30.305129037096066
8.0,199.5,-30.3614392177087
8.0,200.0,-30.41746876873695
8.0,200.5,-30.549933221457223
8.0,201.0,-30.473181736225722
8.0,201.5,-30.605875758111587
8.0,202.0,-30.528536012319933
8.0,202.5,-30.661439984771203
8.0,203.0,-30.583482028112492
8.0,203.5,-30.71656688697388
8.0,204.0,-30.63796112092755
8.0,204.5,-30.904381401275497
8.0,205.0,-30.82520790350035
8.0,205.5,-30.82520790350035
8.0,206.0,-30.71856454344845
8.0,206.5,-30.71856454344845
8.0,207.0,-30.745225600527526
8.0,207.5,-30.745225600527526
8.0,208.0,-30.971473142836714
8.0,208.5,-30.971473142836714
8.0,209.0,-30.93101618246139
8.0,209.5,-30.93101618246139
8.0,210.0,-30.93101618246139
8.0,210.5,-30.91604636651085
8.0,211.0,-30.91604636651085
8.0,211.5,-30.982506721239925
8.0,212.0,-30.982506721239925
8.0,212.5,-30.90035490183605
8.0,213.0,-30.859092719561648
8.0,213.5,-30.859092719561648
8.0,214.0,-30.86187137766327
8.0,214.5,-30.905912218039287
8.0,215.0,-30.905912218039287
8.0,215.5,-30.866842181337248
8.0,216.0,-30.866842181337248
8.0,216.5,-31.039892186964174
8.0,217.0,-31.039892186964174
8.0,217.5,-30.998159109257887
8.0,218.0,-30.998159109257887
8.0,218.5,-31.170603141224362
8.0,219.0,-31.170603141224362
8.0,219.5,-31.128669846961877
8.0,220.0,-31.044701118877228
8.0,220.5,-31.044701118877228
8.0,221.0,-31.193435747428836
8.0,221.5,-31.34201162143476
8.0,222.0,-31.34201162143476
8.0,222.5,-31.25777555118546
8.0,223.0,-31.089245145993218
8.0,223.5,-31.01198703983615
8.0,224.0,-31.01198703983615
8.0,224.5,-31.019010683175615
8.0,225.0,-31.02603432651508
8.0,225.5,-31.033057969854543
8.0,226.0,-31.04008161319401
8.0,226.5,-31.047105256533474
8.0,227.0,-31.131382683837007
8.0,227.5,-31.299897067677055
8.0,228.0,-31.384117019003035
8.0,228.5,-31.4262013829295
8.0,229.0,-31.4262013829295
8.0,229.5,-31.277490847987615
8.0,230.0,-31.12865723624115
8.0,230.5,-31.12865723624115
8.0,231.0,-31.170618523363032
8.0,231.5,-31.21251740879197
8.0,232.0,-31.254416294220913
8.0,232.5,-31.296217692543966
8.0,233.0,-31.296217692543966
8.0,233.5,-31.230648309806153
8.0,234.0,-31.230648309806153
8.0,234.5,-31.27228501472069
8.0,235.0,-31.27228501472069
8.0,235.5,-31.233918621847263
8.0,236.0,-31.233918621847263
8.0,236.5,-31.261474971874723
8.0,237.0,-31.28903132190218
8.0,237.5,-31.28903132190218
8.0,238.0,-31.28903132190218
8.0,238.5,-31.263680150364355
8.0,239.0,-31.263680150364355
8.0,239.5,-31.371035665707268
8.0,240.0,-31.371035665707268
8.0,240.5,-31.237929233800504
8.0,241.0,-31.22914984242068
8.0,241.5,-31.220370451040854
8.0,242.0,-31.211591059661025
8.0,242.5,-31.2028116682812
8.0,243.0,-31.194032276901375
8.0,243.5,-31.194032276901375
8.0,244.0,-31.19847058588748
8.0,244.5,-31.211688286253413
8.0,245.0,-31.224905986619348
8.0,245.5,-31.238123686985283
8.0,246.0,-31.251341387351214
8.0,246.5,-31.26455908771715
8.0,247.0,-31.331099387395064
8.0,247.5,-31.331099387395064
8.0,248.0,-31.303540382094518
8.0,248.5,-31.20944107711605
8.0,249.0,-31.20944107711605
8.0,249.5,-31.436242942602796
8.0,250.0,-31.436242942602796
8.0,250.5,-31.34201162143476
8.0,251.0,-31.32787419288724
8.0,251.5,-31.313736764339723
8.0,252.0,-31.2995993357922
8.0,252.5,-31.2995993357922
8.0,253.0,-31.37970341016965
8.0,253.5,-31.37970341016965
8.0,254.0,-31.35110807431827
8.0,254.5,-31.290994336688783
8.0,255.0,-31.290994336688783
8.0,255.5,-31.35371743783565
8.0,256.0,-31.401919166319466
8.0,256.5,-31.401919166319466
8.0,257.0,-31.38739779365642
8.0,257.5,-31.37287642099337
8.0,258.0,-31.358355048330328
8.0,258.5,-31.338869054779238
8.0,259.0,-31.319383061228145
8.0,259.5,-31.299897067677055
8.0,260.0,-31.270541868567644
8.0,260.5,-31.270541868567644
8.0,261.0,-31.301916386676965
8.0,261.5,-31.362646103895695
8.0,262.0,-31.423375821114426
8.0,262.5,-31.484105538333157
8.0,263.0,-31.515209514900064
8.0,263.5,-31.515209514900064
8.0,264.0,-31.48558377424824
8.0,264.5,-31.48558377424824
8.0,265.0,-31.426210038382695
8.0,265.5,-31.426210038382695
8.0,266.0,-31.36676608998951
8.0,266.5,-31.307278128913914
8.0,267.0,-31.24776077067591
8.0,267.5,-31.24776077067591
8.0,268.0,-31.24776077067591
8.0,268.5,-31.24776077067591
8.0,269.0,-31.24776077067591
8.0,269.5,-31.24776077067591
8.0,270.0,-31.24776077067591
8.0,270.5,-31.24776077067591
8.0,271.0,-31.24776077067591
8.0,271.5,-31.24776077067591
8.0,272.0,-31.24776077067591
8.0,272.5,-31.24776077067591
8.0,273.0,-31.24776077067591
8.0,273.5,-31.307278128913914
8.0,274.0,-31.36676608998951
8.0,274.5,-31.426210038382695
8.0,275.0,-31.426210038382695
8.0,275.5,-31.48558377424824
8.0,276.0,-31.48558377424824
8.0,276.5,-31.515209514900064
8.0,277.0,-31.515209514900064
8.0,277.5,-31.484105538333157
8.0,278.0,-31.423375821114426
8.0,278.5,-31.362646103895695
8.0,279.0,-31.301916386676965
8.0,279.5,-31.270541868567644
8.0,280.0,-31.270541868567644
8.0,280.5,-31.299897067677055
8.0,281.0,-31.319383061228145
8.0,281.5,-31.338869054779238
8.0,282.0,-31.358355048330328
8.0,282.5,-31.37287642099337
8.0,283.0,-31.38739779365642
8.0,283.5,-31.401919166319466
8.0,284.0,-31.401919166319466
8.0,284.5,-31.35371743783565
8.0,285.0,-31.290994336688783
8.0,285.5,-31.290994336688783
8.0,286.0,-31.35110807431827
8.0,286.5,-31.37970341016965
8.0,287.0,-31.37970341016965
8.0,287.5,-31.2995993357922
8.0,288.0,-31.2995993357922
8.0,288.5,-31.313736764339723
8.0,289.0,-31.32787419288724
8.0,289.5,-31.34201162143476
8.0,290.0,-31.436242942602796
8.0,290.5,-31.436242942602796
8.0,291.0,-31.20944107711605
8.0,291.5,-31.20944107711605
8.0,292.0,-31.303540382094518
8.0,292.5,-31.331099387395064
8.0,293.0,-31.331099387395064
8.0,293.5,-31.26455908771715
8.0,294.0,-31.251341387351214
8.0,294.5,-31.238123686985283
8.0,295.0,-31.224905986619348
8.0,295.5,-31.211688286253413
8.0,296.0,-31.19847058588748
8.0,296.5,-31.194032276901375
8.0,297.0,-31.194032276901375
8.0,297.5,-31.2028116682812
8.0,298.0,-31.211591059661025
8.0,298.5,-31.220370451040854
8.0,299.0,-31.22914984242068
8.0,299.5,-31.237929233800504
8.0,300.0,-31.371035665707268
8.0,300.5,-31.371035665707268
8.0,301.0,-31.263680150364355
8.0,301.5,-31.263680150364355
8.0,302.0,-31.28903132190218
8.0,302.5,-31.28903132190218
8.0,303.0,-31.28903132190218
8.0,303.5,-31.261474971874723
8.0,304.0,-31.233918621847263
8.0,304.5,-31.233918621847263
8.0,305.0,-31.27228501472069
8.0,305.5,-31.27228501472069
8.0,306.0,-31.230648309806153
8.0,306.5,-31.230648309806153
8.0,307.0,-31.296217692543966
8.0,307.5,-31.296217692543966
8.0,308.0,-31.254416294220913
8.0,308.5,-31.21251740879197
8.0,309.0,-31.170618523363032
8.0,309.5,-31.12865723624115
8.0,310.0,-31.12865723624115
8.0,310.5,-31.277490847987615
8.0,311.0,-31.4262013829295
8.0,311.5,-31.4262013829295
8.0,312.0,-31.384117019003035
8.0,312.5,-31.299897067677055
8.0,313.0,-31.131382683837007
8.0,313.5,-31.047105256533474
8.0,314.0,-31.04008161319401
8.0,314.5,-31.033057969854543
8.0,315.0,-31.02603432651508
8.0,315.5,-31.019010683175615
8.0,316.0,-31.01198703983615
8.0,316.5,-31.01198703983615
8.0,317.0,-31.089245145993218
8.0,317.5,-31.25777555118546
8.0,318.0,-31.34201162143476
8.0,318.5,-31.34201162143476
8.0,319.0,-31.193435747428836
8.0,319.5,-31.044701118877228
8.0,320.0,-31.044701118877228
8.0,320.5,-31.128669846961877
8.0,321.0,-31.170603141224362
8.0,321.5,-31.170603141224362
8.0,322.0,-30.998159109257887
8.0,322.5,-30.998159109257887
8.0,323.0,-31.039892186964174
8.0,323.5,-31.039892186964174
8.0,324.0,-30.866842181337248
8.0,324.5,-30.866842181337248
8.0,325.0,-30.905912218039287
8.0,325.5,-30.905912218039287
8.0,326.0,-30.86187137766327
8.0,326.5,-30.859092719561648
8.0,327.0,-30.859092719561648
8.0,327.5,-30.90035490183605
8.0,328.0,-30.982506721239925
8.0,328.5,-30.982506721239925
8.0,329.0,-30.91604636651085
8.0,329.5,-30.91604636651085
8.0,330.0,-30.93101618246139
8.0,330.5,-30.93101618246139
8.0,331.0,-30.93101618246139
8.0,331.5,-30.971473142836714
8.0,332.0,-30.971473142836714
8.0,332.5,-30.745225600527526
8.0,333.0,-30.745225600527526
8.0,333.5,-30.71856454344845
8.0,334.0,-30.71856454344845
8.0,334.5,-30.82520790350035
8.0,335.0,-30.82520790350035
8.0,335.5,-30.904381401275497
8.0,336.0,-30.63796112092755
8.0,336.5,-30.71656688697388
8.0,337.0,-30.583482028112492
8.0,337.5,-30.661439984771203
8.0,338.0,-30.528536012319933
8.0,338.5,-30.605875758111587
8.0,339.0,-30.473181736225722
8.0,339.5,-30.549933221457223
8.0,340.0,-30.41746876873695
8.0,340.5,-30.3614392177087
8.0,341.0,-30.305129037096066
8.0,341.5,-30.305129037096066
8.0,342.0,-30.248569078320042
8.0,342.5,-30.191785940039697
8.0,343.0,-30.134802658429834
8.0,343.5,-30.07763927072809
8.0,344.0,-30.07763927072809
8.0,344.5,-30.020313277622872
8.0,345.0,-29.962840024510843
8.0,345.5,-29.84750418571797
8.0,346.0,-29.789664102433683
8.0,346.5,-29.731722168457917
8.0,347.0,-29.731722168457917
8.0,347.5,-29.744746304470016
8.0,348.0,-29.744746304470016
8.0,348.5,-29.68635073796836
8.0,349.0,-29.569363857526863
8.0,349.5,-29.452148707838784
8.0,350.0,-29.33473804606287
8.0,350.5,-29.21715868873044
8.0,351.0,-29.040520782673592
8.0,351.5,-28.863612258920835
8.0,352.0,-28.863612258920835
8.0,352.5,-28.863612258920835
8.0,353.0,-28.753157019569827
8.0,353.5,-28.516219169538097
8.0,354.0,-28.516219169538097
8.0,354.5,-28.279071877484267
8.0,355.0,-28.165830149342884
8.0,355.5,-27.74975757115185
8.0,356.0,-27.74975757115185
8.0,356.5,-27.515635309085617
8.0,357.0,-27.217967374745005
8.0,357.5,-27.16111681124847
8.0,358.0,-26.803641729410316
8.0,358.5,-26.388192184368343
8.0,359.0,-26.388192184368343
8.0,359.5,-25.971859693723477
9.0,0.0,-26.329889009566205
9.0,0.5,-26.091094483580036
9.0,1.0,-25.792117281633118
9.0,1.5,-25.492658117952914
9.0,2.0,-25.25236388737319
9.0,2.5,-25.0116729306462
9.0,3.0,-24.83016843887745
9.0,3.5,-24.347100951133264
9.0,4.0,-24.164632771501182
9.0,4.5,-23.798850602124546
9.0,5.0,-23.615574482235992
9.0,5.5,-23.307667757624188
9.0,6.0,-22.939548380279454
9.0,6.5,-22.689123933886005
9.0,7.0,-22.37866637432107
9.0,7.5,-22.252727681385043
9.0,8.0,-22.000263908783648
9.0,8.5,-21.62021159622599
9.0,9.0,-21.366015929562536
9.0,9.5,-21.169986340849093
9.0,10.0,-20.91454680640524
9.0,10.5,-20.647565853545128
9.0,11.0,-20.449222199446396
9.0,11.5,-20.121420617413676
9.0,12.0,-19.979956765104017
9.0,12.5,-19.77961494893443
9.0,13.0,-19.507202351655206
9.0,13.5,-19.233621974767637
9.0,14.0,-19.0891709335511
9.0,14.5,-18.813719790165024
9.0,15.0,-18.594832455257915
9.0,15.5,-18.374746640112775
9.0,16.0,-18.096272988306453
9.0,16.5,-17.87410923751692
9.0,17.0,-17.65091063388614
9.0,17.5,-17.483529647238214
9.0,18.0,-17.25825712497669
9.0,18.5,-16.956505281471237
9.0,19.0,-16.785497692009557
9.0,19.5,-16.557245768814578
9.0,20.0,-16.307656452498325
9.0,20.5,-16.133290808446425
9.0,21.0,-15.957926435925025
9.0,21.5,-15.704154760931715
9.0,22.0,-15.526641349660785
9.0,22.5,-15.348233648444857
9.0,23.0,-15.14555221596327
9.0,23.5,-14.94108890367508
9.0,24.0,-14.680581449921302
9.0,24.5,-14.552113788820005
9.0,25.0,-14.343193871654485
9.0,25.5,-14.15861376352763
9.0,26.0,-13.94712857335363
9.0,26.5,-13.734182666082447
9.0,27.0,-13.519827130801328
9.0,27.5,-13.356887057036083
9.0,28.0,-13.139624435904924
9.0,28.5,-12.921095383146632
9.0,29.0,-12.75338179040456
9.0,29.5,-12.532220745898744
9.0,30.0,-12.361459506162692
9.0,30.5,-12.189102521264115
9.0,31.0,-11.964194492581743
9.0,31.5,-11.757688793961329
9.0,32.0,-11.580629628029314
9.0,32.5,-11.402143808005928
9.0,33.0,-11.22226848388934
9.0,33.5,-11.041039801408893
9.0,34.0,-10.824972328490283
9.0,34.5,-10.640760428680007
9.0,35.0,-10.504023705019247
9.0,35.5,-10.317101574487207
9.0,36.0,-10.17714860053555
9.0,36.5,-9.952045294308903
9.0,37.0,-9.808593979564769
9.0,37.5,-9.663501879495815
9.0,38.0,-9.516801066246138
9.0,38.5,-9.28471679569326
9.0,39.0,-9.097108138950034
9.0,39.5,-8.945329316540931
9.0,40.0,-8.830527812842035
9.0,40.5,-8.682577184811343
9.0,41.0,-8.526167242495536
9.0,41.5,-8.328711719424344
9.0,42.0,-8.169226617380481
9.0,42.5,-8.05226305722936
9.0,43.0,-7.849063430174887
9.0,43.5,-7.728189114118113
9.0,44.0,-7.521110766678362
9.0,44.5,-7.396468853375488
9.0,45.0,-7.269995644628487
9.0,45.5,-7.141719335715052
9.0,46.0,-6.970378790822071
9.0,46.5,-6.79558987448468
9.0,47.0,-6.662094944301092
9.0,47.5,-6.526913081247304
9.0,48.0,-6.3853825793814885
9.0,48.5,-6.2462369112396345
9.0,49.0,-6.060337131318313
9.0,49.5,-5.963173976115652
9.0,50.0,-5.811712125294456
9.0,50.5,-5.66568704031102
9.0,51.0,-5.55554980403215
9.0,51.5,-5.406226222850023
9.0,52.0,-5.292068801951736
9.0,52.5,-5.128282273506631
9.0,53.0,-5.00946822236261
9.0,53.5,-4.888535773545929
9.0,54.0,-4.765513371109723
9.0,54.5,-4.640429430607952
9.0,55.0,-4.513312318110145
9.0,55.5,-4.384190330135915
9.0,56.0,-4.302649242403735
9.0,56.5,-4.202592156525153
9.0,57.0,-4.067478875146556
9.0,57.5,-3.980857466937227
9.0,58.0,-3.8229709290240415
9.0,58.5,-3.7327960388452013
9.0,59.0,-3.6206254103921793
9.0,59.5,-3.5271965049152776
9.0,60.0,-3.410451498627012
9.0,60.5,-3.2910659647580687
9.0,61.0,-3.1690729519006133
9.0,61.5,-3.0970554167916937
9.0,62.0,-2.995200056826448
9.0,62.5,-2.9195523554996825
9.0,63.0,-2.7887010414516418
9.0,63.5,-2.708822486738672
9.0,64.0,-2.599247479805687
9.0,64.5,-2.4608543820792406
9.0,65.0,-2.374251268831703
9.0,65.5,-2.285733379830301
9.0,66.0,-2.2193535674695077
9.0,66.5,-2.1266234813913343
9.0,67.0,-2.0320318795377226
9.0,67.5,-1.9355964590143557
9.0,68.0,-1.859538958181954
9.0,68.5,-1.7590402828044915
9.0,69.0,-1.6779973819027632
9.0,69.5,-1.5942284599762324
9.0,70.0,-1.5077561433692175
9.0,70.5,-1.4552058563997434
9.0,71.0,-1.3641039334735794
9.0,71.5,-1.2703616759806806
9.0,72.0,-1.2125218576073848
9.0,72.5,-1.1319961748941836
9.0,73.0,-1.0704818725530707
9.0,73.5,-0.9839796733020414
9.0,74.0,-0.9350867078872298
9.0,74.5,-0.8839703902282707
9.0,75.0,-0.8306417348247592
9.0,75.5,-0.7751121554859672
9.0,76.0,-0.717393453797655
9.0,76.5,-0.6574978073418585
9.0,77.0,-0.6086607879868531
9.0,77.5,-0.5439669280203816
9.0,78.0,-0.48928673880505613
9.0,78.5,-0.4666355432562419
9.0,79.0,-0.4428665709278903
9.0,79.5,-0.3919855710625306
9.0,80.0,-0.3544726104546214
9.0,80.5,-0.3073478488773347
9.0,81.0,-0.27692941263704896
9.0,81.5,-0.25431803621193083
9.0,82.0,-0.22980780707489146
9.0,82.5,-0.17510880114835814
9.0,83.0,-0.17510880114835814
9.0,83.5,-0.15189598310545094
9.0,84.0,-0.1257808548249315
9.0,84.5,-0.10249198331616682
9.0,85.0,-0.07507234816255348
9.0,85.5,-0.07507234816255348
9.0,86.0,-0.059886805374421925
9.0,86.5,-0.047788402910818206
9.0,87.0,-0.030600919742791888
9.0,87.5,-0.030600919742791888
9.0,88.0,-0.030600919742791888
9.0,88.5,0.0
9.0,89.0,0.0
9.0,89.5,-0.005032861049784287
9.0,90.0,-0.005032861049784287
9.0,90.5,-0.005032861049784287
9.0,91.0,0.0
9.0,91.5,0.0
9.0,92.0,-0.030600919742791888
9.0,92.5,-0.030600919742791888
9.0,93.0,-0.030600919742791888
9.0,93.5,-0.047788402910818206
9.0,94.0,-0.059886805374421925
9.0,94.5,-0.07507234816255348
9.0,95.0,-0.07507234816255348
9.0,95.5,-0.09677059188415527
9.0,96.0,-0.1257808548249315
9.0,96.5,-0.15189598310545094
9.0,97.0,-0.17510880114835814
9.0,97.5,-0.17510880114835814
9.0,98.0,-0.22980780707489146
9.0,98.5,-0.25431803621193083
9.0,99.0,-0.27692941263704896
9.0,99.5,-0.3073478488773347
9.0,100.0,-0.3544726104546214
9.0,100.5,-0.3919855710625306
9.0,101.0,-0.4428665709278903
9.0,101.5,-0.4666355432562419
9.0,102.0,-0.48928673880505613
9.0,102.5,-0.5439669280203816
9.0,103.0,-0.6086607879868531
9.0,103.5,-0.6574978073418585
9.0,104.0,-0.717393453797655
9.0,104.5,-0.7751121554859672
9.0,105.0,-0.8306417348247592
9.0,105.5,-0.8839703902282707
9.0,106.0,-0.9350867078872298
9.0,106.5,-0.9839796733020414
9.0,107.0,-1.0704818725530707
9.0,107.5,-1.1319961748941836
9.0,108.0,-1.2125218576073848
9.0,108.5,-1.2703616759806806
9.0,109.0,-1.3641039334735794
9.0,109.5,-1.4552058563997434
9.0,110.0,-1.5077561433692175
9.0,110.5,-1.5942284599762324
9.0,111.0,-1.6779973819027632
9.0,111.5,-1.7590402828044915
9.0,112.0,-1.859538958181954
9.0,112.5,-1.9355964590143557
9.0,113.0,-2.0320318795377226
9.0,113.5,-2.1266234813913343
9.0,114.0,-2.2193535674695077
9.0,114.5,-2.285733379830301
9.0,115.0,-2.374251268831703
9.0,115.5,-2.4608543820792406
9.0,116.0,-2.599247479805687
9.0,116.5,-2.708822486738672
9.0,117.0,-2.7887010414516418
9.0,117.5,-2.9195523554996825
9.0,118.0,-2.995200056826448
9.0,118.5,-3.0970554167916937
9.0,119.0,-3.1690729519006133
9.0,119.5,-3.2910659647580687
9.0,120.0,-3.410451498627012
9.0,120.5,-3.5271965049152776
9.0,121.0,-3.6206254103921793
9.0,121.5,-3.7327960388452013
9.0,122.0,-3.8229709290240415
9.0,122.5,-3.980857466937227
9.0,123.0,-4.067478875146556
9.0,123.5,-4.202592156525153
9.0,124.0,-4.302649242403735
9.0,124.5,-4.384190330135915
9.0,125.0,-4.513312318110145
9.0,125.5,-4.640429430607952
9.0,126.0,-4.765513371109723
9.0,126.5,-4.888535773545929
9.0,127.0,-5.00946822236261
9.0,127.5,-5.128282273506631
9.0,128.0,-5.292068801951736
9.0,128.5,-5.406226222850023
9.0,129.0,-5.55554980403215
9.0,129.5,-5.66568704031102
9.0,130.0,-5.811712125294456
9.0,130.5,-5.963173976115652
9.0,131.0,-6.060337131318313
9.0,131.5,-6.2462369112396345
9.0,132.0,-6.3853825793814885
9.0,132.5,-6.526913081247304
9.0,133.0,-6.662094944301092
9.0,133.5,-6.79558987448468
9.0,134.0,-6.970378790822071
9.0,134.5,-7.141719335715052
9.0,135.0,-7.269995644628487
9.0,135.5,-7.396468853375488
9.0,136.0,-7.521110766678362
9.0,136.5,-7.728189114118113
9.0,137.0,-7.849063430174887
9.0,137.5,-8.05226305722936
9.0,138.0,-8.169226617380481
9.0,138.5,-8.328711719424344
9.0,139.0,-8.526167242495536
9.0,139.5,-8.682577184811343
9.0,140.0,-8.830527812842035
9.0,140.5,-8.945329316540931
9.0,141.0,-9.097108138950034
9.0,141.5,-9.28471679569326
9.0,142.0,-9.516801066246138
9.0,142.5,-9.663501879495815
9.0,143.0,-9.808593979564769
9.0,143.5,-9.952045294308903
9.0,144.0,-10.17714860053555
9.0,144.5,-10.317101574487207
9.0,145.0,-10.504023705019247
9.0,145.5,-10.640760428680007
9.0,146.0,-10.824972328490283
9.0,146.5,-11.041039801408893
9.0,147.0,-11.22226848388934
9.0,147.5,-11.402143808005928
9.0,148.0,-11.580629628029314
9.0,148.5,-11.757688793961329
9.0,149.0,-11.964194492581743
9.0,149.5,-12.189102521264115
9.0,150.0,-12.361459506162692
9.0,150.5,-12.532220745898744
9.0,151.0,-12.75338179040456
9.0,151.5,-12.921095383146632
9.0,152.0,-13.139624435904924
9.0,152.5,-13.356887057036083
9.0,153.0,-13.519827130801328
9.0,153.5,-13.734182666082447
9.0,154.0,-13.94712857335363
9.0,154.5,-14.15861376352763
9.0,155.0,-14.343193871654485
9.0,155.5,-14.552113788820005
9.0,156.0,-14.680581449921302
9.0,156.5,-14.94108890367508
9.0,157.0,-15.14555221596327
9.0,157.5,-15.348233648444857
9.0,158.0,-15.526641349660785
9.0,158.5,-15.704154760931715
9.0,159.0,-15.957926435925025
9.0,159.5,-16.133290808446425
9.0,160.0,-16.307656452498325
9.0,160.5,-16.557245768814578
9.0,161.0,-16.785497692009557
9.0,161.5,-16.956505281471237
9.0,162.0,-17.25825712497669
9.0,162.5,-17.483529647238214
9.0,163.0,-17.65091063388614
9.0,163.5,-17.87410923751692
9.0,164.0,-18.096272988306453
9.0,164.5,-18.374746640112775
9.0,165.0,-18.594832455257915
9.0,165.5,-18.813719790165024
9.0,166.0,-19.0891709335511
9.0,166.5,-19.233621974767637
9.0,167.0,-19.507202351655206
9.0,167.5,-19.77961494893443
9.0,168.0,-19.979956765104017
9.0,168.5,-20.063053229005263
9.0,169.0,-20.08672985847759
9.0,169.5,-20.1092366834582
9.0,170.0,-20.130566926731845
9.0,170.5,-20.140788795732444
9.0,171.0,-20.160342130881105
9.0,171.5,-20.178703299990516
9.0,172.0,-20.187435038482743
9.0,172.5,-20.20399743922392
9.0,173.0,-20.219354142798608
9.0,173.5,-20.233500340672805
9.0,174.0,-20.240118094563766
9.0,174.5,-20.240118094563766
9.0,175.0,-19.550706168831425
9.0,175.5,-19.550706168831425
9.0,176.0,-19.560007019043304
9.0,176.5,-19.568151071413965
9.0,177.0,-24.83016843887745
9.0,177.5,-25.0116729306462
9.0,178.0,-25.25236388737319
9.0,178.5,-25.492658117952914
9.0,179.0,-25.792117281633118
9.0,179.5,-26.091094483580036
9.0,180.0,-26.329889009566205
9.0,180.5,-26.687263940267435
9.0,181.0,-26.925729214862734
9.0,181.5,-27.04383651206481
9.0,182.0,-27.399411019724532
9.0,182.5,-27.81861121936668
9.0,183.0,-27.813237988013967
9.0,183.5,-27.995042976685088
9.0,184.0,-28.11075955575493
9.0,184.5,-28.284652421975682
9.0,185.0,-28.522205273832096
9.0,185.5,-28.522205273832096
9.0,186.0,-28.693944826739404
9.0,186.5,-28.753157019569827
9.0,187.0,-28.753157019569827
9.0,187.5,-28.989832169095223
9.0,188.0,-29.1671232721459
9.0,188.5,-29.285193024741734
9.0,189.0,-29.462073269557436
9.0,189.5,-29.462073269557436
9.0,190.0,-29.452148707838784
9.0,190.5,-29.452148707838784
9.0,191.0,-29.569363857526863
9.0,191.5,-29.68635073796836
9.0,192.0,-29.744746304470016
9.0,192.5,-29.861311981892623
9.0,193.0,-29.91946800673144
9.0,193.5,-29.977528605297906
9.0,194.0,-30.035484277868417
9.0,194.5,-30.093324241432985
9.0,195.0,-30.093324241432985
9.0,195.5,-30.07763927072809
9.0,196.0,-30.07763927072809
9.0,196.5,-30.07763927072809
9.0,197.0,-30.134802658429834
9.0,197.5,-30.191785940039697
9.0,198.0,-30.248569078320042
9.0,198.5,-30.305129037096066
9.0,199.0,-30.305129037096066
9.0,199.5,-30.3614392177087
9.0,200.0,-30.41746876873695
9.0,200.5,-30.549933221457223
9.0,201.0,-30.473181736225722
9.0,201.5,-30.605875758111587
9.0,202.0,-30.528536012319933
9.0,202.5,-30.661439984771203
9.0,203.0,-30.583482028112492
9.0,203.5,-30.61072157452002
9.0,204.0,-30.61072157452002
9.0,204.5,-30.63796112092755
9.0,205.0,-30.73158451221395
9.0,205.5,-30.73158451221395
9.0,206.0,-30.71856454344845
9.0,206.5,-30.71856454344845
9.0,207.0,-30.745225600527526
9.0,207.5,-30.745225600527526
9.0,208.0,-30.762759389487176
9.0,208.5,-30.780293178446822
9.0,209.0,-30.797826967406472
9.0,209.5,-30.797826967406472
9.0,210.0,-30.797826967406472
9.0,210.5,-30.797826967406472
9.0,211.0,-30.797826967406472
9.0,211.5,-30.797826967406472
9.0,212.0,-30.797826967406472
9.0,212.5,-30.797826967406472
9.0,213.0,-30.797826967406472
9.0,213.5,-30.797826967406472
9.0,214.0,-30.797826967406472
9.0,214.5,-30.797826967406472
9.0,215.0,-30.797826967406472
9.0,215.5,-30.797826967406472
9.0,216.0,-30.797826967406472
9.0,216.5,-30.797826967406472
9.0,217.0,-30.797826967406472
9.0,217.5,-30.797826967406472
9.0,218.0,-30.797826967406472
9.0,218.5,-30.797826967406472
9.0,219.0,-30.797826967406472
9.0,219.5,-30.797826967406472
9.0,220.0,-30.797826967406472
9.0,220.5,-30.797826967406472
9.0,221.0,-30.797826967406472
9.0,221.5,-30.797826967406472
9.0,222.0,-30.797826967406472
9.0,222.5,-30.797826967406472
9.0,223.0,-30.797826967406472
9.0,223.5,-30.797826967406472
9.0,224.0,-30.797826967406472
9.0,224.5,-30.797826967406472
9.0,225.0,-30.797826967406472
9.0,225.5,-30.797826967406472
9.0,226.0,-30.797826967406472
9.0,226.5,-30.797826967406472
9.0,227.0,-30.797826967406472
9.0,227.5,-30.797826967406472
9.0,228.0,-30.797826967406472
9.0,228.5,-30.797826967406472
9.0,229.0,-30.797826967406472
9.0,229.5,-30.797826967406472
9.0,230.0,-30.797826967406472
9.0,230.5,-30.797826967406472
9.0,231.0,-30.797826967406472
9.0,231.5,-30.797826967406472
9.0,232.0,-30.797826967406472
9.0,232.5,-30.797826967406472
9.0,233.0,-30.797826967406472
9.0,233.5,-30.797826967406472
9.0,234.0,-30.797826967406472
9.0,234.5,-30.797826967406472
9.0,235.0,-30.797826967406472
9.0,235.5,-30.797826967406472
9.0,236.0,-30.797826967406472
9.0,236.5,-30.797826967406472
9.0,237.0,-30.797826967406472
9.0,237.5,-30.797826967406472
9.0,238.0,-30.797826967406472
9.0,238.5,-30.797826967406472
9.0,239.0,-30.797826967406472
9.0,239.5,-30.797826967406472
9.0,240.0,-30.797826967406472
9.0,240.5,-30.797826967406472
9.0,241.0,-30.797826967406472
9.0,241.5,-30.797826967406472
9.0,242.0,-30.797826967406472
9.0,242.5,-30.797826967406472
9.0,243.0,-30.797826967406472
9.0,243.5,-30.797826967406472
9.0,244.0,-30.797826967406472
9.0,244.5,-30.797826967406472
9.0,245.0,-30.797826967406472
9.0,245.5,-30.797826967406472
9.0,246.0,-30.797826967406472
9.0,246.5,-30.797826967406472
9.0,247.0,-30.797826967406472
9.0,247.5,-30.797826967406472
9.0,248.0,-30.797826967406472
9.0,248.5,-30.797826967406472
9.0,249.0,-30.797826967406472
9.0,249.5,-30.797826967406472
9.0,250.0,-30.797826967406472
9.0,250.5,-30.797826967406472
9.0,251.0,-30.797826967406472
9.0,251.5,-30.797826967406472
9.0,252.0,-30.797826967406472
9.0,252.5,-30.797826967406472
9.0,253.0,-30.797826967406472
9.0,253.5,-30.797826967406472
9.0,254.0,-30.797826967406472
9.0,254.5,-30.797826967406472
9.0,255.0,-30.797826967406472
9.0,255.5,-30.797826967406472
9.0,256.0,-30.797826967406472
9.0,256.5,-30.797826967406472
9.0,257.0,-30.797826967406472
9.0,257.5,-30.797826967406472
9.0,258.0,-30.797826967406472
9.0,258.5,-30.797826967406472
9.0,259.0,-30.797826967406472
9.0,259.5,-30.797826967406472
9.0,260.0,-30.797826967406472
9.0,260.5,-30.797826967406472
9.0,261.0,-30.797826967406472
9.0,261.5,-30.797826967406472
9.0,262.0,-30.797826967406472
9.0,262.5,-30.797826967406472
9.0,263.0,-30.797826967406472
9.0,263.5,-30.797826967406472
9.0,264.0,-30.797826967406472
9.0,264.5,-30.797826967406472
9.0,265.0,-30.797826967406472
9.0,265.5,-30.797826967406472
9.0,266.0,-30.797826967406472
9.0,266.5,-30.797826967406472
9.0,267.0,-30.797826967406472
9.0,267.5,-30.797826967406472
9.0,268.0,-30.797826967406472
9.0,268.5,-30.797826967406472
9.0,269.0,-30.797826967406472
9.0,269.5,-30.797826967406472
9.0,270.0,-30.797826967406472
9.0,270.5,-30.797826967406472
9.0,271.0,-30.797826967406472
9.0,271.5,-30.797826967406472
9.0,272.0,-30.797826967406472
9.0,272.5,-30.797826967406472
9.0,273.0,-30.797826967406472
9.0,273.5,-30.797826967406472
9.0,274.0,-30.797826967406472
9.0,274.5,-30.797826967406472
9.0,275.0,-30.797826967406472
9.0,275.5,-30.797826967406472
9.0,276.0,-30.797826967406472
9.0,276.5,-30.797826967406472
9.0,277.0,-30.797826967406472
9.0,277.5,-30.797826967406472
9.0,278.0,-30.797826967406472
9.0,278.5,-30.797826967406472
9.0,279.0,-30.797826967406472
9.0,279.5,-30.797826967406472
9.0,280.0,-30.797826967406472
9.0,280.5,-30.797826967406472
9.0,281.0,-30.797826967406472
9.0,281.5,-30.797826967406472
9.0,282.0,-30.797826967406472
9.0,282.5,-30.797826967406472
9.0,283.0,-30.797826967406472
9.0,283.5,-30.797826967406472
9.0,284.0,-30.797826967406472
9.0,284.5,-30.797826967406472
9.0,285.0,-30.797826967406472
9.0,285.5,-30.797826967406472
9.0,286.0,-30.797826967406472
9.0,286.5,-30.797826967406472
9.0,287.0,-30.797826967406472
9.0,287.5,-30.797826967406472
9.0,288.0,-30.797826967406472
9.0,288.5,-30.797826967406472
9.0,289.0,-30.797826967406472
9.0,289.5,-30.797826967406472
9.0,290.0,-30.797826967406472
9.0,290.5,-30.797826967406472
9.0,291.0,-30.797826967406472
9.0,291.5,-30.797826967406472
9.0,292.0,-30.797826967406472
9.0,292.5,-30.797826967406472
9.0,293.0,-30.797826967406472
9.0,293.5,-30.797826967406472
9.0,294.0,-30.797826967406472
9.0,294.5,-30.797826967406472
9.0,295.0,-30.797826967406472
9.0,295.5,-30.797826967406472
9.0,296.0,-30.797826967406472
9.0,296.5,-30.797826967406472
9.0,297.0,-30.797826967406472
9.0,297.5,-30.797826967406472
9.0,298.0,-30.797826967406472
9.0,298.5,-30.797826967406472
9.0,299.0,-30.797826967406472
9.0,299.5,-30.797826967406472
9.0,300.0,-30.797826967406472
9.0,300.5,-30.797826967406472
9.0,301.0,-30.797826967406472
9.0,301.5,-30.797826967406472
9.0,302.0,-30.797826967406472
9.0,302.5,-30.797826967406472
9.0,303.0,-30.797826967406472
9.0,303.5,-30.797826967406472
9.0,304.0,-30.797826967406472
9.0,304.5,-30.797826967406472
9.0,305.0,-30.797826967406472
9.0,305.5,-30.797826967406472
9.0,306.0,-30.797826967406472
9.0,306.5,-30.797826967406472
9.0,307.0,-30.797826967406472
9.0,307.5,-30.797826967406472
9.0,308.0,-30.797826967406472
9.0,308.5,-30.797826967406472
9.0,309.0,-30.797826967406472
9.0,309.5,-30.797826967406472
9.0,310.0,-30.797826967406472
9.0,310.5,-30.797826967406472
9.0,311.0,-30.797826967406472
9.0,311.5,-30.797826967406472
9.0,312.0,-30.797826967406472
9.0,312.5,-30.797826967406472
9.0,313.0,-30.797826967406472
9.0,313.5,-30.797826967406472
9.0,314.0,-30.797826967406472
9.0,314.5,-30.797826967406472
9.0,315.0,-30.797826967406472
9.0,315.5,-30.797826967406472
9.0,316.0,-30.797826967406472
9.0,316.5,-30.797826967406472
9.0,317.0,-30.797826967406472
9.0,317.5,-30.797826967406472
9.0,318.0,-30.797826967406472
9.0,318.5,-30.797826967406472
9.0,319.0,-30.797826967406472
9.0,319.5,-30.797826967406472
9.0,320.0,-30.797826967406472
9.0,320.5,-30.797826967406472
9.0,321.0,-30.797826967406472
9.0,321.5,-30.797826967406472
9.0,322.0,-30.797826967406472
9.0,322.5,-30.797826967406472
9.0,323.0,-30.797826967406472
9.0,323.5,-30.797826967406472
9.0,324.0,-30.797826967406472
9.0,324.5,-30.797826967406472
9.0,325.0,-30.797826967406472
9.0,325.5,-30.797826967406472
9.0,326.0,-30.797826967406472
9.0,326.5,-30.797826967406472
9.0,327.0,-30.797826967406472
9.0,327.5,-30.797826967406472
9.0,328.0,-30.797826967406472
9.0,328.5,-30.797826967406472
9.0,329.0,-30.797826967406472
9.0,329.5,-30.797826967406472
9.0,330.0,-30.797826967406472
9.0,330.5,-30.797826967406472
9.0,331.0,-30.797826967406472
9.0,331.5,-30.780293178446822
9.0,332.0,-30.762759389487176
9.0,332.5,-30.745225600527526
9.0,333.0,-30.745225600527526
9.0,333.5,-30.71856454344845
9.0,334.0,-30.71856454344845
9.0,334.5,-30.73158451221395
9.0,335.0,-30.73158451221395
9.0,335.5,-30.63796112092755
9.0,336.0,-30.61072157452002
9.0,336.5,-30.61072157452002
9.0,337.0,-30.583482028112492
9.0,337.5,-30.661439984771203
9.0,338.0,-30.528536012319933
9.0,338.5,-30.605875758111587
9.0,339.0,-30.473181736225722
9.0,339.5,-30.549933221457223
9.0,340.0,-30.41746876873695
9.0,340.5,-30.3614392177087
9.0,341.0,-30.305129037096066
9.0,341.5,-30.305129037096066
9.0,342.0,-30.248569078320042
9.0,342.5,-30.191785940039697
9.0,343.0,-30.134802658429834
9.0,343.5,-30.07763927072809
9.0,344.0,-30.07763927072809
9.0,344.5,-30.07763927072809
9.0,345.0,-30.093324241432985
9.0,345.5,-30.093324241432985
9.0,346.0,-30.035484277868417
9.0,346.5,-29.977528605297906
9.0,347.0,-29.91946800673144
9.0,347.5,-29.861311981892623
9.0,348.0,-29.744746304470016
9.0,348.5,-29.68635073796836
9.0,349.0,-29.569363857526863
9.0,349.5,-29.452148707838784
9.0,350.0,-29.452148707838784
9.0,350.5,-29.462073269557436
9.0,351.0,-29.462073269557436
9.0,351.5,-29.285193024741734
9.0,352.0,-29.1671232721459
9.0,352.5,-28.989832169095223
9.0,353.0,-28.753157019569827
9.0,353.5,-28.753157019569827
9.0,354.0,-28.693944826739404
9.0,354.5,-28.522205273832096
9.0,355.0,-28.522205273832096
9.0,355.5,-28.284652421975682
9.0,356.0,-28.11075955575493
9.0,356.5,-27.995042976685088
9.0,357.0,-27.813237988013967
9.0,357.5,-27.81861121936668
9.0,358.0,-27.399411019724532
9.0,358.5,-27.04383651206481
9.0,359.0,-26.925729214862734
9.0,359.5,-26.687263940267435
